packed_designation,a_au,e,i_deg,w_deg,W_deg,M_deg
15788,39.31587384448324,0.319741142469874,1.937430064354779,79.15665458952064,354.8332777391669,358.6631684084951
15789,39.52663773695522,0.1856797945735095,5.156782222534459,316.9884366232242,354.6511671133012,73.97455794501985
15810,39.35331828080324,0.1170023144745117,3.803150273657487,102.0839145729356,144.7523133757021,37.77177911586194
15820,39.45562819787597,0.3164997266816138,12.13720722213547,98.98889104167706,317.3904557030145,4.28510367514722
15875,39.38212202042575,0.3305967994349587,5.691539446676161,75.26796081829568,316.7695530637558,31.57650908644756
19299,39.56816875371008,0.2577805035034102,4.737236092074149,30.15319667185488,15.96356396581881,15.69355482100304
20108,39.45361962349951,0.1461180120505069,19.55652433271666,142.8903110164239,188.0095364242024,67.56909000687064
24835,41.79580114278018,0.104494586118562,27.04401411619148,71.22427367607519,21.0359503485763,336.5827872443094
24952,39.35442335145116,0.2260425665262903,16.56362088823817,82.06376456053694,346.8326749138668,346.3256285767878
28978,39.4982203701594,0.2440575080204391,19.63020963121442,299.8567043764953,71.0305254885185,289.3408311094103
32929,39.63634135837519,0.2630396920807687,4.83409142716673,25.1536057314749,342.05995311574,22.5341969383693
33340,39.24916345185271,0.2518376590332192,3.037540795419179,324.2644574868253,127.9566188099339,11.82319547966593
35671,37.89314412644708,0.04275697348670327,4.604011636633589,264.5660120673355,192.0997898367115,296.0271384526174
38083,38.97878651709324,0.1539842457220661,12.751685865922,80.06790248645343,10.00073817934619,108.1951496285811
38628,39.4134720965676,0.2760810706552698,15.47375217544597,67.88255878900266,169.3232331299087,10.01988519135069
47171,39.4059095126038,0.2245302100877619,8.415254715290414,295.0001656823114,97.10481275656349,9.694182310250646
47932,39.34088513442652,0.2810071055515194,10.81464378134589,195.150290707692,26.09676412539602,17.44606459063902
55638,39.29438141988724,0.2880321055820338,16.32717909364798,206.9801722155346,199.8026158683522,29.6383675954738
59358,41.44544959841751,0.2076976476388425,10.02843471836401,328.1351980765252,120.0867657839701,53.80097911726887
69986,39.43635191142041,0.2249692073302205,13.93295269168415,146.3073274874453,233.9769176714278,51.72911085664707
69990,39.23238479528579,0.1863679685675157,6.577905708318405,141.6599085118731,237.1634535674636,54.96519588023342
76803,38.60645184441528,0.1226288676736097,33.72929947355578,126.7965586561541,127.3696336189049,73.31265335481287
82157,38.57272122537581,0.05921938581679811,5.368361527137782,114.6633105182826,150.7669307273685,293.7842121184381
84719,39.43416426403131,0.2644610587589988,14.01231125837917,288.3429818326676,23.08272452025907,81.4912980836693
84922,39.42258980246798,0.07586920872730467,14.79028158105083,112.565379320487,302.7227919111521,25.77611908526509
90482,39.27887256256349,0.2238655824218816,20.56753914505272,73.01823543021172,268.58329713646,183.2617429334954
90568,41.94505619875893,0.07664569884269361,21.98325217745886,292.1185764157994,250.6047164634139,43.82619880156813
91133,39.35405049862154,0.2280961901288007,5.941867404107449,180.8126048568614,50.23955209269998,33.8011082880443
91205,39.26462013956326,0.1323807789768091,10.60518484219971,140.8163755819021,223.8494906628152,68.34318749506268
B8228,39.39144143997021,0.1216172743880762,14.66363147468877,19.63317765826589,10.73223519495022,33.50290005394091
B9069,39.12502221235923,0.2406423364585797,2.360646058061171,280.5127921154647,45.37043842511459,325.989363316767
B9473,39.58899060793296,0.2853590327974931,3.671842905080163,47.44311792323376,36.37465276742764,350.9720621853522
B9951,38.78512557048958,0.04460943753610131,0.4027947514999081,73.68876215315686,286.7982441592548,268.3744944019491
C0216,39.37418315711398,0.3150319102798493,29.28002706766359,204.5995254341573,25.73349270668189,5.479784096733315
C0348,38.85115386089684,0.0653459191361803,24.83733274817812,358.3131372280909,140.4949189980056,276.132219363516
C6155,39.41620479947169,0.2925041046866514,5.976826739147693,129.3489144763796,319.455848734899,19.73966259421385
C9746,39.2907793511365,0.2680848167135093,1.474871808702704,34.82093251214823,171.5847679907568,14.21789904602863
D1318,39.34227617729496,0.1740480480388061,13.69820781990198,171.2748132069177,2.083383907314948,36.19791564417134
D3067,39.55380790044276,0.2573467409057322,8.884074002974451,305.0168902194798,209.4932643705808,60.40738881024082
D4340,39.48862584519749,0.2490133663377271,17.14072936520548,113.7726475225366,110.3010167010042,46.78790886411515
D9775,39.34971568127711,0.1929303758364952,6.489603677395106,209.2171494439654,162.5359445715752,16.16782680310203
E4897,38.99890732491131,0.04164777600042421,9.532361196349129,152.8213781862985,147.9558572688519,102.727579576048
E5452,41.51118640090592,0.02254993962033373,19.27335620054936,172.8087132782517,186.9895336602632,348.3986043942402
E9560,41.49337528257181,0.4765552245505785,34.81108254718956,137.2802439522701,130.8298445430104,41.0990722872773
G8700,39.35346389380605,0.2305116236643938,4.991077553867355,49.80522196123573,154.733309379881,26.84766895469962
G8703,39.78577601505583,0.07514552277733992,4.916716130994612,220.6966775163785,23.37124970646062,358.5311506771144
G9071,39.28396959210717,0.1915937583000077,5.637335967773736,336.1267123319617,287.5256165423324,346.6155592896765
H5113,38.95809416427277,0.06760688110636201,13.35555177632093,84.29015366797901,84.5979139152399,174.2566449319071
K8996,39.46982810137489,0.1790371855481614,13.56477408047544,15.11587757401284,252.0297627805269,236.5185744744733
O1097,40.36444867218081,0.7762384677739314,15.68524318392993,348.4165233612403,187.0554623424309,21.6805317157068
U6792,39.50192409492384,0.1564526948478749,15.61626056578188,64.7845541248981,248.4832032204232,334.2994926399743
U7261,41.73922203124969,0.1452410406829857,17.69321420555612,214.5749139466824,216.0746369967489,225.3083049537823
U7463,39.14846547720006,0.2093338531818203,1.369449787857745,280.7575302893536,267.9007638250473,280.6535602232587
V5530,41.77754911245307,0.1390913198018095,27.4048704598816,57.78324617775619,14.89983402756589,54.41480351009737
Y1520,39.21435151219036,0.2644324599922976,11.28226824796516,205.3463480617484,196.7035406219582,6.82380969698055
c5185,39.19902747053786,0.1970705737728832,3.714392103204008,188.4771967140397,170.3131739371521,35.65685740802602
c5191,41.30602062452981,0.0257092517712572,12.73342711022247,18.33274525577908,163.7519312253955,193.8022824793121
c5445,39.42371936416064,0.1499964227859408,3.662759387004349,266.4199237628849,286.7617371430363,131.6012265950579
g7614,40.09896041698978,0.05404358543293733,23.91372598660628,66.87965411683435,99.84813150180192,253.715765127359
h8028,39.40969447113402,0.2794157326422548,3.134048292781538,300.9376030039309,226.1592280389174,33.39879023226823
i4745,39.34794122140076,0.1833512357166247,15.08051235433565,122.8367447442414,207.495103884346,301.1448835691932
j0265,39.18552788118328,0.2554986782734191,4.145542909499936,100.5310665120746,10.37799149157342,0.4960294528983838
j5502,39.2312917934034,0.2230763655675711,12.04452028420298,145.4716711702914,136.0305871723044,117.0139202774934
j6826,39.32852313152591,0.2763238019083076,28.5392930117254,312.7617552956881,96.35137589741197,22.01976073685454
k9362,39.55583080513639,0.2825392846387133,17.51828095078499,52.9190026926921,223.0060503006765,356.2851534393232
k9372,39.37684517316348,0.1111364932639061,22.3517897826985,42.19224810324204,164.1841781642109,162.0133825762204
k9421,39.39077388160234,0.1100599970137685,18.09945892012296,110.4282229485685,106.679034530463,289.854637297353
k9506,39.50407271854117,0.2148275605168674,1.911078731407867,170.3902292610328,91.73084584775634,354.3561287804613
k9615,40.5461132775287,0.05772102364547118,26.11989525510139,19.70540451910218,320.9347970755455,1.152160612582079
k9704,39.43308613847823,0.1501834138854778,1.773814224609244,212.4208921479934,24.40607500061241,342.5506097074727
k9707,39.42936043309565,0.235574863949814,14.68639294214887,349.2493235087194,217.0789990555512,27.4969413852976
k9708,39.32923722727686,0.3246174255060625,18.25095313806052,85.90234309692299,205.4029099140666,345.3874140833022
k9987,39.43873050037067,0.3024360258626563,12.45023167222498,102.2103671642331,222.5631466332566,317.3320555677017
l0308,39.42665173094403,0.02878317959124247,18.15596079431842,0.1099995479359298,64.58966372707194,189.8659381938332
l1150,38.94692761454049,0.05177012642964036,39.74391583609057,301.1747661172491,1.762265178524935,259.5620388018779
l1165,38.94724403625827,0.1801693658937908,15.71910281965444,282.0202026452984,238.6957595858337,69.70740389330685
l1196,40.71529792524272,0.002119883994430476,13.64740123885171,226.3186863021028,331.6229957936833,121.9910283527238
l1318,41.43375845138031,0.1332170095963496,27.72548609707188,251.6737020364031,236.7991075852772,96.22560696537447
n1767,39.48947308115016,0.07697409258450445,30.12517384906191,314.6484381537052,65.51290138583379,22.83961130333791
n3480,40.2027881537454,0.01735288469175555,17.18288529632385,45.88808686129919,130.9625045902238,9.38242588942036
o0831,41.09851253798518,0.03494549195318471,7.45078787434205,288.7770749370168,216.046188582615,80.14497797235298
o0833,39.37201989373911,0.1037165295452013,6.942081737111665,352.2128957711687,204.435819634385,25.48052535837056
o0834,39.17021174891764,0.1785256378888355,9.87822136714483,12.12755992047917,44.98990154234787,166.2793157260581
o0878,41.72522139460445,0.1085747970721749,18.20856523375016,184.4704204061002,207.9501317816684,222.7746026804191
o0883,39.37061174400407,0.2554211640028416,19.81497605919436,273.8804715325041,214.8933199748446,97.32004407281723
o0884,39.41574660788219,0.2565629938006386,20.04629599268581,186.4095786892158,83.10186451467102,355.5317187472911
o0885,39.29280990663889,0.23100693453091,7.250614614259727,25.42185143721652,145.7157671219914,60.9247420485288
o0886,40.67237233403658,0.01211548743415932,19.64006746848002,337.4530095032611,79.91911663075837,189.3627400183785
o0888,41.27732361672739,0.06384300082200851,12.46769851441574,334.5854191778766,192.0711677478128,75.31833289863118
o3858,39.40216385454245,0.28428523115496,11.94157857652496,346.0664037722918,228.8732357619417,42.45242018865835
o4555,39.40643701866635,0.2425396525692494,18.79739780211366,172.7677819152891,158.7520133952205,46.40339387301048
o5412,39.96664785099757,0.03263333881528387,20.60325876230953,315.9496215416854,83.1073921163984,1.557614373459036
o6439,38.7383733276738,0.03009704012142722,3.822555088027157,203.9355112677557,135.56920545995,105.2215802248351
o8823,39.33659200192836,0.2962283439420007,19.24553023669207,240.0037756863321,20.56382771232132,108.4685883949645
q3618,39.39453569033298,0.22927100053083,12.92544095032222,275.5750650220679,82.24263330194894,36.32911816154663
q3629,40.99185542270185,0.1203535341528822,19.50390831244041,237.3717590682973,141.1981986290253,6.843137237838413
q3634,40.53319642087602,0.04496669539564876,18.02206702200489,52.32344408502391,127.6377576631665,325.8524382790661
q3643,39.00008580025169,0.4595433889964384,22.45271196069387,3.115284160392652,111.3518162913339,329.0666494796346
q3644,39.4494031048679,0.2855254272513675,22.30489389708493,292.3388962864386,170.5587838358639,350.3826821611282
q3653,40.8122580158948,0.1406750326574829,23.06335304877299,141.2299122294766,129.4463333169889,28.46491434377618
q3655,39.62073175335772,0.1925335031932552,9.533702123957369,120.744350975453,12.79055855210184,351.4820929871062
q3658,41.1002868186205,0.03357926197219754,19.02898780256803,355.9654462765574,209.7110752373244,2.309478198986117
q3674,41.48302419232798,0.06625496167634587,23.38827843663261,318.0036069666629,115.0382844665226,255.0737057225061
q3696,41.24778292068994,0.08286588903878994,21.91807869947345,239.7386611172176,54.83419900200315,297.3958704590842
q3697,39.36452858405646,0.2931955277466559,16.18754579175945,22.03904839446918,137.2902494535995,40.62416056604452
q3700,39.46538663649743,0.3880380544087048,54.24969486742543,72.4752973332471,159.8812129774536,24.95689824261569
q3701,39.2903779619794,0.2409876245197683,14.45718368620656,172.7213361077295,73.51074510354609,357.8431598244379
q3703,39.58189476833752,0.2265882212642495,14.7471576507548,132.5773400937272,109.8299894332838,0.6230208228108137
q3704,39.4295773718993,0.2416299413326893,8.985860031287427,186.4028476481526,39.68140203046855,3.187834256674824
q3715,39.59939038475906,0.1386678834654758,6.188188931677269,102.1240629230045,61.98925478856864,54.20108025624877
q3716,40.71229351469119,0.08219242746929348,19.32033485727639,51.92225856292818,200.2573626954135,54.94507663756729
q3717,39.37224230291385,0.1996817879763328,9.66582701792659,91.82097958084813,96.2766854697505,50.87819697190574
q3723,40.38635143160777,0.05363198344553047,17.4323964997233,200.5059579215416,1.041874342232614,135.4658154756356
q3735,38.46826813900267,0.03935037015327325,25.98909493894974,297.1607247333585,43.91875175143189,32.37022862921581
q3739,38.12063420808381,0.753246196361361,85.95297650704269,159.0416381457945,171.8076153368731,10.1513922393493
q3741,41.02600682503132,0.2062055697674167,19.12420727108062,9.40383881898655,42.41414002596716,8.057649277506142
q3748,40.8123862113712,0.0849222460720167,18.37197167405476,348.6431210793101,178.7987666641215,279.7754129844517
q3751,39.5484752813755,0.225598081157134,15.26249056654197,265.935788500464,167.1617430986128,2.914426495863097
q3752,40.71946218659306,0.04491855546049384,28.59482893439438,338.2650781742216,248.1672365776246,209.1686753078537
q3760,39.34027397174252,0.1415870781897573,9.814129171107446,208.6280742538358,40.66310303837519,231.6067522445158
q3761,41.54508923083477,0.07266184241669005,19.59808820368651,332.7091911635805,193.1548836067821,292.8070440347693
q3763,40.26030680704683,0.09343426294559676,15.88007719171808,61.77440268868087,251.2039748619798,195.8973643991978
q3764,39.48909998718926,0.2517697951781735,19.53703755111986,288.8628099794197,194.4774220002417,345.6644627802167
q3766,39.42030702752593,0.2234990800012465,26.06514554721176,197.4050454339925,197.1137656801379,23.50033473874994
q3768,39.50428267464352,0.1579880665220252,22.86553147656511,17.09724621937745,334.5071590827029,154.3490251950191
q3776,41.59204297185456,0.09471274931064189,28.61045614367967,35.91207986819241,104.0207372274101,350.2577971388114
q3780,41.91629472216339,0.141484050202629,17.47186187050937,227.2245527169108,53.23679196347374,268.6257530435965
q3789,41.86284279565064,0.09334011629313729,27.96570004917008,119.1730469610818,172.54663230075,323.3938472689147
q3793,40.54125033906114,0.0873694232851928,30.34826372216317,310.7203141581407,117.5687532139063,280.8710425039974
q4216,39.43209779418111,0.149369157127319,6.511642953261759,18.88558245151983,209.2141944739403,161.8998458564456
q4460,39.2815291757854,0.1750583430359402,2.783057708313741,53.23710224862933,44.32002863236766,134.8192446473627
q4834,38.81386682780674,0.001994187301935627,2.525193161814312,172.7542573164669,262.1399592501967,21.72512754435368
q5258,39.31474396047746,0.211228535958013,12.84164687199714,272.0493019553765,26.60991277143916,83.7676129619488
q5729,41.3736479053412,0.09485270612158277,20.19803404425587,268.7607479267188,66.29711183644288,66.94434888650645
q9938,39.45376544033113,0.1669385732642904,5.620419592579935,30.94670083144436,44.83682282582659,339.0013683361697
r0838,39.26636904759447,0.2716957813573427,4.65273362224108,88.38212111509984,289.166412308066,21.57985798773113
r1077,39.44579757432592,0.1888270951340552,9.695440833691432,42.56853385262227,48.45806424076443,94.51091408977395
r2092,39.52502933726709,0.1220966723621398,20.79364206899772,341.3061682935407,185.3000011590858,72.74884025344053
r2095,40.8583195928685,0.06315364982105012,21.40027699864648,156.2260412237524,86.21129864013628,352.3637321670457
r3209,39.29585776825622,0.2929111179854069,10.29338519298538,356.5631692863813,39.93778450869131,140.1115215850125
r3398,41.04955905973962,0.2450878626887056,15.75381812911705,149.4359777075007,128.5767135635725,348.3441280852012
r3561,41.38323463292706,0.1054689620649362,17.74624753826533,156.4880689462696,138.6274390644886,331.7650715713202
r3562,39.40126108008393,0.2176319448181432,7.982445121163269,96.79280856679974,109.7991271853696,26.43351449050147
r3868,38.70236125498318,0.05015451523929441,4.400073184071521,1.339091801771497,127.4766170811595,294.6240644805613
r4161,39.28490286229221,0.1932002944735771,9.671868770598168,337.0960520046794,117.5876246971259,347.4687965807324
r4315,39.46843827678109,0.2897191986517353,9.396010778303879,315.8301491287419,59.8943525066662,15.06283080321776
r4631,39.62658094345387,0.3352990255188351,15.96790535379515,3.131128465155188,15.26925355342182,12.89488317906905
r5021,41.45583744670422,0.1295712766272166,15.12068977290599,47.52249498250754,184.2951748204183,285.2615579586351
r5024,39.33416585797308,0.3445022208248955,26.41078035028579,65.73859877839426,51.84531716412619,328.6877078660416
r5029,39.21436741831761,0.2141645122067249,17.48465410583504,177.4228134539498,167.4659502514228,69.7859077622431
r5032,39.48423292370613,0.1781412072868279,8.214533648587194,299.7545116367343,73.96217528269742,45.27989174746397
r5167,39.40536466348079,0.1911981147107903,7.333810622316806,173.8343002250386,223.8267341179345,18.40799557363956
r5168,39.43275120749272,0.1752781519506663,4.76064105864917,228.2342467933022,258.3880179007822,328.752677810068
r5229,39.40119909552426,0.1966695082561932,19.06375377000992,108.1297009076969,303.8080656635819,45.70807545674089
r5231,39.4725626270448,0.1982387980112481,7.28147544664289,47.91307431343341,12.35882526935551,53.67866470486087
r5992,39.22002422656967,0.3218169971224166,19.18918547201944,266.298282004297,290.3593998082361,348.6944513835786
r5993,38.93439363827627,0.02894670322063871,34.3727766590729,351.9188804379947,330.6750342115599,218.9905982199206
r6287,41.6038233118398,0.1389738003648187,19.02138396333278,207.6895342437018,335.7031174880389,328.4942048962772
r6921,40.16910229812945,0.1306728420324298,20.13755089152941,32.22796019381995,152.8219418151868,33.89012633721784
s3375,41.86567668922911,0.04772773198626529,11.14853741750703,78.22613907395532,323.0879899834835,96.77442339631781
s3435,39.24788482832699,0.2573029704730082,20.16823348096764,131.4179606842595,67.33010926053974,20.43420522600656
s4977,40.75394953316317,0.07540680031533732,19.6820916634504,44.76042604223531,221.5250854390549,238.6939178497339
s7616,39.45048319715364,0.2623091934270725,17.593037868159,235.5050373402067,199.5517702021094,341.6108952533594
s7893,40.80144990706962,0.09540426887513752,28.18310082176637,313.4419300879075,161.8420273675383,337.4708943154948
t2679,39.3990950965227,0.2398131797073199,12.24065738572338,164.142379792266,129.1757318617717,324.0861802621663
t4099,40.9970631606641,0.2473108517093308,18.84927675876571,126.7461421416725,66.76826791260447,25.00366542503384
t5426,40.43949818682093,0.1082101662697331,30.18039603685903,187.2642357104331,351.7928375359699,5.020913705514675
t5758,39.4187522618274,0.2575445146809306,24.16294624549831,35.49686864030258,201.9661884880736,354.8303969458163
t5820,41.36318572869952,0.09659480495821161,18.98081887497342,89.5478508526887,140.5920063223977,345.6738113142844
t5915,40.68169745779802,0.1383032201331473,14.51881489812811,129.6822400868019,97.13788021066449,359.9636505112741
t5916,39.38180875319902,0.2863002476308059,26.11341327503442,57.5010896414752,204.2234716678818,348.2246559432609
t6067,39.37742756005903,0.198097207424601,19.9894814923371,153.3015712585692,157.0119337281448,318.31040018781
t6068,39.34741238821626,0.0922976171186,15.38531932702681,299.1977930300633,119.1565834185799,252.2389564068509
t6130,39.32147648665234,0.2587736533488312,16.81624431780901,129.4840393316755,160.4981839354464,331.1360747661757
u0039,39.4076630116045,0.3285627295367299,24.02191720416884,97.61223409505561,152.0290004387429,348.5696728674783
v5713,39.51278076812402,0.1785314950654847,13.49674496443732,109.1024014071189,19.79459455754779,296.5061194808313
v6212,40.52172833207894,0.01922015529810945,16.55869995053923,311.4082581230347,47.65642938656034,231.3444758567956
v6257,39.31450159576106,0.2890570737363911,29.06678538185834,75.09457626978168,185.1034466791246,358.9834689610845
v7627,40.92415893040612,0.1103060879797192,20.33486687735926,25.352233287403,159.1335547343035,43.19287944968353
v8834,39.5763367385108,0.1896371404260184,8.84506438392956,233.8816572527487,331.6188073228682,19.02767470992744
v8992,39.38017564783588,0.2789532621557649,6.191105075651389,118.586848422856,129.3750399417699,359.5764831969679
v8993,39.43115242979961,0.07512047011133152,19.38965011135018,320.773656340091,146.2505785543344,208.6353952407128
v9077,41.06010280601976,0.04677846806512749,16.07873123948139,134.6072798968631,177.4767250316363,19.52275241016962
v9246,39.2415375790445,0.2673394883662182,19.25131305234363,141.2181655174452,131.0799382443252,350.2795439482133
w5913,37.82027492098533,0.628115061269231,23.69287458407985,177.1166968628223,188.7069432604883,359.4589985960786
x1376,39.63503822091592,0.3787745096302251,4.681022578525786,289.9297576522497,1.985175838928238,22.74905293634316
x1486,39.3821044259086,0.2804200138667237,10.3654348481633,285.4988344537493,129.4791885275673,354.602926871077
x4994,39.45401590240586,0.203693293027854,1.588003705751071,338.3131988289977,238.3279093469103,146.7800192650919
z2029,39.51066994004825,0.2517705335745044,4.813401351433959,60.20437737929262,186.6632546143378,0.9913941460171333
z2045,39.52250322641701,0.1752923780540011,5.307034687243028,48.44278192466641,163.5396990824569,150.6892828333272
z2060,39.32534322957168,0.1886790771715108,8.785854068707696,34.62940138500151,194.8006417937491,10.57095522337915
z2088,39.42199465540014,0.2787674145381971,9.287253850071195,164.4907347280081,338.9724653600044,43.3277754282491
z2095,38.01456455522298,0.02568876817623088,3.998297231251998,293.0684607779523,127.4815495437656,291.6588128582445
z2102,39.38314706472136,0.1387307272602874,11.46168802166194,94.86018718178488,137.5182286868861,156.6560260110498
z2158,39.17433659839245,0.1630294850423133,17.33549291528016,350.5601554797962,207.5498367474385,37.88069477017923
z2161,41.2527570764179,0.08347094934803156,19.12726460109669,303.0751507113322,146.0260210837177,176.0163012755379
z2208,39.26277379069783,0.3012546541395891,12.90990257000708,232.6642400862713,219.4093996093009,11.5499577294566
z2218,39.53678329312464,0.1139029803353343,2.251702305290269,89.35135466664084,139.1524677941092,46.24622719523602
z2241,39.38110955315929,0.1089858103804721,6.711590622443584,169.3526689221027,129.4486689514171,73.7907334403641
z2332,39.32157866843914,0.2428350016623726,5.666996921442956,155.3105532074794,1.743700157823034,315.294119102992
z2349,42.00171368685552,0.08998422185203826,26.68386919149698,250.0056927283964,220.6438760110437,119.5968775228034
z2351,39.48617699173066,0.1915679257674946,5.380989206271432,173.3958808221844,79.11564748105226,10.93658515282971
z2352,39.43777966089402,0.08906195702970388,1.801992731911887,336.9292878487599,225.5750208310614,38.46609324799599
z2533,39.30825319416599,0.1247408807117832,13.27050126004885,164.6504494738494,19.04381413218693,289.5389036576834
z2547,39.38467316295085,0.1766119326685497,5.618222290976165,137.8527006689044,34.38444226848315,44.70483149344765
z2574,39.23749457563133,0.1942777407280965,6.495132281673438,80.62142247648949,136.7821889871564,154.4180429160417
z2577,38.76204510485506,0.07130687770291884,5.405708119147277,45.91832141539327,58.25553397006389,289.7825887275182
z2580,38.20573129871033,0.05953473136393855,3.429073625492089,297.7668580519345,109.7327053137403,311.4374825232151
z2581,39.30328821703828,0.1334782521841439,9.531231284533956,100.7517336747372,157.4947739123912,109.1834739775714
z2621,39.424716565566,0.1657995658801763,8.345297871252129,118.5249186681198,175.6465327104067,71.94676867646504
z2658,39.35777858043758,0.09085452077626409,27.93334855769946,167.3546704784975,251.387441647997,36.15951530826067
z2688,39.25907576514084,0.2945582183156648,17.54125986943672,255.7615749863212,210.9943686428636,354.5126293783374
z2772,39.54822956878947,0.229112298151441,16.65087501216588,82.01035649026387,197.891783027425,338.4948010628199
z2798,38.91267950760651,0.1082467319264393,32.93076845021727,227.6948569837339,159.5837605089828,347.3689811603234
z2952,39.51342731928148,0.2388776438462931,10.32776477007236,252.6481086909317,357.1139424026482,332.3293743466784
z3620,39.27109481024287,0.2261342005948139,14.84100623893778,149.4486689088909,235.9194020264968,25.98829412619976
z3857,41.52943713437504,0.1317364662391722,22.27735639225664,30.14692923984382,72.54695150194941,317.1580255630748
J97R09X,41.57145085903658,0.05474828043429418,29.99566992374543,71.50923082274201,163.8981399597153,135.1267110880754
J98FE4S,41.7666850005461,0.02125766840196353,9.865836114933693,202.4397316486077,228.891040486839,125.0023809615637
J98HF1L,40.74561364107439,0.09013699080432018,28.00869716701539,131.2400512938175,16.34032283692638,74.60598903132774
J98HF1O,41.37473618569359,0.0926199638989266,16.72976914019004,226.1140904902938,123.4411225383479,229.0033356978848
J98U43R,39.47410269316602,0.2203556529595634,8.764457192679242,18.87950465472175,53.8875550744772,10.31199923463899
J98W24V,38.96723103057869,0.03838808312382934,1.518432604641423,158.3427650912924,183.7090542797903,92.22636100515719
J98W31S,39.36189094738994,0.2005997569775549,6.740833989466495,28.41129473325081,15.96658611546362,29.80168002006142
J98W31V,39.23802262968405,0.2710218964332126,5.723342644284633,273.7977338484063,58.53880758620579,74.91322594170767
J98W31Z,39.49915736771165,0.1675928140499497,14.60342903848415,352.3020984682381,50.56432035481035,43.40695571952319
J99CD3Q,41.30998834802139,0.09573689584755003,13.27640069816513,137.0984420114326,123.2952111739062,260.3410734189599
J99CF8K,40.81401982266229,0.07246938574330113,17.08798831543446,313.3917286660036,127.7309220457114,72.3340690835397
J99O04D,41.42133652516038,0.09414091925522128,14.39660525534811,147.2349929888081,301.4978993826201,252.4516945147853
J99O04H,40.4562974732283,0.03902483171115771,28.17446021546479,161.5364830370897,124.1764806030883,47.71358958351683
K00CA5K,39.41223560745146,0.2326743813088872,8.137015510102529,352.3679433794555,326.5224895363269,200.5261286114914
K00F08B,39.27723615900865,0.2962326814554036,4.584436735396247,67.06088589453724,1.740006885191911,114.6260094778465
K00K04L,38.59116188288328,0.06197822448326086,21.30579309476115,229.4747679381986,147.9702373748806,261.7197348279977
K00O51B,37.78687865023648,0.03427427612169657,4.454710135334938,208.2285757551372,126.8246455310688,15.01343171921347
K00QM6H,39.51316201834077,0.1919900381631231,2.80220043158871,306.9900229876135,350.9772718973235,58.61613642245782
K01FH2U,39.34764713725117,0.2681543261786888,24.73438724911843,134.23233345752,32.45552779175672,53.33177201838338
K01K76Y,39.31994747154864,0.2347285976429835,3.969389124622776,263.0427729720171,90.06919019851384,315.3386964620543
K01P47K,39.77029438675599,0.0652343329600644,8.731226573346772,169.4714963501367,248.0098001473102,342.9380945517481
K01V71N,39.44172150675517,0.2461848650739732,18.65919855440785,1.362492503884324,70.4401540121578,20.73538506808629
K02CP1E,39.30511663531414,0.2666213890338942,9.293689245455017,215.0737462898645,342.5441978586891,8.973025871655771
K02G31W,39.3297877417974,0.2427761397410571,2.646794955015749,197.9275584838277,227.1008250154114,109.5496585217489
K02G32E,39.29138010140468,0.2301923231953023,15.70068441701462,104.8285230286672,203.7422224014403,307.0801716630119
K02G32L,39.45505791588863,0.1255834135370128,7.07781816395134,192.5964645627955,11.09274154405618,25.85580786553178
K02G32R,39.53706529795129,0.2757362518613662,3.320618872906257,342.8735519815956,206.9265177898466,38.72663918711621
K02GG6H,39.23608799397159,0.194805578792158,8.660438106515585,219.036917180875,10.78176053768493,3.134408104054094
K02PE9P,40.93708099140714,0.08981035592487605,34.71349504834171,125.2438098907418,159.6531128716967,72.02973899606604
K02TU1H,39.37399383879589,0.03782049052372791,1.541396071998378,232.1475322138497,93.44500633639547,88.793222183521
K02VD0X,39.47411174785152,0.2224146446136968,1.320625682393783,105.886451828563,296.9026751713573,20.97411961290785
K02VD8D,39.48996178411963,0.147279715544194,2.783292334386597,39.42537729022521,315.1410091813233,60.19894391085635
K03FC7L,39.26173596452485,0.2354262928217651,3.494812715318396,56.07761602539618,314.2513973554278,167.5363891226166
K03FC8D,38.2665560769237,0.02235729521166745,5.304367981167737,339.6065150417709,149.1508944326387,64.30202253835684
K03H57A,39.41663064182632,0.1709945675823258,27.63413587860871,3.627153580586839,199.7113748748314,23.11890565162096
K03H57F,39.3519768530973,0.1930659155950524,1.422125947544694,123.1201845044263,48.13611537460164,46.05530220940582
K03SV7O,39.3465620325296,0.2754765283632128,6.56393842404752,112.0167665029178,187.3059793749558,64.21963536718265
K03UT2V,39.33620289502831,0.2153829068749566,10.97266074574984,121.9613093010974,235.6685503414842,67.29811133794567
K03WJ1A,39.323649037801,0.2352484792789837,4.518731578913101,226.592799855058,179.2278487363511,34.80526388673844
K03WJ3O,39.42606032592771,0.2440748770185271,6.629331345031008,222.0857998584763,112.9210131249952,52.28172072700853
K03YH9K,41.65353921218868,0.1437190665594824,19.61116248202051,286.2549215302863,250.1627836954032,292.0624082942314
K03YH9M,40.9620557617361,0.05718872449977937,23.41430350277505,286.3249882567185,72.90908140934467,93.07220451650771
K04E95V,39.47395108974573,0.1853763885085041,12.27686110545952,255.3342610234478,192.1568299030075,121.2309202750511
K04E96J,39.53796410794477,0.2395716545957534,9.34000303541573,232.4449898991263,18.71680074178877,344.3315684600219
K04FG4W,39.48471103478429,0.156698839528266,9.122734343602971,2.206229981461,197.9776483900323,24.35986775766433
K04H78X,39.40971668493592,0.1526748284076659,16.27197685163462,19.44743687210072,228.9580876585986,14.07483092906898
K04H78Y,39.28966899393109,0.1954524825256409,12.58365656548983,193.8899606211492,25.18199404717112,15.771851264021
K04H78Z,39.5780634340764,0.1508501504953046,13.30947428662826,220.6740179868253,25.7563010199477,354.0254310383298
K04H79A,39.33695154231884,0.245083353190964,22.69963376711708,262.6927955134012,203.2489000428318,96.27626899522204
K04H79B,39.25393584638829,0.2284959249176274,2.661250633094692,188.8232145711602,62.60264020364574,357.8931540124143
K04K19B,39.49050909555808,0.2190774261883926,17.1552291505326,286.3290721048069,43.97160483495901,308.2015133009746
K04K19C,39.2558962760063,0.235990553381508,5.636737095400714,6.780852098433125,240.6005707529753,15.90898549834957
K04K19D,38.25522756781051,0.01715801193618816,2.12592225105429,68.96671455640436,4.700345535792402,186.4133975217845
K04K19H,40.77181801033352,0.1172044336070393,35.2294533535804,225.4341905114951,232.9565944795397,145.027840280787
K04M08S,39.34893378291778,0.2967666971690875,12.24647887445988,345.1845736772615,288.3241852504092,31.3493709707727
K04O15P,38.58431480847945,0.05522994927427536,22.94520045712693,93.40172515651481,289.1800050264466,295.6529619695808
K04PB7Y,40.05003663143079,0.2825050865491874,23.36350579953461,152.6187779809309,129.9887271640189,40.91908500907692
K04Q29E,40.87585439407646,0.08374145981152163,24.11752075588256,354.2846750059631,317.8592240848241,28.56869963258497
K04U10S,39.54000130097054,0.2188867443914802,10.28808062418133,7.089860829497513,14.09801818153055,15.72779594172295
K04V75Z,39.47341515496511,0.1927413158117981,4.465564498347776,12.54282810567959,168.6953911007251,284.7997846002939
K04VD0V,39.4487146138313,0.1881291082205339,23.9227664987718,29.10142692413334,46.45002750386782,3.896601107182079
K04VD0X,39.45558037010136,0.2078911950117047,5.744974479019404,291.2834654516598,44.43153728522682,70.18002646167004
K04VD0Y,39.33740867962887,0.2760845045026056,10.2027785430642,180.7212539155166,222.3683447960902,24.57692953196339
K04VD0Z,39.55218484679851,0.281506180984996,11.58185227510806,334.5524993409084,40.06954789473697,40.20247500370215
K05C81D,39.26079056527891,0.1516008577475992,21.34338406487324,2.031159047330121,317.8710663287609,200.201081129393
K05EV8X,39.53498785142253,0.223520919567138,6.653244820391271,27.42577006399264,100.1706926574338,56.77876977676089
K05GI7A,39.36696825983962,0.2172450400288205,18.75175821955245,283.5061027527814,27.72511307124637,310.1133558767222
K05GI7F,39.42995942382267,0.2543871886287805,3.906689124347681,134.9236339498264,128.8939524849104,358.3540933366888
K05GL0V,39.23224019109503,0.1706613395299741,12.01375686610035,260.0931046193925,174.7704431845435,118.4915767233583
K05JI6B,41.46697669185873,0.1056314773397198,20.21957028457163,36.84930840234748,238.3989691802257,349.1932623109411
K05TI9V,39.39800956447018,0.1881440099735221,34.39114656979687,185.5445013169682,246.2126277867307,21.55486409990059
K05VC2Z,41.27070081711439,0.1791471078271513,12.10246214816418,180.1115641487135,221.9390040871225,36.06047781346444
K05VC3A,39.51437237951505,0.2515841643295967,1.51468851453601,317.3408673101495,39.76764507103224,65.6207209542585
K06HC2T,39.3189993954731,0.1608451041906538,7.207996992651824,317.9467842578129,171.6471479144863,96.70762001176591
K06QI0P,38.0622847678644,0.6540957590509248,4.962758574007633,52.7621245068453,237.5755333758966,33.76858529346074
K06TC1K,39.34653623612866,0.2498342805451655,27.2493604891341,295.1628045389776,174.2211844600264,331.1169618131163
K06TD0P,39.25430104804454,0.2701053905328212,4.925834904966719,109.8444598800421,8.489720530496522,307.8144139795607
K06WJ5S,39.38058656270409,0.2352684071579098,32.71432698497367,232.044227016573,62.5570204012309,89.6082236432883
K07J45F,39.35235041336133,0.08689314038721417,11.01426756082387,342.4466702691636,176.2647473697566,93.00232688804991
K07RV4L,40.38668358162177,0.03835759659071218,21.05987689968719,23.21061911565761,211.2520231035175,123.7224898832289
K07RW6Y,38.81824952740812,0.06801829955536709,25.48103939426308,180.5306978930176,232.2407528483322,314.133640055718
K07Th1V,39.47015530616917,0.2330840673591887,1.805660585221756,2.633014140250352,44.38427406185541,11.14188912950443
K08AB8Q,41.49515599195505,0.06159512284293747,24.58044754649626,197.6976844072255,312.4462298134929,0.796216849645694
K09DE3N,39.35630438939438,0.1976822827119608,10.56179251267715,129.1781989159577,95.04018085690069,352.0291549109775
K09J18Z,39.29485208119214,0.2471103577151498,23.8485598137703,176.4009456253697,37.15886816191423,358.058482975221
K09J19E,39.45277542875002,0.3010679228261125,22.17630463941109,117.4149717565752,144.4019617536447,335.5192815271768
K09Y26R,41.33134467071032,0.05104494849110337,18.63801967585443,293.2751741339785,118.6015591868341,56.73180646471929
K09Y26T,39.3515534471684,0.1764902598744344,10.18414809661966,21.04270153143036,85.04749807514379,5.781747689531745
K10AF3V,39.40455025621468,0.2552271211298329,7.911847987408937,214.6498721262901,268.2259628270757,13.89623996884481
K10ED9L,39.3377086286832,0.06428140558802435,22.9929092743691,208.7154083545584,331.0900159845044,37.57929693957215
K10JC4K,40.40799261420586,0.1176534950678494,15.51539562051111,221.8924275643839,277.5500773253551,104.1226154646626
K10LD6B,39.27303083796975,0.2618139414708265,14.08127365556248,158.9012064832464,132.4896446546747,5.285076612595795
K10R45N,40.79738772753842,0.1085858689776004,32.78656712459098,324.0952441783542,123.4392126498864,288.4367725728962
K10R64N,40.8907875681602,0.08348599940003151,19.87312525670461,40.14101816720945,68.53137115835224,281.0094890582033
K10RI8D,40.40719885668582,0.05841686828863742,27.95484434460042,356.2720800162305,65.17338432022747,316.7766265199162
K10RJ0K,39.46139439349411,0.1944720346308537,6.635758398830843,214.0228379445671,340.2375517047667,184.6350359839426
K10S41B,39.47967796509737,0.2802881418670905,5.223075338060025,248.8449463443778,139.5521141936659,4.817347050406676
K10TI2J,39.64801390276893,0.2758050851634303,9.501277739070737,170.5428174026352,232.6540774426589,2.037069708524242
K10TI2N,39.60642257580726,0.1450960581386265,13.30100888440042,282.6672361158646,27.45472343607946,72.73423628143391
K10TJ2E,41.25151479149787,0.05494455094944057,21.27594538151973,286.2160782954756,29.6925136853471,102.4401613290381
K10TJ5S,39.45743889200337,0.1246203870539507,15.50298629364563,220.0960776952797,182.1159166372379,9.974344331984076
K10V11R,41.43020760419356,0.1441415934604299,30.92276862394046,35.07653627087088,86.69797077243008,329.4093592288035
K10VM4X,39.74718177403778,0.2047689821666251,15.54681167379794,1.69176375489233,152.913207816102,294.4399111981031
K11CB9X,41.77699663995477,0.1414912720090549,27.38346262026201,67.12059144711793,323.7852335512238,126.6224189844405
K11E90Z,41.09636865565187,0.0696912646558022,27.44025768341587,72.52813180853845,86.94363061748852,9.629970751949939
K11HA4N,39.3963158103184,0.2927967908316498,17.49140899324026,53.83327325978527,161.4257236482292,26.29112429771927
K11Uf0P,39.60174263377836,0.1750653663058737,2.732711753486582,179.2879041700698,241.7385132801593,354.573782980432
K11Uf0Q,39.39529119494804,0.2635086145450996,3.245997470627725,335.4141043577059,10.81930545712349,42.0289614036092
K11Uf0R,39.40583663772213,0.2683425015369275,17.31958574367512,50.34849327202414,27.04933536000684,347.9255642611001
K11Uf0S,39.51022546429018,0.2555521677953875,11.87574075784686,290.3949707079922,20.5773105227432,66.2112916427706
K11Uf0U,39.28815840469424,0.2628544621590355,12.62264648516706,15.39278925512409,19.32919298224355,11.58234128220264
K11Uf0V,39.42456505446696,0.2593421421381052,4.308161638145767,30.03220987254551,332.1499534806827,30.51487657474066
K11Uf0W,39.59419218458219,0.2183772003637161,10.75123764809095,285.4561018351877,17.91367502369422,79.43966788917609
K11Uf0X,39.40005276689792,0.3278033639256304,17.47895043958097,263.5197558169306,223.9616247711365,317.3560027790553
K11Uf0Z,39.52239878846834,0.1247696997403848,3.832765470906351,8.416170188372012,298.4590595914017,84.8946160267506
K11Uf1A,39.21872941547128,0.2445061287771453,8.645583010239257,167.5171346717858,237.9598456917559,6.3150978703199
K11Uf1B,39.6003202620677,0.04371339370445494,14.89986676479656,322.4458766277374,13.37352018626435,65.53092894097398
K11Uf1D,39.2089925064349,0.2883410423047721,15.6988423674902,131.8925831704257,19.08014942338424,289.7679210547009
K11Uf2K,40.73660999089213,0.09199856516780887,26.36464069897751,151.6459905509076,218.9227391653349,28.73390764171797
K11Uf2O,38.02776440439268,0.1277050580823385,27.78754002339017,273.0599828724374,21.12822953905441,96.94538776216342
K11Uf3K,41.54921949334916,0.08957809915209568,13.62859825957161,86.0167189114196,256.501358830795,94.3774019529002
K12F87N,39.37088665787632,0.2542869940721483,20.64404897249218,160.9154306725452,74.03171267846457,356.3855604629984
K12TW4D,39.3866164313963,0.1386368849752425,9.575926330033042,190.9706402530246,114.6109294632918,61.58145992870948
K12UH7G,39.30157881581,0.2246946466074483,21.87701139078695,130.3918681745345,261.8698560370137,12.56129703736658
K12UH7L,40.6659400506933,0.1166471694036417,19.23685104598702,147.6540086762096,272.1654508257457,349.5700570402672
K12UI5E,41.81443358391843,0.1496735905756935,20.46287368003178,244.0532919503823,202.3255102063187,34.44550821042137
K12VC8R,41.36750060961266,0.1474090482629724,18.47179144678457,275.4462457437903,283.6419368892407,206.1241425954199
K12W37D,40.18608321656237,0.1161463153824457,21.12450331483229,17.40719092411043,83.6829635646087,26.62523648407458
K12W37F,39.37740362755261,0.2903047323369412,19.01290202953709,275.1469983592137,173.6173866021563,341.9684676775297
K12XF9W,39.48112878820776,0.2085670303394245,20.97796227858055,273.9979143479889,146.5491445021034,19.69693051029503
K12Y12G,39.42836349389648,0.2145024864161716,30.91790855760955,30.11560127581783,114.4771509550599,322.8432597096252
K13CM3D,39.3907462297929,0.2250376891484579,5.276272649480337,260.7639713370087,73.59277550258795,183.9886580257982
K13F28D,39.64289113707617,0.1833778054695501,6.847887032130284,201.0832454966591,251.1912397197939,101.0799670725123
K13GD6O,38.76872949831784,0.06030406125348847,24.27623008168334,148.9793592015646,39.13778323155486,39.99329759584948
K13GD7E,39.33539785894767,0.2567571803859502,3.866191696208829,136.7957554616072,31.38633360178977,39.86115390449135
K13GD7F,39.56910953801938,0.1576870176750198,14.67963523495282,101.7759848354874,35.78859896076879,72.40906924975927
K13GD7G,39.33507094060526,0.1354769041981804,2.391600277216753,73.98740818892875,96.06808300852352,46.35967970761479
K13GD7H,39.43835654047681,0.2280722561910442,13.46806089964563,152.5617033829767,35.74049188576087,29.56609949822479
K13GD7J,39.49576222212041,0.2666743407015897,16.87307708677371,230.9164509416128,42.49128124022801,337.9446871982681
K13GD7L,39.26637366932695,0.2000551109984475,10.43941642939825,235.2181947752072,44.49317516428349,330.4271879616887
K13GD7O,41.42321156256682,0.09154561457564776,29.25102978756242,290.8794320955209,35.39946625348065,267.0251411581153
K13GD7Z,41.44469129329114,0.04828411063122749,21.11623045448822,288.2592891663019,212.1306654327028,83.1569802605405
K13GF8N,39.36213287844982,0.2043901746707023,10.77909514027213,281.5346909182748,205.3934950671342,79.55766159175128
K13HF6W,39.5919945527902,0.2433022018582218,9.930236442026377,35.1267520287711,125.9954319167825,49.44806635857682
K13J64U,40.18034869327367,0.0703852212521163,26.60920156565208,168.359244401757,74.8024305108622,5.773427305819377
K13J64Z,39.4208209393473,0.2326646707144917,10.12819475439492,130.4865157483212,117.1488596064065,5.281321889018858
K13J65A,39.51910516365314,0.1488102269781257,10.22288459646832,45.87563651052085,177.1294802154157,22.95128577193208
K13J65B,39.40276379910615,0.1888553591183156,24.89764328432766,166.4358579356981,72.46286693565854,11.03360291513374
K13J65C,39.3720282139147,0.294314578099012,16.4096184774118,127.3908563612771,87.17733885205716,23.94687169290929
K13J65D,39.37039711007067,0.09368582514440539,13.01506951868604,48.50394217926353,198.0378403062613,5.636902890434266
K13J65E,39.35330765841885,0.2782654907309985,8.048049844534987,66.18603883147334,113.8530652103586,46.743484928333
K13J65F,39.38820805115686,0.1761653730252628,8.315688337989902,119.2372730998682,112.6802558880391,17.2208310056792
K13J65G,39.36500352175478,0.2493384760762516,15.93468606173676,174.6029237610163,85.2391235412118,359.318675384153
K13J65H,39.24892331823126,0.2862263464122038,7.553037261124668,117.6172951016429,160.6113786070471,351.3496312309912
K13J65S,40.57355701128552,0.02160792688404001,13.72805220684072,37.05678003895407,201.597873476879,15.37582987765308
K13M18R,39.4004683324854,0.3403109875348557,31.10590856370604,116.4527898670486,168.2972796521496,343.0387059841679
K13N24K,41.60399528784736,0.1431368488593161,26.79539460693542,330.2971982008405,320.090764651728,19.48763264887581
K13P74W,38.05534415927774,0.1186569988124989,25.7967866488495,291.2807356484014,353.534189562487,57.29519429273243
K13P74X,39.57933898913897,0.1529880983672117,7.833015262559684,126.934305848126,43.12213977108323,181.5923789382896
K13Q95P,40.64013530189434,0.1693684352060968,25.44163528587907,18.82112409680119,71.39539511423578,324.1127330554451
K13Q99R,41.01773427180427,0.04241810858640574,32.36991651085892,263.3151731844002,50.96623921453516,20.66682497332138
K13R98D,39.44664652458883,0.2326260262449834,19.54579077911218,104.8480263322389,144.8595172665334,134.7644065394379
K13RA9B,40.20075964847772,0.107900393365,23.15163519544654,223.9465065659218,175.8566238377772,341.0616252210257
K13RA9C,39.41689378120841,0.2790929612587008,43.51491914051287,318.8518239871344,32.81625044994559,26.10697223397365
K13RA9G,38.23663590714563,0.09025188837465566,22.72236139741087,59.72746927523129,22.6840310595686,310.8349879289509
K13RA9L,40.18574183263051,0.2015142119718281,14.1890844953782,69.56966137525816,193.5870480326124,63.20495285249509
K13RC4K,39.53864420059863,0.1855802500862701,7.057000784470491,208.5732740234773,92.47153079748912,69.23272429566997
K13RC4O,38.74666983724148,0.07880654537578365,24.57452016814536,293.747164223422,181.4731733090805,265.969634200286
K13RC4X,39.53796829834056,0.2441434998633719,29.47624307168319,232.5134689295897,20.53793487499797,37.31250827505443
K13RC8T,40.32234130662869,0.1080418771069672,24.16954916415249,213.5096120442914,32.71463914785814,121.3628923953793
K13RF5V,41.03956434435716,0.06041766945151974,28.28527618717854,37.831326957641,1.490067881877038,336.3320430913724
K13RF5Z,40.57670760351333,0.1065572120842393,28.8834278880488,357.3656067308767,186.2348514548798,201.7069376640184
K13RF6B,38.87395159770611,0.1133196082782965,38.96270855932705,5.732141321152946,45.12843843815081,270.2830509760818
K13RF6E,40.55591707885983,0.04121840881570776,13.41652017535617,43.77171198707756,259.1434439477202,31.13295134044803
K13RF6F,39.38734180630435,0.2583100139011572,6.595911923261586,307.2692240937885,249.3539052048034,137.960335030045
K13RF6G,39.33659626219154,0.1735031491133271,5.372318737457561,331.1072412351433,205.5697385240679,178.7852075583837
K13RF6H,39.37812652399499,0.05657053157271479,9.006927978926983,119.5040340325906,185.9003920486293,58.73022280254526
K13RF6P,38.97486666553603,0.1161334043895302,31.47594912235289,229.0935693637284,357.6356593246008,136.6265392351311
K13RF6Q,39.48190692654741,0.1238826316072836,12.32999543969891,0.2507963027654537,189.3381880783241,176.2594175385387
K13RF6W,40.73295173788208,0.08492114846024286,15.78803237784439,224.1547748823657,208.4084190671689,270.9100295921336
K13RF6Z,41.07327634246815,0.0604963500608343,26.44924323536898,248.1839820569236,36.36633102677852,88.49718733266499
K13RF7B,39.55015560686451,0.2278270507070533,8.709686344985773,213.4244600507666,76.97979837232761,63.88147311768724
K13RF7C,39.245707683837,0.2510145240657075,12.81798976514717,249.9659902322773,139.4164067904128,1.021827630847002
K13RF7G,41.40278848318953,0.1452659679280805,14.41107892911314,75.41346280430923,180.9599209588141,120.9118482554063
K13RF7H,38.61028969984805,0.03995952700129306,5.42675542556043,141.5992371270098,96.42558198622056,148.4633839444083
K13RF7R,38.34199138410299,0.04527655781713412,32.13285686493125,178.6522603001812,174.6744316329074,352.8792779823175
K13RF7X,41.26155564562015,0.04076274163729011,12.80694574819275,88.49212847956355,19.37742655918458,266.7821369414312
K13RF8O,40.35496954047352,0.07127971101932834,18.20855233722697,155.3457382133205,188.9829697533507,13.5551596082453
K13S99Z,38.2814911693153,0.01718443165166819,19.83910797611403,54.34670245695865,183.0932793711983,145.8758164060719
K13SA0T,40.91735625300867,0.06446285339942542,14.82919122129136,286.6488808979249,181.9235543579059,282.4895570411297
K13SA2H,37.90071449204568,0.05285106819341796,19.3822318376614,83.0412732946828,180.2274598106252,106.1688520532822
K13SA2O,39.35051202709968,0.2196044017633752,9.851220410343556,257.8751967584139,145.2207250157014,358.9229742985796
K13SA2P,39.35717460324789,0.1529919167255541,11.5998852101627,75.5498580867311,146.6873536297418,170.9300489895042
K13SB2B,38.30861633325554,0.08167066998789603,33.32222937894691,44.57438544639938,14.53991232983817,326.0298675177693
K13SB2S,40.02547714579389,0.07347883960713547,14.74375949291471,254.7923760145065,185.4583467104741,286.2251846567883
K13SB2U,39.28174788647021,0.205605725975677,2.393595213937448,2.170324661677357,235.3321793986964,110.2831772822829
K13SB2Y,38.14836149351176,0.3142409652467529,13.47384335074562,256.6694575474495,343.7300156841225,91.1427985959097
K13SB3A,40.34481085235183,0.04093594055888398,20.55786690684065,157.4866493114675,359.3370927897989,216.2259869971105
K13SB3F,39.34209196651315,0.02633678928871192,37.67468507921902,51.52926281554981,46.94739302723519,236.7924139725881
K13TH1Y,39.39989189417938,0.243049786349347,24.9552456130964,247.6239518910349,58.80632515786578,59.48856200571581
K13TH2A,39.42528442604944,0.1837176388430173,14.5470227079705,237.4296306403096,173.6426031666043,341.2143458366386
K13TI7L,39.30557503006129,0.2024135718048836,18.84710419497708,348.2902977435816,25.08127993696629,9.732471240621715
K13TI7O,39.27765294323375,0.1893631005223512,9.163682840070512,333.7977876052657,82.35930410430976,349.2723330443222
K13TI7U,39.28106665091934,0.1605455546277587,14.88518825574814,290.7866077705684,84.37355174639994,18.25084159112296
K13TI7V,39.62128403008111,0.05495238741403521,6.136207362400471,39.8751754293038,148.8995355591089,194.3798452388771
K13TI8B,39.49927232749657,0.1602289236582635,14.93675845611903,310.7801556239456,91.57568955928703,2.012035489760443
K13TI8E,39.46257190069272,0.2308506719790701,9.37018524182032,292.7230437952463,109.6671059112645,0.479823576113419
K13TM7L,40.2390481851841,0.06724331100866981,22.88311451178854,313.9013795091673,95.49546518572586,357.6814750853992
K13TM7R,39.63862794467745,0.1664467852925918,21.46751436624471,109.3870451348612,182.4195793516056,90.2339035378223
K13TM7V,39.43903525472457,0.1837616898733861,6.917776098765332,326.5084136831131,109.0795019825227,324.4563616124708
K13TM8E,39.30006353165943,0.1714039228257336,9.873836509645066,82.14065119185452,97.64227402192908,199.2560343289285
K13TM8F,40.63949303463139,0.09759550596002226,21.61492215351167,338.7048810511376,148.2159044715239,291.5820844471495
K13TM9A,41.48355077416392,0.1223928118580489,23.5566229972066,257.3134504862458,176.2069639307751,316.5663751622201
K13TM9E,39.38292485709443,0.2037338631805262,3.9633130514708,214.6129521722663,129.3818358243548,28.37859246611782
K13TM9Q,39.43613565215407,0.1626610780617963,5.577643942145814,257.055173723558,30.68734546395202,72.65139484631143
K13U16X,39.22935148054088,0.2379634401581213,4.41602094796498,199.5888029857139,37.2903805149853,127.7724712324425
K13U17A,39.4532937176752,0.1503314860942964,1.978056699580574,303.4753204681354,30.29261862375846,42.38167030294061
K13U17F,39.4401070640932,0.2507423455526961,17.12347504897669,150.1590475626494,190.863771993265,32.12421669661406
K13U17J,39.52012948259442,0.1849207961527496,6.81982525337271,359.3427386318669,36.7280899904578,357.6963662327708
K13U17V,39.42068075789462,0.1808940075652953,2.084817703208009,205.8120429966849,64.87239987216543,97.40772710505554
K13U17X,39.50944148588226,0.1374418361059,3.023597441900537,179.41775209421,29.8814192856444,174.7703936012388
K13U18W,39.33368950408715,0.2020637840422637,6.777104432561413,282.9049997067293,178.4686149516472,307.276015136424
K13U31F,39.47461447319228,0.197995845431079,32.05207928386434,177.0340141367467,178.0434404532259,31.26439430456687
K13V24F,39.40307569556248,0.3266780190535165,19.84709186175751,304.0603438545961,113.6688575255413,13.64841853059359
K13V46N,39.39585228789679,0.2407097036803036,7.746314128437425,241.9271988173754,112.9232189513922,28.75680508793201
K13V46Q,39.2810809846034,0.2391997780506194,9.470668160879676,218.2183655678767,70.34148135547822,80.44734123962861
K13V46R,39.46056719465384,0.1503754993053633,13.80256761571735,225.6409114488721,87.42336498828833,70.85392597727244
K13V71Q,39.47040768382271,0.07206982936929718,9.317738667028943,166.7057313538779,121.3372468216924,106.6706384786883
K13V71R,39.39445721136203,0.2047333363826143,16.20175133394914,273.4537224097353,75.12261000567484,40.11188162207159
K13V71S,39.58211995580935,0.2140494391237373,13.62661622605551,278.2420437916877,111.826764089845,16.68431435738431
K13V71T,39.37547858478269,0.2848625820521529,11.18936097624089,330.9124765417045,128.6797342241881,334.7126155150754
K13V71V,40.5099795092984,0.0597752635191739,16.64580533236797,58.55484026895471,103.746042191693,250.741800372692
K13V71Y,39.41161892206693,0.1542783457565404,10.610452551478,326.7935929261933,63.75928838334566,357.6164588839098
K13V72A,41.57797443407119,0.1112527014885567,15.04035384216811,200.6645996870871,159.071184327275,31.54608550980647
K13V72C,39.43754701336897,0.2521543721295313,13.3330031364885,332.6061252145574,103.4620825057629,343.2203620552315
K13V72F,39.36175044914417,0.0988106712528084,26.61536424644902,63.16017376530083,188.5443188557626,144.0880334243604
K13WC3J,39.4980663713764,0.2261866476611727,9.185538425802592,276.7954241812275,85.1424137565846,26.90672979326461
K13X33U,40.59872099480737,0.09718180338406923,22.90330429681726,26.94438659764434,54.94049071516042,321.4168476303622
K14B70D,41.42496101052917,0.1323785666203268,22.94004923773441,8.328533435683486,276.5859359129066,220.1431888294529
K14F62B,39.50147142309752,0.183729061120998,6.040406221398523,351.111921195509,187.7988634600408,19.18403615296443
K14G54J,39.42825894468186,0.2733029714276869,17.26431640793171,37.49116531677945,233.0587110470205,346.3874319862858
K14G54K,39.43087420968951,0.3258028375338188,24.01311260687848,12.86232228393126,234.1521946005744,359.6800179677698
K14HK0D,39.23904424264747,0.06296165973386962,14.84962792670444,83.23228556654102,67.85526546596587,72.98370047590382
K14J80O,39.11988929385205,0.2891134098826523,15.70614431619681,346.6338827432901,196.3997621070754,44.44157738660495
K14J80T,39.58633266449295,0.2179631254832839,14.49484130569041,150.7369098742857,146.1099170419893,341.4526198970574
K14J92Q,39.36829851315299,0.3374005281997171,24.15877569779647,74.0581775463222,160.3899103198911,15.48237795430952
K14KA1S,38.47210502924235,0.02642006571973804,24.11569959466294,59.19913588840848,217.4815462835126,350.3519203175346
K14KA1X,39.55273743429085,0.2379807629223181,4.001922793725496,86.32887140131236,129.47419212837,27.27645949601331
K14KA2C,39.30835610246637,0.2659120405955684,12.5811927581929,137.1549038811635,162.8494006030113,342.2564213296209
K14KA2D,39.44789453793015,0.2223376224867882,7.279948148116138,58.14432233032984,197.5367628878202,9.37968411275509
K14M70F,39.39816333094136,0.2445122911690119,4.75795272915976,184.5452259091517,125.9692222935179,320.7143145384126
K14M70H,39.37823575403335,0.1714189414122697,3.284858751574705,89.83429618214258,97.63723169559266,146.113041406265
K14N65Y,40.60757879649395,0.0788653662258868,18.47087835779114,165.7834644388097,257.2785141270309,274.4968713976992
K14N81D,41.47744803903119,0.1207884255404442,24.30064379263311,279.3224969604624,1.796634274798563,41.24558426770344
K14N86T,39.46301498640749,0.1310690015399873,8.220015482290309,278.8710217785078,6.689709831562526,9.915064936210385
K14Od3V,39.25112051463551,0.1073761917327087,3.551300790394555,103.7967040961441,65.52335265578238,155.0826029304287
K14P70S,41.45339817527081,0.05984788302862153,15.184940501893,321.5552269885563,347.0788805077877,48.06204145163959
K14P88E,40.30082037912061,0.07754464257128581,22.55056636472309,254.3156990165466,43.49832527572694,18.09885716274158
K14Qi1M,39.60737065313376,0.2798675707736351,18.26659500189893,312.8375032866479,96.05130501775135,3.658527420307582
K14Qi1U,41.25940107579412,0.1056521829671125,19.34139172692991,296.6761924401744,113.1594421317916,352.8101411968676
K14Qi2E,41.26587628355904,0.04154477497079798,26.35119909411651,256.4137807914277,77.78186063984984,67.24295559758205
K14Qp0T,39.50304203598316,0.2234385611361104,28.73220649651983,250.6991972256151,1.245697949426712,39.05622765792636
K14Qp0U,40.89347909943747,0.051759427792939,42.12692175938501,119.7284753718276,86.25086553769752,163.7762435001536
K14Qp0Z,39.37300403198468,0.2392621295071989,23.73779046915919,263.4818424865117,71.81800218861372,35.97839751424719
K14Qq7B,41.37257165049989,0.04582623943670907,19.66274704186136,300.890151383254,91.19292311473683,23.72076251209807
K14Qu2H,37.99459603997576,0.07184730095496795,31.4579501680724,306.4970227974015,44.08592143692096,344.313813168311
K14Qu2J,37.96171131132497,0.0480441871496485,26.70911443164021,212.8817410962501,34.68579013711707,72.87841856470723
K14Qu2T,40.59222102783315,0.0572874935013153,22.3040140629537,305.0877789748283,128.722516295791,320.0066392465346
K14Qu2Z,41.33951019977756,0.1335660369873112,27.71425217525147,186.3549725724392,32.44859512766028,90.911950735847
K14R70H,38.267266096215,0.1227188426193481,27.60593211231512,244.7571269998342,8.005409680661272,50.61962430318746
K14R74N,39.31963690155034,0.2875473365735522,24.36118431977416,317.7226157054308,115.2803926963516,347.1161668565496
K14R86Q,38.61049750499226,0.01333642858765017,31.16917670793229,45.60565696542793,67.22903562349484,208.1479215415571
K14R86R,38.25528376722198,0.07960811072252366,35.44174942146118,181.6864486087443,10.14858713532692,120.3217811884512
K14R86U,39.4954364127604,0.2195688936596999,30.21247835426113,127.7272045683741,138.0940000361031,108.1344999861912
K14R86W,39.27740869699824,0.201862577191132,23.28852200906704,243.3010118918127,127.0464989592895,24.88326044812081
K14SZ0F,39.49222635390969,0.2440981783160656,9.817570045093417,142.0971283331405,38.045089731959,169.9352008303619
K14Sa5A,40.56198303637454,0.1010806795838079,28.22563154144478,274.1987771123227,159.0037313283895,8.339601516875671
K14Sb3P,39.49560504573862,0.3230503680517038,24.45493163561468,311.9716559546125,158.8418768542429,320.2607027055594
K14Sb3Y,38.96198585158181,0.06733701897149032,25.48442210452631,349.4624725157689,48.51251474278223,287.5846943626251
K14Se4B,39.4256045361045,0.1051128931173842,21.84380524760621,200.5564825647575,135.1016854625945,55.67568392356647
K14Se4C,39.38899435472976,0.2436758533621142,26.6923355730663,276.684980047856,158.091411642971,344.1631878274804
K14Se4F,41.35297486646261,0.1478113492022777,29.03870142174521,265.9728055528924,109.6079433127607,8.801605996510654
K14Se4J,39.13956414623691,0.2318957466504167,23.54388284953633,309.7371377448576,102.2526198373985,353.7682932903988
K14T85T,40.54676967358721,0.07703355512108778,17.83786572189707,266.8282388610835,98.24203646301495,38.09731581589458
K14T85X,40.58333476456257,0.1057876299842167,21.83508253826459,217.9776975272595,201.4288002046778,358.1075750445551
K14T86F,40.42468777208737,0.07819785732604785,32.04786710257449,106.2688352147495,65.08284553825814,152.1787420396705
K14TB5H,39.35984470446751,0.1567893361753793,8.074524449662626,222.2117208700448,172.4487421625458,358.4493080144498
K14TB5K,39.35854975256034,0.2303575898569295,11.98324923655646,161.5807829220474,178.8021427685218,33.29857981337782
K14TB5V,40.73045810603148,0.08793565166473333,22.61436918449319,222.9066653610294,153.267062613829,15.00273384911032
K14TB5Z,41.56858399971593,0.2482594237505389,25.56743444456873,95.90987525100978,36.47376717502772,278.5101976332013
K14UM5H,38.64096951033137,0.03701300337207083,29.53307823571315,350.8005176978168,210.881585980049,196.2783776975985
K14UM8F,39.5463856757916,0.2202346387544613,12.60153916466083,40.88114826079811,8.309794384858126,357.211484583639
K14UM8M,39.30500265241211,0.2907392028784871,4.888753348473085,117.8679682060692,271.3897934547067,10.10187762360902
K14UM8O,39.56905372479158,0.1231869225912733,6.832145336760881,330.7245719172413,7.907646144108606,50.06838288795993
K14UM8R,38.94117386389874,0.09832350661868294,8.933409391443378,154.3163940692665,231.9308244595456,12.89801574755419
K14UM8U,39.61138892441895,0.2967868139394781,4.245388411355881,161.178209684464,252.4489743219469,357.5901699103475
K14UM8V,39.48766199057204,0.2280542209013779,10.13458193944083,348.5791995043544,4.752765595535114,33.17228323710457
K14UM8Z,39.57207837237755,0.2130858558614583,2.648799899043093,122.7964339535525,308.8766812442167,342.9944714114682
K14UM9B,39.5576550657361,0.26320935951892,4.091644153662721,282.8233930233873,353.4251492583574,94.54636132964166
K14UM9F,38.15331107852609,0.09247303949132422,19.45651083895629,338.179758758729,217.9743685682337,206.9464827837236
K14UM9J,41.38284638338624,0.09608936317668158,21.02246211265467,223.8142610902786,222.4426208762325,322.1217222970093
K14UM9O,39.44776587666675,0.160986637682397,10.08678007104898,348.6318031152903,3.320169200971438,35.39661161951907
K14UM9T,39.44622417239511,0.1312336515844787,43.44927003625688,146.8740353591447,208.6536652773863,31.90731996964819
K14UM9U,39.47530682831351,0.2170970121685734,6.861442992315362,182.0753262652182,232.0586393324323,351.649241540809
K14UO1F,41.51256345608843,0.1592644456824602,26.75047854313033,18.17402726552605,191.5668865317691,179.0055906247732
K14UP0N,40.59517849549104,0.0451567806662511,28.97062046362104,188.6375486627167,148.0968418765266,69.60023493248643
K14UR6W,39.34665661529964,0.2882669362147435,13.35901331160274,210.3204279560239,128.0560296630862,36.5591774759266
K14UR7G,40.11659110757716,0.04177492758649692,20.25525815416304,197.5633487844069,187.3472395533066,9.017446828924992
K14UR7H,39.34458047756299,0.2872352166593379,7.793954114269297,82.3709025934264,147.2349105792306,150.13425316095
K14UR7R,41.27267445931184,0.1345681096780178,31.50633300900535,194.5739960465203,146.2294537635998,59.32257937646747
K14UR7Y,38.7454496119507,0.1032887307257469,38.38983200767395,291.294779721921,169.4495978601212,325.8300961237102
K14Wo9C,39.51091694895034,0.2564140052833494,9.268927399914693,107.6841291826404,304.2858698023042,36.69435410456969
K14Wp0B,39.49870496873618,0.2323420853324307,12.62382536151934,318.9841046117838,82.42449426487127,28.99082571175746
K14Wp0E,39.47174159552578,0.3143834345144027,27.1262753484054,320.3099943179242,99.07160469013552,11.79526701591205
K14Wp0O,39.36996376563424,0.1831273969370351,6.724332505684262,27.62240158665875,69.68558644060329,349.0680436435468
K14Wp0R,39.35791467290573,0.2657932355344712,11.08757674362177,219.9023871614257,212.2515154108911,18.57447693399619
K14Wr6C,39.33859773448989,0.1962240767007754,22.43603455768924,259.2537124682999,88.48975777616248,47.42818244884175
K14Wr6D,39.41211781487272,0.2487771982593109,16.60833457773611,329.3564282157081,68.26871969011887,358.3512169855874
K14Wy1X,39.59809783822803,0.1396155803338979,10.4807140391889,97.85343366281357,122.9620924242423,159.2378781231871
K14Wy2C,38.81347474192003,0.1168667440976175,29.25884618981808,308.3713026067941,89.59383357599653,335.3718756403052
K14Wy2G,41.6274133164295,0.06899566489549329,24.43863529023697,216.7424766023987,84.90531411969577,67.04304216646105
K14Wy2H,38.02374090655915,0.133235589407106,26.71946900628989,228.5451655988263,125.3250380348292,23.89588379478547
K14Wy2L,40.8478357088019,0.02026931850915536,22.98855881344907,29.51775766126709,99.9695680879258,258.529212518489
K14X40Z,39.81661665072424,0.05589916043611136,44.55229101212933,271.7541667932738,146.8423967757233,25.03504329124979
K14X47Y,38.05408792006656,0.07309176103422804,26.20191466376015,48.79475552364894,82.91564774650934,250.6897887685522
K14X48C,41.28857233207776,0.1303705550025288,28.19443392300982,291.5634128167961,132.8131581890139,329.9155208406947
K14X54T,39.30962998463881,0.1987534824108149,37.78970945831986,133.3630370407547,62.02028597103537,159.8634582666882
K14Y72R,39.35159034676892,0.1440801835355807,26.7895955656984,125.8573094414342,88.72623236291886,153.9667816327963
K14Y91W,40.81964301560848,0.1563051197974479,24.00851686784041,301.4294296116059,165.9372279033473,304.6594679434545
K14Y92A,38.63736149705574,0.02834925859280793,34.30678916819966,65.85003229661473,79.18398550446278,252.2739219267614
K14Y92H,38.70580436476321,0.0716429993567224,29.93463970679936,16.01509929460459,79.17405964261185,300.4920491237364
K15Bp8Q,41.50104077718221,0.0529667532329156,16.02310565340479,130.646719902783,271.0182039063874,120.825885548485
K15Bp8S,41.85871696317944,0.1075914603706681,28.55185035670799,204.3730807587153,17.38171007434854,326.531784526678
K15Bp9A,39.44362983477361,0.2167907840052312,2.814042738711644,44.12193996919425,152.7842069136479,15.05126586187935
K15DO9C,41.56281979872907,0.08898886671377901,20.61676652148832,234.6016593700056,204.3423107837979,69.52497234858468
K15FY5R,39.31815768373566,0.1325547196871341,13.58179931020352,13.22707150907224,98.33838369413048,81.11058298056425
K15G54F,39.32449349362508,0.2759644515425579,10.70894129333372,250.0528418731866,201.0444442077625,89.61690576200408
K15G54G,39.50440766051668,0.2626684423532554,0.8903055749751808,72.14610877146549,64.88374389540127,50.82165726141376
K15G54J,39.2051324513353,0.2001694557566751,19.14262541252434,33.13768801293269,25.14675625734139,141.1923849434109
K15G54K,39.50347258919934,0.3134252485498156,30.5291743039241,57.8224109381022,204.7695225091286,338.4205623350265
K15G54L,39.50983295339374,0.2379514527910149,1.247146673683016,160.8146826258265,118.4531143623794,319.0107651759687
K15G54M,39.54084308461623,0.2342874043418601,9.13862379221541,260.476665317124,206.2441190865873,81.11477363787496
K15G54N,39.55330805986215,0.1680629401721816,1.226406976850407,119.225324137578,178.2407104277598,297.1189137642249
K15G54O,39.22262921558708,0.2732905950942605,10.20675802436918,275.0024523849042,32.25572632613564,300.0390353054508
K15G54P,39.38362414732403,0.2946073757777829,10.90910405567363,97.53053527024461,33.28198103723924,54.64870849866048
K15G54Q,39.37225076700609,0.1775727521964834,10.72276797704427,227.5978662631223,191.6796449851023,137.524250579129
K15G54R,39.27817253748483,0.2245609233112478,9.985929579709488,212.765473332378,36.50772475705025,338.562025896777
K15G54S,39.60486656714764,0.2376963418930906,3.575676449328484,42.24728282868701,138.5700086060746,21.89998839265954
K15G54T,39.23977922365219,0.1841453732548818,6.312181574167506,224.7645438978674,43.43881903969762,322.1831204657154
K15G54U,39.3945280394156,0.09912452113824835,5.581705360985323,25.86156475080974,46.74991183224245,132.3434475015159
K15G54V,39.54869778605177,0.2348985169381906,3.100948216179492,175.1144581947922,114.8425271338261,310.0473492129829
K15G54W,39.37862095150619,0.1850358428956677,3.393705599753754,147.4748286448767,104.0107474054131,337.8453801376475
K15G54X,39.35310539297374,0.1600622095292848,13.51184506280425,174.9648626821746,36.18596795493962,5.641785726614322
K15G54Y,39.30212972855807,0.1185834019867063,3.572162264014493,109.0796659671657,70.32469825033003,30.65256865585959
K15G55R,38.56986051434242,0.09779616294722387,23.55706684659663,246.1925917775036,199.2505378801742,118.2542818270774
K15G56L,40.06097506333708,0.0837376244918177,17.77795703609034,243.6344042191253,25.76089351635089,310.0425511318862
K15G56P,41.73181312240112,0.1710802318953275,30.18773049971103,301.5912900653832,202.4416054339879,52.53973124564209
K15G58A,41.85158203551953,0.1471587597062829,17.41593382110212,217.3505287915212,28.30881548897864,336.3007538998531
K15G65R,39.30009063198274,0.2892490234566227,2.012271901046737,163.7188300919964,134.8148762427874,309.3456549445834
K15KH3C,39.37669818385825,0.1340689306428921,17.07263744539796,94.73554965606847,74.5176177572472,58.65380974219647
K15KH3D,39.46598800709751,0.2503577315016805,7.039318698015304,134.0820976455567,153.9742262355794,336.640349380836
K15KH3E,39.35152822564922,0.2540873955376388,8.11688217360301,250.5629892966225,109.8940574725021,270.6935411247184
K15KH3F,39.36123192083926,0.2572003504896713,15.3353766173696,156.556286993675,80.60666718511666,8.183370708905581
K15KH3G,39.46559817376112,0.2816626181683609,7.146790330664762,99.58640449478838,171.6020438614646,350.5997238625971
K15KH3H,39.51149553269646,0.2867732067114767,9.708014616543359,9.860463930885754,193.7124515458036,27.89915147719879
K15KH3J,39.31646257212441,0.1090473634539714,11.10075845788657,47.92635119003006,101.2941917967529,80.85375002107067
K15KH3K,39.23150036351149,0.2556335114105454,10.46030302371717,94.15038123566363,101.1761347548819,33.22583042408169
K15KH3L,39.43290246773022,0.3264684177743586,10.38020307994283,77.38503773663315,106.1121455224482,36.86485652298055
K15KH3M,39.47049385939513,0.22789713630991,8.26392826159452,312.6445282861278,191.7056018329154,73.73893677116793
K15KH3N,39.55732878253144,0.193211141787197,7.98274690824995,147.4544259730399,94.07313784644687,5.056181853299086
K15KH3O,39.46479537307179,0.1941202766775748,13.04698816331962,143.8985459711108,79.40277514682262,17.26674063796816
K15KH3P,39.32206241018548,0.2228825669064293,7.331001131161353,94.35049008478508,103.5177277219649,34.60442917757894
K15KH3Q,39.34993610905631,0.2573652290354712,38.55683414424196,236.0542390965875,63.71788838793279,329.7042326213866
K15KH3R,39.30867818895519,0.1129421430734769,6.945314257271259,17.13790196129797,123.8370838734392,88.57759531927198
K15KH3S,39.34655433734873,0.1827931057701222,31.15151306368636,339.9626030200723,221.9799590898238,32.53969692378389
K15KH3T,39.59809825543811,0.2460817159301623,6.687346253127007,169.3863170473884,119.5672024753797,334.9318361114284
K15KH3U,39.41644017126314,0.2127048646945454,14.02923112767367,189.4261909059825,80.88466895648801,346.1788099961976
K15KH3V,39.53551113814553,0.1744172606195297,6.735711422167438,38.21799645615397,170.1801216154969,28.93321510339469
K15KH3W,39.42371709863365,0.1985988160827211,19.54259385266866,111.4796788447074,73.64866261361693,44.05075287885182
K15KH4P,38.79175690596938,0.0645445706009682,7.162318678694302,236.5633114902448,169.8251824087319,196.7557568132569
K15KH5H,40.2824623385215,0.07071174917312564,17.5852609255026,315.438029149353,216.2379755684656,68.16994083332028
K15KH5O,40.36957875156299,0.08652665387139225,31.00379058918203,57.98133377387806,68.88107109555779,105.4256565211615
K15KH6C,41.96680934973262,0.1048265607657102,11.03438081421269,85.5207554023371,204.8812986127304,324.4042486687795
K15KH8G,39.36523993972362,0.2770191991411312,27.49030286494404,112.3578284042446,69.45559445846285,41.13077235511471
K15KJ9M,39.47747594090951,0.1851898283209303,6.574697261444518,43.60694512841564,103.8380769071004,75.76197404827471
K15Q11T,38.59194271118482,0.0516174229784702,26.59409746730668,12.60827693361779,72.36130751492783,317.1946232650888
K15Q33X,40.53363390499283,0.09252607878845441,25.37325011393326,237.9762636884607,96.0203828051553,44.24182434283238
K15RO5S,40.3734366814564,0.08922082223296277,16.33543401789949,248.2566700340834,141.1821262802075,15.83236316533799
K15RR7R,39.3810756172053,0.2412161650212189,8.001510182562262,205.9730049247437,8.335224772365967,144.9573353881665
K15RR7S,39.41506254482604,0.184913098446039,3.921095340833976,80.99905154905443,203.743634082186,72.10247423534237
K15RR7T,39.56686553591712,0.1753087647759946,5.456944648053328,66.21176544023615,192.9958712788541,99.58093160033825
K15RR7U,39.33087426379179,0.2492712589367882,16.27059323147478,188.8046623437943,193.8134246891869,0.3910099459680246
K15RR7V,39.31956983929847,0.1648283448296627,5.771743367063453,264.9364993896344,342.5152387560639,116.8963038421547
K15RR8X,37.73153726723882,0.0683915862152017,23.5686996649467,73.73835318966216,191.9152875058943,104.2949859622021
K15RR8Y,38.84659943532083,0.05671584877279676,1.097259543798362,49.20987901402918,332.8747132945318,357.5419030997168
K15RS0N,41.36719175071659,0.126199435400786,19.68173316239302,354.3890752124368,195.1542870260966,184.575764875606
K15RS0O,41.39596897009461,0.04517290414658277,34.92953670579013,177.7771579142466,190.5461173381172,6.717350138992218
K15RS0R,41.47627624099904,0.07313388408633391,33.32736813201777,120.8479261064595,191.2093287063515,56.2191658502475
K15RS0S,41.28235027015321,0.03214797340321387,32.04406672990257,165.2464977363702,192.0172594128037,17.25926647387613
K15RS0T,41.39412272396728,0.05104908884655268,10.89324638768691,28.74735582968834,198.2722801101894,145.6043354204424
K15RS0W,41.35478048358208,0.1397217086197245,32.35836090198229,19.36427642910433,191.5783848692336,158.3210968258264
K15RS1D,41.34253982831881,0.1122480232603278,17.48380994006692,110.5812576381086,199.3604534790623,57.49433363396836
K15RS1L,40.29664625909164,0.04644766805137237,24.91099286000301,129.9327630913779,194.8787059111407,50.83156099876216
K15RY5Y,40.21841295027063,0.0617436908655028,35.37465266653557,81.53041816511299,91.05618289341322,209.345431777994
K15Ta1C,39.29386221438396,0.1114312424734509,5.718260228691094,103.4511804026961,130.9348848580441,145.5030718745448
K15Ta1P,39.39539789511552,0.1320019647182731,9.64947241815669,99.33673115568301,150.159101292155,123.5377515467215
K15Ta3K,40.88728463986958,0.06650384783447168,14.78799382635567,174.3167145416293,142.9932794997706,71.27710222763234
K15Ta3X,40.30280451898867,0.02428340625687804,16.96811441529298,128.1223069073775,147.0378769361499,121.841648505184
K15Te8Q,39.39538305237951,0.2677445288056574,14.24295068577023,358.8035548980687,2.856508087083874,27.65448719523254
K15VG4J,39.35957731767798,0.2042636792123529,6.357790281521068,207.8630521586759,57.29771805655884,136.8567526894127
K15VG4K,39.21547985437156,0.2468276047636619,1.966761344112866,255.6608559726667,186.0163946911829,349.1663583987741
K15VG4L,39.32088344930581,0.2376886182293282,11.59916464812504,169.0861506067816,220.4347812655926,20.53865114047332
K15VG4M,39.23628808904467,0.2524024794969095,18.28646832681671,332.5112622347035,54.15249119785911,21.46980122803797
K15VG4N,39.44744054908821,0.2415293312337832,9.42989616032769,90.24187796008549,62.02880775455764,292.6219550817895
K15VG4O,39.53349642133917,0.3014056872098904,14.16180824493344,356.3031651859196,58.1559950822131,5.560046630462311
K15VG4P,39.21924505946848,0.2526917452090223,5.296000941926216,126.7756376582671,223.6285318553421,48.09457491061757
K15VG4R,39.26735252909373,0.2061654473399963,1.654744586497598,317.4689337735855,100.1544471533567,6.044258917639411
K15VG4S,39.35661434776881,0.1539917126588723,20.72142077690291,237.3592722865426,228.7500488662823,329.3180219636661
K15VG4U,39.51860659114777,0.1391649565133665,37.50025338129651,86.00697776081795,231.8057271902131,87.32475014668924
K15VG4V,39.5089608324943,0.0894227255296629,1.764842796104663,30.2413407413507,48.70555863476581,346.7873324225795
K15VG4W,39.43214456664467,0.1592789027903376,1.381426151780279,167.1280080065613,197.5704224563942,43.50525284219938
K15VG4X,39.26600079269506,0.3298245100460757,16.87244465337149,183.1554523626574,230.1816124819527,8.21847092673181
K15VG4Y,39.36189554099448,0.1846193794742023,1.284958874369666,233.875057112509,166.3235022586299,16.69655986472405
K15VG4Z,39.43595620105496,0.2190108962311249,1.753721703520185,281.8502724414994,208.5552897093928,314.5621644235105
K15VG5A,39.61318635819973,0.2817829362379983,14.1668889373077,118.1927731525791,225.0161525471368,49.85715532697301
K15VG5B,39.62839832075163,0.204012295311631,2.647201911256561,250.5174009371036,119.1874368811569,36.366482345755
K15VG5C,39.34950525369614,0.09946221081158589,13.35635230096474,154.2397530490678,232.2656872710965,28.84478535516074
K15VG5D,39.52148780311964,0.2233578222382146,12.00908789943703,103.7780132372719,50.60227494714702,291.0470757964031
K15VG5E,39.57115072672916,0.2132438681902952,0.6269489887304814,300.5770632478122,61.75573440703815,41.38845609545717
K15VG5F,39.3305796458685,0.3455482823650442,23.48016982868845,285.5680010473166,228.233629916617,305.9546106953912
K15VG5G,39.28927423623723,0.2169161094259477,10.24013613945557,211.7581423808103,218.8465697945942,356.0884422078245
K15VG5H,39.45760791138558,0.1540797561183922,13.6735564286113,6.787085569977022,56.14840584852954,359.6221735442812
K15VG5J,39.21023917545541,0.108780068456864,6.074571309202979,315.0922781180739,72.13301406724692,27.70670885113945
K15VG5K,39.5503429431257,0.2532609536425749,3.124099747212449,219.4023461575217,174.8071197624174,18.07905607777665
K15VG5L,39.46022010077819,0.1587603499733798,22.6790521698625,196.992763343718,223.697313645752,1.790738942172363
K15VG5M,39.45543662873744,0.2067856224202956,7.213257289549808,11.7826181475183,76.31323211898165,343.8596183641118
K15VG5N,39.22253489879402,0.2286080964898163,3.949697300969186,315.8493618489286,97.88387439261608,6.924768473105626
K15VG5O,39.47373847486951,0.2103010252352393,10.01670253718878,50.36893040954304,58.43880405800983,328.5979749627239
K15VG5P,39.39571479269119,0.3352695450701788,15.12125880519751,268.3245819180398,225.3675000135108,321.9118656865962
K15VG5Q,39.25122558109018,0.2793581101970036,19.10380146198353,289.2079654656075,224.4221683401255,297.5992801767369
K15VG5R,39.49898629851248,0.04633461441236065,12.72813829451363,305.4471815607733,61.04662207967885,48.3870036723902
K15VG5S,39.46809784392367,0.1846313755660506,3.071922519315957,187.0076260209916,120.3435966935208,89.75577117562973
K15VG5T,39.32768472196411,0.2779740189371572,13.5592799275565,165.3032063967825,214.63841470143,25.4246510433794
K15VG5U,39.22740103000949,0.1595543694414501,5.136141249562798,8.839569981290657,80.43909329809844,339.8713224868189
K15VG7P,40.64657034903734,0.1171624372935093,21.71811590584172,313.2466849783887,55.48258621093509,39.60349716726837
K15VG7W,38.07853474612055,0.008017700175967294,1.278602940199527,253.9230497000598,135.043903807883,29.1768531636249
K15VG7X,38.69556686486884,0.04391822551777776,20.10168108922422,171.4560311612477,233.1920879488677,16.07541492391343
K15VG7Y,38.80299122842264,0.01652386258829251,34.95713398245832,232.2439644321121,51.39908802038987,133.949395970657
K15VG8F,41.03991124353089,0.3018166762255723,34.81837841064979,197.7846142177491,225.5057368008642,1.384834181689411
K15VG9M,40.67554187539103,0.01240527076418104,28.11842316060113,75.085752061706,222.5548244506785,118.002168545978
K15VH0L,40.07220828824849,0.05960255134094017,26.79920795807654,358.0938540382733,55.0613883471011,7.611624479580669
K15VH0N,41.60681318315996,0.103724075769722,16.4573325312794,234.8071508782488,223.3724727043003,329.9637854313374
K15VH0S,41.43588232814744,0.02126017640609741,18.17959285122056,318.0446902135052,50.27665608293069,49.20010985067919
K15VH2U,39.53817471370995,0.0170667382024427,1.59145648082641,323.8697825017961,82.532417374817,11.55504673292096
K15VI4Z,39.24486814201678,0.2730369003863446,13.97476463085997,55.09815019399092,353.3336380686507,3.142388812170093
K15VK2O,39.26605464902618,0.2460441052250442,3.314884044429249,167.6739804883347,123.1990115145913,103.0932871210102
K16PL9U,38.30213883161627,0.04893698868623125,35.08111807835154,61.57428183506265,39.36019440938153,295.1499106972133
K16PM0M,40.12396865878199,0.1647091258334921,23.14583578047656,330.1325644654343,351.7647127138624,32.47318089798735
K16R82J,38.50814075090144,0.09719995064400329,55.87553309360955,351.8818644089401,79.69692925175336,285.4931978811406
K16S46S,40.62470492356317,0.24814436511585,15.0395572271099,282.5700261928306,142.2124659769858,352.4345360345804
K16S55U,37.99457295634056,0.03299722093806334,27.79372741698104,181.7073930418809,61.41233265355022,151.0606259280007
K16S55Y,39.35153490163364,0.1820571301915444,17.27342496729817,334.9337435439256,116.8622249205592,319.1154866628657
K16S56B,40.15406822476644,0.06530673952070075,17.35634398359141,30.08165739435432,149.0389141840865,228.2242523212823
K16S57F,39.2647727677938,0.2110653846028277,16.90685151740993,203.9015035801899,93.49107953315526,76.02681132417916
K16T94S,39.33075819829808,0.181683086874475,36.67768847750137,184.8883928192847,157.1008324451323,46.98054737045979
K16UR3L,41.5798957234918,0.1175919318769307,24.83374454843818,354.089935193159,53.11545614881103,353.4095919302989
K17O69F,39.43621119995402,0.2118253678183505,13.65862450640164,216.2655797849482,218.684581569543,254.1189325487823
K17O69G,40.09455397900438,0.07258709175517587,25.24020247511337,228.392697156272,140.2068197114791,39.20221888845062
K17Y03K,39.48826201772557,0.2814336115212365,2.204839021660438,47.7811197451253,31.0650852815862,26.85239746541723
K18M13F,41.14818183780104,0.2483918654064748,3.146075245320647,314.496101265669,100.9436955071431,260.8591216243093
K19R04O,41.65842427250948,0.1754367406032173,19.8453511267734,86.49059427035701,137.0055513017343,80.2299789681659
K20Q83H,39.23806502384867,0.2507585534523014,22.51481129790914,68.18127122656142,321.246369506817,311.2166291283795
K21TG5H,39.622430196371,0.4563746641217812,154.9221863490217,81.42428943191238,106.546805593914,9.006619431257556
