{"signature": {"version": "1.3", "source": "NASA/JPL Small-Body Database (SBDB) API"}, "object": {"kind": "an", "orbit_class": {"name": "TransNeptunian Object", "code": "TNO"}, "neo": false, "prefix": null, "spkid": "20385185", "orbit_id": "7", "pha": false, "fullname": "385185 (1993 RO)", "des": "385185"}, "orbit": {"rms": ".57804", "producer": "Otto Matic", "moid": "30.503", "orbit_id": "7", "covariance": {"elements": [{"units": null, "sigma": 0.000192926891673019, "name": "e", "value": ".1958626923664807", "title": "eccentricity", "label": "e"}, {"units": "au", "sigma": 0.00193640402844977, "name": "q", "value": "31.48554491388164", "title": "perihelion distance", "label": "q"}, {"sigma": 3.2942371343309, "units": "TDB", "name": "tp", "title": "time of perihelion passage", "value": "2450810.731083773066", "label": "tp"}, {"name": "om", "sigma": 0.00131079816654387, "units": "deg", "label": "node", "value": "170.3385796620489", "title": "longitude of the ascending node"}, {"name": "w", "units": "deg", "sigma": 0.0200278036886123, "label": "peri", "value": "189.1044496072948", "title": "argument of perihelion"}, {"value": "3.717125273548544", "title": "inclination", "label": "i", "sigma": 0.000164667235121583, "units": "deg", "name": "i"}], "epoch": "2452713.5", "data": [["3.72207855306129E-8", "3.704418112532973E-7", ".000605546427699601", "5.186665200884677E-9", "3.675359872459663E-6", "1.157642608836863E-9"], ["3.704418112532973E-7", "3.749660561396514E-6", ".006269294708408197", "5.224738872992895E-8", "3.804586911395336E-5", "1.148336852596676E-8"], [".000605546427699601", ".006269294708408197", "10.85199829720466", "8.676747851307082E-5", ".06583503533561245", "1.86326889128785E-5"], ["5.186665200884677E-9", "5.224738872992895E-8", "8.676747851307082E-5", "1.718191833414761E-6", "-1.187264869365207E-6", "1.117933517820798E-7"], ["3.675359872459663E-6", "3.804586911395336E-5", ".06583503533561245", "-1.187264869365207E-6", ".0004011129205895937", "1.70500579771934E-9"], ["1.157642608836863E-9", "1.148336852596676E-8", "1.86326889128785E-5", "1.117933517820798E-7", "1.70500579771934E-9", "2.711529832258667E-8"]], "labels": ["e", "q", "tp", "node", "peri", "i"]}, "epoch": "2460000.5", "n_obs_used": 23, "not_valid_before": null, "model_pars": [], "data_arc": "9568", "n_del_obs_used": null, "moid_jup": "26.5494", "equinox": "J2000", "two_body": null, "pe_used": "DE441", "comment": null, "last_obs": "2020-10-20", "soln_date": "2021-04-14 11:04:27", "n_dop_obs_used": null, "condition_code": "4", "elements": [{"sigma": ".00019446", "units": null, "name": "e", "title": "eccentricity", "value": ".2029384065269789", "label": "e"}, {"value": "39.52984763423511", "title": "semi-major axis", "label": "a", "sigma": ".012036", "units": "au", "name": "a"}, {"label": "q", "title": "perihelion distance", "value": "31.50772334508917", "name": "q", "units": "au", "sigma": ".0019191"}, {"label": "i", "value": "3.710198621706084", "title": "inclination; angle with respect to x-y ecliptic plane", "name": "i", "units": "deg", "sigma": ".00016415"}, {"name": "om", "sigma": ".0013123", "units": "deg", "label": "node", "title": "longitude of the ascending node", "value": "170.183060647777"}, {"title": "argument of perihelion", "value": "189.6605821826214", "label": "peri", "units": "deg", "sigma": ".018948", "name": "w"}, {"units": "deg", "sigma": ".028533", "name": "ma", "value": "36.09562393371188", "title": "mean anomaly", "label": "M"}, {"sigma": "3.1128", "units": "TDB", "name": "tp", "title": "time of perihelion passage", "value": "2450898.471523112801", "label": "tp"}, {"value": "90779.1553263346", "title": "sidereal orbital period", "label": "period", "sigma": "41.462", "units": "d", "name": "per"}, {"value": ".003965668095344854", "title": "mean motion", "label": "n", "sigma": "1.8113E-6", "units": "deg/d", "name": "n"}, {"label": "Q", "value": "47.55197192338105", "title": "aphelion distance", "name": "ad", "sigma": ".014479", "units": "au"}], "not_valid_after": null, "first_obs": "1994-08-10", "sb_used": "SB441-N16", "t_jup": "5.518", "source": "JPL"}}