{"signature": {"version": "1.3", "source": "NASA/JPL Small-Body Database (SBDB) API"}, "object": {"prefix": null, "kind": "au", "des": "2013 JD65", "orbit_id": "5", "fullname": "(2013 JD65)", "pha": false, "spkid": "3727205", "neo": false, "orbit_class": {"code": "TNO", "name": "TransNeptunian Object"}}, "orbit": {"comment": null, "sb_used": "SB441-N16", "rms": ".14111", "model_pars": [], "data_arc": "2249", "pe_used": "DE441", "n_dop_obs_used": null, "source": "JPL", "condition_code": "4", "covariance": {"data": [["1.574910855359927E-8", "1.77428400019945E-7", "-.0008447495096959928", "9.375903464419011E-9", "-4.086178012717681E-6", "3.263925909644093E-9"], ["1.77428400019945E-7", "2.470626299521783E-6", "-.02658819012416227", "1.90667634708493E-7", "-.0001286326187183345", "5.869484958372218E-8"], ["-.0008447495096959928", "-.02658819012416227", "907.9093478970171", "-.004558001410852437", "4.390897113665209", "-.001184096398791756"], ["9.375903464419011E-9", "1.90667634708493E-7", "-.004558001410852437", "6.909697538551682E-6", "-2.875332545241349E-5", "1.766232758188529E-6"], ["-4.086178012717681E-6", "-.0001286326187183345", "4.390897113665209", "-2.875332545241349E-5", ".02124212228935696", "-7.441537851139137E-6"], ["3.263925909644093E-9", "5.869484958372218E-8", "-.001184096398791756", "1.766232758188529E-6", "-7.441537851139137E-6", "4.531862441948605E-7"]], "epoch": "2456686.5", "labels": ["e", "q", "tp", "node", "peri", "i"], "elements": [{"sigma": 0.000125495452322382, "name": "e", "value": ".09218316961874393", "units": null, "label": "e", "title": "eccentricity"}, {"sigma": 0.00157182260434242, "name": "q", "value": "35.68744352236401", "units": "au", "title": "perihelion distance", "label": "q"}, {"label": "tp", "title": "time of perihelion passage", "units": "TDB", "value": "2457951.477841100053", "name": "tp", "sigma": 30.1315341112433}, {"units": "deg", "title": "longitude of the ascending node", "label": "node", "name": "om", "sigma": 0.00262863035411061, "value": "198.0341652079402"}, {"name": "w", "sigma": 0.145746774541864, "value": "47.44500402970208", "units": "deg", "title": "argument of perihelion", "label": "peri"}, {"label": "i", "title": "inclination", "units": "deg", "value": "13.01565765658887", "sigma": 0.000673191090400683, "name": "i"}]}, "t_jup": "5.465", "orbit_id": "5", "last_obs": "2019-06-06", "n_obs_used": 27, "not_valid_after": null, "first_obs": "2013-04-09", "not_valid_before": null, "soln_date": "2021-04-15 08:11:55", "moid": "34.6928", "epoch": "2460000.5", "equinox": "J2000", "two_body": null, "producer": "Otto Matic", "elements": [{"name": "e", "sigma": ".00012342", "value": ".09203113076544715", "units": null, "label": "e", "title": "eccentricity"}, {"name": "a", "sigma": ".0070019", "value": "39.30842159491435", "units": "au", "label": "a", "title": "semi-major axis"}, {"name": "q", "sigma": ".0017858", "value": "35.69082310692946", "units": "au", "title": "perihelion distance", "label": "q"}, {"value": "13.03433343575273", "name": "i", "sigma": ".00067463", "label": "i", "title": "inclination; angle with respect to x-y ecliptic plane", "units": "deg"}, {"label": "node", "title": "longitude of the ascending node", "units": "deg", "value": "198.1808869741249", "sigma": ".0026215", "name": "om"}, {"units": "deg", "label": "peri", "title": "argument of perihelion", "sigma": ".14659", "name": "w", "value": "49.86401108581258"}, {"label": "M", "title": "mean anomaly", "units": "deg", "value": "6.107083804505033", "sigma": ".12064", "name": "ma"}, {"value": "2458473.432572276037", "sigma": "30.293", "name": "tp", "title": "time of perihelion passage", "label": "tp", "units": "TDB"}, {"value": "90017.47668422283", "sigma": "24.052", "name": "per", "label": "period", "title": "sidereal orbital period", "units": "d"}, {"name": "n", "sigma": "1.0686E-6", "value": ".003999223409281549", "units": "deg/d", "title": "mean motion", "label": "n"}, {"units": "au", "title": "aphelion distance", "label": "Q", "name": "ad", "sigma": ".0076463", "value": "42.92602008289924"}], "n_del_obs_used": null, "moid_jup": "30.3923"}}