{"signature": {"version": "1.3", "source": "NASA/JPL Small-Body Database (SBDB) API"}, "orbit": {"equinox": "J2000", "two_body": null, "moid_jup": "26.1191", "n_del_obs_used": null, "elements": [{"value": ".2188819133897552", "name": "e", "sigma": "9.6469E-5", "title": "eccentricity", "label": "e", "units": null}, {"units": "au", "label": "a", "title": "semi-major axis", "name": "a", "sigma": ".0043431", "value": "39.91372757364088"}, {"sigma": ".0029963", "name": "q", "value": "31.17733451180493", "units": "au", "title": "perihelion distance", "label": "q"}, {"value": "2.648446619473601", "name": "i", "sigma": ".00013035", "title": "inclination; angle with respect to x-y ecliptic plane", "label": "i", "units": "deg"}, {"units": "deg", "title": "longitude of the ascending node", "label": "node", "sigma": ".016549", "name": "om", "value": "308.7864127294528"}, {"name": "w", "sigma": ".041407", "value": "121.8101211088907", "units": "deg", "label": "peri", "title": "argument of perihelion"}, {"label": "M", "title": "mean anomaly", "units": "deg", "value": "345.5463879624566", "name": "ma", "sigma": ".022392"}, {"units": "TDB", "label": "tp", "title": "time of perihelion passage", "name": "tp", "sigma": "5.5362", "value": "2463698.405022701847"}, {"value": "92104.71435892563", "sigma": "15.033", "name": "per", "title": "sidereal orbital period", "label": "period", "units": "d"}, {"value": ".003908594717498446", "sigma": "6.3796E-7", "name": "n", "label": "n", "title": "mean motion", "units": "deg/d"}, {"sigma": ".0052938", "name": "ad", "value": "48.65012063547683", "units": "au", "title": "aphelion distance", "label": "Q"}], "producer": "Otto Matic", "not_valid_after": null, "first_obs": "2013-08-09", "epoch": "2460000.5", "not_valid_before": null, "moid": "30.1915", "soln_date": "2021-04-15 11:41:17", "orbit_id": "3", "n_obs_used": 34, "last_obs": "2019-10-26", "covariance": {"elements": [{"units": null, "label": "e", "title": "eccentricity", "name": "e", "sigma": 9.82959327931971e-05, "value": ".2151501102319701"}, {"units": "au", "title": "perihelion distance", "label": "q", "name": "q", "sigma": 0.00307659470995499, "value": "31.10441795473247"}, {"sigma": 5.51102934625231, "name": "tp", "value": "2463918.784855518225", "units": "TDB", "label": "tp", "title": "time of perihelion passage"}, {"sigma": 0.0165724941457593, "name": "om", "value": "309.0427689598067", "units": "deg", "title": "longitude of the ascending node", "label": "node"}, {"title": "argument of perihelion", "label": "peri", "units": "deg", "value": "122.9618192739199", "sigma": 0.0415389343266349, "name": "w"}, {"sigma": 0.000133310565258464, "name": "i", "value": "2.650330298101577", "units": "deg", "label": "i", "title": "inclination"}], "labels": ["e", "q", "tp", "node", "peri", "i"], "epoch": "2456876.5", "data": [["9.662090403684727E-9", "-1.68718492521687E-7", ".0002970535632738111", "-1.172619442213619E-8", "2.136519783668402E-6", "-4.175201346232884E-11"], ["-1.68718492521687E-7", "9.465435009323044E-6", "-.01687272493223461", "6.395292731166651E-7", "-.0001168143514246475", "5.97462632012653E-9"], [".0002970535632738111", "-.01687272493223461", "30.37144445525417", "-.001133645439105932", ".2098572450279786", "-1.045720508993335E-5"], ["-1.172619442213619E-8", "6.395292731166651E-7", "-.001133645439105932", ".000274647562211226", "-.0002821706845582514", "2.172232632848049E-6"], ["2.136519783668402E-6", "-.0001168143514246475", ".2098572450279786", "-.0002821706845582514", ".001725483064992491", "-2.241412175648014E-6"], ["-4.175201346232884E-11", "5.97462632012653E-9", "-1.045720508993335E-5", "2.172232632848049E-6", "-2.241412175648014E-6", "1.777170680953126E-8"]]}, "condition_code": "3", "source": "JPL", "t_jup": "5.529", "data_arc": "2269", "n_dop_obs_used": null, "pe_used": "DE441", "rms": ".18575", "sb_used": "SB441-N16", "model_pars": [], "comment": null}, "object": {"orbit_id": "3", "fullname": "(2014 UZ228)", "prefix": null, "des": "2014 UZ228", "kind": "au", "neo": false, "orbit_class": {"name": "TransNeptunian Object", "code": "TNO"}, "spkid": "3790087", "pha": false}}