{"signature": {"version": "1.3", "source": "NASA/JPL Small-Body Database (SBDB) API"}, "orbit": {"equinox": "J2000", "two_body": null, "producer": "Otto Matic", "n_del_obs_used": null, "moid_jup": "24.7904", "elements": [{"title": "eccentricity", "label": "e", "units": null, "value": ".2367936830930347", "sigma": ".00081805", "name": "e"}, {"value": "39.32520978837863", "sigma": ".016449", "name": "a", "title": "semi-major axis", "label": "a", "units": "au"}, {"units": "au", "label": "q", "title": "perihelion distance", "sigma": ".020163", "name": "q", "value": "30.0132485241822"}, {"units": "deg", "title": "inclination; angle with respect to x-y ecliptic plane", "label": "i", "sigma": "8.6655E-5", "name": "i", "value": "1.24700403902927"}, {"label": "node", "title": "longitude of the ascending node", "units": "deg", "value": "118.4744653154598", "sigma": ".053021", "name": "om"}, {"sigma": ".078065", "name": "w", "value": "161.8364510882864", "units": "deg", "label": "peri", "title": "argument of perihelion"}, {"sigma": ".035129", "name": "ma", "value": "319.8163236427744", "units": "deg", "label": "M", "title": "mean anomaly"}, {"sigma": "2.9714", "name": "tp", "value": "2470054.807548819037", "units": "TDB", "title": "time of perihelion passage", "label": "tp"}, {"title": "sidereal orbital period", "label": "period", "units": "d", "value": "90075.15104884133", "name": "per", "sigma": "56.514"}, {"label": "n", "title": "mean motion", "units": "deg/d", "value": ".003996662740035791", "sigma": "2.5075E-6", "name": "n"}, {"title": "aphelion distance", "label": "Q", "units": "au", "value": "48.63717105257506", "name": "ad", "sigma": ".020344"}], "not_valid_after": null, "first_obs": "2015-02-17", "not_valid_before": null, "soln_date": "2021-04-15 13:31:03", "moid": "28.9962", "epoch": "2460000.5", "orbit_id": "2", "n_obs_used": 35, "last_obs": "2017-03-29", "condition_code": "4", "source": "JPL", "covariance": {"elements": [{"value": ".2386541588057719", "name": "e", "sigma": 0.000811988287171621, "title": "eccentricity", "label": "e", "units": null}, {"units": "au", "title": "perihelion distance", "label": "q", "sigma": 0.0201641776070023, "name": "q", "value": "30.24389277996893"}, {"name": "tp", "sigma": 2.45236363767685, "value": "2469734.817058289836", "units": "TDB", "title": "time of perihelion passage", "label": "tp"}, {"units": "deg", "label": "node", "title": "longitude of the ascending node", "name": "om", "sigma": 0.0527802996647996, "value": "118.4104349022933"}, {"value": "159.5869938276857", "sigma": 0.0834981457906188, "name": "w", "title": "argument of perihelion", "label": "peri", "units": "deg"}, {"title": "inclination", "label": "i", "units": "deg", "value": "1.247209749463156", "sigma": 8.59220659319327e-05, "name": "i"}], "labels": ["e", "q", "tp", "node", "peri", "i"], "epoch": "2457302.5", "data": [["6.593249785039035E-7", "-1.620180706776564E-5", "-7.493385826709563E-5", "-8.382428512657213E-7", "4.979086256285778E-5", "-1.137757425605865E-9"], ["-1.620180706776564E-5", ".0004065940585667322", "-.005139798929743469", "2.069796420838425E-5", "-.001283322109494553", "2.955927484537508E-8"], ["-7.493385826709563E-5", "-.005139798929743469", "6.014087411399628", "9.168350961265474E-6", ".0448803269473138", "-1.081579439856922E-6"], ["-8.382428512657213E-7", "2.069796420838425E-5", "9.168350961265474E-6", ".00278576003270605", "-.002848058673267897", "4.368277425957414E-6"], ["4.979086256285778E-5", "-.001283322109494553", ".0448803269473138", "-.002848058673267897", ".006971940350471433", "-4.462473556733273E-6"], ["-1.137757425605865E-9", "2.955927484537508E-8", "-1.081579439856922E-6", "4.368277425957414E-6", "-4.462473556733273E-6", "7.382601414011393E-9"]]}, "t_jup": "5.473", "data_arc": "771", "pe_used": "DE441", "n_dop_obs_used": null, "rms": ".14019", "sb_used": "SB441-N16", "model_pars": [], "comment": null}, "object": {"spkid": "3830906", "pha": false, "orbit_class": {"name": "TransNeptunian Object", "code": "TNO"}, "neo": false, "des": "2015 GL54", "kind": "au", "prefix": null, "fullname": "(2015 GL54)", "orbit_id": "2"}}