{"signature": {"version": "1.3", "source": "NASA/JPL Small-Body Database (SBDB) API"}, "orbit": {"condition_code": "4", "n_dop_obs_used": null, "elements": [{"sigma": ".00016211", "units": null, "name": "e", "title": "eccentricity", "value": ".18298799680837", "label": "e"}, {"value": "41.40985877190219", "title": "semi-major axis", "label": "a", "sigma": ".011781", "units": "au", "name": "a"}, {"title": "perihelion distance", "value": "33.8323516671143", "label": "q", "units": "au", "sigma": ".0031472", "name": "q"}, {"value": "12.08603577198729", "title": "inclination; angle with respect to x-y ecliptic plane", "label": "i", "units": "deg", "sigma": ".00024885", "name": "i"}, {"name": "om", "units": "deg", "sigma": ".00077823", "label": "node", "title": "longitude of the ascending node", "value": "221.8180528992794"}, {"label": "peri", "value": "180.1431947466054", "title": "argument of perihelion", "name": "w", "sigma": ".037618", "units": "deg"}, {"units": "deg", "sigma": ".040051", "name": "ma", "value": "37.38396919026699", "title": "mean anomaly", "label": "M"}, {"sigma": "6.7117", "units": "TDB", "name": "tp", "value": "2449893.158020059584", "title": "time of perihelion passage", "label": "tp"}, {"value": "97331.64218757916", "title": "sidereal orbital period", "label": "period", "sigma": "41.537", "units": "d", "name": "per"}, {"title": "mean motion", "value": ".003698694401006838", "label": "n", "sigma": "1.5785E-6", "units": "deg/d", "name": "n"}, {"sigma": ".013937", "units": "au", "name": "ad", "title": "aphelion distance", "value": "48.98736587669008", "label": "Q"}], "soln_date": "2021-12-14 21:10:40", "not_valid_after": null, "sb_used": "SB441-N16", "first_obs": "2005-11-02", "last_obs": "2021-12-01", "source": "JPL", "t_jup": "5.550", "covariance": {"labels": ["e", "q", "tp", "node", "peri", "i"], "data": [["2.667547694674224E-8", "4.54440106165414E-7", ".0009256810924657596", "2.211175903106274E-9", "5.132854241015179E-6", "1.844284537393183E-9"], ["4.54440106165414E-7", "9.686737233542426E-6", ".02047703617423517", "3.209060053523081E-8", ".0001143607249667712", "3.078094492249092E-8"], [".0009256810924657596", ".02047703617423517", "43.61041593667677", "6.287352753402256E-5", ".2437577019720346", "6.223493421055984E-5"], ["2.211175903106274E-9", "3.209060053523081E-8", "6.287352753402256E-5", "6.047425250232713E-7", "-2.447278571538478E-7", "1.742770941011432E-7"], ["5.132854241015179E-6", ".0001143607249667712", ".2437577019720346", "-2.447278571538478E-7", ".001363320348866691", "1.746404104674793E-7"], ["1.844284537393183E-9", "3.078094492249092E-8", "6.223493421055984E-5", "1.742770941011432E-7", "1.746404104674793E-7", "6.189093847275792E-8"]], "elements": [{"units": null, "sigma": 0.00016332628982115, "name": "e", "title": "eccentricity", "value": ".1845559475177637", "label": "e"}, {"name": "q", "units": "au", "sigma": 0.00311235236333267, "label": "q", "title": "perihelion distance", "value": "33.8863835080338"}, {"name": "tp", "units": "TDB", "sigma": 6.60381828464993, "label": "tp", "value": "2449999.061757589538", "title": "time of perihelion passage"}, {"value": "221.8722330834727", "title": "longitude of the ascending node", "label": "node", "units": "deg", "sigma": 0.000777651930508291, "name": "om"}, {"label": "peri", "title": "argument of perihelion", "value": "180.7304606674039", "name": "w", "sigma": 0.0369231681856621, "units": "deg"}, {"sigma": 0.00024877889474945, "units": "deg", "name": "i", "value": "12.08113093701973", "title": "inclination", "label": "i"}], "epoch": "2455938.5"}, "epoch": "2460000.5", "rms": ".17714", "producer": "Otto Matic", "orbit_id": "9", "moid": "32.8395", "pe_used": "DE441", "two_body": null, "equinox": "J2000", "moid_jup": "28.8523", "comment": null, "not_valid_before": null, "n_obs_used": 29, "model_pars": [], "data_arc": "5873", "n_del_obs_used": null}, "object": {"orbit_id": "9", "fullname": "(2005 VZ122)", "pha": false, "des": "2005 VZ122", "spkid": "3321733", "prefix": null, "neo": false, "orbit_class": {"name": "TransNeptunian Object", "code": "TNO"}, "kind": "au"}}