{"orbit": {"not_valid_after": null, "sb_used": "SB441-N16", "first_obs": "2014-11-16", "soln_date": "2021-12-14 21:43:34", "n_dop_obs_used": null, "elements": [{"value": ".1325534189346717", "title": "eccentricity", "label": "e", "units": null, "sigma": ".00018273", "name": "e"}, {"value": "39.87442194146436", "title": "semi-major axis", "label": "a", "sigma": ".016208", "units": "au", "name": "a"}, {"name": "q", "sigma": ".019416", "units": "au", "label": "q", "title": "perihelion distance", "value": "34.58893098507957"}, {"name": "i", "units": "deg", "sigma": ".00030504", "label": "i", "value": "10.47753755458222", "title": "inclination; angle with respect to x-y ecliptic plane"}, {"value": "122.8860091182153", "title": "longitude of the ascending node", "label": "node", "sigma": ".0066318", "units": "deg", "name": "om"}, {"value": "99.15890403568635", "title": "argument of perihelion", "label": "peri", "sigma": ".24715", "units": "deg", "name": "w"}, {"value": "159.5693464292367", "title": "mean anomaly", "label": "M", "sigma": ".31615", "units": "deg", "name": "ma"}, {"sigma": "60.876", "units": "TDB", "name": "tp", "value": "2419235.542622381428", "title": "time of perihelion passage", "label": "tp"}, {"label": "period", "value": "91968.69564450273", "title": "sidereal orbital period", "name": "per", "units": "d", "sigma": "56.073"}, {"sigma": "2.3866E-6", "units": "deg/d", "name": "n", "value": ".003914375402164555", "title": "mean motion", "label": "n"}, {"label": "Q", "title": "aphelion distance", "value": "45.15991289784915", "name": "ad", "sigma": ".018356", "units": "au"}], "condition_code": "5", "last_obs": "2021-12-01", "t_jup": "5.527", "source": "JPL", "epoch": "2460000.5", "covariance": {"labels": ["e", "q", "tp", "node", "peri", "i"], "data": [["3.414499543564532E-8", "-3.082083715784164E-6", ".0002279421952811298", "1.276931779327967E-8", "-9.731074728009569E-6", "-2.485406965620602E-9"], ["-3.082083715784164E-6", ".0003733753585967459", ".5159514910738316", "3.886907170211366E-6", ".003024253638751392", "5.752006727352992E-7"], [".0002279421952811298", ".5159514910738316", "3038.096199918045", ".02866389817765866", "12.06893375586501", ".001960875206010713"], ["1.276931779327967E-8", "3.886907170211366E-6", ".02866389817765866", "4.445412478356303E-5", "6.706376770111944E-5", "2.031546534121238E-6"], ["-9.731074728009569E-6", ".003024253638751392", "12.06893375586501", "6.706376770111944E-5", ".05131236185359082", "6.637510644857627E-6"], ["-2.485406965620602E-9", "5.752006727352992E-7", ".001960875206010713", "2.031546534121238E-6", "6.637510644857627E-6", "9.553788922255051E-8"]], "epoch": "2457636.5", "elements": [{"title": "eccentricity", "value": ".143233119507029", "label": "e", "sigma": 0.00018478364493549, "units": null, "name": "e"}, {"title": "perihelion distance", "value": "33.8012370844565", "label": "q", "sigma": 0.019322923137992, "units": "au", "name": "q"}, {"value": "2419345.117426158162", "title": "time of perihelion passage", "label": "tp", "sigma": 55.1189277827322, "units": "TDB", "name": "tp"}, {"value": "123.0212082835237", "title": "longitude of the ascending node", "label": "node", "sigma": 0.0066673926525714, "units": "deg", "name": "om"}, {"title": "argument of perihelion", "value": "97.05994596211787", "label": "peri", "sigma": 0.22652232087278, "units": "deg", "name": "w"}, {"label": "i", "value": "10.48432974040113", "title": "inclination", "name": "i", "units": "deg", "sigma": 0.000309092040050452}]}, "moid": "33.5978", "orbit_id": "2", "rms": ".40206", "producer": "Otto Matic", "comment": null, "moid_jup": "29.2378", "pe_used": "DE441", "two_body": null, "equinox": "J2000", "data_arc": "2572", "model_pars": [], "n_del_obs_used": null, "n_obs_used": 11, "not_valid_before": null}, "object": {"kind": "au", "orbit_class": {"name": "TransNeptunian Object", "code": "TNO"}, "neo": false, "prefix": null, "spkid": "54198955", "des": "2014 WX601", "pha": false, "orbit_id": "2", "fullname": "(2014 WX601)"}, "signature": {"version": "1.3", "source": "NASA/JPL Small-Body Database (SBDB) API"}}