{"object": {"orbit_class": {"name": "TransNeptunian Object", "code": "TNO"}, "kind": "au", "prefix": null, "neo": false, "spkid": "3841259", "des": "2012 UE185", "fullname": "(2012 UE185)", "orbit_id": "7", "pha": false}, "orbit": {"not_valid_before": null, "n_obs_used": 66, "data_arc": "3740", "model_pars": [], "n_del_obs_used": null, "two_body": null, "pe_used": "DE441", "equinox": "J2000", "moid_jup": "30.6431", "comment": null, "producer": "Otto Matic", "rms": ".66165", "orbit_id": "7", "moid": "34.5361", "covariance": {"data": [["5.47072132594601E-10", "7.596267631153154E-9", "1.848270937391293E-5", "3.510106492114409E-10", "9.192465412940104E-8", "5.108144501528879E-11"], ["7.596267631153154E-9", "5.087906169452805E-7", ".001365341566935408", "-5.0708354290662E-9", "7.11633973736821E-6", "2.836381429895931E-9"], ["1.848270937391293E-5", ".001365341566935408", "3.683419902664234", "-1.569481193312682E-5", ".01921256679037409", "7.555527392730896E-6"], ["3.510106492114409E-10", "-5.0708354290662E-9", "-1.569481193312682E-5", "5.451391298699698E-8", "-1.366735046899736E-7", "-3.707274067226279E-9"], ["9.192465412940104E-8", "7.11633973736821E-6", ".01921256679037409", "-1.366735046899736E-7", ".0001003066906736543", "4.275526203377083E-8"], ["5.108144501528879E-11", "2.836381429895931E-9", "7.555527392730896E-6", "-3.707274067226279E-9", "4.275526203377083E-8", "3.192758375553725E-10"]], "labels": ["e", "q", "tp", "node", "peri", "i"], "elements": [{"name": "e", "units": null, "sigma": 2.33895731597351e-05, "label": "e", "value": ".1507566165000218", "title": "eccentricity"}, {"name": "q", "sigma": 0.000713295602779998, "units": "au", "label": "q", "value": "35.61221924455324", "title": "perihelion distance"}, {"label": "tp", "title": "time of perihelion passage", "value": "2450387.111174236775", "name": "tp", "units": "TDB", "sigma": 1.9192237760783}, {"name": "om", "units": "deg", "sigma": 0.000233482147041261, "label": "node", "title": "longitude of the ascending node", "value": "202.4610080584401"}, {"sigma": 0.0100153227942815, "units": "deg", "name": "w", "title": "argument of perihelion", "value": "245.2110107267721", "label": "peri"}, {"name": "i", "sigma": 1.78682914000016e-05, "units": "deg", "label": "i", "title": "inclination", "value": "20.45447377833213"}], "epoch": "2457690.5"}, "epoch": "2460000.5", "source": "JPL", "t_jup": "5.370", "last_obs": "2023-01-19", "elements": [{"sigma": "2.2924E-5", "units": null, "name": "e", "value": ".1499612698620794", "title": "eccentricity", "label": "e"}, {"label": "a", "value": "41.72862167989506", "title": "semi-major axis", "name": "a", "units": "au", "sigma": ".0016899"}, {"sigma": ".00074657", "units": "au", "name": "q", "value": "35.4709445831837", "title": "perihelion distance", "label": "q"}, {"label": "i", "title": "inclination; angle with respect to x-y ecliptic plane", "value": "20.48666948240557", "name": "i", "sigma": "1.8175E-5", "units": "deg"}, {"label": "node", "title": "longitude of the ascending node", "value": "202.1710402148583", "name": "om", "sigma": ".00023336", "units": "deg"}, {"sigma": ".010167", "units": "deg", "name": "w", "title": "argument of perihelion", "value": "242.971116942481", "label": "peri"}, {"value": "36.92876366829643", "title": "mean anomaly", "label": "M", "sigma": ".0089221", "units": "deg", "name": "ma"}, {"value": "2449900.723710184126", "title": "time of perihelion passage", "label": "tp", "sigma": "1.9271", "units": "TDB", "name": "tp"}, {"units": "d", "sigma": "5.981", "name": "per", "title": "sidereal orbital period", "value": "98457.65476993682", "label": "period"}, {"sigma": "2.2212E-7", "units": "deg/d", "name": "n", "value": ".00365639422187337", "title": "mean motion", "label": "n"}, {"name": "ad", "units": "au", "sigma": ".0019434", "label": "Q", "value": "47.98629877660643", "title": "aphelion distance"}], "n_dop_obs_used": null, "condition_code": "3", "soln_date": "2023-01-20 21:39:17", "not_valid_after": null, "first_obs": "2012-10-23", "sb_used": "SB441-N16"}, "signature": {"version": "1.3", "source": "NASA/JPL Small-Body Database (SBDB) API"}}