{"signature": {"version": "1.3", "source": "NASA/JPL Small-Body Database (SBDB) API"}, "object": {"spkid": "54049804", "orbit_id": "16", "fullname": "(2012 VR128)", "pha": false, "des": "2012 VR128", "kind": "au", "orbit_class": {"code": "TNO", "name": "TransNeptunian Object"}, "neo": false, "prefix": null}, "orbit": {"t_jup": "5.437", "source": "JPL", "soln_date": "2022-12-21 23:33:22", "elements": [{"name": "e", "sigma": "1.1559E-5", "units": null, "label": "e", "value": ".1403639712386368", "title": "eccentricity"}, {"value": "41.62587834901569", "title": "semi-major axis", "label": "a", "units": "au", "sigma": ".00062205", "name": "a"}, {"sigma": ".00099281", "units": "au", "name": "q", "value": "35.78310475765146", "title": "perihelion distance", "label": "q"}, {"sigma": "3.082E-5", "units": "deg", "name": "i", "value": "18.47068357402394", "title": "inclination; angle with respect to x-y ecliptic plane", "label": "i"}, {"sigma": ".00023174", "units": "deg", "name": "om", "value": "283.6230152006261", "title": "longitude of the ascending node", "label": "node"}, {"name": "w", "sigma": ".0061006", "units": "deg", "label": "peri", "value": "274.9145311504226", "title": "argument of perihelion"}, {"units": "deg", "sigma": ".0078771", "name": "ma", "value": "208.023326731555", "title": "mean anomaly", "label": "M"}, {"label": "tp", "title": "time of perihelion passage", "value": "2501411.715281954755", "name": "tp", "sigma": "2.0294", "units": "TDB"}, {"label": "period", "title": "sidereal orbital period", "value": "98094.24815590482", "name": "per", "sigma": "2.1988", "units": "d"}, {"sigma": "8.2264E-8", "units": "deg/d", "name": "n", "value": ".003669939948240785", "title": "mean motion", "label": "n"}, {"value": "47.46865194037993", "title": "aphelion distance", "label": "Q", "units": "au", "sigma": ".00070936", "name": "ad"}], "n_dop_obs_used": null, "condition_code": "2", "sb_used": "SB441-N16", "not_valid_after": null, "first_obs": "2004-10-04", "last_obs": "2022-12-15", "moid_jup": "30.6937", "two_body": null, "pe_used": "DE441", "equinox": "J2000", "comment": null, "n_obs_used": 269, "not_valid_before": null, "data_arc": "6646", "n_del_obs_used": null, "model_pars": [], "covariance": {"epoch": "2458670.5", "elements": [{"units": null, "sigma": 1.14784949149837e-05, "name": "e", "title": "eccentricity", "value": ".149107146757721", "label": "e"}, {"title": "perihelion distance", "value": "35.11541287800628", "label": "q", "sigma": 0.000973774716223313, "units": "au", "name": "q"}, {"name": "tp", "sigma": 1.93386602606943, "units": "TDB", "label": "tp", "value": "2501337.839352408126", "title": "time of perihelion passage"}, {"name": "om", "units": "deg", "sigma": 0.000232364340262271, "label": "node", "title": "longitude of the ascending node", "value": "283.440872420421"}, {"sigma": 0.00570937479967545, "units": "deg", "name": "w", "value": "276.726046678353", "title": "argument of perihelion", "label": "peri"}, {"name": "i", "units": "deg", "sigma": 3.12151344942292e-05, "label": "i", "value": "18.49831675746099", "title": "inclination"}], "data": [["1.317558455133069E-10", "-1.09468680029955E-8", "-1.115697416383416E-5", "-7.587624233771515E-11", "8.95334845837054E-10", "-3.089718209673714E-12"], ["-1.09468680029955E-8", "9.482371979557932E-7", ".0006042542264070002", "3.865377153618048E-9", "-1.18242852874439E-6", "6.267277716193505E-10"], ["-1.115697416383416E-5", ".0006042542264070002", "3.739837806785576", "2.768039240550317E-5", ".009455714112273625", "-2.878230377243675E-6"], ["-7.587624233771515E-11", "3.865377153618048E-9", "2.768039240550317E-5", "5.399318662552039E-8", "2.087947379062798E-8", "-7.197224516118689E-9"], ["8.95334845837054E-10", "-1.18242852874439E-6", ".009455714112273625", "2.087947379062798E-8", "3.259696060316908E-5", "-3.962459826821706E-9"], ["-3.089718209673714E-12", "6.267277716193505E-10", "-2.878230377243675E-6", "-7.197224516118689E-9", "-3.962459826821706E-9", "9.743846214928162E-10"]], "labels": ["e", "q", "tp", "node", "peri", "i"]}, "epoch": "2460000.5", "producer": "Otto Matic", "rms": ".62141", "moid": "34.8343", "orbit_id": "16"}}