{"orbit": {"epoch": "2460000.5", "covariance": {"elements": [{"label": "e", "title": "eccentricity", "value": ".177872233482018", "name": "e", "units": null, "sigma": 0.000249287535471023}, {"name": "q", "units": "au", "sigma": 0.00606498927248883, "label": "q", "value": "32.62007388388314", "title": "perihelion distance"}, {"title": "time of perihelion passage", "value": "2452241.881872953213", "label": "tp", "sigma": 21.9617159169817, "units": "TDB", "name": "tp"}, {"title": "longitude of the ascending node", "value": "170.0829580065278", "label": "node", "sigma": 0.00695989781589552, "units": "deg", "name": "om"}, {"value": "38.01377656321332", "title": "argument of perihelion", "label": "peri", "units": "deg", "sigma": 0.132129083810761, "name": "w"}, {"label": "i", "title": "inclination", "value": "6.730761799430615", "name": "i", "sigma": 0.000362143268906941, "units": "deg"}], "epoch": "2457193.5", "data": [["6.214427534121674E-8", "-1.281916180863942E-6", "-.004809014104369761", "8.242863798236995E-8", "-2.895566728401008E-5", "4.557135602053038E-9"], ["-1.281916180863942E-6", "3.678409487540463E-5", ".1328193612537856", "-3.101956028913773E-6", ".0007979333905681774", "-1.565939508749072E-7"], ["-.004809014104369761", ".1328193612537856", "482.3169660182095", "-.01087383242421795", "2.897791975734846", "-.0005538252880944351"], ["8.242863798236995E-8", "-3.101956028913773E-6", "-.01087383242421795", "4.844017760770729E-5", "-.0001130691606586615", "2.514287952281612E-6"], ["-2.895566728401008E-5", ".0007979333905681774", "2.897791975734846", "-.0001130691606586615", ".01745809478867101", "-5.807473881482808E-6"], ["4.557135602053038E-9", "-1.565939508749072E-7", "-.0005538252880944351", "2.514287952281612E-6", "-5.807473881482808E-6", "1.311477472146048E-7"]], "labels": ["e", "q", "tp", "node", "peri", "i"]}, "orbit_id": "2", "moid": "31.6681", "rms": ".17386", "producer": "Otto Matic", "comment": null, "equinox": "J2000", "two_body": null, "pe_used": "DE441", "moid_jup": "27.2207", "data_arc": "1087", "n_del_obs_used": null, "model_pars": [], "not_valid_before": null, "n_obs_used": 35, "not_valid_after": null, "sb_used": "SB441-N16", "first_obs": "2014-05-30", "n_dop_obs_used": null, "elements": [{"units": null, "sigma": ".00024506", "name": "e", "value": ".1713803344961982", "title": "eccentricity", "label": "e"}, {"sigma": ".0067719", "units": "au", "name": "a", "title": "semi-major axis", "value": "39.42642407478915", "label": "a"}, {"title": "perihelion distance", "value": "32.66951032886282", "label": "q", "sigma": ".0060032", "units": "au", "name": "q"}, {"value": "6.738416848459041", "title": "inclination; angle with respect to x-y ecliptic plane", "label": "i", "sigma": ".00036582", "units": "deg", "name": "i"}, {"units": "deg", "sigma": ".0069589", "name": "om", "title": "longitude of the ascending node", "value": "170.3270049973651", "label": "node"}, {"name": "w", "sigma": ".13758", "units": "deg", "label": "peri", "title": "argument of perihelion", "value": "38.30019622955898"}, {"label": "M", "value": "30.63393808067291", "title": "mean anomaly", "name": "ma", "units": "deg", "sigma": ".088583"}, {"units": "TDB", "sigma": "23.055", "name": "tp", "title": "time of perihelion passage", "value": "2452306.009998003944", "label": "tp"}, {"label": "period", "value": "90423.1246215842", "title": "sidereal orbital period", "name": "per", "sigma": "23.297", "units": "d"}, {"sigma": "1.0257E-6", "units": "deg/d", "name": "n", "value": ".003981282459620592", "title": "mean motion", "label": "n"}, {"title": "aphelion distance", "value": "46.18333782071547", "label": "Q", "units": "au", "sigma": ".0079325", "name": "ad"}], "condition_code": "4", "soln_date": "2021-04-15 13:49:22", "last_obs": "2017-05-21", "source": "JPL", "t_jup": "5.518"}, "object": {"spkid": "3830934", "orbit_id": "2", "pha": false, "fullname": "(2015 KV173)", "des": "2015 KV173", "orbit_class": {"code": "TNO", "name": "TransNeptunian Object"}, "kind": "au", "prefix": null, "neo": false}, "signature": {"version": "1.3", "source": "NASA/JPL Small-Body Database (SBDB) API"}}