{"signature": {"version": "1.3", "source": "NASA/JPL Small-Body Database (SBDB) API"}, "orbit": {"data_arc": "1848", "n_dop_obs_used": null, "pe_used": "DE441", "comment": null, "rms": ".10473", "sb_used": "SB441-N16", "model_pars": [], "not_valid_after": null, "first_obs": "2013-09-29", "epoch": "2460000.5", "not_valid_before": null, "soln_date": "2021-09-08 23:29:37", "moid": "29.7367", "two_body": null, "equinox": "J2000", "elements": [{"title": "eccentricity", "label": "e", "units": null, "value": ".2268463346136518", "sigma": "9.9732E-5", "name": "e"}, {"value": "39.7268254148786", "name": "a", "sigma": ".0055923", "label": "a", "title": "semi-major axis", "units": "au"}, {"title": "perihelion distance", "label": "q", "units": "au", "value": "30.71494068367692", "sigma": ".00097976", "name": "q"}, {"sigma": ".00016889", "name": "i", "value": "9.846491377452072", "units": "deg", "label": "i", "title": "inclination; angle with respect to x-y ecliptic plane"}, {"value": "145.1211108488361", "name": "om", "sigma": ".001836", "label": "node", "title": "longitude of the ascending node", "units": "deg"}, {"name": "w", "sigma": ".031454", "value": "257.6111327473405", "units": "deg", "label": "peri", "title": "argument of perihelion"}, {"title": "mean anomaly", "label": "M", "units": "deg", "value": ".8064697249159649", "sigma": ".018996", "name": "ma"}, {"name": "tp", "sigma": "4.8161", "value": "2459795.615177742205", "units": "TDB", "title": "time of perihelion passage", "label": "tp"}, {"units": "d", "label": "period", "title": "sidereal orbital period", "name": "per", "sigma": "19.312", "value": "91458.53059827135"}, {"value": ".003936210188870062", "name": "n", "sigma": "8.3114E-7", "label": "n", "title": "mean motion", "units": "deg/d"}, {"units": "au", "label": "Q", "title": "aphelion distance", "sigma": ".0068609", "name": "ad", "value": "48.73871014608027"}], "n_del_obs_used": null, "moid_jup": "25.7995", "producer": "Otto Matic", "covariance": {"epoch": "2457322.5", "data": [["1.003004508162945E-8", "2.189977345800592E-8", ".0002189711324008268", "-1.136133630105537E-8", "1.436557741704204E-6", "-3.656699206526979E-10"], ["2.189977345800592E-8", "1.031971566231002E-6", "-.003915388852166931", "7.705100603642971E-8", "-2.542693353821509E-5", "1.047036669067883E-8"], [".0002189711324008268", "-.003915388852166931", "24.72189041044911", "-.0007133770489799143", ".1609514370378458", "-5.871646593134752E-5"], ["-1.136133630105537E-8", "7.705100603642971E-8", "-.0007133770489799143", "3.379840146367143E-6", "-7.957249599997421E-6", "3.101343781730438E-7"], ["1.436557741704204E-6", "-2.542693353821509E-5", ".1609514370378458", "-7.957249599997421E-6", ".001051153960540562", "-6.861159752484222E-7"], ["-3.656699206526979E-10", "1.047036669067883E-8", "-5.871646593134752E-5", "3.101343781730438E-7", "-6.861159752484222E-7", "2.90049006107698E-8"]], "elements": [{"sigma": 0.000100150112738975, "name": "e", "value": ".2179167838288999", "units": null, "title": "eccentricity", "label": "e"}, {"label": "q", "title": "perihelion distance", "units": "au", "value": "30.69238000940873", "sigma": 0.00101586001310761, "name": "q"}, {"units": "TDB", "title": "time of perihelion passage", "label": "tp", "name": "tp", "sigma": 4.97211126287909, "value": "2459934.398824279202"}, {"value": "145.3140470886186", "name": "om", "sigma": 0.00183843415611415, "label": "node", "title": "longitude of the ascending node", "units": "deg"}, {"name": "w", "sigma": 0.0324215046001965, "value": "258.3081095437887", "units": "deg", "title": "argument of perihelion", "label": "peri"}, {"value": "9.860376552490777", "name": "i", "sigma": 0.000170308251740102, "label": "i", "title": "inclination", "units": "deg"}], "labels": ["e", "q", "tp", "node", "peri", "i"]}, "condition_code": "3", "source": "JPL", "t_jup": "5.434", "orbit_id": "5", "n_obs_used": 52, "last_obs": "2018-10-21"}, "object": {"pha": false, "spkid": "3841802", "neo": false, "orbit_class": {"code": "TNO", "name": "TransNeptunian Object"}, "prefix": null, "kind": "au", "des": "2013 SO102", "orbit_id": "5", "fullname": "(2013 SO102)"}}