{"signature": {"version": "1.3", "source": "NASA/JPL Small-Body Database (SBDB) API"}, "object": {"fullname": "(2013 RV155)", "orbit_id": "1", "kind": "au", "des": "2013 RV155", "prefix": null, "orbit_class": {"name": "TransNeptunian Object", "code": "TNO"}, "neo": false, "pha": false, "spkid": "54194322"}, "orbit": {"pe_used": "DE441", "n_dop_obs_used": null, "data_arc": "1517", "comment": null, "model_pars": [], "rms": ".13111", "sb_used": "SB441-N16", "not_valid_before": null, "moid": "37.6327", "soln_date": "2021-09-10 07:42:05", "epoch": "2460000.5", "not_valid_after": null, "first_obs": "2013-09-02", "producer": "Otto Matic", "moid_jup": "33.8161", "n_del_obs_used": null, "elements": [{"title": "eccentricity", "label": "e", "units": null, "value": ".06732944671672517", "name": "e", "sigma": ".00036287"}, {"label": "a", "title": "semi-major axis", "units": "au", "value": "41.37836875492501", "name": "a", "sigma": ".0094729"}, {"units": "au", "title": "perihelion distance", "label": "q", "sigma": ".0091217", "name": "q", "value": "38.59238608061528"}, {"name": "i", "sigma": ".00067707", "value": "28.20234215101685", "units": "deg", "title": "inclination; angle with respect to x-y ecliptic plane", "label": "i"}, {"name": "om", "sigma": "9.0122E-5", "value": "1.450594726628387", "units": "deg", "label": "node", "title": "longitude of the ascending node"}, {"value": "35.18942321859157", "name": "w", "sigma": ".33054", "title": "argument of perihelion", "label": "peri", "units": "deg"}, {"value": "340.5693107401437", "sigma": ".27753", "name": "ma", "label": "M", "title": "mean anomaly", "units": "deg"}, {"label": "tp", "title": "time of perihelion passage", "units": "TDB", "value": "2465247.900121726832", "sigma": "75.755", "name": "tp"}, {"name": "per", "sigma": "33.386", "value": "97220.63991442927", "units": "d", "title": "sidereal orbital period", "label": "period"}, {"name": "n", "sigma": "1.2716E-6", "value": ".00370291740845217", "units": "deg/d", "label": "n", "title": "mean motion"}, {"label": "Q", "title": "aphelion distance", "units": "au", "value": "44.16435142923473", "name": "ad", "sigma": ".010111"}], "two_body": null, "equinox": "J2000", "t_jup": "5.085", "source": "JPL", "condition_code": "4", "covariance": {"data": [["1.504004448368729E-7", "-3.434470182149484E-6", ".02748407487540409", "-1.239244494161763E-8", ".0001207362261324543", "-6.507354096751079E-8"], ["-3.434470182149484E-6", ".000104788283544347", "-.8297710541739626", "1.840008765366854E-7", "-.003632582675699269", "1.225084835554145E-6"], [".02748407487540409", "-.8297710541739626", "6577.584121187394", "-.001514146921093148", "28.79747708365047", "-.009922568562573028"], ["-1.239244494161763E-8", "1.840008765366854E-7", "-.001514146921093148", "8.233285379948756E-9", "-6.702586899911923E-6", "4.300820664546575E-8"], [".0001207362261324543", "-.003632582675699269", "28.79747708365047", "-6.702586899911923E-6", ".126083762235209", "-4.373796012544249E-5"], ["-6.507354096751079E-8", "1.225084835554145E-6", "-.009922568562573028", "4.300820664546575E-8", "-4.373796012544249E-5", "4.672761939709038E-7"]], "epoch": "2457447.5", "labels": ["e", "q", "tp", "node", "peri", "i"], "elements": [{"units": null, "title": "eccentricity", "label": "e", "name": "e", "sigma": 0.000387814962110635, "value": ".0579895433816645"}, {"units": "au", "label": "q", "title": "perihelion distance", "sigma": 0.0102366148479049, "name": "q", "value": "38.52720496926155"}, {"label": "tp", "title": "time of perihelion passage", "units": "TDB", "value": "2466377.130870160174", "name": "tp", "sigma": 81.1023065096634}, {"units": "deg", "label": "node", "title": "longitude of the ascending node", "sigma": 9.07374530166499e-05, "name": "om", "value": "1.492687643912918"}, {"sigma": 0.35508275406616, "name": "w", "value": "39.84011881537872", "units": "deg", "label": "peri", "title": "argument of perihelion"}, {"sigma": 0.000683576033789149, "name": "i", "value": "28.35242901056805", "units": "deg", "label": "i", "title": "inclination"}]}, "n_obs_used": 22, "last_obs": "2017-10-28", "orbit_id": "1"}}