{"orbit": {"first_obs": "2000-03-03", "not_valid_after": null, "epoch": "2460000.5", "not_valid_before": null, "moid": "29.3041", "soln_date": "2021-04-13 20:36:56", "two_body": null, "equinox": "J2000", "n_del_obs_used": null, "moid_jup": "24.8508", "elements": [{"value": ".227420966966912", "name": "e", "sigma": ".00023109", "label": "e", "title": "eccentricity", "units": null}, {"value": "39.22566138929631", "name": "a", "sigma": ".014301", "label": "a", "title": "semi-major axis", "units": "au"}, {"units": "au", "title": "perihelion distance", "label": "q", "sigma": ".001997", "name": "q", "value": "30.30492354622588"}, {"value": "4.990464417679508", "sigma": ".00019564", "name": "i", "title": "inclination; angle with respect to x-y ecliptic plane", "label": "i", "units": "deg"}, {"units": "deg", "title": "longitude of the ascending node", "label": "node", "name": "om", "sigma": ".0028383", "value": "154.853355819964"}, {"units": "deg", "label": "peri", "title": "argument of perihelion", "name": "w", "sigma": ".016204", "value": "49.79466610126294"}, {"title": "mean anomaly", "label": "M", "units": "deg", "value": "28.65659008014823", "sigma": ".024785", "name": "ma"}, {"units": "TDB", "title": "time of perihelion passage", "label": "tp", "name": "tp", "sigma": "2.4501", "value": "2452857.578949380143"}, {"label": "period", "title": "sidereal orbital period", "units": "d", "value": "89733.34130233848", "name": "per", "sigma": "49.073"}, {"label": "n", "title": "mean motion", "units": "deg/d", "value": ".004011886716522148", "sigma": "2.194E-6", "name": "n"}, {"units": "au", "title": "aphelion distance", "label": "Q", "name": "ad", "sigma": ".017553", "value": "48.14639923236674"}], "producer": "Otto Matic", "covariance": {"epoch": "2453448.5", "data": [["5.38734443276838E-8", "4.613845154297491E-7", ".0004831551140926261", "1.286907576808984E-9", "3.161551351400517E-6", "1.960361307138905E-9"], ["4.613845154297491E-7", "4.014744244811959E-6", ".004398676598496779", "5.875143468249101E-9", "2.878491164154242E-5", "1.662443994985303E-8"], [".0004831551140926261", ".004398676598496779", "5.640423640335901", "-1.442791833541711E-5", ".03690814595573307", "1.652538424903845E-5"], ["1.286907576808984E-9", "5.875143468249101E-9", "-1.442791833541711E-5", "8.027322959258484E-6", "-8.090794438728402E-6", "4.760699562916154E-7"], ["3.161551351400517E-6", "2.878491164154242E-5", ".03690814595573307", "-8.090794438728402E-6", ".0002494810787010804", "-3.660574814430434E-7"], ["1.960361307138905E-9", "1.662443994985303E-8", "1.652538424903845E-5", "4.760699562916154E-7", "-3.660574814430434E-7", "3.791490500814045E-8"]], "elements": [{"title": "eccentricity", "label": "e", "units": null, "value": ".2369748974256129", "sigma": 0.000232106536589739, "name": "e"}, {"value": "30.28397877290701", "name": "q", "sigma": 0.00200368267068714, "title": "perihelion distance", "label": "q", "units": "au"}, {"title": "time of perihelion passage", "label": "tp", "units": "TDB", "value": "2452834.449441362138", "sigma": 2.37495760811344, "name": "tp"}, {"label": "node", "title": "longitude of the ascending node", "units": "deg", "value": "154.6614854524599", "sigma": 0.00283325307010484, "name": "om"}, {"title": "argument of perihelion", "label": "peri", "units": "deg", "value": "49.69604135789875", "sigma": 0.0157949700443236, "name": "w"}, {"name": "i", "sigma": 0.000194717500518419, "value": "4.986198266206597", "units": "deg", "label": "i", "title": "inclination"}], "labels": ["e", "q", "tp", "node", "peri", "i"]}, "condition_code": "4", "source": "JPL", "t_jup": "5.460", "orbit_id": "6", "last_obs": "2018-04-10", "n_obs_used": 23, "data_arc": "6612", "n_dop_obs_used": null, "pe_used": "DE441", "comment": null, "rms": ".17713", "sb_used": "SB441-N16", "model_pars": []}, "object": {"des": "168700", "kind": "an", "prefix": null, "fullname": "168700 (2000 GE147)", "orbit_id": "6", "spkid": "20168700", "pha": false, "orbit_class": {"code": "TNO", "name": "TransNeptunian Object"}, "neo": false}, "signature": {"version": "1.3", "source": "NASA/JPL Small-Body Database (SBDB) API"}}