{"orbit": {"n_del_obs_used": null, "moid_jup": "33.5273", "elements": [{"name": "e", "sigma": ".00047505", "value": ".06275241945066291", "units": null, "title": "eccentricity", "label": "e"}, {"sigma": ".0062636", "name": "a", "value": "40.92987686384475", "units": "au", "label": "a", "title": "semi-major axis"}, {"title": "perihelion distance", "label": "q", "units": "au", "value": "38.36142806282079", "sigma": ".01955", "name": "q"}, {"value": "22.2960127385968", "sigma": ".00030912", "name": "i", "title": "inclination; angle with respect to x-y ecliptic plane", "label": "i", "units": "deg"}, {"units": "deg", "title": "longitude of the ascending node", "label": "node", "sigma": ".0025491", "name": "om", "value": "128.6395543438797"}, {"sigma": ".45871", "name": "w", "value": "299.8196556261855", "units": "deg", "label": "peri", "title": "argument of perihelion"}, {"units": "deg", "title": "mean anomaly", "label": "M", "sigma": ".38303", "name": "ma", "value": "326.8375220998493"}, {"sigma": "101.35", "name": "tp", "value": "2468811.060886939598", "units": "TDB", "label": "tp", "title": "time of perihelion passage"}, {"value": "95644.29801802716", "sigma": "21.955", "name": "per", "title": "sidereal orbital period", "label": "period", "units": "d"}, {"title": "mean motion", "label": "n", "units": "deg/d", "value": ".003763946282842149", "name": "n", "sigma": "8.6401E-7"}, {"units": "au", "title": "aphelion distance", "label": "Q", "sigma": ".0066566", "name": "ad", "value": "43.49832566486873"}], "producer": "Otto Matic", "equinox": "J2000", "two_body": null, "epoch": "2460000.5", "moid": "37.4304", "not_valid_before": null, "soln_date": "2021-09-17 12:42:06", "not_valid_after": null, "first_obs": "2014-08-19", "n_obs_used": 22, "last_obs": "2018-12-02", "orbit_id": "1", "t_jup": "5.307", "covariance": {"epoch": "2457629.5", "data": [["2.908586924348025E-7", "-1.146545311894868E-5", ".04822551986033728", "-4.031690524553581E-7", ".0002253063631332753", "-5.293528212015625E-8"], ["-1.146545311894868E-5", ".000484815366720956", "-2.083354511353995", "1.736150882957796E-5", "-.009699391186687981", "2.371501779552137E-6"], [".04822551986033728", "-2.083354511353995", "9016.112858278164", "-.07490222039503662", "41.92969413815557", "-.0103337350801002"], ["-4.031690524553581E-7", "1.736150882957796E-5", "-.07490222039503662", "6.545940467387107E-6", "-.0003539564511274568", "7.933958489398241E-7"], [".0002253063631332753", "-.009699391186687981", "41.92969413815557", "-.0003539564511274568", ".195034026050927", "-4.865276342804883E-5"], ["-5.293528212015625E-8", "2.371501779552137E-6", "-.0103337350801002", "7.933958489398241E-7", "-4.865276342804883E-5", "9.753496520832639E-8"]], "elements": [{"title": "eccentricity", "label": "e", "units": null, "value": ".05525583890818764", "sigma": 0.000539313167310796, "name": "e"}, {"units": "au", "label": "q", "title": "perihelion distance", "sigma": 0.0220185232638557, "name": "q", "value": "38.19288034569038"}, {"sigma": 94.9532140492262, "name": "tp", "value": "2470866.659117957830", "units": "TDB", "title": "time of perihelion passage", "label": "tp"}, {"title": "longitude of the ascending node", "label": "node", "units": "deg", "value": "128.7847051048082", "name": "om", "sigma": 0.00255850356016698}, {"units": "deg", "label": "peri", "title": "argument of perihelion", "sigma": 0.441626568551901, "name": "w", "value": "308.398391789667"}, {"sigma": 0.000312305884043715, "name": "i", "value": "22.31395518967476", "units": "deg", "title": "inclination", "label": "i"}], "labels": ["e", "q", "tp", "node", "peri", "i"]}, "source": "JPL", "condition_code": "4", "n_dop_obs_used": null, "pe_used": "DE441", "data_arc": "1566", "model_pars": [], "sb_used": "SB441-N16", "rms": ".23104", "comment": null}, "object": {"fullname": "(2014 QT562)", "orbit_id": "1", "kind": "au", "des": "2014 QT562", "prefix": null, "orbit_class": {"code": "TNO", "name": "TransNeptunian Object"}, "neo": false, "pha": false, "spkid": "54198364"}, "signature": {"version": "1.3", "source": "NASA/JPL Small-Body Database (SBDB) API"}}