{"signature": {"version": "1.3", "source": "NASA/JPL Small-Body Database (SBDB) API"}, "object": {"spkid": "3989559", "pha": false, "orbit_class": {"code": "TNO", "name": "TransNeptunian Object"}, "neo": false, "des": "2013 TO187", "kind": "au", "prefix": null, "fullname": "(2013 TO187)", "orbit_id": "3"}, "orbit": {"orbit_id": "3", "last_obs": "2016-10-28", "n_obs_used": 38, "source": "JPL", "condition_code": "4", "covariance": {"epoch": "2457206.5", "data": [["7.955094900909778E-8", "-1.048922541628102E-6", ".003571975078048642", "-1.027633436941517E-7", "2.285642433720233E-5", "1.29082037652662E-8"], ["-1.048922541628102E-6", "2.265946744730321E-5", "-.07046865595128288", "1.826495652875325E-6", "-.0004480579958417424", "-2.045513576223113E-7"], [".003571975078048642", "-.07046865595128288", "222.6152065528801", "-.005867022900075653", "1.416667828366494", ".0006717548422520128"], ["-1.027633436941517E-7", "1.826495652875325E-6", "-.005867022900075653", "9.850800659897559E-6", "-4.695544124686321E-5", "-1.055964343185118E-6"], ["2.285642433720233E-5", "-.0004480579958417424", "1.416667828366494", "-4.695544124686321E-5", ".009025579747538523", "5.310711443576229E-6"], ["1.29082037652662E-8", "-2.045513576223113E-7", ".0006717548422520128", "-1.055964343185118E-6", "5.310711443576229E-6", "1.140997906050351E-7"]], "elements": [{"value": ".1886540581650764", "sigma": 0.000282047777883638, "name": "e", "label": "e", "title": "eccentricity", "units": null}, {"label": "q", "title": "perihelion distance", "units": "au", "value": "31.80682741608655", "name": "q", "sigma": 0.00476019615638927}, {"value": "2462378.364800689381", "name": "tp", "sigma": 14.9202951228479, "label": "tp", "title": "time of perihelion passage", "units": "TDB"}, {"sigma": 0.00313859851843105, "name": "om", "value": "82.38155525272633", "units": "deg", "title": "longitude of the ascending node", "label": "node"}, {"title": "argument of perihelion", "label": "peri", "units": "deg", "value": "334.4869687362967", "name": "w", "sigma": 0.0950030512538336}, {"label": "i", "title": "inclination", "units": "deg", "value": "9.162030295323246", "name": "i", "sigma": 0.000337786605129681}], "labels": ["e", "q", "tp", "node", "peri", "i"]}, "t_jup": "5.475", "two_body": null, "equinox": "J2000", "producer": "Otto Matic", "elements": [{"title": "eccentricity", "label": "e", "units": null, "value": ".1961140414731889", "name": "e", "sigma": ".00027541"}, {"title": "semi-major axis", "label": "a", "units": "au", "value": "39.63318230976735", "name": "a", "sigma": ".0099374"}, {"label": "q", "title": "perihelion distance", "units": "au", "value": "31.86055875055518", "name": "q", "sigma": ".0045357"}, {"title": "inclination; angle with respect to x-y ecliptic plane", "label": "i", "units": "deg", "value": "9.156119439969659", "name": "i", "sigma": ".00033623"}, {"value": "82.38118113196131", "sigma": ".0031316", "name": "om", "label": "node", "title": "longitude of the ascending node", "units": "deg"}, {"sigma": ".093739", "name": "w", "value": "332.892748421576", "units": "deg", "title": "argument of perihelion", "label": "peri"}, {"value": "351.6726591843222", "name": "ma", "sigma": ".05659", "title": "mean anomaly", "label": "M", "units": "deg"}, {"sigma": "14.784", "name": "tp", "value": "2462108.597451063806", "units": "TDB", "title": "time of perihelion passage", "label": "tp"}, {"units": "d", "label": "period", "title": "sidereal orbital period", "name": "per", "sigma": "34.276", "value": "91135.34550599559"}, {"value": ".003950168817611125", "sigma": "1.4857E-6", "name": "n", "title": "mean motion", "label": "n", "units": "deg/d"}, {"units": "au", "title": "aphelion distance", "label": "Q", "sigma": ".011886", "name": "ad", "value": "47.40580586897953"}], "n_del_obs_used": null, "moid_jup": "26.8538", "first_obs": "2013-09-29", "not_valid_after": null, "soln_date": "2021-09-08 23:30:14", "not_valid_before": null, "moid": "30.8737", "epoch": "2460000.5", "sb_used": "SB441-N16", "rms": ".14919", "model_pars": [], "comment": null, "data_arc": "1125", "pe_used": "DE441", "n_dop_obs_used": null}}