{"signature": {"version": "1.3", "source": "NASA/JPL Small-Body Database (SBDB) API"}, "object": {"spkid": "3790073", "fullname": "(2014 UM228)", "orbit_id": "2", "pha": false, "des": "2014 UM228", "kind": "au", "orbit_class": {"name": "TransNeptunian Object", "code": "TNO"}, "neo": false, "prefix": null}, "orbit": {"model_pars": [], "data_arc": "850", "n_del_obs_used": null, "n_obs_used": 29, "not_valid_before": null, "comment": null, "moid_jup": "22.947", "two_body": null, "equinox": "J2000", "pe_used": "DE441", "moid": "26.886", "orbit_id": "2", "producer": "Otto Matic", "rms": ".2995", "epoch": "2460000.5", "covariance": {"data": [["6.134030188897384E-9", "4.231579488161849E-8", "-5.611205673640343E-5", "9.611750386877319E-10", "-4.268092420371303E-7", "1.776258021415487E-10"], ["4.231579488161849E-8", "7.175170759674376E-7", "-.01018333643385187", "3.994221302962649E-7", "-7.791464124360243E-5", "-1.449664518950203E-8"], ["-5.611205673640343E-5", "-.01018333643385187", "285.2817790080499", "-.01149769201324719", "2.183073196209127", ".0004721262025669869"], ["9.611750386877319E-10", "3.994221302962649E-7", "-.01149769201324719", "8.389685002904617E-5", "-.0001711147503635686", "-3.501697503060647E-6"], ["-4.268092420371303E-7", "-7.791464124360243E-5", "2.183073196209127", "-.0001711147503635686", ".01678844876548726", "7.082897851191083E-6"], ["1.776258021415487E-10", "-1.449664518950203E-8", ".0004721262025669869", "-3.501697503060647E-6", "7.082897851191083E-6", "1.469507226408193E-7"]], "labels": ["e", "q", "tp", "node", "peri", "i"], "epoch": "2456841.5", "elements": [{"sigma": 7.83200497248143e-05, "units": null, "name": "e", "value": ".2918256613291444", "title": "eccentricity", "label": "e"}, {"name": "q", "units": "au", "sigma": 0.000847063796869774, "label": "q", "value": "27.87487582025997", "title": "perihelion distance"}, {"name": "tp", "sigma": 16.8902865282993, "units": "TDB", "label": "tp", "title": "time of perihelion passage", "value": "2457108.394708675646"}, {"name": "om", "sigma": 0.00915952236904557, "units": "deg", "label": "node", "value": "271.4966033805407", "title": "longitude of the ascending node"}, {"name": "w", "units": "deg", "sigma": 0.129570246451441, "label": "peri", "title": "argument of perihelion", "value": "118.160428820426"}, {"name": "i", "sigma": 0.00038334152219766, "units": "deg", "label": "i", "title": "inclination", "value": "4.884697187355571"}]}, "t_jup": "5.386", "source": "JPL", "last_obs": "2015-12-07", "sb_used": "SB441-N16", "not_valid_after": null, "first_obs": "2013-08-09", "soln_date": "2021-04-15 11:41:17", "n_dop_obs_used": null, "condition_code": "4", "elements": [{"name": "e", "units": null, "sigma": "7.8917E-5", "label": "e", "title": "eccentricity", "value": ".2977803147762494"}, {"name": "a", "sigma": ".0053312", "units": "au", "label": "a", "title": "semi-major axis", "value": "39.70160217574906"}, {"sigma": ".00080532", "units": "au", "name": "q", "value": "27.87924658273307", "title": "perihelion distance", "label": "q"}, {"name": "i", "units": "deg", "sigma": ".00038316", "label": "i", "value": "4.886424674195054", "title": "inclination; angle with respect to x-y ecliptic plane"}, {"name": "om", "units": "deg", "sigma": ".0091326", "label": "node", "title": "longitude of the ascending node", "value": "271.3823739460387"}, {"name": "w", "sigma": ".12736", "units": "deg", "label": "peri", "value": "117.9735281618765", "title": "argument of perihelion"}, {"label": "M", "title": "mean anomaly", "value": "11.51905483215524", "name": "ma", "sigma": ".064767", "units": "deg"}, {"name": "tp", "sigma": "16.563", "units": "TDB", "label": "tp", "title": "time of perihelion passage", "value": "2457076.853762916335"}, {"name": "per", "units": "d", "sigma": "18.404", "label": "period", "value": "91371.4415536984", "title": "sidereal orbital period"}, {"name": "n", "units": "deg/d", "sigma": "7.936E-7", "label": "n", "value": ".003939961916748685", "title": "mean motion"}, {"name": "ad", "sigma": ".0069187", "units": "au", "label": "Q", "title": "aphelion distance", "value": "51.52395776876504"}]}}