{"object": {"des": "2014 KX101", "fullname": "(2014 KX101)", "orbit_id": "5", "pha": false, "spkid": "3755707", "prefix": null, "neo": false, "orbit_class": {"code": "TNO", "name": "TransNeptunian Object"}, "kind": "au"}, "orbit": {"source": "JPL", "t_jup": "5.473", "n_dop_obs_used": null, "condition_code": "2", "elements": [{"label": "e", "value": ".2356730083373354", "title": "eccentricity", "name": "e", "sigma": "2.4324E-5", "units": null}, {"sigma": ".0015932", "units": "au", "name": "a", "value": "39.48493712057312", "title": "semi-major axis", "label": "a"}, {"label": "q", "title": "perihelion distance", "value": "30.17940320535713", "name": "q", "sigma": ".00038668", "units": "au"}, {"units": "deg", "sigma": "4.2173E-5", "name": "i", "value": "3.999152259428395", "title": "inclination; angle with respect to x-y ecliptic plane", "label": "i"}, {"title": "longitude of the ascending node", "value": "129.5281127256783", "label": "node", "units": "deg", "sigma": ".0013618", "name": "om"}, {"value": "86.62761453951529", "title": "argument of perihelion", "label": "peri", "sigma": ".005817", "units": "deg", "name": "w"}, {"label": "M", "value": "28.86195593300387", "title": "mean anomaly", "name": "ma", "sigma": ".0044791", "units": "deg"}, {"name": "tp", "units": "TDB", "sigma": ".82724", "label": "tp", "value": "2452734.943883119190", "title": "time of perihelion passage"}, {"title": "sidereal orbital period", "value": "90624.49572539651", "label": "period", "units": "d", "sigma": "5.4849", "name": "per"}, {"value": ".003972435897363167", "title": "mean motion", "label": "n", "units": "deg/d", "sigma": "2.4042E-7", "name": "n"}, {"name": "ad", "sigma": ".0019686", "units": "au", "label": "Q", "value": "48.79047103578912", "title": "aphelion distance"}], "soln_date": "2021-04-15 10:06:57", "not_valid_after": null, "sb_used": "SB441-N16", "first_obs": "2010-05-19", "last_obs": "2018-04-12", "two_body": null, "equinox": "J2000", "pe_used": "DE441", "moid_jup": "24.7415", "comment": null, "not_valid_before": null, "n_obs_used": 77, "model_pars": [], "n_del_obs_used": null, "data_arc": "2885", "covariance": {"data": [["5.895679390856215E-10", "5.147628248377351E-9", "5.95624880925528E-6", "3.464497286501986E-10", "3.871320657568575E-8", "1.723540122493033E-12"], ["5.147628248377351E-9", "1.544605956440151E-7", ".0003066728374036762", "-2.684055820735705E-10", "2.102533107262638E-6", "1.776164220658303E-10"], ["5.95624880925528E-6", ".0003066728374036762", ".6600365693763196", "-4.42498836879824E-6", ".004543181705284003", "3.973516577068107E-7"], ["3.464497286501986E-10", "-2.684055820735705E-10", "-4.42498836879824E-6", "1.844533450319274E-6", "-1.871734523355621E-6", "-5.640758738715545E-8"], ["3.871320657568575E-8", "2.102533107262638E-6", ".004543181705284003", "-1.871734523355621E-6", "3.311905385040811E-5", "5.901057561118717E-8"], ["1.723540122493033E-12", "1.776164220658303E-10", "3.973516577068107E-7", "-5.640758738715545E-8", "5.901057561118717E-8", "1.78627285945481E-9"]], "labels": ["e", "q", "tp", "node", "peri", "i"], "elements": [{"name": "e", "units": null, "sigma": 2.42810201409583e-05, "label": "e", "title": "eccentricity", "value": ".2389145694331709"}, {"units": "au", "sigma": 0.000393014752450866, "name": "q", "title": "perihelion distance", "value": "30.11526209583673", "label": "q"}, {"title": "time of perihelion passage", "value": "2452631.957710115516", "label": "tp", "units": "TDB", "sigma": 0.812426347047115, "name": "tp"}, {"title": "longitude of the ascending node", "value": "129.4023795211079", "label": "node", "sigma": 0.00135813602055143, "units": "deg", "name": "om"}, {"label": "peri", "title": "argument of perihelion", "value": "85.93356140213797", "name": "w", "units": "deg", "sigma": 0.00575491562495995}, {"sigma": 4.22643213532976e-05, "units": "deg", "name": "i", "title": "inclination", "value": "4.004248847027319", "label": "i"}], "epoch": "2456891.5"}, "epoch": "2460000.5", "producer": "Otto Matic", "rms": ".67663", "orbit_id": "5", "moid": "29.1756"}, "signature": {"version": "1.3", "source": "NASA/JPL Small-Body Database (SBDB) API"}}