{"signature": {"version": "1.3", "source": "NASA/JPL Small-Body Database (SBDB) API"}, "object": {"neo": false, "orbit_class": {"name": "TransNeptunian Object", "code": "TNO"}, "spkid": "3841222", "pha": false, "orbit_id": "6", "fullname": "(2010 AV153)", "prefix": null, "des": "2010 AV153", "kind": "au"}, "orbit": {"producer": "Otto Matic", "n_del_obs_used": null, "moid_jup": "24.0522", "elements": [{"label": "e", "title": "eccentricity", "units": null, "value": ".2529967560398708", "sigma": "2.0797E-5", "name": "e"}, {"label": "a", "title": "semi-major axis", "units": "au", "value": "39.23787912757242", "sigma": ".0013113", "name": "a"}, {"title": "perihelion distance", "label": "q", "units": "au", "value": "29.31082299441204", "name": "q", "sigma": ".00016519"}, {"value": "7.912304387778047", "name": "i", "sigma": "2.7019E-5", "title": "inclination; angle with respect to x-y ecliptic plane", "label": "i", "units": "deg"}, {"name": "om", "sigma": ".00018684", "value": "268.1902405243994", "units": "deg", "title": "longitude of the ascending node", "label": "node"}, {"label": "peri", "title": "argument of perihelion", "units": "deg", "value": "213.9725992043563", "sigma": ".0011872", "name": "w"}, {"units": "deg", "label": "M", "title": "mean anomaly", "name": "ma", "sigma": ".0013356", "value": "16.07748690817699"}, {"title": "time of perihelion passage", "label": "tp", "units": "TDB", "value": "2455991.164695540859", "sigma": ".16833", "name": "tp"}, {"units": "d", "label": "period", "title": "sidereal orbital period", "sigma": "4.5004", "name": "per", "value": "89775.26884946176"}, {"sigma": "2.0102E-7", "name": "n", "value": ".004010013053858522", "units": "deg/d", "label": "n", "title": "mean motion"}, {"sigma": ".0016431", "name": "ad", "value": "49.1649352607328", "units": "au", "title": "aphelion distance", "label": "Q"}], "two_body": null, "equinox": "J2000", "not_valid_before": null, "soln_date": "2023-03-24 01:14:12", "moid": "28.3294", "epoch": "2460000.5", "not_valid_after": null, "first_obs": "2010-01-06", "n_obs_used": 102, "last_obs": "2023-03-15", "orbit_id": "6", "t_jup": "5.395", "source": "JPL", "condition_code": "2", "covariance": {"elements": [{"title": "eccentricity", "label": "e", "units": null, "value": ".2604483370676924", "sigma": 2.09411568257313e-05, "name": "e"}, {"units": "au", "title": "perihelion distance", "label": "q", "name": "q", "sigma": 0.000163495516270006, "value": "29.35504093872492"}, {"title": "time of perihelion passage", "label": "tp", "units": "TDB", "value": "2456163.746691367561", "name": "tp", "sigma": 0.157099611431197}, {"label": "node", "title": "longitude of the ascending node", "units": "deg", "value": "268.2227026220129", "sigma": 0.000186264291745747, "name": "om"}, {"title": "argument of perihelion", "label": "peri", "units": "deg", "value": "215.1249530562015", "sigma": 0.00111017117168159, "name": "w"}, {"units": "deg", "label": "i", "title": "inclination", "name": "i", "sigma": 2.696279434668e-05, "value": "7.909456297874097"}], "labels": ["e", "q", "tp", "node", "peri", "i"], "epoch": "2457375.5", "data": [["4.385320491998706E-10", "3.388868948946611E-9", "1.837149862814722E-6", "-2.913834501897434E-11", "1.276137397679196E-8", "2.130006467527483E-11"], ["3.388868948946611E-9", "2.673078384039577E-8", "1.675769220706881E-5", "-2.743754945309929E-10", "1.16553321419049E-7", "1.592569648314362E-10"], ["1.837149862814722E-6", "1.675769220706881E-5", ".02468028791183315", "-4.381923312528099E-7", ".0001719782877834492", "4.750493784826625E-8"], ["-2.913834501897434E-11", "-2.743754945309929E-10", "-4.381923312528099E-7", "3.469438637954493E-8", "-3.741112650233896E-8", "4.803918614951869E-9"], ["1.276137397679196E-8", "1.16553321419049E-7", ".0001719782877834492", "-3.741112650233896E-8", "1.232480030432865E-6", "-4.429797058946737E-9"], ["2.130006467527483E-11", "1.592569648314362E-10", "4.750493784826625E-8", "4.803918614951869E-9", "-4.429797058946737E-9", "7.269922789813611E-10"]]}, "pe_used": "DE441", "n_dop_obs_used": null, "data_arc": "4816", "model_pars": [], "sb_used": "SB441-N16", "rms": ".6099", "comment": null}}