{"orbit": {"t_jup": "5.186", "source": "JPL", "not_valid_after": null, "first_obs": "2013-10-27", "sb_used": "SB441-N16", "soln_date": "2021-09-08 23:42:39", "n_dop_obs_used": null, "condition_code": "4", "elements": [{"label": "e", "value": ".04582985401418668", "title": "eccentricity", "name": "e", "units": null, "sigma": ".00064902"}, {"sigma": ".0075508", "units": "au", "name": "a", "value": "41.5577445339772", "title": "semi-major axis", "label": "a"}, {"title": "perihelion distance", "value": "39.65315916882616", "label": "q", "units": "au", "sigma": ".021924", "name": "q"}, {"label": "i", "title": "inclination; angle with respect to x-y ecliptic plane", "value": "26.32001489253404", "name": "i", "units": "deg", "sigma": ".00066524"}, {"value": "77.80942428115461", "title": "longitude of the ascending node", "label": "node", "units": "deg", "sigma": ".0013053", "name": "om"}, {"title": "argument of perihelion", "value": "263.5779861573232", "label": "peri", "sigma": ".49487", "units": "deg", "name": "w"}, {"sigma": ".41074", "units": "deg", "name": "ma", "title": "mean anomaly", "value": "61.39249004350057", "label": "M"}, {"sigma": "114.12", "units": "TDB", "name": "tp", "value": "2443313.082634775470", "title": "time of perihelion passage", "label": "tp"}, {"name": "per", "sigma": "26.669", "units": "d", "label": "period", "title": "sidereal orbital period", "value": "97853.50369766966"}, {"name": "n", "sigma": "1.0027E-6", "units": "deg/d", "label": "n", "title": "mean motion", "value": ".00367896893209122"}, {"name": "ad", "sigma": ".0078969", "units": "au", "label": "Q", "value": "43.46232989912824", "title": "aphelion distance"}], "last_obs": "2017-01-29", "comment": null, "moid_jup": "35.144", "equinox": "J2000", "two_body": null, "pe_used": "DE441", "model_pars": [], "data_arc": "1190", "n_del_obs_used": null, "n_obs_used": 54, "not_valid_before": null, "epoch": "2460000.5", "covariance": {"elements": [{"label": "e", "value": ".03907891391364474", "title": "eccentricity", "name": "e", "sigma": 0.000690547640867484, "units": null}, {"sigma": 0.0237393106276744, "units": "au", "name": "q", "value": "39.58869968539486", "title": "perihelion distance", "label": "q"}, {"label": "tp", "title": "time of perihelion passage", "value": "2441361.927865798378", "name": "tp", "sigma": 102.016681418115, "units": "TDB"}, {"title": "longitude of the ascending node", "value": "77.79831098588257", "label": "node", "sigma": 0.00130742018232811, "units": "deg", "name": "om"}, {"name": "w", "units": "deg", "sigma": 0.454245984635173, "label": "peri", "title": "argument of perihelion", "value": "255.9847711945407"}, {"value": "26.34564700417711", "title": "inclination", "label": "i", "units": "deg", "sigma": 0.0006680441911872, "name": "i"}], "epoch": "2457199.5", "data": [["4.768560443076481E-7", "-1.607176352299244E-5", "-.066104153210363", "3.188995598451431E-8", "-.0002966922739823558", "-1.280668370140817E-8"], ["-1.607176352299244E-5", ".0005635548690772161", "2.392059718499098", "-2.041592274398218E-6", ".01068627155810429", "9.786742494072826E-7"], ["-.066104153210363", "2.392059718499098", "10407.40328756509", "-.0114911666769784", "46.32874472993999", ".005775441868564553"], ["3.188995598451431E-8", "-2.041592274398218E-6", "-.0114911666769784", "1.709347533158872E-6", "-5.097396454282211E-5", "-8.718304958711891E-7"], ["-.0002966922739823558", ".01068627155810429", "46.32874472993999", "-5.097396454282211E-5", ".2063394145571781", "2.549660966469413E-5"], ["-1.280668370140817E-8", "9.786742494072826E-7", ".005775441868564553", "-8.718304958711891E-7", "2.549660966469413E-5", "4.462830413789597E-7"]], "labels": ["e", "q", "tp", "node", "peri", "i"]}, "moid": "38.7487", "orbit_id": "5", "producer": "Otto Matic", "rms": ".1532"}, "object": {"neo": false, "prefix": null, "kind": "au", "orbit_class": {"code": "TNO", "name": "TransNeptunian Object"}, "des": "2014 QE442", "pha": false, "orbit_id": "5", "fullname": "(2014 QE442)", "spkid": "3771803"}, "signature": {"version": "1.3", "source": "NASA/JPL Small-Body Database (SBDB) API"}}