{"signature": {"version": "1.3", "source": "NASA/JPL Small-Body Database (SBDB) API"}, "object": {"neo": false, "prefix": null, "kind": "au", "orbit_class": {"code": "TNO", "name": "TransNeptunian Object"}, "des": "2013 SY112", "fullname": "(2013 SY112)", "orbit_id": "1", "pha": false, "spkid": "54196805"}, "orbit": {"last_obs": "2015-11-07", "not_valid_after": null, "first_obs": "2013-09-30", "sb_used": "SB441-N16", "condition_code": "6", "n_dop_obs_used": null, "elements": [{"name": "e", "units": null, "sigma": ".0042794", "label": "e", "value": ".3108912199141458", "title": "eccentricity"}, {"units": "au", "sigma": ".11946", "name": "a", "value": "38.40625199779608", "title": "semi-major axis", "label": "a"}, {"sigma": ".089898", "units": "au", "name": "q", "value": "26.46608546187115", "title": "perihelion distance", "label": "q"}, {"label": "i", "value": "13.43188046610226", "title": "inclination; angle with respect to x-y ecliptic plane", "name": "i", "units": "deg", "sigma": ".0031458"}, {"units": "deg", "sigma": ".0027416", "name": "om", "value": "343.6593992189775", "title": "longitude of the ascending node", "label": "node"}, {"name": "w", "sigma": ".37234", "units": "deg", "label": "peri", "title": "argument of perihelion", "value": "257.9291072051764"}, {"label": "M", "title": "mean anomaly", "value": "91.77677621718649", "name": "ma", "units": "deg", "sigma": ".9902"}, {"units": "TDB", "sigma": "137.91", "name": "tp", "value": "2437837.343390228420", "title": "time of perihelion passage", "label": "tp"}, {"title": "sidereal orbital period", "value": "86936.33300690766", "label": "period", "sigma": "405.63", "units": "d", "name": "per"}, {"name": "n", "units": "deg/d", "sigma": "1.9321E-5", "label": "n", "value": ".0041409614087518", "title": "mean motion"}, {"name": "ad", "units": "au", "sigma": ".1566", "label": "Q", "value": "50.346418533721", "title": "aphelion distance"}], "soln_date": "2021-09-14 12:42:06", "source": "JPL", "t_jup": "5.159", "orbit_id": "1", "moid": "25.4811", "producer": "Otto Matic", "rms": ".21017", "epoch": "2460000.5", "covariance": {"elements": [{"label": "e", "value": ".31308692441581", "title": "eccentricity", "name": "e", "sigma": 0.00420624151369865, "units": null}, {"name": "q", "sigma": 0.0876034801878856, "units": "au", "label": "q", "title": "perihelion distance", "value": "26.1500480833167"}, {"name": "tp", "units": "TDB", "sigma": 139.399025720412, "label": "tp", "title": "time of perihelion passage", "value": "2437733.625079174468"}, {"units": "deg", "sigma": 0.00274091367376732, "name": "om", "value": "343.754865847279", "title": "longitude of the ascending node", "label": "node"}, {"name": "w", "units": "deg", "sigma": 0.386232866833132, "label": "peri", "title": "argument of perihelion", "value": "256.3327960684018"}, {"title": "inclination", "value": "13.50001295248794", "label": "i", "units": "deg", "sigma": 0.00317475550904243, "name": "i"}], "epoch": "2456718.5", "labels": ["e", "q", "tp", "node", "peri", "i"], "data": [["1.769246767156187E-5", "-.00035260011476483", ".5857756748607987", "4.923024380341453E-6", ".001539015314141506", "5.580120108871532E-6"], ["-.00035260011476483", ".007674369741029263", "-11.52138795683998", "-8.988329179101916E-5", "-.0275276028128781", "-9.461820467361777E-5"], [".5857756748607987", "-11.52138795683998", "19432.08837180011", ".1649026249698889", "51.70334656117093", ".1885880597205618"], ["4.923024380341453E-6", "-8.988329179101916E-5", ".1649026249698889", "7.512607767044678E-6", ".0004622135844020093", "8.641929958554595E-6"], [".001539015314141506", "-.0275276028128781", "51.70334656117093", ".0004622135844020093", ".1491758274221398", ".0005590059902427354"], ["5.580120108871532E-6", "-9.461820467361777E-5", ".1885880597205618", "8.641929958554595E-6", ".0005590059902427354", "1.007907254219523E-5"]]}, "data_arc": "768", "n_del_obs_used": null, "model_pars": [], "not_valid_before": null, "n_obs_used": 8, "comment": null, "pe_used": "DE441", "two_body": null, "equinox": "J2000", "moid_jup": "21.2819"}}