{"object": {"fullname": "(2014 KC102)", "orbit_id": "6", "pha": false, "des": "2014 KC102", "spkid": "3755710", "neo": false, "prefix": null, "kind": "au", "orbit_class": {"name": "TransNeptunian Object", "code": "TNO"}}, "orbit": {"covariance": {"elements": [{"name": "e", "units": null, "sigma": 5.49777306923937e-05, "label": "e", "value": ".2641397013868332", "title": "eccentricity"}, {"sigma": 0.00086685342546818, "units": "au", "name": "q", "title": "perihelion distance", "value": "28.88071255893942", "label": "q"}, {"label": "tp", "title": "time of perihelion passage", "value": "2464004.478612980367", "name": "tp", "sigma": 0.721389649902733, "units": "TDB"}, {"units": "deg", "sigma": 0.000780053023986413, "name": "om", "title": "longitude of the ascending node", "value": "162.7636757067035", "label": "node"}, {"value": "137.0681650698303", "title": "argument of perihelion", "label": "peri", "units": "deg", "sigma": 0.00691258315881701, "name": "w"}, {"label": "i", "value": "12.58120785632553", "title": "inclination", "name": "i", "sigma": 7.14511326617593e-06, "units": "deg"}], "epoch": "2456916.5", "data": [["3.022550872085365E-9", "-3.841406643598493E-8", "2.563623874244897E-5", "-4.913542932178816E-9", "2.823776505197872E-7", "3.106611656592824E-11"], ["-3.841406643598493E-8", "7.514348612459181E-7", "-.0006055463799822337", "6.415473856456734E-8", "-5.917786926307337E-6", "3.117205046961408E-10"], ["2.563623874244897E-5", "-.0006055463799822337", ".5204030269867879", "-4.404208167318984E-5", ".004905802020977461", "-4.582499399005173E-7"], ["-4.913542932178816E-9", "6.415473856456734E-8", "-4.404208167318984E-5", "6.084827202303472E-7", "-1.063629379043686E-6", "2.439779328509637E-9"], ["2.823776505197872E-7", "-5.917786926307337E-6", ".004905802020977461", "-1.063629379043686E-6", "4.778380592756049E-5", "-5.595297544914228E-9"], ["3.106611656592824E-11", "3.117205046961408E-10", "-4.582499399005173E-7", "2.439779328509637E-9", "-5.595297544914228E-9", "5.10526435864832E-11"]], "labels": ["e", "q", "tp", "node", "peri", "i"]}, "epoch": "2460000.5", "producer": "Otto Matic", "rms": ".43418", "orbit_id": "6", "moid": "27.8227", "two_body": null, "equinox": "J2000", "pe_used": "DE441", "moid_jup": "23.7759", "comment": null, "not_valid_before": null, "n_obs_used": 105, "data_arc": "2572", "model_pars": [], "n_del_obs_used": null, "elements": [{"units": null, "sigma": "5.5342E-5", "name": "e", "title": "eccentricity", "value": ".2678911410177788", "label": "e"}, {"value": "39.37639365263657", "title": "semi-major axis", "label": "a", "units": "au", "sigma": ".002136", "name": "a"}, {"sigma": ".00086976", "units": "au", "name": "q", "title": "perihelion distance", "value": "28.82780662786654", "label": "q"}, {"title": "inclination; angle with respect to x-y ecliptic plane", "value": "12.57304705840141", "label": "i", "units": "deg", "sigma": "7.3688E-6", "name": "i"}, {"sigma": ".00078098", "units": "deg", "name": "om", "title": "longitude of the ascending node", "value": "162.9712985018124", "label": "node"}, {"name": "w", "units": "deg", "sigma": ".0067239", "label": "peri", "value": "137.5058868601043", "title": "argument of perihelion"}, {"title": "mean anomaly", "value": "343.7478563071667", "label": "M", "units": "deg", "sigma": ".0026068", "name": "ma"}, {"units": "TDB", "sigma": ".68847", "name": "tp", "title": "time of perihelion passage", "value": "2464074.870199804045", "label": "tp"}, {"title": "sidereal orbital period", "value": "90251.06469962239", "label": "period", "sigma": "7.3436", "units": "d", "name": "per"}, {"value": ".003988872609959429", "title": "mean motion", "label": "n", "units": "deg/d", "sigma": "3.2457E-7", "name": "n"}, {"units": "au", "sigma": ".0027082", "name": "ad", "title": "aphelion distance", "value": "49.92498067740661", "label": "Q"}], "n_dop_obs_used": null, "condition_code": "3", "soln_date": "2021-04-15 10:06:59", "first_obs": "2010-05-11", "not_valid_after": null, "sb_used": "SB441-N16", "last_obs": "2017-05-26", "source": "JPL", "t_jup": "5.306"}, "signature": {"version": "1.3", "source": "NASA/JPL Small-Body Database (SBDB) API"}}