{"orbit": {"comment": null, "rms": ".21223", "sb_used": "SB441-N16", "model_pars": [], "data_arc": "2269", "pe_used": "DE441", "n_dop_obs_used": null, "source": "JPL", "condition_code": "3", "covariance": {"labels": ["e", "q", "tp", "node", "peri", "i"], "elements": [{"title": "eccentricity", "label": "e", "units": null, "value": ".2987912070860398", "sigma": 7.35105826294238e-05, "name": "e"}, {"units": "au", "title": "perihelion distance", "label": "q", "sigma": 0.00129687653213502, "name": "q", "value": "27.83700729470976"}, {"sigma": 3.00959353391297, "name": "tp", "value": "2460224.950271933750", "units": "TDB", "title": "time of perihelion passage", "label": "tp"}, {"units": "deg", "label": "node", "title": "longitude of the ascending node", "sigma": 0.00599280076346915, "name": "om", "value": "252.5217721917318"}, {"sigma": 0.0244494720927888, "name": "w", "value": "161.3929387129537", "units": "deg", "title": "argument of perihelion", "label": "peri"}, {"units": "deg", "title": "inclination", "label": "i", "name": "i", "sigma": 0.000455463286227795, "value": "4.240479960280994"}], "data": [["5.40380575851735E-9", "2.705720316695568E-8", "-5.363075382923154E-6", "1.873446020238009E-9", "-3.085986596946091E-8", "-7.560982695225377E-12"], ["2.705720316695568E-8", "1.681888739602553E-6", "-.003717964115986593", "1.208626301612525E-7", "-2.929139523355791E-5", "-8.027315111009035E-9"], ["-5.363075382923154E-6", "-.003717964115986593", "9.057653239370778", "-.0002668442412412498", ".07134455277419316", "1.933144960701068E-5"], ["1.873446020238009E-9", "1.208626301612525E-7", "-.0002668442412412498", "3.591366099063637E-5", "-3.790977430853039E-5", "-2.719656980547983E-6"], ["-3.085986596946091E-8", "-2.929139523355791E-5", ".07134455277419316", "-3.790977430853039E-5", ".0005977766856160608", "2.864068281341172E-6"], ["-7.560982695225377E-12", "-8.027315111009035E-9", "1.933144960701068E-5", "-2.719656980547983E-6", "2.864068281341172E-6", "2.074468051014226E-7"]], "epoch": "2456823.5"}, "t_jup": "5.399", "orbit_id": "3", "last_obs": "2019-10-26", "n_obs_used": 27, "first_obs": "2013-08-09", "not_valid_after": null, "not_valid_before": null, "moid": "26.8722", "soln_date": "2021-04-15 11:41:17", "epoch": "2460000.5", "equinox": "J2000", "two_body": null, "producer": "Otto Matic", "n_del_obs_used": null, "moid_jup": "22.8585", "elements": [{"units": null, "title": "eccentricity", "label": "e", "name": "e", "sigma": "7.3707E-5", "value": ".3034209536300325"}, {"value": "39.99821060657108", "sigma": ".0051002", "name": "a", "title": "semi-major axis", "label": "a", "units": "au"}, {"units": "au", "label": "q", "title": "perihelion distance", "sigma": ".0012701", "name": "q", "value": "27.8619154008304"}, {"name": "i", "sigma": ".0004545", "value": "4.240880259813687", "units": "deg", "label": "i", "title": "inclination; angle with respect to x-y ecliptic plane"}, {"sigma": ".0059777", "name": "om", "value": "252.4466361770532", "units": "deg", "title": "longitude of the ascending node", "label": "node"}, {"units": "deg", "label": "peri", "title": "argument of perihelion", "name": "w", "sigma": ".024176", "value": "160.8072441078037"}, {"units": "deg", "label": "M", "title": "mean anomaly", "sigma": ".011638", "name": "ma", "value": "359.4471380784582"}, {"sigma": "2.9767", "name": "tp", "value": "2460142.397076948014", "units": "TDB", "label": "tp", "title": "time of perihelion passage"}, {"name": "per", "sigma": "17.673", "value": "92397.29797057323", "units": "d", "title": "sidereal orbital period", "label": "period"}, {"value": ".003896217832199521", "sigma": "7.4522E-7", "name": "n", "title": "mean motion", "label": "n", "units": "deg/d"}, {"value": "52.13450581231176", "sigma": ".0066478", "name": "ad", "title": "aphelion distance", "label": "Q", "units": "au"}]}, "object": {"spkid": "3790092", "pha": false, "neo": false, "orbit_class": {"name": "TransNeptunian Object", "code": "TNO"}, "prefix": null, "des": "2014 UU228", "kind": "au", "orbit_id": "3", "fullname": "(2014 UU228)"}, "signature": {"version": "1.3", "source": "NASA/JPL Small-Body Database (SBDB) API"}}