{"orbit": {"rms": ".23207", "sb_used": "SB441-N16", "model_pars": [], "comment": null, "data_arc": "1519", "n_dop_obs_used": null, "pe_used": "DE441", "orbit_id": "1", "n_obs_used": 17, "last_obs": "2018-11-30", "covariance": {"epoch": "2457681.5", "data": [["5.806749909796702E-8", "1.769483218832035E-8", "-.01324087190748812", "1.161493561061157E-7", "-6.02483537051506E-5", "4.443219481310949E-8"], ["1.769483218832035E-8", "9.245390424903716E-6", ".1849317868515363", "-1.070614700780768E-6", ".0008409224379999407", "-2.836083757290324E-7"], ["-.01324087190748812", ".1849317868515363", "6941.516893403827", "-.04956291124137902", "31.57279196144499", "-.01638454649569836"], ["1.161493561061157E-7", "-1.070614700780768E-6", "-.04956291124137902", "3.118622116302983E-6", "-.0002279838290840372", "9.4606374925981E-7"], ["-6.02483537051506E-5", ".0008409224379999407", "31.57279196144499", "-.0002279838290840372", ".1436080467766377", "-7.52885877809988E-5"], ["4.443219481310949E-8", "-2.836083757290324E-7", "-.01638454649569836", "9.4606374925981E-7", "-7.52885877809988E-5", "2.904567136064468E-7"]], "elements": [{"sigma": 0.00024097198820188, "name": "e", "value": ".08425688701721425", "units": null, "title": "eccentricity", "label": "e"}, {"label": "q", "title": "perihelion distance", "units": "au", "value": "37.14443526897072", "sigma": 0.00304062336123758, "name": "q"}, {"sigma": 83.3157661754594, "name": "tp", "value": "2455582.895051308461", "units": "TDB", "title": "time of perihelion passage", "label": "tp"}, {"units": "deg", "title": "longitude of the ascending node", "label": "node", "sigma": 0.0017659620936767, "name": "om", "value": "153.3453721249319"}, {"value": "222.6557732217713", "name": "w", "sigma": 0.378956523596887, "label": "peri", "title": "argument of perihelion", "units": "deg"}, {"name": "i", "sigma": 0.000538940361827213, "value": "22.64091485920019", "units": "deg", "label": "i", "title": "inclination"}], "labels": ["e", "q", "tp", "node", "peri", "i"]}, "source": "JPL", "condition_code": "4", "t_jup": "5.291", "two_body": null, "equinox": "J2000", "n_del_obs_used": null, "elements": [{"units": null, "title": "eccentricity", "label": "e", "name": "e", "sigma": ".0002365", "value": ".09540146459334396"}, {"name": "a", "sigma": ".011583", "value": "41.07651951848833", "units": "au", "label": "a", "title": "semi-major axis"}, {"title": "perihelion distance", "label": "q", "units": "au", "value": "37.15775939602746", "sigma": ".0027918", "name": "q"}, {"units": "deg", "title": "inclination; angle with respect to x-y ecliptic plane", "label": "i", "name": "i", "sigma": ".00053464", "value": "22.58809050449948"}, {"sigma": ".0017647", "name": "om", "value": "153.1472604417282", "units": "deg", "title": "longitude of the ascending node", "label": "node"}, {"title": "argument of perihelion", "label": "peri", "units": "deg", "value": "223.8351236882019", "name": "w", "sigma": ".33816"}, {"sigma": ".27439", "name": "ma", "value": "15.65555912522631", "units": "deg", "title": "mean anomaly", "label": "M"}, {"value": "2455818.779847245148", "name": "tp", "sigma": "74.012", "title": "time of perihelion passage", "label": "tp", "units": "TDB"}, {"value": "96158.76654101841", "sigma": "40.674", "name": "per", "title": "sidereal orbital period", "label": "period", "units": "d"}, {"value": ".003743808421735889", "sigma": "1.5836E-6", "name": "n", "label": "n", "title": "mean motion", "units": "deg/d"}, {"value": "44.99527964094919", "sigma": ".012688", "name": "ad", "label": "Q", "title": "aphelion distance", "units": "au"}], "moid_jup": "32.3543", "producer": "Otto Matic", "not_valid_after": null, "first_obs": "2014-10-03", "epoch": "2460000.5", "soln_date": "2021-09-21 12:42:06", "not_valid_before": null, "moid": "36.193"}, "object": {"orbit_id": "1", "fullname": "(2014 TV115)", "prefix": null, "kind": "au", "des": "2014 TV115", "neo": false, "orbit_class": {"name": "TransNeptunian Object", "code": "TNO"}, "pha": false, "spkid": "54198930"}, "signature": {"version": "1.3", "source": "NASA/JPL Small-Body Database (SBDB) API"}}