{"object": {"des": "2011 UB411", "fullname": "(2011 UB411)", "orbit_id": "6", "pha": false, "spkid": "3696029", "neo": false, "prefix": null, "kind": "au", "orbit_class": {"code": "TNO", "name": "TransNeptunian Object"}}, "orbit": {"source": "JPL", "t_jup": "5.476", "condition_code": "4", "n_dop_obs_used": null, "elements": [{"value": ".04792068762452338", "title": "eccentricity", "label": "e", "sigma": ".00019812", "units": null, "name": "e"}, {"label": "a", "title": "semi-major axis", "value": "39.87916474978368", "name": "a", "units": "au", "sigma": ".0067554"}, {"title": "perihelion distance", "value": "37.96812775308239", "label": "q", "sigma": ".0047233", "units": "au", "name": "q"}, {"name": "i", "sigma": ".00077913", "units": "deg", "label": "i", "value": "14.8603425745809", "title": "inclination; angle with respect to x-y ecliptic plane"}, {"label": "node", "value": "13.26656768787977", "title": "longitude of the ascending node", "name": "om", "sigma": ".0010064", "units": "deg"}, {"value": "329.3155739052542", "title": "argument of perihelion", "label": "peri", "sigma": ".12749", "units": "deg", "name": "w"}, {"sigma": ".11686", "units": "deg", "name": "ma", "title": "mean anomaly", "value": "60.22332562850939", "label": "M"}, {"title": "time of perihelion passage", "value": "2444612.586340580521", "label": "tp", "sigma": "28.296", "units": "TDB", "name": "tp"}, {"sigma": "23.373", "units": "d", "name": "per", "value": "91985.10476758814", "title": "sidereal orbital period", "label": "period"}, {"name": "n", "units": "deg/d", "sigma": "9.9445E-7", "label": "n", "title": "mean motion", "value": ".003913677120981543"}, {"sigma": ".0070791", "units": "au", "name": "ad", "value": "41.79020174648497", "title": "aphelion distance", "label": "Q"}], "soln_date": "2021-04-15 05:41:06", "sb_used": "SB441-N16", "not_valid_after": null, "first_obs": "2011-08-30", "last_obs": "2019-10-26", "two_body": null, "equinox": "J2000", "pe_used": "DE441", "moid_jup": "33.0184", "comment": null, "not_valid_before": null, "n_obs_used": 27, "n_del_obs_used": null, "data_arc": "2979", "model_pars": [], "covariance": {"epoch": "2456083.5", "elements": [{"label": "e", "value": ".04634453170867412", "title": "eccentricity", "name": "e", "sigma": 0.00019809045470943, "units": null}, {"value": "37.97818711113299", "title": "perihelion distance", "label": "q", "sigma": 0.00477288794877647, "units": "au", "name": "q"}, {"title": "time of perihelion passage", "value": "2444451.096647545395", "label": "tp", "sigma": 29.1536213243338, "units": "TDB", "name": "tp"}, {"label": "node", "value": "13.34997826957283", "title": "longitude of the ascending node", "name": "om", "units": "deg", "sigma": 0.00100456903815487}, {"value": "328.6515686964888", "title": "argument of perihelion", "label": "peri", "units": "deg", "sigma": 0.131090893790763, "name": "w"}, {"name": "i", "sigma": 0.000779934595058661, "units": "deg", "label": "i", "value": "14.87983940596755", "title": "inclination"}], "data": [["3.923982824698876E-8", "-5.520412419947454E-7", "-.001576639976368931", "2.26496315934289E-9", "-8.124585400405167E-6", "2.124444391309737E-9"], ["-5.520412419947454E-7", "2.278045937157569E-5", ".1303873518858215", "-1.234256701425469E-7", ".0005949055587658233", "-8.719000469134524E-8"], ["-.001576639976368931", ".1303873518858215", "849.933636322652", "-.0007423742214022751", "3.818292138676385", "-.0004938145843765342"], ["2.26496315934289E-9", "-1.234256701425469E-7", "-.0007423742214022751", "1.00915895241941E-6", "-4.33898236382767E-6", "7.787157168452065E-7"], ["-8.124585400405167E-6", ".0005949055587658233", "3.818292138676385", "-4.33898236382767E-6", ".01718482243486117", "-3.007399664448727E-6"], ["2.124444391309737E-9", "-8.719000469134524E-8", "-.0004938145843765342", "7.787157168452065E-7", "-3.007399664448727E-6", "6.082979725693173E-7"]], "labels": ["e", "q", "tp", "node", "peri", "i"]}, "epoch": "2460000.5", "rms": ".18842", "producer": "Otto Matic", "orbit_id": "6", "moid": "36.9678"}, "signature": {"version": "1.3", "source": "NASA/JPL Small-Body Database (SBDB) API"}}