{"signature": {"version": "1.3", "source": "NASA/JPL Small-Body Database (SBDB) API"}, "object": {"pha": false, "spkid": "3330229", "orbit_class": {"code": "TNO", "name": "TransNeptunian Object"}, "neo": false, "kind": "au", "des": "2004 FW164", "prefix": null, "fullname": "(2004 FW164)", "orbit_id": "5"}, "orbit": {"orbit_id": "5", "n_obs_used": 28, "last_obs": "2019-05-06", "condition_code": "4", "source": "JPL", "covariance": {"labels": ["e", "q", "tp", "node", "peri", "i"], "elements": [{"units": null, "title": "eccentricity", "label": "e", "name": "e", "sigma": 0.000387143661051891, "value": ".1555735437621859"}, {"value": "33.30324050170705", "name": "q", "sigma": 0.00354825548637231, "title": "perihelion distance", "label": "q", "units": "au"}, {"units": "TDB", "title": "time of perihelion passage", "label": "tp", "sigma": 4.14741683061843, "name": "tp", "value": "2453554.631178203865"}, {"name": "om", "sigma": 0.000619518112242899, "value": "197.9988234238009", "units": "deg", "label": "node", "title": "longitude of the ascending node"}, {"units": "deg", "title": "argument of perihelion", "label": "peri", "sigma": 0.0228607710374695, "name": "w", "value": "2.767587975916994"}, {"name": "i", "sigma": 0.000327755280668301, "value": "9.133404249312189", "units": "deg", "title": "inclination", "label": "i"}], "data": [["1.498802142926616E-7", "1.366988329218707E-6", ".00109459128752564", "-2.19514007678651E-8", "6.027853264020126E-6", "-6.473018548649844E-9"], ["1.366988329218707E-6", "1.259011699657122E-5", ".01097368907401947", "-2.033085276660069E-7", "6.044467058174925E-5", "-6.046112340435903E-8"], [".00109459128752564", ".01097368907401947", "17.20106636689706", "-.0001866848906067767", ".0947787935835608", "-5.967942567728032E-5"], ["-2.19514007678651E-8", "-2.033085276660069E-7", "-.0001866848906067767", "3.838026913970049E-7", "-1.404021134602904E-6", "1.482997570427472E-7"], ["6.027853264020126E-6", "6.044467058174925E-5", ".0947787935835608", "-1.404021134602904E-6", ".0005226148524276054", "-4.742114732428916E-7"], ["-6.473018548649844E-9", "-6.046112340435903E-8", "-5.967942567728032E-5", "1.482997570427472E-7", "-4.742114732428916E-7", "1.074235240059567E-7"]], "epoch": "2455197.5"}, "t_jup": "5.496", "two_body": null, "equinox": "J2000", "producer": "Otto Matic", "moid_jup": "27.8456", "n_del_obs_used": null, "elements": [{"value": ".1528681268324289", "sigma": ".00038586", "name": "e", "label": "e", "title": "eccentricity", "units": null}, {"sigma": ".022097", "name": "a", "value": "39.318591255507", "units": "au", "title": "semi-major axis", "label": "a"}, {"units": "au", "label": "q", "title": "perihelion distance", "name": "q", "sigma": ".0035629", "value": "33.30803186058773"}, {"title": "inclination; angle with respect to x-y ecliptic plane", "label": "i", "units": "deg", "value": "9.142194719490421", "sigma": ".00032823", "name": "i"}, {"units": "deg", "label": "node", "title": "longitude of the ascending node", "sigma": ".00061966", "name": "om", "value": "198.0802815416956"}, {"value": "2.0636124220651", "sigma": ".0243", "name": "w", "label": "peri", "title": "argument of perihelion", "units": "deg"}, {"title": "mean anomaly", "label": "M", "units": "deg", "value": "26.28140662386402", "name": "ma", "sigma": ".03702"}, {"name": "tp", "sigma": "4.4144", "value": "2453426.322049375946", "units": "TDB", "title": "time of perihelion passage", "label": "tp"}, {"name": "per", "sigma": "75.914", "value": "90052.41218997948", "units": "d", "label": "period", "title": "sidereal orbital period"}, {"value": ".003997671925106507", "name": "n", "sigma": "3.37E-6", "label": "n", "title": "mean motion", "units": "deg/d"}, {"sigma": ".025475", "name": "ad", "value": "45.32915065042627", "units": "au", "title": "aphelion distance", "label": "Q"}], "not_valid_after": null, "first_obs": "2004-03-20", "moid": "32.3062", "not_valid_before": null, "soln_date": "2021-04-14 22:11:47", "epoch": "2460000.5", "rms": ".18367", "sb_used": "SB441-N16", "model_pars": [], "comment": null, "data_arc": "5525", "pe_used": "DE441", "n_dop_obs_used": null}}