{"object": {"neo": false, "orbit_class": {"name": "TransNeptunian Object", "code": "TNO"}, "pha": false, "spkid": "3830971", "orbit_id": "2", "fullname": "(2015 VO165)", "prefix": null, "kind": "au", "des": "2015 VO165"}, "orbit": {"comment": null, "model_pars": [], "rms": ".12736", "sb_used": "SB441-N16", "n_dop_obs_used": null, "pe_used": "DE441", "data_arc": "1125", "t_jup": "5.447", "covariance": {"elements": [{"label": "e", "title": "eccentricity", "units": null, "value": ".211232662725036", "name": "e", "sigma": 0.000522646654460473}, {"value": "31.10382871441574", "name": "q", "sigma": 0.0134931108428747, "title": "perihelion distance", "label": "q", "units": "au"}, {"value": "2467566.274479481563", "name": "tp", "sigma": 8.94469011547739, "title": "time of perihelion passage", "label": "tp", "units": "TDB"}, {"units": "deg", "label": "node", "title": "longitude of the ascending node", "name": "om", "sigma": 0.000895002746837765, "value": "58.43223454968481"}, {"value": "50.99253452631122", "name": "w", "sigma": 0.0849317556204679, "title": "argument of perihelion", "label": "peri", "units": "deg"}, {"sigma": 0.00101505335388485, "name": "i", "value": "10.02706171497009", "units": "deg", "label": "i", "title": "inclination"}], "labels": ["e", "q", "tp", "node", "peri", "i"], "epoch": "2457415.5", "data": [["2.73159525418725E-7", "-6.894318747901987E-6", ".004335372133565015", "1.084773897666446E-8", "4.248199405864658E-5", "-1.021837985514742E-8"], ["-6.894318747901987E-6", ".0001820640402181022", "-.1187673449384894", "-3.862527204497523E-7", "-.00114150309953624", "3.883077735567769E-7"], [".004335372133565015", "-.1187673449384894", "80.00748126191891", ".0002931953269286525", ".7564995458896382", "-.0003023840407921481"], ["1.084773897666446E-8", "-3.862527204497523E-7", ".0002931953269286525", "8.010299168471442E-7", "1.818231600444633E-6", "-8.973176096172804E-7"], ["4.248199405864658E-5", "-.00114150309953624", ".7564995458896382", "1.818231600444633E-6", ".007213403112774885", "-1.771522587085092E-6"], ["-1.021837985514742E-8", "3.883077735567769E-7", "-.0003023840407921481", "-8.973176096172804E-7", "-1.771522587085092E-6", "1.030333311232886E-6"]]}, "source": "JPL", "condition_code": "4", "n_obs_used": 32, "last_obs": "2017-12-16", "orbit_id": "2", "epoch": "2460000.5", "soln_date": "2021-04-15 15:18:27", "not_valid_before": null, "moid": "30.2812", "first_obs": "2014-11-17", "not_valid_after": null, "moid_jup": "26.0905", "n_del_obs_used": null, "elements": [{"units": null, "title": "eccentricity", "label": "e", "name": "e", "sigma": ".00051313", "value": ".2128645392589142"}, {"value": "39.70877483351656", "sigma": ".010043", "name": "a", "label": "a", "title": "semi-major axis", "units": "au"}, {"label": "q", "title": "perihelion distance", "units": "au", "value": "31.25618477404409", "sigma": ".013311", "name": "q"}, {"value": "9.998081601057025", "sigma": ".0010116", "name": "i", "label": "i", "title": "inclination; angle with respect to x-y ecliptic plane", "units": "deg"}, {"units": "deg", "title": "longitude of the ascending node", "label": "node", "sigma": ".00089752", "name": "om", "value": "58.41774370025328"}, {"units": "deg", "label": "peri", "title": "argument of perihelion", "sigma": ".089347", "name": "w", "value": "49.0026079217021"}, {"sigma": ".031961", "name": "ma", "value": "331.3980148617499", "units": "deg", "label": "M", "title": "mean anomaly"}, {"label": "tp", "title": "time of perihelion passage", "units": "TDB", "value": "2467261.924634178826", "sigma": "9.9796", "name": "tp"}, {"value": "91396.20399314388", "sigma": "34.672", "name": "per", "label": "period", "title": "sidereal orbital period", "units": "d"}, {"units": "deg/d", "label": "n", "title": "mean motion", "sigma": "1.4943E-6", "name": "n", "value": ".003938894442782389"}, {"label": "Q", "title": "aphelion distance", "units": "au", "value": "48.16136489298903", "sigma": ".01218", "name": "ad"}], "producer": "Otto Matic", "two_body": null, "equinox": "J2000"}, "signature": {"version": "1.3", "source": "NASA/JPL Small-Body Database (SBDB) API"}}