{"orbit": {"condition_code": "3", "source": "JPL", "covariance": {"epoch": "2456997.5", "data": [["9.905277853009949E-10", "-4.152818818676608E-9", ".0004781062586429514", "-2.929980580321659E-10", "2.085700608628121E-6", "-4.445261520140962E-11"], ["-4.152818818676608E-9", "4.390494333388441E-7", "-.01667992609859873", "1.520394469731538E-8", "-7.273158228099673E-5", "9.244618821193807E-9"], [".0004781062586429514", "-.01667992609859873", "748.5143132650821", "-.0006294034197832191", "3.264016004571075", "-.0003354241617128949"], ["-2.929980580321659E-10", "1.520394469731538E-8", "-.0006294034197832191", "6.715863773930879E-8", "-2.805382292248595E-6", "3.528300971018441E-8"], ["2.085700608628121E-6", "-7.273158228099673E-5", "3.264016004571075", "-2.805382292248595E-6", ".01423332172220921", "-1.494496327729363E-6"], ["-4.445261520140962E-11", "9.244618821193807E-9", "-.0003354241617128949", "3.528300971018441E-8", "-1.494496327729363E-6", "1.864759458458857E-8"]], "elements": [{"units": null, "label": "e", "title": "eccentricity", "sigma": 3.14726513865768e-05, "name": "e", "value": ".02513837581877489"}, {"name": "q", "sigma": 0.000662608054085403, "value": "37.47931985382757", "units": "au", "label": "q", "title": "perihelion distance"}, {"title": "time of perihelion passage", "label": "tp", "units": "TDB", "value": "2461038.018745256625", "sigma": 27.3589896243462, "name": "tp"}, {"units": "deg", "label": "node", "title": "longitude of the ascending node", "sigma": 0.000259149836463982, "name": "om", "value": "217.4628234380523"}, {"title": "argument of perihelion", "label": "peri", "units": "deg", "value": "55.36272315697185", "sigma": 0.119303485792366, "name": "w"}, {"title": "inclination", "label": "i", "units": "deg", "value": "24.10858279214984", "name": "i", "sigma": 0.000136556195701947}], "labels": ["e", "q", "tp", "node", "peri", "i"]}, "t_jup": "5.096", "orbit_id": "5", "last_obs": "2017-06-23", "n_obs_used": 116, "not_valid_after": null, "first_obs": "2011-04-28", "moid": "36.4897", "not_valid_before": null, "soln_date": "2021-04-15 10:06:57", "epoch": "2460000.5", "two_body": null, "equinox": "J2000", "producer": "Otto Matic", "moid_jup": "32.3624", "n_del_obs_used": null, "elements": [{"sigma": "3.6598E-5", "name": "e", "value": ".02724727728028176", "units": null, "label": "e", "title": "eccentricity"}, {"units": "au", "title": "semi-major axis", "label": "a", "sigma": ".0012971", "name": "a", "value": "38.48409258828588"}, {"label": "q", "title": "perihelion distance", "units": "au", "value": "37.43550584665282", "name": "q", "sigma": ".00095175"}, {"units": "deg", "title": "inclination; angle with respect to x-y ecliptic plane", "label": "i", "sigma": ".00013682", "name": "i", "value": "24.15406799848344"}, {"units": "deg", "label": "node", "title": "longitude of the ascending node", "name": "om", "sigma": ".00025825", "value": "217.6102560456189"}, {"value": "64.69964261794968", "sigma": ".10294", "name": "w", "label": "peri", "title": "argument of perihelion", "units": "deg"}, {"units": "deg", "title": "mean anomaly", "label": "M", "name": "ma", "sigma": ".096799", "value": "346.7901508117821"}, {"value": "2463200.247156766592", "name": "tp", "sigma": "23.443", "title": "time of perihelion passage", "label": "tp", "units": "TDB"}, {"value": "87200.76664186137", "sigma": "4.4086", "name": "per", "title": "sidereal orbital period", "label": "period", "units": "d"}, {"sigma": "2.0872E-7", "name": "n", "value": ".004128404071016267", "units": "deg/d", "title": "mean motion", "label": "n"}, {"units": "au", "title": "aphelion distance", "label": "Q", "name": "ad", "sigma": ".0013324", "value": "39.53267932991895"}], "comment": null, "sb_used": "SB441-N16", "rms": ".53657", "model_pars": [], "data_arc": "2248", "pe_used": "DE441", "n_dop_obs_used": null}, "object": {"orbit_id": "5", "fullname": "(2014 KS101)", "prefix": null, "des": "2014 KS101", "kind": "au", "neo": false, "orbit_class": {"name": "TransNeptunian Object", "code": "TNO"}, "spkid": "3755512", "pha": false}, "signature": {"version": "1.3", "source": "NASA/JPL Small-Body Database (SBDB) API"}}