{"orbit": {"orbit_id": "9", "n_obs_used": 23, "last_obs": "2019-06-06", "source": "JPL", "condition_code": "4", "covariance": {"epoch": "2454924.5", "data": [["1.054441485618783E-8", "-1.496461065580037E-6", "-.0005780253807078582", "9.328517385676106E-9", "-7.423809892229713E-6", "3.036878217893446E-9"], ["-1.496461065580037E-6", ".0003986789069649078", ".292041459972023", "-2.204395247867353E-6", ".002537188624874318", "-5.789630534691094E-7"], ["-.0005780253807078582", ".292041459972023", "268.5643557806242", "-.001502100622996588", "2.07984890974828", "-.0003325920700150728"], ["9.328517385676106E-9", "-2.204395247867353E-6", "-.001502100622996588", "4.58815764054791E-7", "-1.400952874490942E-5", "2.686401700042015E-7"], ["-7.423809892229713E-6", ".002537188624874318", "2.07984890974828", "-1.400952874490942E-5", ".01704347495767316", "-3.573315354734711E-6"], ["3.036878217893446E-9", "-5.789630534691094E-7", "-.0003325920700150728", "2.686401700042015E-7", "-3.573315354734711E-6", "1.861579470142172E-7"]], "elements": [{"label": "e", "title": "eccentricity", "units": null, "value": ".1833051143213505", "sigma": 0.00010268600126691, "name": "e"}, {"sigma": 0.0199669453588902, "name": "q", "value": "32.23991712479386", "units": "au", "label": "q", "title": "perihelion distance"}, {"title": "time of perihelion passage", "label": "tp", "units": "TDB", "value": "2428982.200699037887", "name": "tp", "sigma": 16.3879332370078}, {"name": "om", "sigma": 0.000677359405378556, "value": "192.1766051123303", "units": "deg", "label": "node", "title": "longitude of the ascending node"}, {"value": "255.1991975011055", "sigma": 0.130550660502631, "name": "w", "label": "peri", "title": "argument of perihelion", "units": "deg"}, {"label": "i", "title": "inclination", "units": "deg", "value": "12.285849982658", "name": "i", "sigma": 0.000431460249633981}], "labels": ["e", "q", "tp", "node", "peri", "i"]}, "t_jup": "5.408", "two_body": null, "equinox": "J2000", "producer": "Otto Matic", "moid_jup": "26.9477", "n_del_obs_used": null, "elements": [{"title": "eccentricity", "label": "e", "units": null, "value": ".1872326490466949", "sigma": ".00010688", "name": "e"}, {"title": "semi-major axis", "label": "a", "units": "au", "value": "39.30740075487733", "name": "a", "sigma": ".020891"}, {"name": "q", "sigma": ".019994", "value": "31.94777198440159", "units": "au", "title": "perihelion distance", "label": "q"}, {"units": "deg", "title": "inclination; angle with respect to x-y ecliptic plane", "label": "i", "name": "i", "sigma": ".00043305", "value": "12.3138169248834"}, {"label": "node", "title": "longitude of the ascending node", "units": "deg", "value": "192.2769825540517", "sigma": ".00067804", "name": "om"}, {"title": "argument of perihelion", "label": "peri", "units": "deg", "value": "253.9472061677601", "name": "w", "sigma": ".12698"}, {"units": "deg", "title": "mean anomaly", "label": "M", "sigma": ".15862", "name": "ma", "value": "124.3711288553569"}, {"title": "time of perihelion passage", "label": "tp", "units": "TDB", "value": "2428902.891469479746", "sigma": "15.382", "name": "tp"}, {"title": "sidereal orbital period", "label": "period", "units": "d", "value": "90013.97007505813", "name": "per", "sigma": "71.762"}, {"label": "n", "title": "mean motion", "units": "deg/d", "value": ".003999379204137026", "sigma": "3.1884E-6", "name": "n"}, {"title": "aphelion distance", "label": "Q", "units": "au", "value": "46.66702952535307", "name": "ad", "sigma": ".024803"}], "not_valid_after": null, "first_obs": "2004-03-15", "not_valid_before": null, "soln_date": "2021-04-14 22:10:37", "moid": "30.9846", "epoch": "2460000.5", "rms": ".21592", "sb_used": "SB441-N16", "model_pars": [], "comment": null, "data_arc": "5561", "pe_used": "DE441", "n_dop_obs_used": null}, "object": {"orbit_id": "9", "fullname": "(2004 EV95)", "prefix": null, "des": "2004 EV95", "kind": "au", "neo": false, "orbit_class": {"code": "TNO", "name": "TransNeptunian Object"}, "spkid": "3180166", "pha": false}, "signature": {"version": "1.3", "source": "NASA/JPL Small-Body Database (SBDB) API"}}