{"object": {"fullname": "(2004 KC19)", "orbit_id": "5", "kind": "au", "des": "2004 KC19", "prefix": null, "orbit_class": {"name": "TransNeptunian Object", "code": "TNO"}, "neo": false, "pha": false, "spkid": "3563286"}, "orbit": {"n_dop_obs_used": null, "pe_used": "DE441", "data_arc": "4388", "comment": null, "model_pars": [], "sb_used": "SB441-N16", "rms": ".13821", "epoch": "2460000.5", "moid": "29.0137", "not_valid_before": null, "soln_date": "2021-04-14 22:14:38", "not_valid_after": null, "first_obs": "2004-05-24", "moid_jup": "24.6695", "n_del_obs_used": null, "elements": [{"sigma": ".00060305", "name": "e", "value": ".2356988994364839", "units": null, "label": "e", "title": "eccentricity"}, {"value": "39.28729947906321", "name": "a", "sigma": ".037152", "title": "semi-major axis", "label": "a", "units": "au"}, {"title": "perihelion distance", "label": "q", "units": "au", "value": "30.02732623001647", "name": "q", "sigma": ".0047057"}, {"name": "i", "sigma": ".00033581", "value": "5.643076102871272", "units": "deg", "title": "inclination; angle with respect to x-y ecliptic plane", "label": "i"}, {"label": "node", "title": "longitude of the ascending node", "units": "deg", "value": "240.66915874", "sigma": ".00048162", "name": "om"}, {"units": "deg", "title": "argument of perihelion", "label": "peri", "sigma": ".02188", "name": "w", "value": "7.430590465636114"}, {"units": "deg", "label": "M", "title": "mean anomaly", "name": "ma", "sigma": ".013286", "value": "17.16331043129743"}, {"value": "2455712.297854056484", "name": "tp", "sigma": "3.3101", "label": "tp", "title": "time of perihelion passage", "units": "TDB"}, {"title": "sidereal orbital period", "label": "period", "units": "d", "value": "89944.93100378936", "name": "per", "sigma": "127.59"}, {"value": ".004002449009437044", "sigma": "5.6774E-6", "name": "n", "label": "n", "title": "mean motion", "units": "deg/d"}, {"value": "48.54727272810996", "name": "ad", "sigma": ".045909", "label": "Q", "title": "aphelion distance", "units": "au"}], "producer": "Otto Matic", "two_body": null, "equinox": "J2000", "t_jup": "5.447", "covariance": {"labels": ["e", "q", "tp", "node", "peri", "i"], "elements": [{"value": ".2419257414625793", "sigma": 0.000606877848714359, "name": "e", "title": "eccentricity", "label": "e", "units": null}, {"value": "30.00399671014643", "name": "q", "sigma": 0.0046694746278401, "title": "perihelion distance", "label": "q", "units": "au"}, {"value": "2455533.592156103585", "sigma": 2.84160343916302, "name": "tp", "title": "time of perihelion passage", "label": "tp", "units": "TDB"}, {"title": "longitude of the ascending node", "label": "node", "units": "deg", "value": "240.60386062874", "name": "om", "sigma": 0.000483598809682636}, {"name": "w", "sigma": 0.0188397007804827, "value": "6.259608566701367", "units": "deg", "label": "peri", "title": "argument of perihelion"}, {"units": "deg", "title": "inclination", "label": "i", "name": "i", "sigma": 0.000334694946174237, "value": "5.62695255778134"}], "data": [["3.683007232601689E-7", "2.832412535784907E-6", "-.001536221592360471", "1.71190122756141E-8", "-1.017026011689297E-5", "-1.140392108550013E-8"], ["2.832412535784907E-6", "2.18039933000424E-5", "-.01193551525773507", "1.316951201871187E-7", "-7.902844891391593E-5", "-8.769013079307168E-8"], ["-.001536221592360471", "-.01193551525773507", "8.074710105463094", "-7.085236252151345E-5", ".05351700375609583", "4.666882295773207E-5"], ["1.71190122756141E-8", "1.316951201871187E-7", "-7.085236252151345E-5", "2.338678087264624E-7", "-7.010404392179427E-7", "-1.066971875554027E-7"], ["-1.017026011689297E-5", "-7.902844891391593E-5", ".05351700375609583", "-7.010404392179427E-7", ".0003549343254981214", "4.146158802798385E-7"], ["-1.140392108550013E-8", "-8.769013079307168E-8", "4.666882295773207E-5", "-1.066971875554027E-7", "4.146158802798385E-7", "1.120207069945754E-7"]], "epoch": "2453799.5"}, "source": "JPL", "condition_code": "4", "last_obs": "2016-05-29", "n_obs_used": 19, "orbit_id": "5"}, "signature": {"version": "1.3", "source": "NASA/JPL Small-Body Database (SBDB) API"}}