{"orbit": {"last_obs": "2018-11-07", "first_obs": "2014-10-28", "not_valid_after": null, "sb_used": "SB441-N16", "soln_date": "2021-09-23 13:42:02", "elements": [{"label": "e", "value": ".1065025510217695", "title": "eccentricity", "name": "e", "units": null, "sigma": ".00042701"}, {"name": "a", "sigma": ".011417", "units": "au", "label": "a", "title": "semi-major axis", "value": "38.96502074983633"}, {"sigma": ".010361", "units": "au", "name": "q", "value": "34.81514663936259", "title": "perihelion distance", "label": "q"}, {"title": "inclination; angle with respect to x-y ecliptic plane", "value": "38.35728706791549", "label": "i", "sigma": ".00054701", "units": "deg", "name": "i"}, {"name": "om", "sigma": ".0016191", "units": "deg", "label": "node", "value": "169.2994192091189", "title": "longitude of the ascending node"}, {"name": "w", "units": "deg", "sigma": ".1599", "label": "peri", "value": "289.0015118559116", "title": "argument of perihelion"}, {"label": "M", "title": "mean anomaly", "value": "329.7637193386988", "name": "ma", "units": "deg", "sigma": ".11392"}, {"name": "tp", "units": "TDB", "sigma": "28.598", "label": "tp", "value": "2467462.180717437896", "title": "time of perihelion passage"}, {"label": "period", "value": "88840.45919429706", "title": "sidereal orbital period", "name": "per", "sigma": "39.047", "units": "d"}, {"value": ".004052207780834045", "title": "mean motion", "label": "n", "units": "deg/d", "sigma": "1.781E-6", "name": "n"}, {"label": "Q", "value": "43.11489486031008", "title": "aphelion distance", "name": "ad", "sigma": ".012633", "units": "au"}], "n_dop_obs_used": null, "condition_code": "4", "t_jup": "4.401", "source": "JPL", "moid": "34.0198", "orbit_id": "1", "producer": "Otto Matic", "rms": ".16447", "epoch": "2460000.5", "covariance": {"elements": [{"units": null, "sigma": 0.000440162511675611, "name": "e", "value": ".1020805296151675", "title": "eccentricity", "label": "e"}, {"value": "34.68494555466359", "title": "perihelion distance", "label": "q", "units": "au", "sigma": 0.0109159227752231, "name": "q"}, {"label": "tp", "value": "2468234.942516821866", "title": "time of perihelion passage", "name": "tp", "units": "TDB", "sigma": 26.8651225605004}, {"label": "node", "title": "longitude of the ascending node", "value": "169.5516396922352", "name": "om", "units": "deg", "sigma": 0.0016258221108388}, {"label": "peri", "value": "292.7021270501974", "title": "argument of perihelion", "name": "w", "units": "deg", "sigma": 0.153569386701663}, {"sigma": 0.000553354540158046, "units": "deg", "name": "i", "value": "38.42986497040179", "title": "inclination", "label": "i"}], "epoch": "2457770.5", "labels": ["e", "q", "tp", "node", "peri", "i"], "data": [["1.93743036684582E-7", "-3.964144032672742E-6", ".008358637800770506", "-2.510198055868859E-7", "5.024531670675165E-5", "-7.372690507926215E-8"], ["-3.964144032672742E-6", ".0001191573700346335", "-.2878802356138251", "5.209784062551756E-6", "-.001660175854942574", "1.759193686004255E-6"], [".008358637800770506", "-.2878802356138251", "721.7348101907083", "-.01110394018156677", "4.119646912336645", "-.003955433088370183"], ["-2.510198055868859E-7", "5.209784062551756E-6", "-.01110394018156677", "2.643297536092346E-6", "-6.836533200255727E-5", "8.934459224009198E-7"], ["5.024531670675165E-5", "-.001660175854942574", "4.119646912336645", "-6.836533200255727E-5", ".02358355653192477", "-2.393204766961244E-5"], ["-7.372690507926215E-8", "1.759193686004255E-6", "-.003955433088370183", "8.934459224009198E-7", "-2.393204766961244E-5", "3.062012471135227E-7"]]}, "data_arc": "1471", "n_del_obs_used": null, "model_pars": [], "n_obs_used": 17, "not_valid_before": null, "comment": null, "moid_jup": "30.5006", "two_body": null, "equinox": "J2000", "pe_used": "DE441"}, "object": {"orbit_class": {"name": "TransNeptunian Object", "code": "TNO"}, "kind": "au", "prefix": null, "neo": false, "spkid": "54199274", "des": "2014 UY277", "pha": false, "orbit_id": "1", "fullname": "(2014 UY277)"}, "signature": {"version": "1.3", "source": "NASA/JPL Small-Body Database (SBDB) API"}}