{"signature": {"version": "1.3", "source": "NASA/JPL Small-Body Database (SBDB) API"}, "object": {"spkid": "3830962", "pha": false, "orbit_class": {"name": "TransNeptunian Object", "code": "TNO"}, "neo": false, "des": "2015 VD165", "kind": "au", "prefix": null, "fullname": "(2015 VD165)", "orbit_id": "2"}, "orbit": {"condition_code": "5", "source": "JPL", "covariance": {"epoch": "2457577.5", "data": [["1.174954354821851E-6", "-2.951543017257076E-5", "-.03596323236641039", "3.79557034584729E-9", "-6.676040062114298E-5", "1.594354480508028E-8"], ["-2.951543017257076E-5", ".0007512142737396094", ".896456574985301", "-8.482391168896539E-8", ".001614073419109969", "-3.186008939671868E-7"], ["-.03596323236641039", ".896456574985301", "1106.215386829345", "-.0001224378160153583", "2.090160580682511", "-.0005366841245372485"], ["3.79557034584729E-9", "-8.482391168896539E-8", "-.0001224378160153583", "2.915482545821867E-8", "-3.072098613258083E-7", "1.805912396857611E-7"], ["-6.676040062114298E-5", ".001614073419109969", "2.090160580682511", "-3.072098613258083E-7", ".004206601324402667", "-1.572972574812033E-6"], ["1.594354480508028E-8", "-3.186008939671868E-7", "-.0005366841245372485", "1.805912396857611E-7", "-1.572972574812033E-6", "1.856463157185956E-6"]], "elements": [{"label": "e", "title": "eccentricity", "units": null, "value": ".2254124920382306", "name": "e", "sigma": 0.00108395311467879}, {"title": "perihelion distance", "label": "q", "units": "au", "value": "30.56198576062394", "name": "q", "sigma": 0.0274082884131718}, {"value": "2476985.596848134657", "sigma": 33.2598163980102, "name": "tp", "label": "tp", "title": "time of perihelion passage", "units": "TDB"}, {"name": "om", "sigma": 0.000170747841738098, "value": "50.60509112840802", "units": "deg", "title": "longitude of the ascending node", "label": "node"}, {"value": "104.2845980317432", "name": "w", "sigma": 0.0648583173109098, "label": "peri", "title": "argument of perihelion", "units": "deg"}, {"units": "deg", "label": "i", "title": "inclination", "name": "i", "sigma": 0.00136252088321095, "value": "12.0322216759156"}], "labels": ["e", "q", "tp", "node", "peri", "i"]}, "t_jup": "5.401", "orbit_id": "2", "n_obs_used": 37, "last_obs": "2017-12-16", "first_obs": "2015-09-07", "not_valid_after": null, "not_valid_before": null, "soln_date": "2021-04-15 15:18:25", "moid": "29.9368", "epoch": "2460000.5", "two_body": null, "equinox": "J2000", "producer": "Otto Matic", "moid_jup": "25.6123", "n_del_obs_used": null, "elements": [{"units": null, "label": "e", "title": "eccentricity", "sigma": ".0010957", "name": "e", "value": ".2216341899807965"}, {"name": "a", "sigma": ".020388", "value": "39.70487773116762", "units": "au", "title": "semi-major axis", "label": "a"}, {"units": "au", "label": "q", "title": "perihelion distance", "name": "q", "sigma": ".02813", "value": "30.90491931693372"}, {"title": "inclination; angle with respect to x-y ecliptic plane", "label": "i", "units": "deg", "value": "11.98033408188749", "sigma": ".001357", "name": "i"}, {"value": "50.56678075816945", "name": "om", "sigma": ".00017138", "label": "node", "title": "longitude of the ascending node", "units": "deg"}, {"label": "peri", "title": "argument of perihelion", "units": "deg", "value": "102.4602557133423", "sigma": ".057424", "name": "w"}, {"name": "ma", "sigma": ".17651", "value": "293.7833595259125", "units": "deg", "title": "mean anomaly", "label": "M"}, {"title": "time of perihelion passage", "label": "tp", "units": "TDB", "value": "2476808.996321818860", "sigma": "31.936", "name": "tp"}, {"units": "d", "label": "period", "title": "sidereal orbital period", "sigma": "70.385", "name": "per", "value": "91382.74960087627"}, {"value": ".00393947437095445", "sigma": "3.0343E-6", "name": "n", "label": "n", "title": "mean motion", "units": "deg/d"}, {"value": "48.50483614540152", "sigma": ".024906", "name": "ad", "title": "aphelion distance", "label": "Q", "units": "au"}], "comment": null, "sb_used": "SB441-N16", "rms": ".14839", "model_pars": [], "data_arc": "831", "pe_used": "DE441", "n_dop_obs_used": null}}