{"orbit": {"condition_code": "2", "n_dop_obs_used": null, "elements": [{"label": "e", "value": ".2548902299180994", "title": "eccentricity", "name": "e", "sigma": "1.1191E-5", "units": null}, {"label": "a", "value": "39.39971286533937", "title": "semi-major axis", "name": "a", "units": "au", "sigma": ".0010953"}, {"title": "perihelion distance", "value": "29.35711099438592", "label": "q", "sigma": ".00046213", "units": "au", "name": "q"}, {"units": "deg", "sigma": "5.2205E-5", "name": "i", "title": "inclination; angle with respect to x-y ecliptic plane", "value": "8.904543460665835", "label": "i"}, {"title": "longitude of the ascending node", "value": "209.6010368784904", "label": "node", "units": "deg", "sigma": ".00016628", "name": "om"}, {"value": "304.3633608753397", "title": "argument of perihelion", "label": "peri", "units": "deg", "sigma": ".0036661", "name": "w"}, {"title": "mean anomaly", "value": "62.86028205688201", "label": "M", "sigma": ".0044411", "units": "deg", "name": "ma"}, {"units": "TDB", "sigma": ".45747", "name": "tp", "value": "2444227.589583716072", "title": "time of perihelion passage", "label": "tp"}, {"label": "period", "title": "sidereal orbital period", "value": "90331.24835049246", "name": "per", "sigma": "3.7666", "units": "d"}, {"name": "n", "units": "deg/d", "sigma": "1.6618E-7", "label": "n", "title": "mean motion", "value": ".00398533183780624"}, {"name": "ad", "sigma": ".0013744", "units": "au", "label": "Q", "title": "aphelion distance", "value": "49.44231473629281"}], "soln_date": "2021-04-13 18:02:25", "first_obs": "2003-03-30", "not_valid_after": null, "sb_used": "SB441-N16", "last_obs": "2020-06-23", "source": "JPL", "t_jup": "5.390", "covariance": {"labels": ["e", "q", "tp", "node", "peri", "i"], "data": [["1.356596580986457E-10", "3.407934747640344E-9", "4.553107004199659E-6", "3.442278555879575E-11", "3.311620606302739E-8", "2.418474780192056E-11"], ["3.407934747640344E-9", "2.034197262347184E-7", ".000187217599869839", "8.599610918969912E-10", "1.555718666505395E-6", "7.984392217182855E-10"], ["4.553107004199659E-6", ".000187217599869839", ".1984669400597348", "1.148205834412674E-6", ".001561929365454588", "9.256614212469878E-7"], ["3.442278555879575E-11", "8.599610918969912E-10", "1.148205834412674E-6", "2.79332065123694E-8", "-1.923710062140653E-8", "8.467751915171477E-9"], ["3.311620606302739E-8", "1.555718666505395E-6", ".001561929365454588", "-1.923710062140653E-8", "1.257238843283225E-5", "-1.303344364755506E-9"], ["2.418474780192056E-11", "7.984392217182855E-10", "9.256614212469878E-7", "8.467751915171477E-9", "-1.303344364755506E-9", "2.698011319462161E-9"]], "elements": [{"title": "eccentricity", "value": ".2606133398406952", "label": "e", "units": null, "sigma": 1.16473026104178e-05, "name": "e"}, {"title": "perihelion distance", "value": "29.45639154769651", "label": "q", "units": "au", "sigma": 0.000451020760314554, "name": "q"}, {"title": "time of perihelion passage", "value": "2444508.576069103745", "label": "tp", "units": "TDB", "sigma": 0.445496285124506, "name": "tp"}, {"label": "node", "title": "longitude of the ascending node", "value": "209.4325351241943", "name": "om", "sigma": 0.000167132302420476, "units": "deg"}, {"value": "306.1774601263407", "title": "argument of perihelion", "label": "peri", "units": "deg", "sigma": 0.00354575639784126, "name": "w"}, {"label": "i", "value": "8.864605601141754", "title": "inclination", "name": "i", "units": "deg", "sigma": 5.19423846147071e-05}], "epoch": "2457689.5"}, "epoch": "2460000.5", "producer": "Otto Matic", "rms": ".75841", "orbit_id": "7", "moid": "28.376", "two_body": null, "equinox": "J2000", "pe_used": "DE441", "moid_jup": "24.021", "comment": null, "not_valid_before": null, "n_obs_used": 177, "n_del_obs_used": null, "data_arc": "6295", "model_pars": []}, "object": {"spkid": "20133067", "orbit_id": "7", "pha": false, "fullname": "133067 (2003 FB128)", "des": "133067", "orbit_class": {"code": "TNO", "name": "TransNeptunian Object"}, "kind": "an", "prefix": null, "neo": false}, "signature": {"version": "1.3", "source": "NASA/JPL Small-Body Database (SBDB) API"}}