{"object": {"orbit_class": {"name": "TransNeptunian Object", "code": "TNO"}, "kind": "an", "prefix": null, "neo": false, "spkid": "20119473", "orbit_id": "6", "pha": false, "fullname": "119473 (2001 UO18)", "des": "119473"}, "orbit": {"elements": [{"units": null, "sigma": "1.7119E-5", "name": "e", "title": "eccentricity", "value": ".2897182769673075", "label": "e"}, {"value": "39.85747395121132", "title": "semi-major axis", "label": "a", "units": "au", "sigma": ".0012724", "name": "a"}, {"value": "28.31003527379704", "title": "perihelion distance", "label": "q", "sigma": ".00023926", "units": "au", "name": "q"}, {"label": "i", "value": "3.664781347370293", "title": "inclination; angle with respect to x-y ecliptic plane", "name": "i", "units": "deg", "sigma": "4.7304E-5"}, {"name": "om", "sigma": ".00020577", "units": "deg", "label": "node", "title": "longitude of the ascending node", "value": "36.29693376606576"}, {"value": "46.85429727448687", "title": "argument of perihelion", "label": "peri", "units": "deg", "sigma": ".0022066", "name": "w"}, {"name": "ma", "units": "deg", "sigma": ".0014151", "label": "M", "title": "mean anomaly", "value": "353.060972006296"}, {"name": "tp", "sigma": ".28219", "units": "TDB", "label": "tp", "value": "2461772.073690759365", "title": "time of perihelion passage"}, {"name": "per", "units": "d", "sigma": "4.4011", "label": "period", "title": "sidereal orbital period", "value": "91910.06712352803"}, {"label": "n", "title": "mean motion", "value": ".003916872343441513", "name": "n", "units": "deg/d", "sigma": "1.8756E-7"}, {"label": "Q", "value": "51.4049126286256", "title": "aphelion distance", "name": "ad", "sigma": ".001641", "units": "au"}], "n_dop_obs_used": null, "condition_code": "2", "soln_date": "2021-04-13 17:02:02", "not_valid_after": null, "first_obs": "2001-10-19", "sb_used": "SB441-N16", "last_obs": "2020-01-22", "source": "JPL", "t_jup": "5.418", "covariance": {"epoch": "2457179.5", "elements": [{"sigma": 1.69223952622923e-05, "units": null, "name": "e", "value": ".2868255854975592", "title": "eccentricity", "label": "e"}, {"units": "au", "sigma": 0.000243268019836622, "name": "q", "title": "perihelion distance", "value": "28.26312187744476", "label": "q"}, {"title": "time of perihelion passage", "value": "2461904.842475957051", "label": "tp", "sigma": 0.288754451609341, "units": "TDB", "name": "tp"}, {"name": "om", "sigma": 0.000204968815717939, "units": "deg", "label": "node", "value": "36.39157892920507", "title": "longitude of the ascending node"}, {"title": "argument of perihelion", "value": "47.77814711332904", "label": "peri", "sigma": 0.00226435579913116, "units": "deg", "name": "w"}, {"label": "i", "title": "inclination", "value": "3.676486863851044", "name": "i", "units": "deg", "sigma": 4.74155963427051e-05}], "data": [["2.863674614132537E-10", "3.693157668159566E-9", "-4.225387584426579E-6", "5.063004537147455E-11", "-3.255285506711043E-8", "2.406403501992218E-11"], ["3.693157668159566E-9", "5.917932947523094E-8", "-6.981808558961878E-5", "7.210069797796917E-10", "-5.447897736613422E-7", "3.514610267896036E-10"], ["-4.225387584426579E-6", "-6.981808558961878E-5", ".08337913332421137", "-8.316352569246744E-7", ".0006509274992450078", "-4.071051253143253E-7"], ["5.063004537147455E-11", "7.210069797796917E-10", "-8.316352569246744E-7", "4.201221541681438E-8", "-4.836890162197314E-8", "8.436481286103111E-9"], ["-3.255285506711043E-8", "-5.447897736613422E-7", ".0006509274992450078", "-4.836890162197314E-8", "5.127307185058914E-6", "-1.157771103968413E-8"], ["2.406403501992218E-11", "3.514610267896036E-10", "-4.071051253143253E-7", "8.436481286103111E-9", "-1.157771103968413E-8", "2.248238776534351E-9"]], "labels": ["e", "q", "tp", "node", "peri", "i"]}, "epoch": "2460000.5", "producer": "Otto Matic", "rms": ".78715", "orbit_id": "6", "moid": "27.3262", "equinox": "J2000", "two_body": null, "pe_used": "DE441", "moid_jup": "23.205", "comment": null, "not_valid_before": null, "n_obs_used": 98, "model_pars": [], "n_del_obs_used": null, "data_arc": "6669"}, "signature": {"version": "1.3", "source": "NASA/JPL Small-Body Database (SBDB) API"}}