{"signature": {"version": "1.3", "source": "NASA/JPL Small-Body Database (SBDB) API"}, "object": {"spkid": "54199073", "pha": false, "neo": false, "orbit_class": {"name": "TransNeptunian Object", "code": "TNO"}, "prefix": null, "des": "2014 XT54", "kind": "au", "orbit_id": "1", "fullname": "(2014 XT54)"}, "orbit": {"moid": "31.0645", "not_valid_before": null, "soln_date": "2021-09-22 11:42:06", "epoch": "2460000.5", "not_valid_after": null, "first_obs": "2014-12-15", "producer": "Otto Matic", "elements": [{"sigma": ".00040581", "name": "e", "value": ".1918279648295356", "units": null, "title": "eccentricity", "label": "e"}, {"value": "39.55315977276877", "sigma": ".01196", "name": "a", "title": "semi-major axis", "label": "a", "units": "au"}, {"name": "q", "sigma": ".0177", "value": "31.96575763098108", "units": "au", "title": "perihelion distance", "label": "q"}, {"label": "i", "title": "inclination; angle with respect to x-y ecliptic plane", "units": "deg", "value": "37.74040452529738", "sigma": ".00062013", "name": "i"}, {"label": "node", "title": "longitude of the ascending node", "units": "deg", "value": "62.13805427422915", "name": "om", "sigma": ".0022891"}, {"value": "133.7877465180536", "name": "w", "sigma": ".30816", "label": "peri", "title": "argument of perihelion", "units": "deg"}, {"sigma": ".45437", "name": "ma", "value": "161.0400374430069", "units": "deg", "label": "M", "title": "mean anomaly"}, {"value": "2419356.020681062000", "sigma": "104.41", "name": "tp", "title": "time of perihelion passage", "label": "tp", "units": "TDB"}, {"units": "d", "label": "period", "title": "sidereal orbital period", "name": "per", "sigma": "41.21", "value": "90859.47064559053"}, {"sigma": "1.7971E-6", "name": "n", "value": ".003962162639096017", "units": "deg/d", "title": "mean motion", "label": "n"}, {"value": "47.14056191455645", "sigma": ".014254", "name": "ad", "label": "Q", "title": "aphelion distance", "units": "au"}], "n_del_obs_used": null, "moid_jup": "26.9822", "two_body": null, "equinox": "J2000", "t_jup": "4.411", "condition_code": "5", "source": "JPL", "covariance": {"elements": [{"sigma": 0.000390665295081278, "name": "e", "value": ".202228757050123", "units": null, "title": "eccentricity", "label": "e"}, {"units": "au", "label": "q", "title": "perihelion distance", "name": "q", "sigma": 0.017051504683883, "value": "31.26302366809402"}, {"sigma": 98.954822037363, "name": "tp", "value": "2419717.607336641362", "units": "TDB", "title": "time of perihelion passage", "label": "tp"}, {"value": "61.92287345704869", "name": "om", "sigma": 0.00229772011467082, "title": "longitude of the ascending node", "label": "node", "units": "deg"}, {"units": "deg", "label": "peri", "title": "argument of perihelion", "sigma": 0.291682586471719, "name": "w", "value": "133.1301479410356"}, {"units": "deg", "label": "i", "title": "inclination", "sigma": 0.000629209710157077, "name": "i", "value": "37.81777228093101"}], "labels": ["e", "q", "tp", "node", "peri", "i"], "epoch": "2457590.5", "data": [["1.52619372780942E-7", "-5.576565705527313E-6", ".03546505779901019", "-3.691114487885323E-8", "9.596773989291344E-5", "9.164991807559154E-9"], ["-5.576565705527313E-6", ".0002907538119844838", "-.9297606450999907", "3.802120711844164E-6", "-.002042202129626215", "-8.95907236712009E-7"], [".03546505779901019", "-.9297606450999907", "9792.056804446189", ".001603268321085255", "28.49178893419444", "-.000197676564160145"], ["-3.691114487885323E-8", "3.802120711844164E-6", ".001603268321085255", "5.279517725362864E-6", "1.357567862042427E-5", "-1.443292861794344E-6"], ["9.596773989291344E-5", "-.002042202129626215", "28.49178893419444", "1.357567862042427E-5", ".08507873125083169", "-2.460840355920979E-6"], ["9.164991807559154E-9", "-8.95907236712009E-7", "-.000197676564160145", "-1.443292861794344E-6", "-2.460840355920979E-6", "3.959048593559528E-7"]]}, "n_obs_used": 19, "last_obs": "2018-11-30", "orbit_id": "1", "pe_used": "DE441", "n_dop_obs_used": null, "data_arc": "1446", "comment": null, "model_pars": [], "sb_used": "SB441-N16", "rms": ".22343"}}