{"signature": {"version": "1.3", "source": "NASA/JPL Small-Body Database (SBDB) API"}, "object": {"neo": false, "orbit_class": {"code": "TNO", "name": "TransNeptunian Object"}, "spkid": "3787129", "pha": false, "orbit_id": "2", "fullname": "(2013 UX16)", "prefix": null, "des": "2013 UX16", "kind": "au"}, "orbit": {"data_arc": "1489", "n_dop_obs_used": null, "pe_used": "DE441", "rms": ".23135", "sb_used": "SB441-N16", "model_pars": [], "comment": null, "equinox": "J2000", "two_body": null, "n_del_obs_used": null, "moid_jup": "24.9219", "elements": [{"units": null, "label": "e", "title": "eccentricity", "sigma": ".00031741", "name": "e", "value": ".2325703454833532"}, {"name": "a", "sigma": ".0074991", "value": "39.49312442685483", "units": "au", "label": "a", "title": "semi-major axis"}, {"value": "30.30819483468414", "sigma": ".0090294", "name": "q", "title": "perihelion distance", "label": "q", "units": "au"}, {"units": "deg", "title": "inclination; angle with respect to x-y ecliptic plane", "label": "i", "name": "i", "sigma": ".00083764", "value": "4.400039439725849"}, {"value": "37.33746672712583", "name": "om", "sigma": ".0045518", "label": "node", "title": "longitude of the ascending node", "units": "deg"}, {"units": "deg", "title": "argument of perihelion", "label": "peri", "sigma": ".088411", "name": "w", "value": "200.818460365766"}, {"units": "deg", "title": "mean anomaly", "label": "M", "sigma": ".15177", "name": "ma", "value": "128.106475840105"}, {"label": "tp", "title": "time of perihelion passage", "units": "TDB", "value": "2427741.622565091377", "sigma": "30.15", "name": "tp"}, {"units": "d", "label": "period", "title": "sidereal orbital period", "name": "per", "sigma": "25.82", "value": "90652.68403029065"}, {"label": "n", "title": "mean motion", "units": "deg/d", "value": ".003971200674871465", "name": "n", "sigma": "1.1311E-6"}, {"name": "ad", "sigma": ".0092432", "value": "48.67805401902551", "units": "au", "title": "aphelion distance", "label": "Q"}], "producer": "Otto Matic", "first_obs": "2013-08-02", "not_valid_after": null, "epoch": "2460000.5", "soln_date": "2021-04-15 08:53:26", "not_valid_before": null, "moid": "29.2968", "orbit_id": "2", "n_obs_used": 44, "last_obs": "2017-08-30", "covariance": {"labels": ["e", "q", "tp", "node", "peri", "i"], "elements": [{"name": "e", "sigma": 0.000305260903308557, "value": ".2373487098922173", "units": null, "label": "e", "title": "eccentricity"}, {"value": "29.87261524018653", "name": "q", "sigma": 0.00866883173624178, "label": "q", "title": "perihelion distance", "units": "au"}, {"units": "TDB", "label": "tp", "title": "time of perihelion passage", "name": "tp", "sigma": 29.8640010711518, "value": "2427607.095225545378"}, {"sigma": 0.00453484282040059, "name": "om", "value": "37.27281501394026", "units": "deg", "label": "node", "title": "longitude of the ascending node"}, {"units": "deg", "title": "argument of perihelion", "label": "peri", "sigma": 0.088314440817633, "name": "w", "value": "199.0926726466881"}, {"units": "deg", "title": "inclination", "label": "i", "sigma": 0.000842533694368345, "name": "i", "value": "4.419527259558553"}], "data": [["9.318421908875615E-8", "-2.388601836037698E-6", ".009005187108251237", "4.890945836584633E-8", "2.53322680238716E-5", "-9.348291901744793E-9"], ["-2.388601836037698E-6", "7.51486436712727E-5", "-.2137077389337232", "-8.7113959318191E-7", "-.0005381900986241375", "1.75677436064831E-7"], [".009005187108251237", "-.2137077389337232", "891.8585599777564", ".005185111726935566", "2.586434471556468", "-.0009802364816103892"], ["4.890945836584633E-8", "-8.7113959318191E-7", ".005185111726935566", "2.056479940573879E-5", "-4.152446872821809E-6", "-3.812966450786063E-6"], ["2.53322680238716E-5", "-.0005381900986241375", "2.586434471556468", "-4.152446872821809E-6", ".007799440456931198", "7.484587721381925E-7"], ["-9.348291901744793E-9", "1.75677436064831E-7", "-.0009802364816103892", "-3.812966450786063E-6", "7.484587721381925E-7", "7.098630261459713E-7"]], "epoch": "2456888.5"}, "condition_code": "4", "source": "JPL", "t_jup": "5.475"}}