{"signature": {"version": "1.3", "source": "NASA/JPL Small-Body Database (SBDB) API"}, "object": {"pha": false, "spkid": "3989519", "neo": false, "orbit_class": {"code": "TNO", "name": "TransNeptunian Object"}, "prefix": null, "kind": "au", "des": "2013 RO124", "orbit_id": "4", "fullname": "(2013 RO124)"}, "orbit": {"t_jup": "5.103", "covariance": {"elements": [{"label": "e", "title": "eccentricity", "units": null, "value": ".08039134257999168", "name": "e", "sigma": 0.000160848962569406}, {"value": "35.51812465008638", "name": "q", "sigma": 0.0078572126222797, "title": "perihelion distance", "label": "q", "units": "au"}, {"units": "TDB", "title": "time of perihelion passage", "label": "tp", "sigma": 24.3950384889135, "name": "tp", "value": "2482957.100201073408"}, {"name": "om", "sigma": 8.12550343069857e-05, "value": "181.4772079238225", "units": "deg", "title": "longitude of the ascending node", "label": "node"}, {"name": "w", "sigma": 0.107622436201768, "value": "295.7999247008902", "units": "deg", "title": "argument of perihelion", "label": "peri"}, {"value": "24.63478142500277", "name": "i", "sigma": 0.00056458412967535, "label": "i", "title": "inclination", "units": "deg"}], "labels": ["e", "q", "tp", "node", "peri", "i"], "epoch": "2457396.5", "data": [["2.587238875965414E-8", "-8.441325464297602E-7", "-.002623531354964593", "-4.898914280782468E-10", "-8.151901848653013E-6", "-2.290722442329261E-9"], ["-8.441325464297602E-7", "6.173579019171148E-5", "-.02035294193170268", "-1.171816342163545E-7", "-.0002888429895111609", "-3.899758458857439E-7"], ["-.002623531354964593", "-.02035294193170268", "595.1179028755688", ".0004599698555304254", "2.548807621235858", ".001664332281612026"], ["-4.898914280782468E-10", "-1.171816342163545E-7", ".0004599698555304254", "6.602380600229423E-9", "2.300486421768401E-6", "3.078009397270821E-8"], ["-8.151901848653013E-6", "-.0002888429895111609", "2.548807621235858", "2.300486421768401E-6", ".01158258877400353", "8.205077734948121E-6"], ["-2.290722442329261E-9", "-3.899758458857439E-7", ".001664332281612026", "3.078009397270821E-8", "8.205077734948121E-6", "3.187552394812727E-7"]]}, "condition_code": "4", "source": "JPL", "n_obs_used": 37, "last_obs": "2020-08-12", "orbit_id": "4", "epoch": "2460000.5", "soln_date": "2021-09-08 23:29:08", "not_valid_before": null, "moid": "35.0962", "first_obs": "2013-09-02", "not_valid_after": null, "n_del_obs_used": null, "elements": [{"sigma": ".00017059", "name": "e", "value": ".07796138216260579", "units": null, "label": "e", "title": "eccentricity"}, {"units": "au", "title": "semi-major axis", "label": "a", "sigma": ".0066027", "name": "a", "value": "39.04308292325655"}, {"units": "au", "label": "q", "title": "perihelion distance", "sigma": ".007756", "name": "q", "value": "35.99923021467024"}, {"value": "24.50007017861925", "name": "i", "sigma": ".00056075", "label": "i", "title": "inclination; angle with respect to x-y ecliptic plane", "units": "deg"}, {"sigma": "8.1137E-5", "name": "om", "value": "181.4329774131043", "units": "deg", "label": "node", "title": "longitude of the ascending node"}, {"label": "peri", "title": "argument of perihelion", "units": "deg", "value": "288.3719982944006", "sigma": ".10437", "name": "w"}, {"units": "deg", "title": "mean anomaly", "label": "M", "sigma": ".11541", "name": "ma", "value": "273.0767972270041"}, {"sigma": "23.517", "name": "tp", "value": "2481515.819554281774", "units": "TDB", "title": "time of perihelion passage", "label": "tp"}, {"title": "sidereal orbital period", "label": "period", "units": "d", "value": "89107.56613247706", "sigma": "22.604", "name": "per"}, {"sigma": "1.0248E-6", "name": "n", "value": ".004040060969287216", "units": "deg/d", "title": "mean motion", "label": "n"}, {"label": "Q", "title": "aphelion distance", "units": "au", "value": "42.08693563184286", "sigma": ".0071175", "name": "ad"}], "moid_jup": "31.1905", "producer": "Otto Matic", "two_body": null, "equinox": "J2000", "comment": null, "model_pars": [], "sb_used": "SB441-N16", "rms": ".15189", "n_dop_obs_used": null, "pe_used": "DE441", "data_arc": "2536"}}