{"orbit": {"n_obs_used": 13, "not_valid_before": null, "data_arc": "1419", "n_del_obs_used": null, "model_pars": [], "moid_jup": "33.8082", "equinox": "J2000", "two_body": null, "pe_used": "DE441", "comment": null, "rms": ".22924", "producer": "Otto Matic", "moid": "37.497", "orbit_id": "1", "covariance": {"data": [["1.290380663863454E-7", "-6.929649048150685E-6", "-.06552809778396168", "-2.543896023257571E-7", "-.0002107623691604485", "2.018089051997959E-8"], ["-6.929649048150685E-6", ".000419660362258112", "2.865153422677635", "1.288619980884068E-5", ".008801145834833378", "-8.29570118386018E-7"], ["-.06552809778396168", "2.865153422677635", "42363.39742229197", ".1405663773510009", "141.9753376013135", "-.01375888218622994"], ["-2.543896023257571E-7", "1.288619980884068E-5", ".1405663773510009", "7.097914342858016E-6", ".0004536616894228886", "-7.787898885067309E-7"], ["-.0002107623691604485", ".008801145834833378", "141.9753376013135", ".0004536616894228886", ".4786589505149874", "-4.587312648713474E-5"], ["2.018089051997959E-8", "-8.29570118386018E-7", "-.01375888218622994", "-7.787898885067309E-7", "-4.587312648713474E-5", "8.808267074457731E-8"]], "labels": ["e", "q", "tp", "node", "peri", "i"], "elements": [{"title": "eccentricity", "value": ".0655704924827795", "label": "e", "units": null, "sigma": 0.00035921868880439, "name": "e"}, {"sigma": 0.0204856135436094, "units": "au", "name": "q", "value": "37.43594277595315", "title": "perihelion distance", "label": "q"}, {"value": "2498613.636937013791", "title": "time of perihelion passage", "label": "tp", "units": "TDB", "sigma": 205.823704714233, "name": "tp"}, {"label": "node", "title": "longitude of the ascending node", "value": "91.02590176268838", "name": "om", "sigma": 0.0026641911235604, "units": "deg"}, {"name": "w", "units": "deg", "sigma": 0.691851826994037, "label": "peri", "title": "argument of perihelion", "value": "82.6648701651835"}, {"units": "deg", "sigma": 0.000296787248284992, "name": "i", "value": "35.38075936515565", "title": "inclination", "label": "i"}], "epoch": "2457635.5"}, "epoch": "2460000.5", "t_jup": "4.673", "source": "JPL", "last_obs": "2018-12-02", "soln_date": "2021-09-22 13:42:05", "n_dop_obs_used": null, "condition_code": "5", "elements": [{"label": "e", "title": "eccentricity", "value": ".05464153615184775", "name": "e", "units": null, "sigma": ".00041538"}, {"label": "a", "value": "40.5266243724934", "title": "semi-major axis", "name": "a", "sigma": ".0092905", "units": "au"}, {"label": "q", "title": "perihelion distance", "value": "38.31218736173145", "name": "q", "units": "au", "sigma": ".022635"}, {"name": "i", "units": "deg", "sigma": ".00029349", "label": "i", "title": "inclination; angle with respect to x-y ecliptic plane", "value": "35.36197423574986"}, {"name": "om", "units": "deg", "sigma": ".0026541", "label": "node", "value": "91.08357304198371", "title": "longitude of the ascending node"}, {"units": "deg", "sigma": ".80786", "name": "w", "title": "argument of perihelion", "value": "78.11871823049928", "label": "peri"}, {"sigma": ".91011", "units": "deg", "name": "ma", "value": "214.2795443317055", "title": "mean anomaly", "label": "M"}, {"label": "tp", "title": "time of perihelion passage", "value": "2498144.575501312298", "name": "tp", "units": "TDB", "sigma": "239.33"}, {"name": "per", "sigma": "32.404", "units": "d", "label": "period", "title": "sidereal orbital period", "value": "94234.3140329623"}, {"sigma": "1.3137E-6", "units": "deg/d", "name": "n", "title": "mean motion", "value": ".00382026445137676", "label": "n"}, {"units": "au", "sigma": ".0097982", "name": "ad", "value": "42.74106138325536", "title": "aphelion distance", "label": "Q"}], "sb_used": "SB441-N16", "not_valid_after": null, "first_obs": "2015-01-13"}, "object": {"kind": "au", "orbit_class": {"name": "TransNeptunian Object", "code": "TNO"}, "neo": false, "prefix": null, "spkid": "54199100", "des": "2015 RY345", "fullname": "(2015 RY345)", "orbit_id": "1", "pha": false}, "signature": {"source": "NASA/JPL Small-Body Database (SBDB) API", "version": "1.3"}}