{"object": {"neo": false, "prefix": null, "kind": "au", "orbit_class": {"code": "TNO", "name": "TransNeptunian Object"}, "des": "2013 XU33", "pha": false, "orbit_id": "4", "fullname": "(2013 XU33)", "spkid": "3989591"}, "orbit": {"comment": null, "two_body": null, "pe_used": "DE441", "equinox": "J2000", "moid_jup": "31.7479", "data_arc": "3312", "model_pars": [], "n_del_obs_used": null, "not_valid_before": null, "n_obs_used": 36, "epoch": "2460000.5", "covariance": {"labels": ["e", "q", "tp", "node", "peri", "i"], "data": [["1.11401241819174E-8", "-2.940107260281269E-7", ".0005484217364512992", "-6.811592612126191E-11", "3.117380848231989E-6", "1.442854228322558E-10"], ["-2.940107260281269E-7", "2.307826032699907E-5", "-.06226098878804248", "2.531796464823695E-7", "-.0003219002474532676", "-1.53141593066486E-7"], [".0005484217364512992", "-.06226098878804248", "176.534662155918", "-.0007814799592036973", ".9029685465192413", ".0004694170525665887"], ["-6.811592612126191E-11", "2.531796464823695E-7", "-.0007814799592036973", "3.636226665811931E-7", "-4.256455130457191E-6", "-2.514728261887924E-7"], ["3.117380848231989E-6", "-.0003219002474532676", ".9029685465192413", "-4.256455130457191E-6", ".004629539322525798", "2.590553255608976E-6"], ["1.442854228322558E-10", "-1.53141593066486E-7", ".0004694170525665887", "-2.514728261887924E-7", "2.590553255608976E-6", "1.763054522727284E-7"]], "elements": [{"value": ".09715722028984369", "title": "eccentricity", "label": "e", "sigma": 0.000105546786696315, "units": null, "name": "e"}, {"name": "q", "sigma": 0.00480398379753711, "units": "au", "label": "q", "title": "perihelion distance", "value": "36.56601003276023"}, {"value": "2470060.270936685454", "title": "time of perihelion passage", "label": "tp", "sigma": 13.2866347189918, "units": "TDB", "name": "tp"}, {"name": "om", "sigma": 0.000603011332050396, "units": "deg", "label": "node", "value": "54.91792026105723", "title": "longitude of the ascending node"}, {"label": "peri", "title": "argument of perihelion", "value": "28.66860614427341", "name": "w", "sigma": 0.0680407181217673, "units": "deg"}, {"units": "deg", "sigma": 0.000419887428095589, "name": "i", "value": "22.92151592817617", "title": "inclination", "label": "i"}], "epoch": "2457319.5"}, "orbit_id": "4", "moid": "35.7813", "rms": ".1444", "producer": "Otto Matic", "source": "JPL", "t_jup": "5.268", "first_obs": "2013-11-03", "not_valid_after": null, "sb_used": "SB441-N16", "condition_code": "3", "n_dop_obs_used": null, "elements": [{"label": "e", "title": "eccentricity", "value": ".1016723962141088", "name": "e", "units": null, "sigma": ".00010161"}, {"sigma": ".0047486", "units": "au", "name": "a", "title": "semi-major axis", "value": "40.9151873003734", "label": "a"}, {"label": "q", "title": "perihelion distance", "value": "36.75524216599536", "name": "q", "sigma": ".0044893", "units": "au"}, {"title": "inclination; angle with respect to x-y ecliptic plane", "value": "22.8550898442775", "label": "i", "units": "deg", "sigma": ".00041757", "name": "i"}, {"name": "om", "units": "deg", "sigma": ".00060352", "label": "node", "value": "54.96889165797914", "title": "longitude of the ascending node"}, {"units": "deg", "sigma": ".067615", "name": "w", "value": "23.62943739058551", "title": "argument of perihelion", "label": "peri"}, {"label": "M", "title": "mean anomaly", "value": "326.1389511373632", "name": "ma", "sigma": ".05478", "units": "deg"}, {"name": "tp", "units": "TDB", "sigma": "13.457", "label": "tp", "value": "2468991.813655844111", "title": "time of perihelion passage"}, {"name": "per", "sigma": "16.642", "units": "d", "label": "period", "value": "95592.8131238583", "title": "sidereal orbital period"}, {"name": "n", "units": "deg/d", "sigma": "6.5561E-7", "label": "n", "value": ".003765973489383066", "title": "mean motion"}, {"title": "aphelion distance", "value": "45.07513243475144", "label": "Q", "units": "au", "sigma": ".0052314", "name": "ad"}], "soln_date": "2022-12-21 23:47:43", "last_obs": "2022-11-28"}, "signature": {"version": "1.3", "source": "NASA/JPL Small-Body Database (SBDB) API"}}