{"object": {"fullname": "(2004 MS8)", "orbit_id": "6", "kind": "au", "des": "2004 MS8", "prefix": null, "orbit_class": {"name": "TransNeptunian Object", "code": "TNO"}, "neo": false, "pha": false, "spkid": "3563287"}, "orbit": {"epoch": "2460000.5", "moid": "26.763", "not_valid_before": null, "soln_date": "2021-04-14 22:15:13", "first_obs": "2004-06-24", "not_valid_after": null, "n_del_obs_used": null, "elements": [{"title": "eccentricity", "label": "e", "units": null, "value": ".2995651560202718", "sigma": ".0002343", "name": "e"}, {"units": "au", "title": "semi-major axis", "label": "a", "sigma": ".015971", "name": "a", "value": "39.65904258187329"}, {"value": "27.77857530321981", "sigma": ".0020128", "name": "q", "label": "q", "title": "perihelion distance", "units": "au"}, {"label": "i", "title": "inclination; angle with respect to x-y ecliptic plane", "units": "deg", "value": "12.24054985376749", "sigma": ".00045442", "name": "i"}, {"sigma": ".00018487", "name": "om", "value": "288.3219172496874", "units": "deg", "label": "node", "title": "longitude of the ascending node"}, {"sigma": ".016157", "name": "w", "value": "346.3720582112624", "units": "deg", "title": "argument of perihelion", "label": "peri"}, {"units": "deg", "label": "M", "title": "mean anomaly", "name": "ma", "sigma": ".025233", "value": "32.05334978855223"}, {"units": "TDB", "label": "tp", "title": "time of perihelion passage", "name": "tp", "sigma": "2.0653", "value": "2451878.131528480668"}, {"name": "per", "sigma": "55.106", "value": "91224.55746548141", "units": "d", "title": "sidereal orbital period", "label": "period"}, {"value": ".003946305797495601", "name": "n", "sigma": "2.3839E-6", "label": "n", "title": "mean motion", "units": "deg/d"}, {"sigma": ".020756", "name": "ad", "value": "51.53950986052676", "units": "au", "label": "Q", "title": "aphelion distance"}], "moid_jup": "22.5445", "producer": "Otto Matic", "two_body": null, "equinox": "J2000", "t_jup": "5.279", "covariance": {"elements": [{"units": null, "label": "e", "title": "eccentricity", "name": "e", "sigma": 0.000232485509408118, "value": ".2982734021101185"}, {"value": "27.65973359824749", "name": "q", "sigma": 0.00205816908337252, "label": "q", "title": "perihelion distance", "units": "au"}, {"sigma": 2.13122159485593, "name": "tp", "value": "2451684.234214846499", "units": "TDB", "label": "tp", "title": "time of perihelion passage"}, {"units": "deg", "label": "node", "title": "longitude of the ascending node", "sigma": 0.00018490122836883, "name": "om", "value": "288.3200860846838"}, {"units": "deg", "title": "argument of perihelion", "label": "peri", "name": "w", "sigma": 0.0168237515438624, "value": "344.7903219415618"}, {"value": "12.2522868841444", "sigma": 0.00045446963666213, "name": "i", "title": "inclination", "label": "i", "units": "deg"}], "labels": ["e", "q", "tp", "node", "peri", "i"], "epoch": "2453577.5", "data": [["5.404951208475195E-8", "4.412674461804782E-7", ".0003007163442038995", "3.763259592245382E-9", "2.343660634699156E-6", "2.201291101530461E-8"], ["4.412674461804782E-7", "4.236059975750475E-6", ".003775281804756546", "3.694027018088809E-8", "2.96506667698897E-5", "1.84092293821207E-7"], [".0003007163442038995", ".003775281804756546", "4.542105486380267", "3.386952857340514E-5", ".03585036103187935", ".0001293653878102284"], ["3.763259592245382E-9", "3.694027018088809E-8", "3.386952857340514E-5", "3.418846425230209E-8", "2.331102526700378E-7", "-1.194171542688929E-8"], ["2.343660634699156E-6", "2.96506667698897E-5", ".03585036103187935", "2.331102526700378E-7", ".0002830386160096126", "1.023445605938591E-6"], ["2.201291101530461E-8", "1.84092293821207E-7", ".0001293653878102284", "-1.194171542688929E-8", "1.023445605938591E-6", "2.065426506478083E-7"]]}, "source": "JPL", "condition_code": "4", "n_obs_used": 18, "last_obs": "2013-10-06", "orbit_id": "6", "n_dop_obs_used": null, "pe_used": "DE441", "data_arc": "3391", "comment": null, "model_pars": [], "sb_used": "SB441-N16", "rms": ".31078"}, "signature": {"version": "1.3", "source": "NASA/JPL Small-Body Database (SBDB) API"}}