{"object": {"spkid": "3830970", "des": "2015 VN165", "orbit_id": "2", "pha": false, "fullname": "(2015 VN165)", "orbit_class": {"code": "TNO", "name": "TransNeptunian Object"}, "kind": "au", "prefix": null, "neo": false}, "orbit": {"n_obs_used": 30, "not_valid_before": null, "data_arc": "773", "n_del_obs_used": null, "model_pars": [], "moid_jup": "25.2434", "pe_used": "DE441", "two_body": null, "equinox": "J2000", "comment": null, "producer": "Otto Matic", "rms": ".20921", "moid": "29.2604", "orbit_id": "2", "covariance": {"labels": ["e", "q", "tp", "node", "peri", "i"], "data": [["8.755075133243473E-9", "4.110273440016138E-8", ".0004172741769047924", "-3.947460825713182E-9", "2.744898145234136E-6", "4.407382995790322E-10"], ["4.110273440016138E-8", "6.848958410978959E-7", "-.0134360332840952", "3.062054520711209E-7", "-8.846770216005462E-5", "-1.908208747072312E-8"], [".0004172741769047924", "-.0134360332840952", "599.42102024095", "-.01212564014479773", "3.945523702375681", ".0008090018118914298"], ["-3.947460825713182E-9", "3.062054520711209E-7", "-.01212564014479773", ".0001100553858409743", "-.0001893625517637104", "-7.198348687408956E-6"], ["2.744898145234136E-6", "-8.846770216005462E-5", "3.945523702375681", "-.0001893625517637104", ".02607961388016546", "1.248994886262378E-5"], ["4.407382995790322E-10", "-1.908208747072312E-8", ".0008090018118914298", "-7.198348687408956E-6", "1.248994886262378E-5", "4.719931386974655E-7"]], "epoch": "2457507.5", "elements": [{"value": ".2269015561579533", "title": "eccentricity", "label": "e", "sigma": 9.35685584651355e-05, "units": null, "name": "e"}, {"sigma": 0.000827584340776151, "units": "au", "name": "q", "title": "perihelion distance", "value": "30.24985291934851", "label": "q"}, {"label": "tp", "value": "2457927.571540149454", "title": "time of perihelion passage", "name": "tp", "sigma": 24.4830762005298, "units": "TDB"}, {"name": "om", "sigma": 0.0104907285657849, "units": "deg", "label": "node", "value": "97.8939588224046", "title": "longitude of the ascending node"}, {"value": "316.310566192273", "title": "argument of perihelion", "label": "peri", "units": "deg", "sigma": 0.161491838432057, "name": "w"}, {"sigma": 0.000687017567968582, "units": "deg", "name": "i", "title": "inclination", "value": "3.949321315001316", "label": "i"}]}, "epoch": "2460000.5", "t_jup": "5.476", "source": "JPL", "last_obs": "2017-09-22", "soln_date": "2021-04-15 15:18:27", "condition_code": "4", "n_dop_obs_used": null, "elements": [{"label": "e", "title": "eccentricity", "value": ".234315691628139", "name": "e", "sigma": "9.2693E-5", "units": null}, {"title": "semi-major axis", "value": "39.5061544032129", "label": "a", "units": "au", "sigma": ".0054946", "name": "a"}, {"name": "q", "units": "au", "sigma": ".0007108", "label": "q", "title": "perihelion distance", "value": "30.24924251065602"}, {"label": "i", "title": "inclination; angle with respect to x-y ecliptic plane", "value": "3.948431226708624", "name": "i", "units": "deg", "sigma": ".00068444"}, {"value": "97.88173946380643", "title": "longitude of the ascending node", "label": "node", "sigma": ".010466", "units": "deg", "name": "om"}, {"name": "w", "sigma": ".15694", "units": "deg", "label": "peri", "value": "315.5515580425181", "title": "argument of perihelion"}, {"label": "M", "value": "8.670240030456675", "title": "mean anomaly", "name": "ma", "units": "deg", "sigma": ".094151"}, {"sigma": "23.719", "units": "TDB", "name": "tp", "value": "2457816.140166229684", "title": "time of perihelion passage", "label": "tp"}, {"value": "90697.55132441178", "title": "sidereal orbital period", "label": "period", "units": "d", "sigma": "18.922", "name": "per"}, {"name": "n", "sigma": "8.2808E-7", "units": "deg/d", "label": "n", "title": "mean motion", "value": ".003969236156247846"}, {"name": "ad", "sigma": ".0067821", "units": "au", "label": "Q", "title": "aphelion distance", "value": "48.76306629576978"}], "not_valid_after": null, "sb_used": "SB441-N16", "first_obs": "2015-08-11"}, "signature": {"source": "NASA/JPL Small-Body Database (SBDB) API", "version": "1.3"}}