{"signature": {"version": "1.3", "source": "NASA/JPL Small-Body Database (SBDB) API"}, "object": {"orbit_class": {"code": "TNO", "name": "TransNeptunian Object"}, "kind": "au", "prefix": null, "neo": false, "spkid": "3755693", "des": "2014 GJ54", "fullname": "(2014 GJ54)", "orbit_id": "6", "pha": false}, "orbit": {"moid": "27.6275", "orbit_id": "6", "producer": "Otto Matic", "rms": ".6058", "epoch": "2460000.5", "covariance": {"data": [["4.454177740494713E-10", "3.873213275194238E-9", "-4.602092061233603E-6", "-5.193014321200889E-12", "-3.281875395326961E-8", "1.319594909432663E-10"], ["3.873213275194238E-9", "1.015015663154047E-7", "-.0001250212491770076", "-1.112306623125346E-10", "-9.71306021557749E-7", "1.600789162565609E-9"], ["-4.602092061233603E-6", "-.0001250212491770076", ".1554930641467916", "1.358031792589524E-7", ".001207906177931341", "-1.906806684737883E-6"], ["-5.193014321200889E-12", "-1.112306623125346E-10", "1.358031792589524E-7", "8.235782512280458E-10", "2.602355935871875E-10", "-1.195607958151037E-9"], ["-3.281875395326961E-8", "-9.71306021557749E-7", ".001207906177931341", "2.602355935871875E-10", "9.415355585247232E-6", "-1.30070600614297E-8"], ["1.319594909432663E-10", "1.600789162565609E-9", "-1.906806684737883E-6", "-1.195607958151037E-9", "-1.30070600614297E-8", "5.080426414976009E-9"]], "labels": ["e", "q", "tp", "node", "peri", "i"], "epoch": "2457051.5", "elements": [{"units": null, "sigma": 2.11049229813679e-05, "name": "e", "value": ".2736254425098985", "title": "eccentricity", "label": "e"}, {"sigma": 0.000318593104626269, "units": "au", "name": "q", "title": "perihelion distance", "value": "28.69735279060434", "label": "q"}, {"units": "TDB", "sigma": 0.394326088595203, "name": "tp", "title": "time of perihelion passage", "value": "2462921.933973936058", "label": "tp"}, {"label": "node", "value": "233.0525010284992", "title": "longitude of the ascending node", "name": "om", "sigma": 2.86980530912472e-05, "units": "deg"}, {"label": "peri", "value": "36.88855103350662", "title": "argument of perihelion", "name": "w", "sigma": 0.00306844514131298, "units": "deg"}, {"units": "deg", "sigma": 7.12771100352421e-05, "name": "i", "value": "17.26484805407039", "title": "inclination", "label": "i"}]}, "n_del_obs_used": null, "data_arc": "3698", "model_pars": [], "n_obs_used": 92, "not_valid_before": null, "comment": null, "moid_jup": "23.4428", "two_body": null, "equinox": "J2000", "pe_used": "DE441", "last_obs": "2020-06-24", "not_valid_after": null, "sb_used": "SB441-N16", "first_obs": "2010-05-10", "soln_date": "2021-04-15 09:45:40", "condition_code": "2", "n_dop_obs_used": null, "elements": [{"sigma": "2.0938E-5", "units": null, "name": "e", "title": "eccentricity", "value": ".2727544208893956", "label": "e"}, {"name": "a", "units": "au", "sigma": ".001434", "label": "a", "title": "semi-major axis", "value": "39.36282431787328"}, {"sigma": ".00032473", "units": "au", "name": "q", "value": "28.62643996648073", "title": "perihelion distance", "label": "q"}, {"label": "i", "title": "inclination; angle with respect to x-y ecliptic plane", "value": "17.29251679726922", "name": "i", "units": "deg", "sigma": "7.1398E-5"}, {"value": "233.1014709059699", "title": "longitude of the ascending node", "label": "node", "units": "deg", "sigma": "2.866E-5", "name": "om"}, {"title": "argument of perihelion", "value": "38.03520370059573", "label": "peri", "sigma": ".0031097", "units": "deg", "name": "w"}, {"name": "ma", "units": "deg", "sigma": ".0021382", "label": "M", "title": "mean anomaly", "value": "347.7218567627817"}, {"name": "tp", "units": "TDB", "sigma": ".39719", "label": "tp", "value": "2463077.007651259315", "title": "time of perihelion passage"}, {"label": "period", "title": "sidereal orbital period", "value": "90204.41715454962", "name": "per", "sigma": "4.9294", "units": "d"}, {"name": "n", "units": "deg/d", "sigma": "2.1809E-7", "label": "n", "value": ".003990935381614433", "title": "mean motion"}, {"value": "50.09920866926583", "title": "aphelion distance", "label": "Q", "units": "au", "sigma": ".0018252", "name": "ad"}], "t_jup": "5.185", "source": "JPL"}}