{"orbit": {"data_arc": "859", "pe_used": "DE441", "n_dop_obs_used": null, "rms": ".10185", "sb_used": "SB441-N16", "model_pars": [], "comment": null, "two_body": null, "equinox": "J2000", "producer": "Otto Matic", "elements": [{"value": ".0558322895460836", "name": "e", "sigma": ".0043205", "label": "e", "title": "eccentricity", "units": null}, {"value": "38.87493274701158", "name": "a", "sigma": ".028258", "title": "semi-major axis", "label": "a", "units": "au"}, {"units": "au", "title": "perihelion distance", "label": "q", "sigma": ".146", "name": "q", "value": "36.7044562457959"}, {"units": "deg", "title": "inclination; angle with respect to x-y ecliptic plane", "label": "i", "sigma": ".003579", "name": "i", "value": "26.55920571979672"}, {"value": "72.39644338931872", "name": "om", "sigma": ".0074283", "label": "node", "title": "longitude of the ascending node", "units": "deg"}, {"title": "argument of perihelion", "label": "peri", "units": "deg", "value": "6.500865944726144", "name": "w", "sigma": "3.657"}, {"label": "M", "title": "mean anomaly", "units": "deg", "value": "324.8156053880699", "name": "ma", "sigma": "3.0403"}, {"label": "tp", "title": "time of perihelion passage", "units": "TDB", "value": "2468653.176861273425", "sigma": "755.17", "name": "tp"}, {"name": "per", "sigma": "96.531", "value": "88532.53564300993", "units": "d", "label": "period", "title": "sidereal orbital period"}, {"units": "deg/d", "title": "mean motion", "label": "n", "sigma": "4.4337E-6", "name": "n", "value": ".004066301697848453"}, {"label": "Q", "title": "aphelion distance", "units": "au", "value": "41.04540924822726", "name": "ad", "sigma": ".029836"}], "n_del_obs_used": null, "moid_jup": "31.6239", "first_obs": "2015-08-19", "not_valid_after": null, "moid": "35.72", "not_valid_before": null, "soln_date": "2021-04-15 14:23:54", "epoch": "2460000.5", "orbit_id": "5", "n_obs_used": 43, "last_obs": "2017-12-25", "source": "JPL", "condition_code": "5", "covariance": {"labels": ["e", "q", "tp", "node", "peri", "i"], "elements": [{"title": "eccentricity", "label": "e", "units": null, "value": ".05091099014617439", "name": "e", "sigma": 0.00483481852078884}, {"title": "perihelion distance", "label": "q", "units": "au", "value": "36.50862748606993", "name": "q", "sigma": 0.163631503915429}, {"label": "tp", "title": "time of perihelion passage", "units": "TDB", "value": "2470782.719326995457", "name": "tp", "sigma": 614.653618781713}, {"name": "om", "sigma": 0.00737934704294758, "value": "72.33092012313574", "units": "deg", "label": "node", "title": "longitude of the ascending node"}, {"title": "argument of perihelion", "label": "peri", "units": "deg", "value": "16.28181886811697", "name": "w", "sigma": 3.11696400305838}, {"name": "i", "sigma": 0.00357047665853164, "value": "26.61094814789145", "units": "deg", "label": "i", "title": "inclination"}], "data": [["2.33754701289628E-5", "-.0007881828611191984", "2.953158339034272", "-1.806043676240304E-5", ".01498553539824677", "8.978713637453228E-6"], ["-.0007881828611191984", ".02677526907362515", "-100.5233677479335", ".0005597191388579091", "-.5098515338420502", "-.0002784493333027441"], ["2.953158339034272", "-100.5233677479335", "377799.071081455", "-2.063345535130707", "1915.813800585041", "1.026615710166294"], ["-1.806043676240304E-5", ".0005597191388579091", "-2.063345535130707", "5.445476278025913E-5", "-.01054474560414949", "-2.633011985114969E-5"], [".01498553539824677", "-.5098515338420502", "1915.813800585041", "-.01054474560414949", "9.715464596361693", ".005245688956499367"], ["8.978713637453228E-6", "-.0002784493333027441", "1.026615710166294", "-2.633011985114969E-5", ".005245688956499367", "1.274830356911929E-5"]], "epoch": "2457507.5"}, "t_jup": "5.016"}, "object": {"neo": false, "orbit_class": {"code": "TNO", "name": "TransNeptunian Object"}, "spkid": "3742885", "pha": false, "orbit_id": "5", "fullname": "(2015 QT11)", "prefix": null, "des": "2015 QT11", "kind": "au"}, "signature": {"version": "1.3", "source": "NASA/JPL Small-Body Database (SBDB) API"}}