{"signature": {"version": "1.3", "source": "NASA/JPL Small-Body Database (SBDB) API"}, "object": {"orbit_class": {"code": "TNO", "name": "TransNeptunian Object"}, "kind": "au", "prefix": null, "neo": false, "spkid": "3696023", "fullname": "(2011 UV410)", "orbit_id": "7", "pha": false, "des": "2011 UV410"}, "orbit": {"n_del_obs_used": null, "data_arc": "2956", "model_pars": [], "n_obs_used": 32, "not_valid_before": null, "comment": null, "moid_jup": "24.2815", "two_body": null, "pe_used": "DE441", "equinox": "J2000", "moid": "28.2233", "orbit_id": "7", "producer": "Otto Matic", "rms": ".19585", "epoch": "2460000.5", "covariance": {"epoch": "2456001.5", "elements": [{"label": "e", "value": ".2644633612006017", "title": "eccentricity", "name": "e", "units": null, "sigma": 8.06177985735901e-05}, {"name": "q", "units": "au", "sigma": 0.0011993546009277, "label": "q", "title": "perihelion distance", "value": "29.22648710306796"}, {"label": "tp", "title": "time of perihelion passage", "value": "2452022.214600825760", "name": "tp", "units": "TDB", "sigma": 2.60503083620878}, {"label": "node", "title": "longitude of the ascending node", "value": "332.1605329961433", "name": "om", "sigma": 0.00643817128349229, "units": "deg"}, {"label": "peri", "title": "argument of perihelion", "value": "30.70045411809057", "name": "w", "units": "deg", "sigma": 0.0200097767395733}, {"label": "i", "title": "inclination", "value": "4.308064163427828", "name": "i", "units": "deg", "sigma": 0.000301088184147162}], "labels": ["e", "q", "tp", "node", "peri", "i"], "data": [["6.499229446851941E-9", "3.860924943693663E-8", "1.667995353530283E-5", "1.82926751320011E-9", "1.022161265031319E-7", "2.452377770636779E-10"], ["3.860924943693663E-8", "1.438451458766431E-6", ".002905478384921376", "-6.971145059238757E-8", "2.109678514655749E-5", "-1.701403037504691E-9"], ["1.667995353530283E-5", ".002905478384921376", "6.786185657598598", "-.0001885024391678455", ".04936156986511882", "-7.250774281679643E-6"], ["1.82926751320011E-9", "-6.971145059238757E-8", "-.0001885024391678455", "4.145004947558472E-5", "-4.270505927737491E-5", "1.928054835911682E-6"], ["1.022161265031319E-7", "2.109678514655749E-5", ".04936156986511882", "-4.270505927737491E-5", ".0004003911651675685", "-1.975668374694494E-6"], ["2.452377770636779E-10", "-1.701403037504691E-9", "-7.250774281679643E-6", "1.928054835911682E-6", "-1.975668374694494E-6", "9.065409463303531E-8"]]}, "t_jup": "5.448", "source": "JPL", "last_obs": "2013-11-01", "first_obs": "2005-09-28", "not_valid_after": null, "sb_used": "SB441-N16", "soln_date": "2021-04-15 05:41:06", "n_dop_obs_used": null, "condition_code": "3", "elements": [{"name": "e", "units": null, "sigma": "8.0787E-5", "label": "e", "value": ".2652896830576406", "title": "eccentricity"}, {"value": "39.77952903421809", "title": "semi-major axis", "label": "a", "units": "au", "sigma": ".0052415", "name": "a"}, {"label": "q", "value": "29.22643038454816", "title": "perihelion distance", "name": "q", "sigma": ".0011947", "units": "au"}, {"label": "i", "value": "4.306067045054592", "title": "inclination; angle with respect to x-y ecliptic plane", "name": "i", "units": "deg", "sigma": ".00030034"}, {"name": "om", "units": "deg", "sigma": ".0064418", "label": "node", "value": "332.0233167955038", "title": "longitude of the ascending node"}, {"name": "w", "units": "deg", "sigma": ".019942", "label": "peri", "title": "argument of perihelion", "value": "30.89049805180438"}, {"sigma": ".01366", "units": "deg", "name": "ma", "value": "31.2662330842839", "title": "mean anomaly", "label": "M"}, {"units": "TDB", "sigma": "2.5949", "name": "tp", "value": "2452041.455318545768", "title": "time of perihelion passage", "label": "tp"}, {"value": "91640.59122823327", "title": "sidereal orbital period", "label": "period", "units": "d", "sigma": "18.112", "name": "per"}, {"label": "n", "value": ".00392839019450901", "title": "mean motion", "name": "n", "units": "deg/d", "sigma": "7.7643E-7"}, {"label": "Q", "title": "aphelion distance", "value": "50.33262768388802", "name": "ad", "sigma": ".006632", "units": "au"}]}}