{"signature": {"version": "1.3", "source": "NASA/JPL Small-Body Database (SBDB) API"}, "object": {"des": "2012 XW159", "orbit_id": "3", "pha": false, "fullname": "(2012 XW159)", "spkid": "3841272", "neo": false, "prefix": null, "kind": "au", "orbit_class": {"code": "TNO", "name": "TransNeptunian Object"}}, "orbit": {"source": "JPL", "t_jup": "5.167", "elements": [{"value": ".2123582212184554", "title": "eccentricity", "label": "e", "sigma": "2.0709E-5", "units": null, "name": "e"}, {"name": "a", "sigma": ".0011753", "units": "au", "label": "a", "value": "39.63459997521787", "title": "semi-major axis"}, {"name": "q", "units": "au", "sigma": ".00030419", "label": "q", "value": "31.21786682577557", "title": "perihelion distance"}, {"label": "i", "title": "inclination; angle with respect to x-y ecliptic plane", "value": "20.99912652950765", "name": "i", "sigma": "4.4716E-5", "units": "deg"}, {"units": "deg", "sigma": ".00032886", "name": "om", "title": "longitude of the ascending node", "value": "146.4559840684661", "label": "node"}, {"sigma": ".009119", "units": "deg", "name": "w", "value": "273.7829153731427", "title": "argument of perihelion", "label": "peri"}, {"units": "deg", "sigma": ".0057989", "name": "ma", "title": "mean anomaly", "value": "21.37860157537092", "label": "M"}, {"title": "time of perihelion passage", "value": "2454588.136723708978", "label": "tp", "units": "TDB", "sigma": "1.4409", "name": "tp"}, {"value": "91140.23537018754", "title": "sidereal orbital period", "label": "period", "sigma": "4.0538", "units": "d", "name": "per"}, {"label": "n", "title": "mean motion", "value": ".003949956882794686", "name": "n", "units": "deg/d", "sigma": "1.7569E-7"}, {"name": "ad", "sigma": ".0014248", "units": "au", "label": "Q", "title": "aphelion distance", "value": "48.05133312466018"}], "n_dop_obs_used": null, "condition_code": "3", "soln_date": "2021-04-15 07:23:16", "not_valid_after": null, "sb_used": "SB441-N16", "first_obs": "2012-01-10", "last_obs": "2021-02-15", "two_body": null, "pe_used": "DE441", "equinox": "J2000", "moid_jup": "26.5508", "comment": null, "not_valid_before": null, "n_obs_used": 88, "model_pars": [], "data_arc": "3324", "n_del_obs_used": null, "covariance": {"labels": ["e", "q", "tp", "node", "peri", "i"], "data": [["4.203083142297589E-10", "1.368586117350561E-9", "-8.245285181097392E-6", "1.779210363895313E-10", "-5.21977423748797E-8", "2.112890804689671E-11"], ["1.368586117350561E-9", "8.562660006805074E-8", ".000371473351972396", "-9.524071601819534E-9", "2.337267570535091E-6", "1.66546047365755E-9"], ["-8.245285181097392E-6", ".000371473351972396", "2.168109343929788", "-5.394168090887223E-5", ".01364469660561305", "7.417579956500431E-6"], ["1.779210363895313E-10", "-9.524071601819534E-9", "-5.394168090887223E-5", "1.089648652675097E-7", "-4.400141251757078E-7", "-1.451356875282453E-8"], ["-5.21977423748797E-8", "2.337267570535091E-6", ".01364469660561305", "-4.400141251757078E-7", "8.596642829546235E-5", "6.005094888396484E-8"], ["2.112890804689671E-11", "1.66546047365755E-9", "7.417579956500431E-6", "-1.451356875282453E-8", "6.005094888396484E-8", "1.979504966443E-9"]], "epoch": "2457306.5", "elements": [{"name": "e", "sigma": 2.05014222489504e-05, "units": null, "label": "e", "title": "eccentricity", "value": ".2094528490495431"}, {"title": "perihelion distance", "value": "31.26190874366484", "label": "q", "units": "au", "sigma": 0.000292620231816002, "name": "q"}, {"name": "tp", "units": "TDB", "sigma": 1.47245011593934, "label": "tp", "title": "time of perihelion passage", "value": "2454731.394241918327"}, {"label": "node", "title": "longitude of the ascending node", "value": "146.6507405585209", "name": "om", "sigma": 0.000330098266077709, "units": "deg"}, {"label": "peri", "value": "274.5701173107083", "title": "argument of perihelion", "name": "w", "sigma": 0.00927180825381232, "units": "deg"}, {"name": "i", "units": "deg", "sigma": 4.4491628048915e-05, "label": "i", "title": "inclination", "value": "20.96592224670551"}]}, "epoch": "2460000.5", "rms": ".58904", "producer": "Otto Matic", "orbit_id": "3", "moid": "30.2968"}}