{"orbit": {"data_arc": "5855", "n_dop_obs_used": null, "pe_used": "DE441", "comment": null, "sb_used": "SB441-N16", "rms": ".34301", "model_pars": [], "first_obs": "2003-04-26", "not_valid_after": null, "epoch": "2460000.5", "not_valid_before": null, "moid": "31.6865", "soln_date": "2021-04-14 21:44:22", "two_body": null, "equinox": "J2000", "moid_jup": "27.227", "n_del_obs_used": null, "elements": [{"sigma": ".00041343", "name": "e", "value": ".1678438864571173", "units": null, "title": "eccentricity", "label": "e"}, {"label": "a", "title": "semi-major axis", "units": "au", "value": "39.28189682833041", "name": "a", "sigma": ".02427"}, {"label": "q", "title": "perihelion distance", "units": "au", "value": "32.68867059725592", "sigma": ".0039737", "name": "q"}, {"units": "deg", "label": "i", "title": "inclination; angle with respect to x-y ecliptic plane", "sigma": ".00038148", "name": "i", "value": "27.6904931763217"}, {"units": "deg", "title": "longitude of the ascending node", "label": "node", "name": "om", "sigma": ".00024481", "value": "199.8146234848007"}, {"units": "deg", "label": "peri", "title": "argument of perihelion", "name": "w", "sigma": ".034225", "value": "3.61711522717259"}, {"sigma": ".044869", "name": "ma", "value": "24.90941266742936", "units": "deg", "label": "M", "title": "mean anomaly"}, {"value": "2453778.240927213023", "name": "tp", "sigma": "6.0206", "label": "tp", "title": "time of perihelion passage", "units": "TDB"}, {"value": "89926.37827756858", "sigma": "83.339", "name": "per", "label": "period", "title": "sidereal orbital period", "units": "d"}, {"sigma": "3.71E-6", "name": "n", "value": ".004003274755365068", "units": "deg/d", "label": "n", "title": "mean motion"}, {"name": "ad", "sigma": ".028343", "value": "45.8751230594049", "units": "au", "title": "aphelion distance", "label": "Q"}], "producer": "Otto Matic", "covariance": {"labels": ["e", "q", "tp", "node", "peri", "i"], "elements": [{"value": ".1723769270317853", "name": "e", "sigma": 0.000415521452880106, "title": "eccentricity", "label": "e", "units": null}, {"name": "q", "sigma": 0.0039464256975436, "value": "32.68250895503073", "units": "au", "label": "q", "title": "perihelion distance"}, {"value": "2453906.750519784203", "name": "tp", "sigma": 5.65538106462264, "title": "time of perihelion passage", "label": "tp", "units": "TDB"}, {"label": "node", "title": "longitude of the ascending node", "units": "deg", "value": "199.7229553990568", "sigma": 0.000242505903995179, "name": "om"}, {"name": "w", "sigma": 0.0322054204368171, "value": "4.351521767697377", "units": "deg", "label": "peri", "title": "argument of perihelion"}, {"units": "deg", "title": "inclination", "label": "i", "name": "i", "sigma": 0.000381156963551565, "value": "27.6413693358216"}], "data": [["1.726580778035939E-7", "1.63172340226634E-6", ".001833874934803221", "-2.755021525470339E-8", "1.045196619710836E-5", "2.008171022210608E-8"], ["1.63172340226634E-6", "1.557427578623246E-5", ".01861990692108191", "-2.633644274291792E-7", ".0001061112159738896", "1.850849160949544E-7"], [".001833874934803221", ".01861990692108191", "31.9833349860923", "-.0003184595997583344", ".1821293044503142", ".0001652095022982882"], ["-2.755021525470339E-8", "-2.633644274291792E-7", "-.0003184595997583344", "5.880911347251873E-8", "-1.862935815112073E-6", "4.589287003565425E-8"], ["1.045196619710836E-5", ".0001061112159738896", ".1821293044503142", "-1.862935815112073E-6", ".001037189105512155", "8.988505795198576E-7"], ["2.008171022210608E-8", "1.850849160949544E-7", ".0001652095022982882", "4.589287003565425E-8", "8.988505795198576E-7", "1.452806308638489E-7"]], "epoch": "2454865.5"}, "condition_code": "4", "source": "JPL", "t_jup": "4.929", "orbit_id": "5", "last_obs": "2019-05-07", "n_obs_used": 19}, "object": {"pha": false, "spkid": "3330193", "orbit_class": {"name": "TransNeptunian Object", "code": "TNO"}, "neo": false, "kind": "au", "des": "2003 HA57", "prefix": null, "fullname": "(2003 HA57)", "orbit_id": "5"}, "signature": {"version": "1.3", "source": "NASA/JPL Small-Body Database (SBDB) API"}}