{"object": {"neo": false, "orbit_class": {"name": "TransNeptunian Object", "code": "TNO"}, "pha": false, "spkid": "54196384", "orbit_id": "1", "fullname": "(2013 RQ156)", "prefix": null, "kind": "au", "des": "2013 RQ156"}, "orbit": {"n_dop_obs_used": null, "pe_used": "DE441", "data_arc": "1886", "model_pars": [], "rms": ".18142", "sb_used": "SB441-N16", "comment": null, "n_del_obs_used": null, "elements": [{"units": null, "label": "e", "title": "eccentricity", "sigma": ".0001503", "name": "e", "value": ".1161686788907847"}, {"value": "39.76272389901042", "name": "a", "sigma": ".0064223", "title": "semi-major axis", "label": "a", "units": "au"}, {"name": "q", "sigma": ".011118", "value": "35.14354079456335", "units": "au", "title": "perihelion distance", "label": "q"}, {"units": "deg", "title": "inclination; angle with respect to x-y ecliptic plane", "label": "i", "sigma": ".00070314", "name": "i", "value": "12.28565315126314"}, {"title": "longitude of the ascending node", "label": "node", "units": "deg", "value": "189.3405500178469", "sigma": ".00053616", "name": "om"}, {"title": "argument of perihelion", "label": "peri", "units": "deg", "value": ".2843729360085763", "name": "w", "sigma": ".20278"}, {"sigma": ".25526", "name": "ma", "value": "177.9131172309279", "units": "deg", "title": "mean anomaly", "label": "M"}, {"units": "TDB", "title": "time of perihelion passage", "label": "tp", "sigma": "64.897", "name": "tp", "value": "2414740.131399097700"}, {"units": "d", "label": "period", "title": "sidereal orbital period", "name": "per", "sigma": "22.188", "value": "91582.52606622515"}, {"value": ".00393088087283896", "name": "n", "sigma": "9.5235E-7", "title": "mean motion", "label": "n", "units": "deg/d"}, {"units": "au", "title": "aphelion distance", "label": "Q", "name": "ad", "sigma": ".0071684", "value": "44.3819070034575"}], "moid_jup": "29.6807", "producer": "Otto Matic", "equinox": "J2000", "two_body": null, "epoch": "2460000.5", "moid": "34.1448", "not_valid_before": null, "soln_date": "2021-09-13 10:42:07", "first_obs": "2013-09-09", "not_valid_after": null, "n_obs_used": 30, "last_obs": "2018-11-08", "orbit_id": "1", "t_jup": "5.496", "covariance": {"data": [["2.204542839811885E-8", "-1.533822255776759E-6", ".005602978734552187", "-1.217517524785088E-9", "1.330315559503308E-5", "3.553856838574813E-9"], ["-1.533822255776759E-6", ".0001165028078773109", "-.2484836435838517", "1.92709110365728E-8", "-.0004272163844852228", "-1.842669711146493E-7"], [".005602978734552187", "-.2484836435838517", "3485.704776023851", "-.001259492811741249", "10.64206397604962", ".001828330828884092"], ["-1.217517524785088E-9", "1.92709110365728E-8", "-.001259492811741249", "2.842259809170148E-7", "-4.359570425317313E-6", "-3.676826190025176E-7"], ["1.330315559503308E-5", "-.0004272163844852228", "10.64206397604962", "-4.359570425317313E-6", ".03360352371770552", "5.758713113280628E-6"], ["3.553856838574813E-9", "-1.842669711146493E-7", ".001828330828884092", "-3.676826190025176E-7", "5.758713113280628E-6", "5.011388644794357E-7"]], "epoch": "2457574.5", "labels": ["e", "q", "tp", "node", "peri", "i"], "elements": [{"value": ".1277105856236089", "name": "e", "sigma": 0.000148477029866976, "title": "eccentricity", "label": "e", "units": null}, {"title": "perihelion distance", "label": "q", "units": "au", "value": "34.3198237188425", "name": "q", "sigma": 0.0107936466440824}, {"units": "TDB", "title": "time of perihelion passage", "label": "tp", "sigma": 59.0398575203553, "name": "tp", "value": "2415407.824708127686"}, {"units": "deg", "label": "node", "title": "longitude of the ascending node", "name": "om", "sigma": 0.000533128484435989, "value": "189.3103680427265"}, {"sigma": 0.183312639274289, "name": "w", "value": ".1159030438440129", "units": "deg", "title": "argument of perihelion", "label": "peri"}, {"label": "i", "title": "inclination", "units": "deg", "value": "12.36529691431697", "sigma": 0.000707911621941211, "name": "i"}]}, "condition_code": "4", "source": "JPL"}, "signature": {"version": "1.3", "source": "NASA/JPL Small-Body Database (SBDB) API"}}