{"signature": {"version": "1.3", "source": "NASA/JPL Small-Body Database (SBDB) API"}, "orbit": {"last_obs": "2017-12-13", "n_obs_used": 31, "orbit_id": "2", "t_jup": "5.549", "source": "JPL", "condition_code": "5", "covariance": {"elements": [{"sigma": 0.000322581223167934, "name": "e", "value": ".1827222568493795", "units": null, "label": "e", "title": "eccentricity"}, {"value": "32.10089382701003", "name": "q", "sigma": 0.00726869588684485, "title": "perihelion distance", "label": "q", "units": "au"}, {"label": "tp", "title": "time of perihelion passage", "units": "TDB", "value": "2455480.332499006417", "sigma": 66.7603615454844, "name": "tp"}, {"name": "om", "sigma": 0.0495655310169643, "value": "166.4285558003662", "units": "deg", "title": "longitude of the ascending node", "label": "node"}, {"title": "argument of perihelion", "label": "peri", "units": "deg", "value": "234.2654349267011", "name": "w", "sigma": 0.400782430597598}, {"units": "deg", "title": "inclination", "label": "i", "sigma": 0.000498538060696352, "name": "i", "value": "1.285809800166369"}], "labels": ["e", "q", "tp", "node", "peri", "i"], "epoch": "2457455.5", "data": [["1.040586455405203E-7", "-2.197190649011788E-6", "-.02072044151125386", "4.337170559484227E-7", "-.0001234554273197603", "4.374598378046111E-9"], ["-2.197190649011788E-6", "5.283393989543522E-5", ".4829923665892891", "-9.88264354861767E-6", ".002877286052125589", "-9.799796188816663E-8"], ["-.02072044151125386", ".4829923665892891", "4456.945873683787", "-.09177742315142405", "26.55123197010629", "-.0009147994678795009"], ["4.337170559484227E-7", "-9.88264354861767E-6", "-.09177742315142405", ".002456741864993646", "-.003000976656981538", "2.467473625033568E-5"], ["-.0001234554273197603", ".002877286052125589", "26.55123197010629", "-.003000976656981538", ".1606265566757182", "-3.009937114633734E-5"], ["4.374598378046111E-9", "-9.799796188816663E-8", "-.0009147994678795009", "2.467473625033568E-5", "-3.009937114633734E-5", "2.485401979628792E-7"]]}, "producer": "Otto Matic", "moid_jup": "27.1072", "n_del_obs_used": null, "elements": [{"value": ".190530659484955", "sigma": ".00033538", "name": "e", "label": "e", "title": "eccentricity", "units": null}, {"title": "semi-major axis", "label": "a", "units": "au", "value": "39.63619027199605", "name": "a", "sigma": ".0083034"}, {"sigma": ".0075105", "name": "q", "value": "32.08428080000149", "units": "au", "label": "q", "title": "perihelion distance"}, {"units": "deg", "title": "inclination; angle with respect to x-y ecliptic plane", "label": "i", "sigma": ".00049346", "name": "i", "value": "1.284801232672518"}, {"value": "166.2040067679082", "name": "om", "sigma": ".049513", "title": "longitude of the ascending node", "label": "node", "units": "deg"}, {"units": "deg", "title": "argument of perihelion", "label": "peri", "sigma": ".38491", "name": "w", "value": "233.9876199963359"}, {"units": "deg", "label": "M", "title": "mean anomaly", "name": "ma", "sigma": ".24732", "value": "18.12984819052243"}, {"title": "time of perihelion passage", "label": "tp", "units": "TDB", "value": "2455410.338663764969", "sigma": "63.757", "name": "tp"}, {"label": "period", "title": "sidereal orbital period", "units": "d", "value": "91145.72078482441", "sigma": "28.641", "name": "per"}, {"title": "mean motion", "label": "n", "units": "deg/d", "value": ".003949719162898313", "name": "n", "sigma": "1.2411E-6"}, {"name": "ad", "sigma": ".0098855", "value": "47.18809974399061", "units": "au", "title": "aphelion distance", "label": "Q"}], "equinox": "J2000", "two_body": null, "not_valid_before": null, "soln_date": "2021-04-15 15:18:25", "moid": "31.0912", "epoch": "2460000.5", "not_valid_after": null, "first_obs": "2015-08-20", "model_pars": [], "sb_used": "SB441-N16", "rms": ".25951", "comment": null, "pe_used": "DE441", "n_dop_obs_used": null, "data_arc": "846"}, "object": {"des": "2015 VY164", "kind": "au", "prefix": null, "fullname": "(2015 VY164)", "orbit_id": "2", "spkid": "3830957", "pha": false, "orbit_class": {"name": "TransNeptunian Object", "code": "TNO"}, "neo": false}}