{"orbit": {"rms": ".18349", "sb_used": "SB441-N16", "model_pars": [], "comment": null, "data_arc": "862", "pe_used": "DE441", "n_dop_obs_used": null, "orbit_id": "2", "n_obs_used": 34, "last_obs": "2017-11-22", "condition_code": "5", "source": "JPL", "covariance": {"labels": ["e", "q", "tp", "node", "peri", "i"], "elements": [{"value": ".1665503309330012", "sigma": 0.00123065955268159, "name": "e", "label": "e", "title": "eccentricity", "units": null}, {"sigma": 0.0338287713486845, "name": "q", "value": "32.64931276658303", "units": "au", "title": "perihelion distance", "label": "q"}, {"name": "tp", "sigma": 109.525490421654, "value": "2430188.613963990927", "units": "TDB", "title": "time of perihelion passage", "label": "tp"}, {"label": "node", "title": "longitude of the ascending node", "units": "deg", "value": "342.5844325918762", "sigma": 0.00755515940612652, "name": "om"}, {"units": "deg", "label": "peri", "title": "argument of perihelion", "name": "w", "sigma": 0.325709127299409, "value": "263.6762277969315"}, {"units": "deg", "title": "inclination", "label": "i", "name": "i", "sigma": 0.00131559755781387, "value": "5.785088496925889"}], "data": [["1.514522934606444E-6", "-4.135682566437568E-5", ".1346013847273426", "3.389119536377925E-7", ".0003983066989745171", "6.004208304830993E-8"], ["-4.135682566437568E-5", ".001144385770961579", "-3.653945149218889", "-8.541717085297376E-6", "-.01073924302022207", "-1.509804432900978E-6"], [".1346013847273426", "-3.653945149218889", "11995.83305210372", ".03101032135496053", "35.6038945217701", ".005498097472100087"], ["3.389119536377925E-7", "-8.541717085297376E-6", ".03101032135496053", "5.708043365198203E-5", "3.849712183640501E-5", "9.933262610152609E-6"], [".0003983066989745171", "-.01073924302022207", "35.6038945217701", "3.849712183640501E-5", ".1060864356061427", "7.027795876833932E-6"], ["6.004208304830993E-8", "-1.509804432900978E-6", ".005498097472100087", "9.933262610152609E-6", "7.027795876833932E-6", "1.730796934125815E-6"]], "epoch": "2457515.5"}, "t_jup": "5.551", "two_body": null, "equinox": "J2000", "producer": "Otto Matic", "n_del_obs_used": null, "moid_jup": "27.943", "elements": [{"title": "eccentricity", "label": "e", "units": null, "value": ".1604679148417567", "sigma": ".0012935", "name": "e"}, {"value": "39.61145705359465", "name": "a", "sigma": ".018583", "label": "a", "title": "semi-major axis", "units": "au"}, {"label": "q", "title": "perihelion distance", "units": "au", "value": "33.25508913636052", "name": "q", "sigma": ".036354"}, {"label": "i", "title": "inclination; angle with respect to x-y ecliptic plane", "units": "deg", "value": "5.756339105386195", "sigma": ".0013053", "name": "i"}, {"title": "longitude of the ascending node", "label": "node", "units": "deg", "value": "342.402071256096", "name": "om", "sigma": ".0075793"}, {"name": "w", "sigma": ".31344", "value": "267.3192998948103", "units": "deg", "label": "peri", "title": "argument of perihelion"}, {"name": "ma", "sigma": ".50905", "value": "116.2553319026012", "units": "deg", "title": "mean anomaly", "label": "M"}, {"value": "2430594.223740327678", "sigma": "108.43", "name": "tp", "label": "tp", "title": "time of perihelion passage", "units": "TDB"}, {"label": "period", "title": "sidereal orbital period", "units": "d", "value": "91060.42088763043", "name": "per", "sigma": "64.077"}, {"units": "deg/d", "title": "mean motion", "label": "n", "sigma": "2.7819E-6", "name": "n", "value": ".003953419021028291"}, {"units": "au", "label": "Q", "title": "aphelion distance", "name": "ad", "sigma": ".021564", "value": "45.96782497082878"}], "not_valid_after": null, "first_obs": "2015-07-14", "moid": "32.2463", "not_valid_before": null, "soln_date": "2021-04-15 14:36:57", "epoch": "2460000.5"}, "object": {"orbit_id": "2", "fullname": "(2015 RV277)", "prefix": null, "kind": "au", "des": "2015 RV277", "neo": false, "orbit_class": {"name": "TransNeptunian Object", "code": "TNO"}, "pha": false, "spkid": "3830940"}, "signature": {"version": "1.3", "source": "NASA/JPL Small-Body Database (SBDB) API"}}