{"object": {"spkid": "3773001", "pha": false, "orbit_id": "6", "fullname": "(2014 TF86)", "des": "2014 TF86", "kind": "au", "orbit_class": {"code": "TNO", "name": "TransNeptunian Object"}, "neo": false, "prefix": null}, "orbit": {"epoch": "2460000.5", "covariance": {"data": [["6.854117966011258E-8", "-3.594733536783698E-6", ".0165942701264423", "7.323295271946289E-8", "4.762064183368112E-5", "6.167981470604027E-9"], ["-3.594733536783698E-6", ".0002606595152177009", "-.4181380817279857", "-7.090281232790456E-7", "-.0006117771458922626", "3.628692262465323E-7"], [".0165942701264423", "-.4181380817279857", "6856.339080826105", ".03735623622983837", "23.36482158686388", ".005789329521169516"], ["7.323295271946289E-8", "-7.090281232790456E-7", ".03735623622983837", "1.602776284617663E-6", ".0001315580810207943", "2.267160434099932E-7"], ["4.762064183368112E-5", "-.0006117771458922626", "23.36482158686388", ".0001315580810207943", ".08243488576248298", "2.20457097129967E-5"], ["6.167981470604027E-9", "3.628692262465323E-7", ".005789329521169516", "2.267160434099932E-7", "2.20457097129967E-5", "3.36475265872754E-8"]], "labels": ["e", "q", "tp", "node", "peri", "i"], "epoch": "2457535.5", "elements": [{"name": "e", "sigma": 0.000261803704443067, "units": null, "label": "e", "value": ".08116251365253502", "title": "eccentricity"}, {"units": "au", "sigma": 0.0161449532429704, "name": "q", "title": "perihelion distance", "value": "37.0585964325136", "label": "q"}, {"value": "2420072.342687316523", "title": "time of perihelion passage", "label": "tp", "units": "TDB", "sigma": 82.8030137182585, "name": "tp"}, {"sigma": 0.00126600801127705, "units": "deg", "name": "om", "title": "longitude of the ascending node", "value": "65.00625286592948", "label": "node"}, {"name": "w", "sigma": 0.287114760614084, "units": "deg", "label": "peri", "title": "argument of perihelion", "value": "106.3126287594681"}, {"value": "32.03883544709394", "title": "inclination", "label": "i", "units": "deg", "sigma": 0.000183432621382554, "name": "i"}]}, "moid": "36.8987", "orbit_id": "6", "rms": ".18341", "producer": "Otto Matic", "comment": null, "moid_jup": "32.9821", "pe_used": "DE441", "two_body": null, "equinox": "J2000", "model_pars": [], "data_arc": "1498", "n_del_obs_used": null, "n_obs_used": 65, "not_valid_before": null, "sb_used": "SB441-N16", "not_valid_after": null, "first_obs": "2014-10-01", "soln_date": "2021-09-08 23:45:03", "n_dop_obs_used": null, "elements": [{"name": "e", "sigma": ".00026667", "units": null, "label": "e", "title": "eccentricity", "value": ".07165948161998775"}, {"label": "a", "title": "semi-major axis", "value": "40.66899417690519", "name": "a", "units": "au", "sigma": ".010007"}, {"name": "q", "sigma": ".016571", "units": "au", "label": "q", "title": "perihelion distance", "value": "37.75467513618186"}, {"value": "32.04951845779674", "title": "inclination; angle with respect to x-y ecliptic plane", "label": "i", "sigma": ".00018519", "units": "deg", "name": "i"}, {"label": "node", "title": "longitude of the ascending node", "value": "65.20224553123664", "name": "om", "sigma": ".0012625", "units": "deg"}, {"units": "deg", "sigma": ".32502", "name": "w", "title": "argument of perihelion", "value": "106.8967696506859", "label": "peri"}, {"title": "mean anomaly", "value": "153.2879381072709", "label": "M", "sigma": ".37934", "units": "deg", "name": "ma"}, {"name": "tp", "units": "TDB", "sigma": "93.734", "label": "tp", "title": "time of perihelion passage", "value": "2419663.921587556521"}, {"name": "per", "sigma": "34.965", "units": "d", "label": "period", "value": "94731.31681318422", "title": "sidereal orbital period"}, {"name": "n", "sigma": "1.4027E-6", "units": "deg/d", "label": "n", "value": ".003800221638531019", "title": "mean motion"}, {"label": "Q", "title": "aphelion distance", "value": "43.58331321762851", "name": "ad", "units": "au", "sigma": ".010724"}], "condition_code": "4", "last_obs": "2018-11-07", "t_jup": "4.855", "source": "JPL"}, "signature": {"version": "1.3", "source": "NASA/JPL Small-Body Database (SBDB) API"}}