{"signature": {"version": "1.3", "source": "NASA/JPL Small-Body Database (SBDB) API"}, "orbit": {"equinox": "J2000", "two_body": null, "producer": "Otto Matic", "moid_jup": "28.7534", "n_del_obs_used": null, "elements": [{"sigma": ".00043205", "name": "e", "value": ".151272967894676", "units": null, "title": "eccentricity", "label": "e"}, {"value": "39.71697026752783", "sigma": ".034674", "name": "a", "title": "semi-major axis", "label": "a", "units": "au"}, {"value": "33.70886629937429", "sigma": ".012341", "name": "q", "label": "q", "title": "perihelion distance", "units": "au"}, {"value": "2.785110653500323", "sigma": "6.7736E-5", "name": "i", "title": "inclination; angle with respect to x-y ecliptic plane", "label": "i", "units": "deg"}, {"sigma": ".0068517", "name": "om", "value": "315.03234811032", "units": "deg", "label": "node", "title": "longitude of the ascending node"}, {"value": "40.97490672775321", "sigma": ".16873", "name": "w", "title": "argument of perihelion", "label": "peri", "units": "deg"}, {"title": "mean anomaly", "label": "M", "units": "deg", "value": "60.13074144551667", "sigma": ".19714", "name": "ma"}, {"units": "TDB", "title": "time of perihelion passage", "label": "tp", "name": "tp", "sigma": "30.08", "value": "2444729.880612002020"}, {"sigma": "119.72", "name": "per", "value": "91424.50013958973", "units": "d", "title": "sidereal orbital period", "label": "period"}, {"name": "n", "sigma": "5.1566E-6", "value": ".003937675343593249", "units": "deg/d", "label": "n", "title": "mean motion"}, {"units": "au", "label": "Q", "title": "aphelion distance", "name": "ad", "sigma": ".039919", "value": "45.72507423568137"}], "not_valid_after": null, "first_obs": "1999-10-14", "moid": "32.7035", "not_valid_before": null, "soln_date": "2021-04-14 21:38:34", "epoch": "2460000.5", "orbit_id": "7", "last_obs": "2020-12-09", "n_obs_used": 19, "condition_code": "5", "source": "JPL", "covariance": {"epoch": "2454317.5", "data": [["1.676435147724527E-7", "5.24778782343668E-6", ".01306063995953362", "1.331663666439142E-8", "7.353322406956412E-5", "5.768915182607491E-9"], ["5.24778782343668E-6", ".0001678316740535819", ".4152983660864133", "3.312188804156948E-7", ".002341140595048992", "1.832783367913091E-7"], [".01306063995953362", ".4152983660864133", "1029.325840187032", ".0008815901327804243", "5.800539441095989", ".0004542660685490338"], ["1.331663666439142E-8", "3.312188804156948E-7", ".0008815901327804243", "4.738171637976305E-5", "-4.24299046457731E-5", "-1.955361439050764E-8"], ["7.353322406956412E-5", ".002341140595048992", "5.800539441095989", "-4.24299046457731E-5", ".03273740850333617", "2.579783969068462E-6"], ["5.768915182607491E-9", "1.832783367913091E-7", ".0004542660685490338", "-1.955361439050764E-8", "2.579783969068462E-6", "4.59235965818281E-9"]], "elements": [{"title": "eccentricity", "label": "e", "units": null, "value": ".1462096517381772", "sigma": 0.000409442932253633, "name": "e"}, {"label": "q", "title": "perihelion distance", "units": "au", "value": "33.61198258509644", "sigma": 0.0129549864551678, "name": "q"}, {"title": "time of perihelion passage", "label": "tp", "units": "TDB", "value": "2444225.905492371090", "name": "tp", "sigma": 32.0831083311301}, {"value": "315.0468033971098", "name": "om", "sigma": 0.00688343783147368, "label": "node", "title": "longitude of the ascending node", "units": "deg"}, {"title": "argument of perihelion", "label": "peri", "units": "deg", "value": "38.40971596984573", "name": "w", "sigma": 0.18093481838313}, {"units": "deg", "title": "inclination", "label": "i", "name": "i", "sigma": 6.77669510763382e-05, "value": "2.783816785050498"}], "labels": ["e", "q", "tp", "node", "peri", "i"]}, "t_jup": "5.587", "data_arc": "7727", "pe_used": "DE441", "n_dop_obs_used": null, "sb_used": "SB441-N16", "rms": ".19703", "model_pars": [], "comment": null}, "object": {"orbit_id": "7", "fullname": "(2002 VD138)", "prefix": null, "kind": "au", "des": "2002 VD138", "neo": false, "orbit_class": {"code": "TNO", "name": "TransNeptunian Object"}, "pha": false, "spkid": "3267921"}}