{"object": {"neo": false, "prefix": null, "kind": "au", "orbit_class": {"name": "TransNeptunian Object", "code": "TNO"}, "des": "2013 UF17", "orbit_id": "3", "pha": false, "fullname": "(2013 UF17)", "spkid": "3787137"}, "orbit": {"t_jup": "5.243", "source": "JPL", "last_obs": "2020-11-14", "first_obs": "2013-08-02", "not_valid_after": null, "sb_used": "SB441-N16", "soln_date": "2021-04-15 08:53:28", "condition_code": "3", "n_dop_obs_used": null, "elements": [{"label": "e", "value": ".2566179853660457", "title": "eccentricity", "name": "e", "sigma": "9.5888E-5", "units": null}, {"label": "a", "value": "39.82943722903783", "title": "semi-major axis", "name": "a", "units": "au", "sigma": ".0046766"}, {"units": "au", "sigma": ".0015887", "name": "q", "value": "29.60848728905876", "title": "perihelion distance", "label": "q"}, {"title": "inclination; angle with respect to x-y ecliptic plane", "value": "17.08199094765002", "label": "i", "sigma": ".0005697", "units": "deg", "name": "i"}, {"name": "om", "sigma": ".00019771", "units": "deg", "label": "node", "value": "190.794117227625", "title": "longitude of the ascending node"}, {"label": "peri", "title": "argument of perihelion", "value": "151.30774585", "name": "w", "sigma": ".01849", "units": "deg"}, {"units": "deg", "sigma": ".010816", "name": "ma", "value": "32.61710970569045", "title": "mean anomaly", "label": "M"}, {"label": "tp", "value": "2451681.949536168395", "title": "time of perihelion passage", "name": "tp", "sigma": "2.4165", "units": "TDB"}, {"name": "per", "sigma": "16.17", "units": "d", "label": "period", "title": "sidereal orbital period", "value": "91813.10649535937"}, {"name": "n", "sigma": "6.9058E-7", "units": "deg/d", "label": "n", "title": "mean motion", "value": ".003921008816080043"}, {"label": "Q", "title": "aphelion distance", "value": "50.05038716901689", "name": "ad", "sigma": ".0058767", "units": "au"}], "data_arc": "2661", "model_pars": [], "n_del_obs_used": null, "n_obs_used": 40, "not_valid_before": null, "comment": null, "moid_jup": "24.6997", "two_body": null, "equinox": "J2000", "pe_used": "DE441", "moid": "28.6097", "orbit_id": "3", "producer": "Otto Matic", "rms": ".32383", "epoch": "2460000.5", "covariance": {"elements": [{"name": "e", "sigma": 9.59077744867474e-05, "units": null, "label": "e", "value": ".2499234587453089", "title": "eccentricity"}, {"title": "perihelion distance", "value": "29.57764827034011", "label": "q", "units": "au", "sigma": 0.00161536369160843, "name": "q"}, {"title": "time of perihelion passage", "value": "2451564.845180744002", "label": "tp", "units": "TDB", "sigma": 2.45619206652116, "name": "tp"}, {"label": "node", "title": "longitude of the ascending node", "value": "190.8720698343531", "name": "om", "sigma": 0.000197087589610028, "units": "deg"}, {"name": "w", "sigma": 0.0188099395696923, "units": "deg", "label": "peri", "title": "argument of perihelion", "value": "150.56253334554"}, {"sigma": 0.000571391670904877, "units": "deg", "name": "i", "value": "17.13351771737856", "title": "inclination", "label": "i"}], "epoch": "2456780.5", "data": [["9.198301207000788E-9", "-6.556633317761296E-8", "-.000107135686588974", "8.062836269408881E-10", "-8.904198649295568E-7", "3.212952050850501E-9"], ["-6.556633317761296E-8", "2.60939985616681E-6", ".003924067662099133", "1.778579268918238E-10", "3.006493489515861E-5", "8.596059579991378E-9"], ["-.000107135686588974", ".003924067662099133", "6.032879467641468", "-1.518762660598904E-6", ".04614344412107245", "5.207325180626237E-6"], ["8.062836269408881E-10", "1.778579268918238E-10", "-1.518762660598904E-6", "3.884351797829095E-8", "-5.501852858527561E-8", "1.041906031974136E-7"], ["-8.904198649295568E-7", "3.006493489515861E-5", ".04614344412107245", "-5.501852858527561E-8", ".0003538138266154764", "-8.594328602618623E-8"], ["3.212952050850501E-9", "8.596059579991378E-9", "5.207325180626237E-6", "1.041906031974136E-7", "-8.594328602618623E-8", "3.264884415794672E-7"]], "labels": ["e", "q", "tp", "node", "peri", "i"]}}, "signature": {"version": "1.3", "source": "NASA/JPL Small-Body Database (SBDB) API"}}