{"orbit": {"data_arc": "1514", "pe_used": "DE441", "n_dop_obs_used": null, "comment": null, "sb_used": "SB441-N16", "rms": ".17597", "model_pars": [], "not_valid_after": null, "first_obs": "2013-04-04", "soln_date": "2021-04-15 07:59:58", "not_valid_before": null, "moid": "28.2281", "epoch": "2460000.5", "two_body": null, "equinox": "J2000", "producer": "Otto Matic", "n_del_obs_used": null, "moid_jup": "23.7837", "elements": [{"label": "e", "title": "eccentricity", "units": null, "value": ".2534359899239747", "sigma": ".00025103", "name": "e"}, {"units": "au", "label": "a", "title": "semi-major axis", "sigma": ".0085073", "name": "a", "value": "39.13893047002376"}, {"title": "perihelion distance", "label": "q", "units": "au", "value": "29.21971688178768", "name": "q", "sigma": ".0044204"}, {"units": "deg", "label": "i", "title": "inclination; angle with respect to x-y ecliptic plane", "sigma": ".00075818", "name": "i", "value": "3.876247735323938"}, {"sigma": ".00081916", "name": "om", "value": "31.45203385755618", "units": "deg", "label": "node", "title": "longitude of the ascending node"}, {"units": "deg", "title": "argument of perihelion", "label": "peri", "name": "w", "sigma": ".036318", "value": "136.249246127813"}, {"sigma": ".014564", "name": "ma", "value": "42.20000569768468", "units": "deg", "title": "mean anomaly", "label": "M"}, {"units": "TDB", "title": "time of perihelion passage", "label": "tp", "name": "tp", "sigma": "3.9896", "value": "2449516.624224493937"}, {"name": "per", "sigma": "29.16", "value": "89435.8950143283", "units": "d", "title": "sidereal orbital period", "label": "period"}, {"units": "deg/d", "title": "mean motion", "label": "n", "name": "n", "sigma": "1.3124E-6", "value": ".004025229466785404"}, {"units": "au", "label": "Q", "title": "aphelion distance", "name": "ad", "sigma": ".010663", "value": "49.05814405825984"}], "source": "JPL", "condition_code": "4", "covariance": {"epoch": "2456638.5", "data": [["6.318237753284883E-8", "-9.599548813556643E-7", "-.0007741986354630414", "3.264233277617238E-9", "-7.538807824780867E-6", "3.600070032202997E-9"], ["-9.599548813556643E-7", "1.922933277321739E-5", ".01688897483048993", "-3.993646841782569E-8", ".0001561729689620282", "-4.719922034602742E-8"], ["-.0007741986354630414", ".01688897483048993", "15.28015024903693", "-3.024594120640918E-5", ".1391571659166188", "-3.668222689936573E-5"], ["3.264233277617238E-9", "-3.993646841782569E-8", "-3.024594120640918E-5", "6.74540355044206E-7", "-9.812726154776073E-7", "5.535648763540318E-7"], ["-7.538807824780867E-6", ".0001561729689620282", ".1391571659166188", "-9.812726154776073E-7", ".001278461322246207", "-9.196095331420805E-7"], ["3.600070032202997E-9", "-4.719922034602742E-8", "-3.668222689936573E-5", "5.535648763540318E-7", "-9.196095331420805E-7", "5.726379732138162E-7"]], "elements": [{"sigma": 0.000251361050150672, "name": "e", "value": ".2586267784918649", "units": null, "title": "eccentricity", "label": "e"}, {"value": "29.19925155892468", "sigma": 0.00438512631211661, "name": "q", "title": "perihelion distance", "label": "q", "units": "au"}, {"value": "2449573.418476282574", "sigma": 3.90898327561489, "name": "tp", "title": "time of perihelion passage", "label": "tp", "units": "TDB"}, {"label": "node", "title": "longitude of the ascending node", "units": "deg", "value": "31.383760315493", "name": "om", "sigma": 0.000821304057608512}, {"name": "w", "sigma": 0.0357555774984296, "value": "136.5001349776152", "units": "deg", "label": "peri", "title": "argument of perihelion"}, {"title": "inclination", "label": "i", "units": "deg", "value": "3.865466433558047", "name": "i", "sigma": 0.000756728467294456}], "labels": ["e", "q", "tp", "node", "peri", "i"]}, "t_jup": "5.427", "orbit_id": "6", "n_obs_used": 31, "last_obs": "2017-05-27"}, "object": {"spkid": "3727197", "pha": false, "neo": false, "orbit_class": {"name": "TransNeptunian Object", "code": "TNO"}, "prefix": null, "des": "2013 GE137", "kind": "au", "orbit_id": "6", "fullname": "(2013 GE137)"}, "signature": {"version": "1.3", "source": "NASA/JPL Small-Body Database (SBDB) API"}}