{"signature": {"version": "1.3", "source": "NASA/JPL Small-Body Database (SBDB) API"}, "orbit": {"comment": null, "model_pars": [], "rms": ".15501", "sb_used": "SB441-N16", "pe_used": "DE441", "n_dop_obs_used": null, "data_arc": "1520", "t_jup": "5.427", "source": "JPL", "condition_code": "5", "covariance": {"labels": ["e", "q", "tp", "node", "peri", "i"], "elements": [{"label": "e", "title": "eccentricity", "units": null, "value": ".06803504862961757", "sigma": 0.000688437992603109, "name": "e"}, {"label": "q", "title": "perihelion distance", "units": "au", "value": "37.47596994013553", "name": "q", "sigma": 0.010865859662074}, {"value": "2456094.244413294275", "name": "tp", "sigma": 175.045762974102, "label": "tp", "title": "time of perihelion passage", "units": "TDB"}, {"name": "om", "sigma": 0.00166411060253845, "value": "188.9498058931073", "units": "deg", "title": "longitude of the ascending node", "label": "node"}, {"title": "argument of perihelion", "label": "peri", "units": "deg", "value": "155.5507586376836", "sigma": 0.777707964157539, "name": "w"}, {"sigma": 0.00140392206152408, "name": "i", "value": "18.23814409940756", "units": "deg", "label": "i", "title": "inclination"}], "data": [["4.739468696593984E-7", "7.149301944350664E-6", ".06393982318398744", "-5.162575597075491E-7", ".0002843768712405626", "3.706663869914986E-7"], ["7.149301944350664E-6", ".000118066906195886", "1.429332466737464", "-7.664456602443765E-6", ".006354122919283828", "5.471255100123214E-6"], [".06393982318398744", "1.429332466737464", "30641.01913518536", "-.06206933812785582", "136.1342274360614", ".04305020395318988"], ["-5.162575597075491E-7", "-7.664456602443765E-6", "-.06206933812785582", "2.769264097480872E-6", "-.0002782070525132405", "-2.314522123025781E-6"], [".0002843768712405626", ".006354122919283828", "136.1342274360614", "-.0002782070525132405", ".6048296775140639", ".0001933312679568081"], ["3.706663869914986E-7", "5.471255100123214E-6", ".04305020395318988", "-2.314522123025781E-6", ".0001933312679568081", "1.970997154834015E-6"]], "epoch": "2457187.5"}, "n_obs_used": 15, "last_obs": "2017-11-09", "orbit_id": "1", "moid": "36.5027", "not_valid_before": null, "soln_date": "2021-09-23 13:12:05", "epoch": "2460000.5", "first_obs": "2013-09-11", "not_valid_after": null, "producer": "Otto Matic", "moid_jup": "32.5809", "n_del_obs_used": null, "elements": [{"value": ".07873658119337641", "name": "e", "sigma": ".00070908", "title": "eccentricity", "label": "e", "units": null}, {"value": "40.70872010544898", "sigma": ".042142", "name": "a", "label": "a", "title": "semi-major axis", "units": "au"}, {"value": "37.50345465958786", "name": "q", "sigma": ".010106", "title": "perihelion distance", "label": "q", "units": "au"}, {"title": "inclination; angle with respect to x-y ecliptic plane", "label": "i", "units": "deg", "value": "18.15484088394984", "sigma": ".0014025", "name": "i"}, {"units": "deg", "label": "node", "title": "longitude of the ascending node", "sigma": ".001674", "name": "om", "value": "189.0019999721264"}, {"value": "157.3324041501854", "name": "w", "sigma": ".66702", "label": "peri", "title": "argument of perihelion", "units": "deg"}, {"label": "M", "title": "mean anomaly", "units": "deg", "value": "13.222932917149", "name": "ma", "sigma": ".57984"}, {"name": "tp", "sigma": "149.58", "value": "2456515.884266895906", "units": "TDB", "label": "tp", "title": "time of perihelion passage"}, {"title": "sidereal orbital period", "label": "period", "units": "d", "value": "94870.15261875417", "sigma": "147.31", "name": "per"}, {"sigma": "5.8923E-6", "name": "n", "value": ".003794660281054869", "units": "deg/d", "label": "n", "title": "mean motion"}, {"value": "43.91398555131011", "sigma": ".04546", "name": "ad", "label": "Q", "title": "aphelion distance", "units": "au"}], "two_body": null, "equinox": "J2000"}, "object": {"des": "2013 RO158", "kind": "au", "prefix": null, "fullname": "(2013 RO158)", "orbit_id": "1", "spkid": "54199265", "pha": false, "orbit_class": {"code": "TNO", "name": "TransNeptunian Object"}, "neo": false}}