{"orbit": {"pe_used": "DE441", "n_dop_obs_used": null, "data_arc": "3688", "comment": null, "model_pars": [], "sb_used": "SB441-N16", "rms": ".62054", "not_valid_before": null, "soln_date": "2021-10-14 10:12:02", "moid": "29.329", "epoch": "2460000.5", "first_obs": "2011-08-24", "not_valid_after": null, "producer": "Otto Matic", "n_del_obs_used": null, "elements": [{"label": "e", "title": "eccentricity", "units": null, "value": ".2368399075858251", "sigma": "4.6472E-5", "name": "e"}, {"value": "39.72895298939367", "name": "a", "sigma": ".0022173", "title": "semi-major axis", "label": "a", "units": "au"}, {"label": "q", "title": "perihelion distance", "units": "au", "value": "30.31955143490408", "sigma": ".0034799", "name": "q"}, {"name": "i", "sigma": ".00016253", "value": "9.790072798954002", "units": "deg", "title": "inclination; angle with respect to x-y ecliptic plane", "label": "i"}, {"sigma": ".001037", "name": "om", "value": "38.19051781787756", "units": "deg", "label": "node", "title": "longitude of the ascending node"}, {"name": "w", "sigma": ".015938", "value": "141.9494318518778", "units": "deg", "title": "argument of perihelion", "label": "peri"}, {"name": "ma", "sigma": ".025262", "value": "171.7261682369595", "units": "deg", "label": "M", "title": "mean anomaly"}, {"title": "time of perihelion passage", "label": "tp", "units": "TDB", "value": "2416369.709111831304", "name": "tp", "sigma": "6.9187"}, {"sigma": "7.6571", "name": "per", "value": "91465.87780417383", "units": "d", "title": "sidereal orbital period", "label": "period"}, {"value": ".003935894003780854", "name": "n", "sigma": "3.295E-7", "label": "n", "title": "mean motion", "units": "deg/d"}, {"label": "Q", "title": "aphelion distance", "units": "au", "value": "49.13835454388326", "name": "ad", "sigma": ".0027424"}], "moid_jup": "24.8833", "equinox": "J2000", "two_body": null, "t_jup": "5.422", "condition_code": "3", "source": "JPL", "covariance": {"elements": [{"label": "e", "title": "eccentricity", "units": null, "value": ".2445108430150323", "sigma": 4.63041615839067e-05, "name": "e"}, {"title": "perihelion distance", "label": "q", "units": "au", "value": "29.84456326941214", "sigma": 0.0034171826445341, "name": "q"}, {"sigma": 6.66448072556246, "name": "tp", "value": "2417025.727003705273", "units": "TDB", "label": "tp", "title": "time of perihelion passage"}, {"title": "longitude of the ascending node", "label": "node", "units": "deg", "value": "37.92980582720712", "name": "om", "sigma": 0.00103262883991057}, {"name": "w", "sigma": 0.0153436063302804, "value": "142.8295086951657", "units": "deg", "title": "argument of perihelion", "label": "peri"}, {"units": "deg", "title": "inclination", "label": "i", "name": "i", "sigma": 0.000164041866814624, "value": "9.834141617695744"}], "labels": ["e", "q", "tp", "node", "peri", "i"], "epoch": "2458392.5", "data": [["2.144075379988539E-9", "-1.5551815185472E-7", ".0002183733833918188", "7.698043673204142E-10", "1.380653060034927E-7", "-3.034819722753911E-10"], ["-1.5551815185472E-7", "1.167713722610506E-5", "-.01291522498369869", "-1.741641455233612E-8", "-6.371925316693509E-7", "1.680373331611096E-8"], [".0002183733833918188", "-.01291522498369869", "44.41530334139357", ".000367369700948524", ".08472767426387361", "-7.054847807387364E-5"], ["7.698043673204142E-10", "-1.741641455233612E-8", ".000367369700948524", "1.066322321015043E-6", "-7.457170687211615E-8", "-1.6865966347931E-7"], ["1.380653060034927E-7", "-6.371925316693509E-7", ".08472767426387361", "-7.457170687211615E-8", ".0002354262552186217", "1.97951964134607E-8"], ["-3.034819722753911E-10", "1.680373331611096E-8", "-7.054847807387364E-5", "-1.6865966347931E-7", "1.97951964134607E-8", "2.690973406802699E-8"]]}, "last_obs": "2021-09-28", "n_obs_used": 43, "orbit_id": "6"}, "object": {"neo": false, "orbit_class": {"code": "TNO", "name": "TransNeptunian Object"}, "spkid": "3757925", "pha": false, "orbit_id": "6", "fullname": "(2014 SF350)", "prefix": null, "des": "2014 SF350", "kind": "au"}, "signature": {"version": "1.3", "source": "NASA/JPL Small-Body Database (SBDB) API"}}