{"orbit": {"source": "JPL", "condition_code": "4", "covariance": {"elements": [{"value": ".1374557423038303", "name": "e", "sigma": 0.00116060805168606, "title": "eccentricity", "label": "e", "units": null}, {"units": "au", "label": "q", "title": "perihelion distance", "sigma": 0.0342955239627042, "name": "q", "value": "34.01540310446917"}, {"units": "TDB", "label": "tp", "title": "time of perihelion passage", "sigma": 38.6940676476475, "name": "tp", "value": "2437412.409674379782"}, {"sigma": 6.25760973388305e-05, "name": "om", "value": "231.8102726041713", "units": "deg", "title": "longitude of the ascending node", "label": "node"}, {"value": "85.320476512301", "sigma": 0.0691406564217619, "name": "w", "title": "argument of perihelion", "label": "peri", "units": "deg"}, {"label": "i", "title": "inclination", "units": "deg", "value": "37.56227218204415", "name": "i", "sigma": 0.00136619548962378}], "labels": ["e", "q", "tp", "node", "peri", "i"], "epoch": "2457538.5", "data": [["1.347011049638505E-6", "-3.958363027571379E-5", ".04443835543635292", "-8.558264455208884E-9", "6.935704233606221E-5", "-1.296032249416259E-7"], ["-3.958363027571379E-5", ".001176182963876415", "-1.286206919673798", "2.645833213580441E-7", "-.001914038018904734", "4.267959067664876E-6"], [".04443835543635292", "-1.286206919673798", "1497.230871120719", "-.0002646192075914578", "2.481769340372575", "-.003653380866384973"], ["-8.558264455208884E-9", "2.645833213580441E-7", "-.0002646192075914578", "3.915767958158794E-9", "-3.269423362774028E-7", "6.448740914609411E-8"], ["6.935704233606221E-5", "-.001914038018904734", "2.481769340372575", "-3.269423362774028E-7", ".004780430370432127", "-2.623555878522091E-6"], ["-1.296032249416259E-7", "4.267959067664876E-6", "-.003653380866384973", "6.448740914609411E-8", "-2.623555878522091E-6", "1.866490115868371E-6"]]}, "t_jup": "4.476", "orbit_id": "2", "last_obs": "2017-12-13", "n_obs_used": 30, "not_valid_after": null, "first_obs": "2015-08-20", "not_valid_before": null, "soln_date": "2021-04-15 15:18:25", "moid": "33.3327", "epoch": "2460000.5", "equinox": "J2000", "two_body": null, "producer": "Otto Matic", "moid_jup": "30.275", "n_del_obs_used": null, "elements": [{"sigma": ".0011699", "name": "e", "value": ".1407570263742959", "units": null, "title": "eccentricity", "label": "e"}, {"value": "39.72437878729948", "sigma": ".014719", "name": "a", "title": "semi-major axis", "label": "a", "units": "au"}, {"value": "34.13289335463305", "sigma": ".03454", "name": "q", "label": "q", "title": "perihelion distance", "units": "au"}, {"value": "37.41476940159204", "sigma": ".0013642", "name": "i", "title": "inclination; angle with respect to x-y ecliptic plane", "label": "i", "units": "deg"}, {"title": "longitude of the ascending node", "label": "node", "units": "deg", "value": "231.7686176026426", "name": "om", "sigma": "6.3053E-5"}, {"sigma": ".049751", "name": "w", "value": "88.06960221199304", "units": "deg", "title": "argument of perihelion", "label": "peri"}, {"value": "86.68622899299417", "name": "ma", "sigma": ".17853", "title": "mean anomaly", "label": "M", "units": "deg"}, {"title": "time of perihelion passage", "label": "tp", "units": "TDB", "value": "2437979.770177894199", "sigma": "33.192", "name": "tp"}, {"title": "sidereal orbital period", "label": "period", "units": "d", "value": "91450.08184170489", "sigma": "50.828", "name": "per"}, {"title": "mean motion", "label": "n", "units": "deg/d", "value": ".003936573841706784", "sigma": "2.1879E-6", "name": "n"}, {"name": "ad", "sigma": ".016791", "value": "45.31586421996591", "units": "au", "label": "Q", "title": "aphelion distance"}], "comment": null, "sb_used": "SB441-N16", "rms": ".11168", "model_pars": [], "data_arc": "846", "pe_used": "DE441", "n_dop_obs_used": null}, "object": {"neo": false, "orbit_class": {"name": "TransNeptunian Object", "code": "TNO"}, "spkid": "3830953", "pha": false, "orbit_id": "2", "fullname": "(2015 VU164)", "prefix": null, "des": "2015 VU164", "kind": "au"}, "signature": {"version": "1.3", "source": "NASA/JPL Small-Body Database (SBDB) API"}}