{"signature": {"version": "1.3", "source": "NASA/JPL Small-Body Database (SBDB) API"}, "object": {"neo": false, "prefix": null, "kind": "au", "orbit_class": {"name": "TransNeptunian Object", "code": "TNO"}, "des": "2014 UG277", "orbit_id": "2", "fullname": "(2014 UG277)", "pha": false, "spkid": "54198932"}, "orbit": {"t_jup": "5.354", "source": "JPL", "last_obs": "2021-11-05", "first_obs": "2014-10-21", "not_valid_after": null, "sb_used": "SB441-N16", "soln_date": "2021-11-13 01:07:10", "n_dop_obs_used": null, "elements": [{"units": null, "sigma": ".00031418", "name": "e", "title": "eccentricity", "value": ".04907251776917391", "label": "e"}, {"label": "a", "title": "semi-major axis", "value": "40.42848969721529", "name": "a", "units": "au", "sigma": ".01694"}, {"value": "38.44456191816783", "title": "perihelion distance", "label": "q", "sigma": ".0034622", "units": "au", "name": "q"}, {"label": "i", "value": "20.20150030714082", "title": "inclination; angle with respect to x-y ecliptic plane", "name": "i", "sigma": ".0007925", "units": "deg"}, {"units": "deg", "sigma": ".00077209", "name": "om", "value": "187.2581517611578", "title": "longitude of the ascending node", "label": "node"}, {"title": "argument of perihelion", "value": "197.8893159582797", "label": "peri", "sigma": ".29015", "units": "deg", "name": "w"}, {"value": "10.26409615152902", "title": "mean anomaly", "label": "M", "units": "deg", "sigma": ".26034", "name": "ma"}, {"label": "tp", "value": "2457323.502817200274", "title": "time of perihelion passage", "name": "tp", "sigma": "68.509", "units": "TDB"}, {"label": "period", "title": "sidereal orbital period", "value": "93892.2406396532", "name": "per", "units": "d", "sigma": "59.012"}, {"label": "n", "title": "mean motion", "value": ".003834182649678533", "name": "n", "sigma": "2.4098E-6", "units": "deg/d"}, {"units": "au", "sigma": ".017771", "name": "ad", "value": "42.41241747626275", "title": "aphelion distance", "label": "Q"}], "condition_code": "4", "model_pars": [], "data_arc": "2572", "n_del_obs_used": null, "n_obs_used": 13, "not_valid_before": null, "comment": null, "moid_jup": "33.5066", "two_body": null, "equinox": "J2000", "pe_used": "DE441", "moid": "37.4519", "orbit_id": "2", "producer": "Otto Matic", "rms": ".20648", "epoch": "2460000.5", "covariance": {"labels": ["e", "q", "tp", "node", "peri", "i"], "data": [["9.583099910315582E-8", "1.080499860469263E-6", "-.01121348789956819", "-1.909517751531151E-8", "-4.724785531475669E-5", "-2.981546133941054E-9"], ["1.080499860469263E-6", "1.242353566214271E-5", "-.09993929871677065", "-2.387796844274173E-7", "-.0004210345072603671", "-5.341768035727789E-8"], ["-.01121348789956819", "-.09993929871677065", "7666.592473596456", "-.002610640926175296", "32.31744547464454", "-.004077330623391945"], ["-1.909517751531151E-8", "-2.387796844274173E-7", "-.002610640926175296", "5.923934200805074E-7", "-1.155929725810985E-5", "6.0363093899315E-7"], ["-4.724785531475669E-5", "-.0004210345072603671", "32.31744547464454", "-1.155929725810985E-5", ".1362301811911701", "-1.775214623234834E-5"], ["-2.981546133941054E-9", "-5.341768035727789E-8", "-.004077330623391945", "6.0363093899315E-7", "-1.775214623234834E-5", "6.350676199297762E-7"]], "elements": [{"value": ".0388431887904985", "title": "eccentricity", "label": "e", "units": null, "sigma": 0.000309565823538639, "name": "e"}, {"name": "q", "sigma": 0.00352470362756115, "units": "au", "label": "q", "title": "perihelion distance", "value": "38.4365341365905"}, {"label": "tp", "title": "time of perihelion passage", "value": "2457648.730317496928", "name": "tp", "sigma": 87.5590799037796, "units": "TDB"}, {"value": "187.3897781285419", "title": "longitude of the ascending node", "label": "node", "units": "deg", "sigma": 0.000769670981706149, "name": "om"}, {"name": "w", "sigma": 0.369093729547347, "units": "deg", "label": "peri", "value": "199.1748432123588", "title": "argument of perihelion"}, {"label": "i", "title": "inclination", "value": "20.30110916696205", "name": "i", "units": "deg", "sigma": 0.00079691129991347}], "epoch": "2457437.5"}}}