{"signature": {"source": "NASA/JPL Small-Body Database (SBDB) API", "version": "1.3"}, "object": {"spkid": "3830969", "orbit_id": "2", "pha": false, "fullname": "(2015 VM165)", "des": "2015 VM165", "orbit_class": {"code": "TNO", "name": "TransNeptunian Object"}, "kind": "au", "prefix": null, "neo": false}, "orbit": {"pe_used": "DE441", "two_body": null, "equinox": "J2000", "moid_jup": "26.2047", "comment": null, "not_valid_before": null, "n_obs_used": 33, "model_pars": [], "n_del_obs_used": null, "data_arc": "823", "covariance": {"data": [["2.438826773127316E-7", "-6.262939922499248E-6", ".01302626639785206", "-9.425015466136992E-8", "8.867832535040197E-5", "2.600025972443889E-8"], ["-6.262939922499248E-6", ".0001700541808551226", "-.3534569648947166", "2.506939414253991E-6", "-.002402365984829326", "-6.785365460860149E-7"], [".01302626639785206", "-.3534569648947166", "735.2915115333143", "-.005214680013416057", "4.997057745943418", ".001413181615369335"], ["-9.425015466136992E-8", "2.506939414253991E-6", "-.005214680013416057", "1.330454434073398E-5", "-4.862293357697583E-5", "-3.563328778236353E-6"], ["8.867832535040197E-5", "-.002402365984829326", "4.997057745943418", "-4.862293357697583E-5", ".03397535755844008", "1.313868059698816E-5"], ["2.600025972443889E-8", "-6.785365460860149E-7", ".001413181615369335", "-3.563328778236353E-6", "1.313868059698816E-5", "9.574823461492949E-7"]], "labels": ["e", "q", "tp", "node", "peri", "i"], "elements": [{"name": "e", "units": null, "sigma": 0.000493844790711345, "label": "e", "value": ".2062118016014186", "title": "eccentricity"}, {"value": "31.252897097932", "title": "perihelion distance", "label": "q", "sigma": 0.0130404823858292, "units": "au", "name": "q"}, {"name": "tp", "units": "TDB", "sigma": 27.1162591729264, "label": "tp", "title": "time of perihelion passage", "value": "2463753.641811671132"}, {"name": "om", "units": "deg", "sigma": 0.00364753949131932, "label": "node", "title": "longitude of the ascending node", "value": "76.29986680517136"}, {"name": "w", "sigma": 0.184324055832222, "units": "deg", "label": "peri", "title": "argument of perihelion", "value": "12.51920943658189"}, {"name": "i", "units": "deg", "sigma": 0.000978510268801148, "label": "i", "title": "inclination", "value": "7.217756710134918"}], "epoch": "2457535.5"}, "epoch": "2460000.5", "rms": ".20093", "producer": "Otto Matic", "orbit_id": "2", "moid": "30.3481", "source": "JPL", "t_jup": "5.489", "condition_code": "4", "n_dop_obs_used": null, "elements": [{"label": "e", "title": "eccentricity", "value": ".2109577409084437", "name": "e", "units": null, "sigma": ".00047412"}, {"sigma": ".0092923", "units": "au", "name": "a", "value": "39.70944176487458", "title": "semi-major axis", "label": "a"}, {"title": "perihelion distance", "value": "31.33242763742124", "label": "q", "sigma": ".012532", "units": "au", "name": "q"}, {"name": "i", "sigma": ".00097491", "units": "deg", "label": "i", "value": "7.204772489119041", "title": "inclination; angle with respect to x-y ecliptic plane"}, {"label": "node", "value": "76.31301067984761", "title": "longitude of the ascending node", "name": "om", "sigma": ".0036499", "units": "deg"}, {"value": "10.68875019150708", "title": "argument of perihelion", "label": "peri", "sigma": ".18496", "units": "deg", "name": "w"}, {"label": "M", "title": "mean anomaly", "value": "346.3727627800423", "name": "ma", "units": "deg", "sigma": ".10463"}, {"sigma": "27.51", "units": "TDB", "name": "tp", "value": "2463460.247585294761", "title": "time of perihelion passage", "label": "tp"}, {"sigma": "32.082", "units": "d", "name": "per", "value": "91398.50657930948", "title": "sidereal orbital period", "label": "period"}, {"units": "deg/d", "sigma": "1.3826E-6", "name": "n", "title": "mean motion", "value": ".003938795210921922", "label": "n"}, {"units": "au", "sigma": ".011253", "name": "ad", "value": "48.08645589232793", "title": "aphelion distance", "label": "Q"}], "soln_date": "2021-04-15 15:18:27", "sb_used": "SB441-N16", "not_valid_after": null, "first_obs": "2015-09-12", "last_obs": "2017-12-13"}}