{"orbit": {"covariance": {"labels": ["e", "q", "tp", "node", "peri", "i"], "data": [["2.213199409780692E-7", "-5.955978725212213E-6", ".008467787766570541", "9.794933139903879E-8", "1.776893678344157E-5", "6.466266510007628E-8"], ["-5.955978725212213E-6", ".0002041656623474966", "-.1814490937632136", "-2.33270588312912E-6", "-.0001382043192117559", "-1.377987596567442E-6"], [".008467787766570541", "-.1814490937632136", "373.5588061913735", ".004064749587751181", "1.041307537226457", ".002852271882402076"], ["9.794933139903879E-8", "-2.33270588312912E-6", ".004064749587751181", "1.471723383457562E-6", "8.87221079611579E-6", "9.171533586835131E-7"], ["1.776893678344157E-5", "-.0001382043192117559", "1.041307537226457", "8.87221079611579E-6", ".004068564216248564", "7.154042339117632E-6"], ["6.466266510007628E-8", "-1.377987596567442E-6", ".002852271882402076", "9.171533586835131E-7", "7.154042339117632E-6", "5.77124118260676E-7"]], "elements": [{"value": ".16572294058057", "title": "eccentricity", "label": "e", "sigma": 0.000470446533601927, "units": null, "name": "e"}, {"value": "32.96082485829888", "title": "perihelion distance", "label": "q", "units": "au", "sigma": 0.0142886550223419, "name": "q"}, {"label": "tp", "value": "2436543.198981114725", "title": "time of perihelion passage", "name": "tp", "units": "TDB", "sigma": 19.3276694454187}, {"name": "om", "units": "deg", "sigma": 0.0012131460684755, "label": "node", "title": "longitude of the ascending node", "value": "182.4933882794636"}, {"name": "w", "sigma": 0.0637852978063798, "units": "deg", "label": "peri", "value": "108.2668221578068", "title": "argument of perihelion"}, {"label": "i", "title": "inclination", "value": "21.51514121218948", "name": "i", "sigma": 0.000759686855395482, "units": "deg"}], "epoch": "2457499.5"}, "epoch": "2460000.5", "producer": "Otto Matic", "rms": ".23847", "moid": "32.3303", "orbit_id": "1", "moid_jup": "28.5043", "pe_used": "DE441", "two_body": null, "equinox": "J2000", "comment": null, "n_obs_used": 15, "not_valid_before": null, "data_arc": "1883", "n_del_obs_used": null, "model_pars": [], "soln_date": "2021-09-14 21:12:05", "n_dop_obs_used": null, "elements": [{"units": null, "sigma": ".00047877", "name": "e", "value": ".1662413487968215", "title": "eccentricity", "label": "e"}, {"units": "au", "sigma": ".01095", "name": "a", "value": "39.9221637433271", "title": "semi-major axis", "label": "a"}, {"units": "au", "sigma": ".01449", "name": "q", "title": "perihelion distance", "value": "33.28544939574883", "label": "q"}, {"value": "21.41362686188074", "title": "inclination; angle with respect to x-y ecliptic plane", "label": "i", "sigma": ".00075423", "units": "deg", "name": "i"}, {"label": "node", "value": "182.2952200894369", "title": "longitude of the ascending node", "name": "om", "units": "deg", "sigma": ".001217"}, {"label": "peri", "value": "111.8940002754965", "title": "argument of perihelion", "name": "w", "sigma": ".058676", "units": "deg"}, {"label": "M", "title": "mean anomaly", "value": "89.34193266505869", "name": "ma", "sigma": ".10328", "units": "deg"}, {"value": "2437135.438359784999", "title": "time of perihelion passage", "label": "tp", "units": "TDB", "sigma": "17.527", "name": "tp"}, {"units": "d", "sigma": "37.905", "name": "per", "value": "92133.9167951163", "title": "sidereal orbital period", "label": "period"}, {"label": "n", "title": "mean motion", "value": ".003907355863319624", "name": "n", "sigma": "1.6075E-6", "units": "deg/d"}, {"units": "au", "sigma": ".01277", "name": "ad", "value": "46.55887809090536", "title": "aphelion distance", "label": "Q"}], "condition_code": "4", "sb_used": "SB441-N16", "not_valid_after": null, "first_obs": "2013-10-03", "last_obs": "2018-11-29", "t_jup": "5.216", "source": "JPL"}, "object": {"orbit_class": {"code": "TNO", "name": "TransNeptunian Object"}, "kind": "au", "prefix": null, "neo": false, "spkid": "54196830", "des": "2013 TR227", "fullname": "(2013 TR227)", "orbit_id": "1", "pha": false}, "signature": {"version": "1.3", "source": "NASA/JPL Small-Body Database (SBDB) API"}}