{"signature": {"version": "1.3", "source": "NASA/JPL Small-Body Database (SBDB) API"}, "orbit": {"rms": ".60704", "producer": "Otto Matic", "orbit_id": "7", "moid": "28.951", "covariance": {"labels": ["e", "q", "tp", "node", "peri", "i"], "data": [["3.472061218174324E-9", "7.654241354865105E-8", ".000106881750539583", "-1.074643161713926E-11", "7.576798505719327E-7", "3.522451504265623E-10"], ["7.654241354865105E-8", "1.992743864603953E-6", ".002613608000500392", "-9.141163235544308E-9", "1.891389541295218E-5", "8.706777350340864E-9"], [".000106881750539583", ".002613608000500392", "3.509135930537403", "-7.826350981186593E-6", ".0251982738187017", "1.162705717158701E-5"], ["-1.074643161713926E-11", "-9.141163235544308E-9", "-7.826350981186593E-6", "2.921991528477485E-7", "-3.543212725358907E-7", "-4.538192637851277E-9"], ["7.576798505719327E-7", "1.891389541295218E-5", ".0251982738187017", "-3.543212725358907E-7", ".0001816904209772752", "8.807229502881297E-8"], ["3.522451504265623E-10", "8.706777350340864E-9", "1.162705717158701E-5", "-4.538192637851277E-9", "8.807229502881297E-8", "2.633703725787282E-10"]], "elements": [{"value": ".2456731939357715", "title": "eccentricity", "label": "e", "units": null, "sigma": 5.89241989183928e-05, "name": "e"}, {"name": "q", "sigma": 0.00141164579998098, "units": "au", "label": "q", "value": "29.91988895892591", "title": "perihelion distance"}, {"units": "TDB", "sigma": 1.873268782246, "name": "tp", "value": "2447081.505714264340", "title": "time of perihelion passage", "label": "tp"}, {"value": "125.8947407819053", "title": "longitude of the ascending node", "label": "node", "units": "deg", "sigma": 0.000540554486474535, "name": "om"}, {"title": "argument of perihelion", "value": "35.08625289838886", "label": "peri", "units": "deg", "sigma": 0.0134792589179552, "name": "w"}, {"label": "i", "title": "inclination", "value": "9.932026180365158", "name": "i", "units": "deg", "sigma": 1.6228689798586e-05}], "epoch": "2456752.5"}, "epoch": "2460000.5", "not_valid_before": null, "n_obs_used": 31, "data_arc": "7389", "model_pars": [], "n_del_obs_used": null, "equinox": "J2000", "two_body": null, "pe_used": "DE441", "moid_jup": "24.5376", "comment": null, "last_obs": "2021-07-09", "condition_code": "3", "n_dop_obs_used": null, "elements": [{"units": null, "sigma": "5.8179E-5", "name": "e", "title": "eccentricity", "value": ".2403475814474656", "label": "e"}, {"units": "au", "sigma": ".0048019", "name": "a", "value": "39.40874019611866", "title": "semi-major axis", "label": "a"}, {"value": "29.93694480209002", "title": "perihelion distance", "label": "q", "sigma": ".0014268", "units": "au", "name": "q"}, {"label": "i", "title": "inclination; angle with respect to x-y ecliptic plane", "value": "9.927430589532294", "name": "i", "sigma": "1.6181E-5", "units": "deg"}, {"label": "node", "value": "126.0627717173824", "title": "longitude of the ascending node", "name": "om", "units": "deg", "sigma": ".00054207"}, {"sigma": ".013866", "units": "deg", "name": "w", "value": "34.46838469493603", "title": "argument of perihelion", "label": "peri"}, {"units": "deg", "sigma": ".017167", "name": "ma", "value": "51.90465294778988", "title": "mean anomaly", "label": "M"}, {"name": "tp", "units": "TDB", "sigma": "1.9331", "label": "tp", "value": "2446972.101159124002", "title": "time of perihelion passage"}, {"sigma": "16.516", "units": "d", "name": "per", "value": "90362.29540795091", "title": "sidereal orbital period", "label": "period"}, {"value": ".003983962540733819", "title": "mean motion", "label": "n", "sigma": "7.2817E-7", "units": "deg/d", "name": "n"}, {"value": "48.8805355901473", "title": "aphelion distance", "label": "Q", "sigma": ".0059561", "units": "au", "name": "ad"}], "soln_date": "2021-07-22 21:29:39", "not_valid_after": null, "first_obs": "2001-04-16", "sb_used": "SB441-N16", "source": "JPL", "t_jup": "5.395"}, "object": {"orbit_class": {"name": "TransNeptunian Object", "code": "TNO"}, "kind": "au", "prefix": null, "neo": false, "spkid": "3756030", "des": "2013 HW156", "orbit_id": "7", "pha": false, "fullname": "(2013 HW156)"}}