{"object": {"spkid": "20118228", "orbit_id": "16", "fullname": "118228 (1996 TQ66)", "pha": false, "des": "118228", "orbit_class": {"code": "TNO", "name": "TransNeptunian Object"}, "kind": "an", "prefix": null, "neo": false}, "orbit": {"not_valid_before": null, "n_obs_used": 93, "model_pars": [], "data_arc": "8828", "n_del_obs_used": null, "pe_used": "DE441", "two_body": null, "equinox": "J2000", "moid_jup": "29.658", "comment": null, "producer": "Otto Matic", "rms": ".48478", "orbit_id": "16", "moid": "33.5929", "covariance": {"elements": [{"value": ".1252598130160675", "title": "eccentricity", "label": "e", "units": null, "sigma": 3.66960371973015e-05, "name": "e"}, {"sigma": 0.00041363291526236, "units": "au", "name": "q", "title": "perihelion distance", "value": "34.63946037210664", "label": "q"}, {"label": "tp", "value": "2451493.312183939662", "title": "time of perihelion passage", "name": "tp", "units": "TDB", "sigma": 0.970655192459822}, {"label": "node", "value": "10.74688708874425", "title": "longitude of the ascending node", "name": "om", "units": "deg", "sigma": 0.000188398453249155}, {"units": "deg", "sigma": 0.00496915941948485, "name": "w", "title": "argument of perihelion", "value": "21.20510791796366", "label": "peri"}, {"name": "i", "sigma": 4.47439870801568e-05, "units": "deg", "label": "i", "title": "inclination", "value": "14.66579855945036"}], "epoch": "2456579.5", "data": [["1.346599145985734E-9", "1.498477319775247E-8", "3.01954744181561E-5", "3.204100716576201E-10", "1.542419366084188E-7", "2.361683726196653E-10"], ["1.498477319775247E-8", "1.710921885884389E-7", ".0003672176089870793", "3.457321856429676E-9", "1.877361318075854E-6", "2.592843953033334E-9"], ["3.01954744181561E-5", ".0003672176089870793", ".9421715026492148", "6.154135420283179E-6", ".004820004169248171", "4.910447710487594E-6"], ["3.204100716576201E-10", "3.457321856429676E-9", "6.154135420283179E-6", "3.549397718667389E-8", "-2.837917737660407E-9", "7.990311077466527E-9"], ["1.542419366084188E-7", "1.877361318075854E-6", ".004820004169248171", "-2.837917737660407E-9", "2.469254533625497E-5", "1.740938305356628E-8"], ["2.361683726196653E-10", "2.592843953033334E-9", "4.910447710487594E-6", "7.990311077466527E-9", "1.740938305356628E-8", "2.002024379829241E-9"]], "labels": ["e", "q", "tp", "node", "peri", "i"]}, "epoch": "2460000.5", "source": "JPL", "t_jup": "5.427", "last_obs": "2020-12-09", "n_dop_obs_used": null, "condition_code": "2", "elements": [{"units": null, "sigma": "3.6565E-5", "name": "e", "title": "eccentricity", "value": ".1266683131328563", "label": "e"}, {"title": "semi-major axis", "value": "39.60141148037734", "label": "a", "sigma": ".0021332", "units": "au", "name": "a"}, {"title": "perihelion distance", "value": "34.58516749047782", "label": "q", "units": "au", "sigma": ".00041957", "name": "q"}, {"label": "i", "title": "inclination; angle with respect to x-y ecliptic plane", "value": "14.64455246170975", "name": "i", "units": "deg", "sigma": "4.4653E-5"}, {"name": "om", "sigma": ".00018903", "units": "deg", "label": "node", "title": "longitude of the ascending node", "value": "10.5759195194237"}, {"name": "w", "sigma": ".0051637", "units": "deg", "label": "peri", "value": "20.22860927933546", "title": "argument of perihelion"}, {"label": "M", "value": "34.44952138730376", "title": "mean anomaly", "name": "ma", "sigma": ".0065587", "units": "deg"}, {"sigma": "1.0053", "units": "TDB", "name": "tp", "value": "2451289.959251201088", "title": "time of perihelion passage", "label": "tp"}, {"units": "d", "sigma": "7.355", "name": "per", "value": "91025.78332839462", "title": "sidereal orbital period", "label": "period"}, {"value": ".003954923394630118", "title": "mean motion", "label": "n", "units": "deg/d", "sigma": "3.1956E-7", "name": "n"}, {"sigma": ".0024035", "units": "au", "name": "ad", "value": "44.61765547027687", "title": "aphelion distance", "label": "Q"}], "soln_date": "2021-04-13 16:56:17", "not_valid_after": null, "sb_used": "SB441-N16", "first_obs": "1996-10-08"}, "signature": {"version": "1.3", "source": "NASA/JPL Small-Body Database (SBDB) API"}}