{"signature": {"version": "1.3", "source": "NASA/JPL Small-Body Database (SBDB) API"}, "object": {"des": "2013 RR157", "fullname": "(2013 RR157)", "orbit_id": "1", "pha": false, "spkid": "54196760", "prefix": null, "neo": false, "orbit_class": {"name": "TransNeptunian Object", "code": "TNO"}, "kind": "au"}, "orbit": {"orbit_id": "1", "moid": "35.6053", "producer": "Otto Matic", "rms": ".17982", "epoch": "2460000.5", "covariance": {"epoch": "2457444.5", "elements": [{"label": "e", "title": "eccentricity", "value": ".04240728746186723", "name": "e", "units": null, "sigma": 0.000196174356986281}, {"name": "q", "units": "au", "sigma": 0.00647991379874432, "label": "q", "title": "perihelion distance", "value": "36.60741006208878"}, {"name": "tp", "sigma": 125.703458866369, "units": "TDB", "label": "tp", "title": "time of perihelion passage", "value": "2461299.849647654822"}, {"sigma": 0.000488120814669424, "units": "deg", "name": "om", "title": "longitude of the ascending node", "value": "174.6287019455312", "label": "node"}, {"sigma": 0.573370375793638, "units": "deg", "name": "w", "title": "argument of perihelion", "value": "178.6750534913466", "label": "peri"}, {"name": "i", "units": "deg", "sigma": 0.000751875278612206, "label": "i", "title": "inclination", "value": "32.19868085473563"}], "labels": ["e", "q", "tp", "node", "peri", "i"], "data": [["3.848437833898076E-8", "2.758025382010808E-7", ".001617949285257637", "-1.42146161107697E-8", "7.433165801936356E-6", "2.115839255651301E-8"], ["2.758025382010808E-7", "4.198928283915708E-5", "-.7807686432978368", "-9.261321862276922E-7", "-.003560894088001476", "1.359167539679202E-6"], [".001617949285257637", "-.7807686432978368", "15801.35957096881", ".01568100671324867", "72.0746085472402", "-.02295689218459154"], ["-1.42146161107697E-8", "-9.261321862276922E-7", ".01568100671324867", "2.382619297135421E-7", "7.132398493317116E-5", "-3.629313945065281E-7"], ["7.433165801936356E-6", "-.003560894088001476", "72.0746085472402", "7.132398493317116E-5", ".3287535878377379", "-.0001044056033468925"], ["2.115839255651301E-8", "1.359167539679202E-6", "-.02295689218459154", "-3.629313945065281E-7", "-.0001044056033468925", "5.653164345881818E-7"]]}, "data_arc": "1902", "model_pars": [], "n_del_obs_used": null, "not_valid_before": null, "n_obs_used": 14, "comment": null, "pe_used": "DE441", "two_body": null, "equinox": "J2000", "moid_jup": "31.6483", "last_obs": "2018-11-26", "not_valid_after": null, "first_obs": "2013-09-11", "sb_used": "SB441-N16", "elements": [{"sigma": ".00019755", "units": null, "name": "e", "value": ".05206864589686993", "title": "eccentricity", "label": "e"}, {"units": "au", "sigma": ".011611", "name": "a", "value": "38.62266201160323", "title": "semi-major axis", "label": "a"}, {"title": "perihelion distance", "value": "36.61163229972657", "label": "q", "units": "au", "sigma": ".0066044", "name": "q"}, {"value": "32.04425561156182", "title": "inclination; angle with respect to x-y ecliptic plane", "label": "i", "units": "deg", "sigma": ".00074885", "name": "i"}, {"title": "longitude of the ascending node", "value": "174.6970293070292", "label": "node", "sigma": ".0004898", "units": "deg", "name": "om"}, {"label": "peri", "title": "argument of perihelion", "value": "179.1800100573248", "name": "w", "units": "deg", "sigma": ".46899"}, {"units": "deg", "sigma": ".42119", "name": "ma", "title": "mean anomaly", "value": "354.2092040840424", "label": "M"}, {"name": "tp", "sigma": "102.24", "units": "TDB", "label": "tp", "value": "2461410.754489424287", "title": "time of perihelion passage"}, {"units": "d", "sigma": "39.537", "name": "per", "title": "sidereal orbital period", "value": "87672.16520162691", "label": "period"}, {"name": "n", "units": "deg/d", "sigma": "1.8517E-6", "label": "n", "title": "mean motion", "value": ".004106206333242464"}, {"name": "ad", "units": "au", "sigma": ".012216", "label": "Q", "value": "40.63369172347989", "title": "aphelion distance"}], "n_dop_obs_used": null, "condition_code": "4", "soln_date": "2021-09-14 10:12:04", "source": "JPL", "t_jup": "4.747"}}