{"object": {"orbit_id": "2", "fullname": "(2015 VA165)", "prefix": null, "kind": "au", "des": "2015 VA165", "neo": false, "orbit_class": {"name": "TransNeptunian Object", "code": "TNO"}, "pha": false, "spkid": "3830958"}, "orbit": {"orbit_id": "2", "last_obs": "2017-12-13", "n_obs_used": 25, "covariance": {"epoch": "2457536.5", "data": [["7.004949701139569E-7", "-1.50141922453429E-5", "9.624695365274931E-5", "-2.524485930025726E-8", "-4.696647908734445E-5", "-4.370886831939183E-8"], ["-1.50141922453429E-5", ".0003311414127689102", ".004060518595622824", "5.63988754870311E-7", ".001067838151312769", "9.605451152167653E-7"], ["9.624695365274931E-5", ".004060518595622824", "4.20340557032246", "1.061676238945351E-5", ".03461564389874535", "8.778646712116291E-6"], ["-2.524485930025726E-8", "5.63988754870311E-7", "1.061676238945351E-5", "4.209503819155327E-7", "1.430478701256089E-6", "7.318323084117001E-7"], ["-4.696647908734445E-5", ".001067838151312769", ".03461564389874535", "1.430478701256089E-6", ".003555394327648069", "2.373891428832235E-6"], ["-4.370886831939183E-8", "9.605451152167653E-7", "8.778646712116291E-6", "7.318323084117001E-7", "2.373891428832235E-6", "1.31139087851138E-6"]], "elements": [{"units": null, "label": "e", "title": "eccentricity", "name": "e", "sigma": 0.000836955775482765, "value": ".2794156947070069"}, {"units": "au", "title": "perihelion distance", "label": "q", "name": "q", "sigma": 0.0181972913580266, "value": "28.45100822203668"}, {"title": "time of perihelion passage", "label": "tp", "units": "TDB", "value": "2446925.483931042336", "name": "tp", "sigma": 2.05022085891312}, {"units": "deg", "title": "longitude of the ascending node", "label": "node", "sigma": 0.000648806891082033, "name": "om", "value": "225.0324239801452"}, {"label": "peri", "title": "argument of perihelion", "units": "deg", "value": "117.948020438851", "name": "w", "sigma": 0.0596271274475642}, {"sigma": 0.00114515976113003, "name": "i", "value": "14.19098639409171", "units": "deg", "title": "inclination", "label": "i"}], "labels": ["e", "q", "tp", "node", "peri", "i"]}, "source": "JPL", "condition_code": "4", "t_jup": "5.278", "equinox": "J2000", "two_body": null, "elements": [{"value": ".2857020733851405", "sigma": ".00083462", "name": "e", "title": "eccentricity", "label": "e", "units": null}, {"label": "a", "title": "semi-major axis", "units": "au", "value": "39.90959594548959", "name": "a", "sigma": ".022138"}, {"value": "28.50734163590002", "sigma": ".018053", "name": "q", "title": "perihelion distance", "label": "q", "units": "au"}, {"sigma": ".0011414", "name": "i", "value": "14.13499187299607", "units": "deg", "label": "i", "title": "inclination; angle with respect to x-y ecliptic plane"}, {"sigma": ".00065205", "name": "om", "value": "224.9555196196442", "units": "deg", "label": "node", "title": "longitude of the ascending node"}, {"units": "deg", "label": "peri", "title": "argument of perihelion", "sigma": ".061576", "name": "w", "value": "119.1682492092764"}, {"label": "M", "title": "mean anomaly", "units": "deg", "value": "50.3605352771835", "sigma": ".042539", "name": "ma"}, {"units": "TDB", "label": "tp", "title": "time of perihelion passage", "name": "tp", "sigma": "2.0706", "value": "2447117.937444670055"}, {"name": "per", "sigma": "76.624", "value": "92090.41354292279", "units": "d", "title": "sidereal orbital period", "label": "period"}, {"value": ".003909201687233234", "name": "n", "sigma": "3.2527E-6", "label": "n", "title": "mean motion", "units": "deg/d"}, {"value": "51.31185025507916", "name": "ad", "sigma": ".028463", "title": "aphelion distance", "label": "Q", "units": "au"}], "n_del_obs_used": null, "moid_jup": "23.691", "producer": "Otto Matic", "not_valid_after": null, "first_obs": "2015-09-07", "epoch": "2460000.5", "soln_date": "2021-04-15 15:18:25", "not_valid_before": null, "moid": "27.5226", "sb_used": "SB441-N16", "rms": ".21777", "model_pars": [], "comment": null, "data_arc": "828", "n_dop_obs_used": null, "pe_used": "DE441"}, "signature": {"version": "1.3", "source": "NASA/JPL Small-Body Database (SBDB) API"}}