{"signature": {"version": "1.3", "source": "NASA/JPL Small-Body Database (SBDB) API"}, "object": {"neo": false, "prefix": null, "kind": "au", "orbit_class": {"name": "TransNeptunian Object", "code": "TNO"}, "des": "2005 GF187", "pha": false, "orbit_id": "6", "fullname": "(2005 GF187)", "spkid": "3277500"}, "orbit": {"producer": "Otto Matic", "rms": ".46067", "orbit_id": "6", "moid": "28.383", "covariance": {"elements": [{"label": "e", "title": "eccentricity", "value": ".2522487014240867", "name": "e", "units": null, "sigma": 5.67797730340987e-05}, {"title": "perihelion distance", "value": "29.40774918153336", "label": "q", "units": "au", "sigma": 0.000512951999727778, "name": "q"}, {"label": "tp", "value": "2459975.318475767425", "title": "time of perihelion passage", "name": "tp", "units": "TDB", "sigma": 0.662917113746332}, {"sigma": 0.00183436718551067, "units": "deg", "name": "om", "value": "128.8412860396112", "title": "longitude of the ascending node", "label": "node"}, {"name": "w", "sigma": 0.00499523427426854, "units": "deg", "label": "peri", "title": "argument of perihelion", "value": "134.8073980136904"}, {"name": "i", "units": "deg", "sigma": 5.16729896268891e-05, "label": "i", "title": "inclination", "value": "3.908408340990731"}], "epoch": "2456587.5", "labels": ["e", "q", "tp", "node", "peri", "i"], "data": [["3.223942625803766E-9", "2.663735403982804E-8", "-2.881618761940422E-5", "-5.073794534494843E-10", "-1.967788064380535E-7", "1.048884482702375E-10"], ["2.663735403982804E-8", "2.631197540247259E-7", "-.0003240904340048153", "-8.801266077270509E-10", "-2.253052128516673E-6", "8.423383209967074E-10"], ["-2.881618761940422E-5", "-.0003240904340048153", ".4394590996977667", "-2.385974741266966E-6", ".003079541919060421", "-8.702782833455124E-7"], ["-5.073794534494843E-10", "-8.801266077270509E-10", "-2.385974741266966E-6", "3.364902971278338E-6", "-3.37606330541226E-6", "-9.035676902652127E-8"], ["-1.967788064380535E-7", "-2.253052128516673E-6", ".003079541919060421", "-3.37606330541226E-6", "2.495236545482711E-5", "8.420510680913064E-8"], ["1.048884482702375E-10", "8.423383209967074E-10", "-8.702782833455124E-7", "-9.035676902652127E-8", "8.420510680913064E-8", "2.670097856980583E-9"]]}, "epoch": "2460000.5", "not_valid_before": null, "n_obs_used": 41, "model_pars": [], "data_arc": "4748", "n_del_obs_used": null, "two_body": null, "pe_used": "DE441", "equinox": "J2000", "moid_jup": "24.1112", "comment": null, "last_obs": "2018-04-12", "condition_code": "3", "n_dop_obs_used": null, "elements": [{"name": "e", "units": null, "sigma": "5.6623E-5", "label": "e", "value": ".254210465124299", "title": "eccentricity"}, {"label": "a", "title": "semi-major axis", "value": "39.41844370951117", "name": "a", "units": "au", "sigma": ".0036385"}, {"sigma": ".00051884", "units": "au", "name": "q", "value": "29.39786279964034", "title": "perihelion distance", "label": "q"}, {"name": "i", "sigma": "5.1573E-5", "units": "deg", "label": "i", "value": "3.904145504027747", "title": "inclination; angle with respect to x-y ecliptic plane"}, {"units": "deg", "sigma": ".0018371", "name": "om", "title": "longitude of the ascending node", "value": "128.9427331581062", "label": "node"}, {"units": "deg", "sigma": ".0050643", "name": "w", "title": "argument of perihelion", "value": "135.4891021714905", "label": "peri"}, {"value": "359.6839144339216", "title": "mean anomaly", "label": "M", "sigma": ".0027134", "units": "deg", "name": "ma"}, {"title": "time of perihelion passage", "value": "2460079.868797633826", "label": "tp", "units": "TDB", "sigma": ".67225", "name": "tp"}, {"title": "sidereal orbital period", "value": "90395.67197792367", "label": "period", "units": "d", "sigma": "12.516", "name": "per"}, {"label": "n", "title": "mean motion", "value": ".003982491552116774", "name": "n", "units": "deg/d", "sigma": "5.5141E-7"}, {"label": "Q", "title": "aphelion distance", "value": "49.439024619382", "name": "ad", "sigma": ".0045635", "units": "au"}], "soln_date": "2021-04-14 22:38:08", "not_valid_after": null, "sb_used": "SB441-N16", "first_obs": "2005-04-12", "source": "JPL", "t_jup": "5.444"}}