{"signature": {"source": "NASA/JPL Small-Body Database (SBDB) API", "version": "1.3"}, "orbit": {"orbit_id": "2", "moid": "28.3436", "rms": ".15751", "producer": "Otto Matic", "epoch": "2460000.5", "covariance": {"elements": [{"title": "eccentricity", "value": ".2500446074628869", "label": "e", "units": null, "sigma": 0.000109421567236927, "name": "e"}, {"name": "q", "sigma": 0.00250169919367508, "units": "au", "label": "q", "value": "29.34010517528327", "title": "perihelion distance"}, {"label": "tp", "value": "2454253.478920227234", "title": "time of perihelion passage", "name": "tp", "units": "TDB", "sigma": 7.95553595056752}, {"label": "node", "title": "longitude of the ascending node", "value": "54.14849753082627", "name": "om", "sigma": 0.000162108312283188, "units": "deg"}, {"name": "w", "units": "deg", "sigma": 0.0569642898374838, "label": "peri", "value": "332.7149778049771", "title": "argument of perihelion"}, {"name": "i", "sigma": 0.000557962684146254, "units": "deg", "label": "i", "value": "18.30968069567363", "title": "inclination"}], "epoch": "2457526.5", "data": [["1.197307937658541E-8", "-1.902826685522301E-7", "-.000686925538593885", "-7.967005845912483E-10", "-4.92858128385503E-6", "2.13416818419155E-9"], ["-1.902826685522301E-7", "6.258498855634536E-6", ".01965190232421639", "-2.161009662353698E-9", ".000140705705770693", "2.065942942524851E-8"], ["-.000686925538593885", ".01965190232421639", "63.29055226077219", "7.576507567840716E-6", ".4531746675202667", "1.881599300733675E-5"], ["-7.967005845912483E-10", "-2.161009662353698E-9", "7.576507567840716E-6", "2.627910491130362E-8", "3.00198736359807E-8", "-8.388251044936995E-8"], ["-4.92858128385503E-6", ".000140705705770693", ".4531746675202667", "3.00198736359807E-8", ".003244930316688858", "2.120644598674467E-7"], ["2.13416818419155E-9", "2.065942942524851E-8", "1.881599300733675E-5", "-8.388251044936995E-8", "2.120644598674467E-7", "3.113223568996929E-7"]], "labels": ["e", "q", "tp", "node", "peri", "i"]}, "model_pars": [], "data_arc": "1125", "n_del_obs_used": null, "not_valid_before": null, "n_obs_used": 51, "comment": null, "pe_used": "DE441", "two_body": null, "equinox": "J2000", "moid_jup": "24.4104", "last_obs": "2017-12-16", "sb_used": "SB441-N16", "not_valid_after": null, "first_obs": "2014-11-17", "n_dop_obs_used": null, "condition_code": "4", "elements": [{"label": "e", "title": "eccentricity", "value": ".2581935061049243", "name": "e", "sigma": ".00010986", "units": null}, {"label": "a", "title": "semi-major axis", "value": "39.53802482605335", "name": "a", "units": "au", "sigma": ".0042777"}, {"value": "29.32956357175109", "title": "perihelion distance", "label": "q", "sigma": ".0024835", "units": "au", "name": "q"}, {"title": "inclination; angle with respect to x-y ecliptic plane", "value": "18.25262719226479", "label": "i", "sigma": ".00055622", "units": "deg", "name": "i"}, {"label": "node", "value": "54.11856033277253", "title": "longitude of the ascending node", "name": "om", "sigma": ".0001626", "units": "deg"}, {"units": "deg", "sigma": ".055332", "name": "w", "title": "argument of perihelion", "value": "332.7853578162074", "label": "peri"}, {"label": "M", "title": "mean anomaly", "value": "22.68712313787132", "name": "ma", "units": "deg", "sigma": ".029576"}, {"label": "tp", "value": "2454277.841778320498", "title": "time of perihelion passage", "name": "tp", "units": "TDB", "sigma": "7.6932"}, {"name": "per", "sigma": "14.737", "units": "d", "label": "period", "value": "90807.32481085835", "title": "sidereal orbital period"}, {"title": "mean motion", "value": ".003964437899143492", "label": "n", "sigma": "6.4337E-7", "units": "deg/d", "name": "n"}, {"title": "aphelion distance", "value": "49.74648608035561", "label": "Q", "sigma": ".0053821", "units": "au", "name": "ad"}], "soln_date": "2021-04-15 15:18:22", "source": "JPL", "t_jup": "5.190"}, "object": {"orbit_id": "2", "pha": false, "fullname": "(2015 VM164)", "des": "2015 VM164", "spkid": "3830946", "prefix": null, "neo": false, "orbit_class": {"name": "TransNeptunian Object", "code": "TNO"}, "kind": "au"}}