{"orbit": {"equinox": "J2000", "two_body": null, "producer": "Otto Matic", "moid_jup": "33.9535", "n_del_obs_used": null, "elements": [{"sigma": ".00044913", "name": "e", "value": ".06007958881123152", "units": null, "label": "e", "title": "eccentricity"}, {"units": "au", "label": "a", "title": "semi-major axis", "sigma": ".046411", "name": "a", "value": "41.02097251535976"}, {"value": "38.55644935400012", "sigma": ".031465", "name": "q", "label": "q", "title": "perihelion distance", "units": "au"}, {"units": "deg", "title": "inclination; angle with respect to x-y ecliptic plane", "label": "i", "name": "i", "sigma": ".00077379", "value": "23.38403341324133"}, {"label": "node", "title": "longitude of the ascending node", "units": "deg", "value": "72.85696442125837", "sigma": ".00035867", "name": "om"}, {"title": "argument of perihelion", "label": "peri", "units": "deg", "value": "287.9766002753674", "sigma": ".75522", "name": "w"}, {"label": "M", "title": "mean anomaly", "units": "deg", "value": "92.680367892691", "sigma": ".8058", "name": "ma"}, {"value": "2435295.059397447778", "name": "tp", "sigma": "172.89", "title": "time of perihelion passage", "label": "tp", "units": "TDB"}, {"label": "period", "title": "sidereal orbital period", "units": "d", "value": "95963.78196530875", "name": "per", "sigma": "162.86"}, {"units": "deg/d", "title": "mean motion", "label": "n", "name": "n", "sigma": "6.3665E-6", "value": ".003751415300932401"}, {"units": "au", "title": "aphelion distance", "label": "Q", "name": "ad", "sigma": ".0492", "value": "43.4854956767194"}], "not_valid_after": null, "first_obs": "2003-12-16", "soln_date": "2021-04-14 22:06:01", "not_valid_before": null, "moid": "37.6283", "epoch": "2460000.5", "orbit_id": "5", "n_obs_used": 12, "last_obs": "2020-02-18", "condition_code": "5", "source": "JPL", "covariance": {"epoch": "2455046.5", "data": [["1.742992371450705E-7", "6.142827766750209E-6", ".05444384207031485", "6.349355819416576E-9", ".0002295410528714449", "1.582698701626605E-7"], ["6.142827766750209E-6", ".001084954413902421", "5.526809606550724", "6.052444239309921E-9", ".02457321303995872", "1.2841203166991E-5"], [".05444384207031485", "5.526809606550724", "31997.74838815192", ".001078909218911823", "140.1880009598046", ".07960206670085551"], ["6.349355819416576E-9", "6.052444239309921E-9", ".001078909218911823", "1.277076371924745E-7", "4.113050342744176E-6", "1.445565026111795E-7"], [".0002295410528714449", ".02457321303995872", "140.1880009598046", "4.113050342744176E-6", ".6151796522159036", ".0003461205881445111"], ["1.582698701626605E-7", "1.2841203166991E-5", ".07960206670085551", "1.445565026111795E-7", ".0003461205881445111", "5.928543900968774E-7"]], "elements": [{"name": "e", "sigma": 0.000417491601286865, "value": ".05892464464425197", "units": null, "label": "e", "title": "eccentricity"}, {"name": "q", "sigma": 0.032938646206279, "value": "38.505683765698", "units": "au", "title": "perihelion distance", "label": "q"}, {"value": "2434537.950589426215", "name": "tp", "sigma": 178.879144642834, "label": "tp", "title": "time of perihelion passage", "units": "TDB"}, {"name": "om", "sigma": 0.000357362053375109, "value": "72.91152946571786", "units": "deg", "label": "node", "title": "longitude of the ascending node"}, {"sigma": 0.784333890773504, "name": "w", "value": "284.8808465482714", "units": "deg", "title": "argument of perihelion", "label": "peri"}, {"name": "i", "sigma": 0.000769970382610187, "value": "23.43565338548706", "units": "deg", "title": "inclination", "label": "i"}], "labels": ["e", "q", "tp", "node", "peri", "i"]}, "t_jup": "5.272", "data_arc": "5908", "pe_used": "DE441", "n_dop_obs_used": null, "sb_used": "SB441-N16", "rms": ".13981", "model_pars": [], "comment": null}, "object": {"neo": false, "orbit_class": {"name": "TransNeptunian Object", "code": "TNO"}, "pha": false, "spkid": "3330217", "orbit_id": "5", "fullname": "(2003 YM179)", "prefix": null, "kind": "au", "des": "2003 YM179"}, "signature": {"version": "1.3", "source": "NASA/JPL Small-Body Database (SBDB) API"}}