{"object": {"prefix": null, "neo": false, "orbit_class": {"code": "TNO", "name": "TransNeptunian Object"}, "kind": "au", "des": "2007 TV431", "pha": false, "orbit_id": "6", "fullname": "(2007 TV431)", "spkid": "3423300"}, "orbit": {"n_obs_used": 30, "not_valid_before": null, "n_del_obs_used": null, "data_arc": "3713", "model_pars": [], "moid_jup": "25.271", "pe_used": "DE441", "two_body": null, "equinox": "J2000", "comment": null, "producer": "Otto Matic", "rms": ".14682", "moid": "29.2697", "orbit_id": "6", "covariance": {"epoch": "2457448.5", "elements": [{"label": "e", "value": ".231486228423266", "title": "eccentricity", "name": "e", "sigma": 0.00011053951281245, "units": null}, {"name": "q", "sigma": 0.000932457515904028, "units": "au", "label": "q", "title": "perihelion distance", "value": "30.26979007506425"}, {"value": "2456845.485040714826", "title": "time of perihelion passage", "label": "tp", "sigma": 2.78707200856957, "units": "TDB", "name": "tp"}, {"title": "longitude of the ascending node", "value": "44.38794030202957", "label": "node", "units": "deg", "sigma": 0.00174109784607107, "name": "om"}, {"sigma": 0.0183189180638541, "units": "deg", "name": "w", "value": "3.073632976418663", "title": "argument of perihelion", "label": "peri"}, {"name": "i", "units": "deg", "sigma": 0.000379460373330437, "label": "i", "title": "inclination", "value": "1.808418591907219"}], "data": [["1.221898389281369E-8", "1.001607810916161E-7", "-8.663723671140214E-5", "1.929314521992706E-9", "-5.679565768253118E-7", "1.795961378066495E-10"], ["1.001607810916161E-7", "8.6947701896591E-7", "-.001181985032018262", "1.716323389993395E-8", "-7.738801341094227E-6", "1.626115000099107E-9"], ["-8.663723671140214E-5", "-.001181985032018262", "7.767770380952043", "-2.929802584063043E-5", ".05082515504526012", "-3.175644904424071E-6"], ["1.929314521992706E-9", "1.716323389993395E-8", "-2.929802584063043E-5", "3.031421709593304E-6", "-3.221358491395604E-6", "5.642045158683331E-7"], ["-5.679565768253118E-7", "-7.738801341094227E-6", ".05082515504526012", "-3.221358491395604E-6", ".0003355827590302004", "-5.846773045884138E-7"], ["1.795961378066495E-10", "1.626115000099107E-9", "-3.175644904424071E-6", "5.642045158683331E-7", "-5.846773045884138E-7", "1.439901749280744E-7"]], "labels": ["e", "q", "tp", "node", "peri", "i"]}, "epoch": "2460000.5", "t_jup": "5.497", "source": "JPL", "last_obs": "2017-12-13", "soln_date": "2021-04-15 00:58:19", "condition_code": "3", "n_dop_obs_used": null, "elements": [{"name": "e", "units": null, "sigma": ".00011127", "label": "e", "title": "eccentricity", "value": ".2389122670227307"}, {"title": "semi-major axis", "value": "39.76053077382974", "label": "a", "units": "au", "sigma": ".0070038", "name": "a"}, {"name": "q", "units": "au", "sigma": ".00092488", "label": "q", "value": "30.26125222862703", "title": "perihelion distance"}, {"name": "i", "sigma": ".0003783", "units": "deg", "label": "i", "title": "inclination; angle with respect to x-y ecliptic plane", "value": "1.801551478588476"}, {"label": "node", "title": "longitude of the ascending node", "value": "44.32861189356155", "name": "om", "sigma": ".0017461", "units": "deg"}, {"title": "argument of perihelion", "value": "2.539959922512402", "label": "peri", "sigma": ".01775", "units": "deg", "name": "w"}, {"sigma": ".010078", "units": "deg", "name": "ma", "value": "12.7206045296726", "title": "mean anomaly", "label": "M"}, {"label": "tp", "value": "2456764.698015047918", "title": "time of perihelion passage", "name": "tp", "sigma": "2.6915", "units": "TDB"}, {"sigma": "24.196", "units": "d", "name": "per", "value": "91574.94927740915", "title": "sidereal orbital period", "label": "period"}, {"name": "n", "sigma": "1.0387E-6", "units": "deg/d", "label": "n", "value": ".003931206108664581", "title": "mean motion"}, {"sigma": ".0086771", "units": "au", "name": "ad", "value": "49.25980931903246", "title": "aphelion distance", "label": "Q"}], "sb_used": "SB441-N16", "not_valid_after": null, "first_obs": "2007-10-14"}, "signature": {"version": "1.3", "source": "NASA/JPL Small-Body Database (SBDB) API"}}