{"signature": {"version": "1.3", "source": "NASA/JPL Small-Body Database (SBDB) API"}, "object": {"prefix": null, "neo": false, "orbit_class": {"code": "TNO", "name": "TransNeptunian Object"}, "kind": "au", "des": "2010 RK190", "fullname": "(2010 RK190)", "orbit_id": "4", "pha": false, "spkid": "3841239"}, "orbit": {"last_obs": "2021-08-10", "soln_date": "2021-09-08 23:04:25", "elements": [{"name": "e", "units": null, "sigma": "2.3093E-5", "label": "e", "title": "eccentricity", "value": ".1869003974681337"}, {"name": "a", "sigma": ".001097", "units": "au", "label": "a", "value": "39.72002880933925", "title": "semi-major axis"}, {"name": "q", "units": "au", "sigma": ".0018081", "label": "q", "title": "perihelion distance", "value": "32.29633963742802"}, {"name": "i", "units": "deg", "sigma": "8.8835E-5", "label": "i", "value": "6.61683798818419", "title": "inclination; angle with respect to x-y ecliptic plane"}, {"label": "node", "title": "longitude of the ascending node", "value": "340.1156544538548", "name": "om", "sigma": ".00045191", "units": "deg"}, {"label": "peri", "value": "214.062553629386", "title": "argument of perihelion", "name": "w", "units": "deg", "sigma": ".0064843"}, {"label": "M", "title": "mean anomaly", "value": "186.3293140544604", "name": "ma", "units": "deg", "sigma": ".0091779"}, {"name": "tp", "sigma": "2.3203", "units": "TDB", "label": "tp", "value": "2504110.471579177887", "title": "time of perihelion passage"}, {"name": "per", "sigma": "3.7878", "units": "d", "label": "period", "value": "91435.06102972169", "title": "sidereal orbital period"}, {"title": "mean motion", "value": ".003937220536036818", "label": "n", "sigma": "1.631E-7", "units": "deg/d", "name": "n"}, {"sigma": ".001302", "units": "au", "name": "ad", "value": "47.14371798125047", "title": "aphelion distance", "label": "Q"}], "n_dop_obs_used": null, "condition_code": "3", "not_valid_after": null, "sb_used": "SB441-N16", "first_obs": "2009-09-14", "t_jup": "5.523", "source": "JPL", "rms": ".83768", "producer": "Otto Matic", "moid": "31.2985", "orbit_id": "4", "covariance": {"epoch": "2457017.5", "elements": [{"sigma": 2.28403723747333e-05, "units": null, "name": "e", "title": "eccentricity", "value": ".1964186703390571", "label": "e"}, {"label": "q", "value": "31.65277711676672", "title": "perihelion distance", "name": "q", "sigma": 0.00176458117108331, "units": "au"}, {"units": "TDB", "sigma": 3.48014050686717, "name": "tp", "value": "2413072.081367418999", "title": "time of perihelion passage", "label": "tp"}, {"value": "340.3274115722204", "title": "longitude of the ascending node", "label": "node", "units": "deg", "sigma": 0.000449718770654114, "name": "om"}, {"label": "peri", "value": "213.3957277906128", "title": "argument of perihelion", "name": "w", "sigma": 0.00616263980596463, "units": "deg"}, {"units": "deg", "sigma": 8.95196832733113e-05, "name": "i", "title": "inclination", "value": "6.654004241523841", "label": "i"}], "labels": ["e", "q", "tp", "node", "peri", "i"], "data": [["5.21682610216479E-10", "-4.028425869982963E-8", "6.66337497524113E-5", "3.227157953966171E-10", "6.630527623826607E-8", "4.10461966713769E-11"], ["-4.028425869982963E-8", "3.113746709341745E-6", "-.005070818778861706", "-2.497567860452668E-8", "-4.898818386219794E-6", "-3.17735316289844E-9"], ["6.66337497524113E-5", "-.005070818778861706", "12.11137794753765", "4.177383776042608E-5", ".01874052702340038", "5.278897657660704E-6"], ["3.227157953966171E-10", "-2.497567860452668E-8", "4.177383776042608E-5", "2.022469726786474E-7", "-1.584715608237638E-7", "3.998058829856126E-8"], ["6.630527623826607E-8", "-4.898818386219794E-6", ".01874052702340038", "-1.584715608237638E-7", "3.797812937805973E-5", "-3.441459032292023E-8"], ["4.10461966713769E-11", "-3.17735316289844E-9", "5.278897657660704E-6", "3.998058829856126E-8", "-3.441459032292023E-8", "8.013773693353962E-9"]]}, "epoch": "2460000.5", "n_obs_used": 108, "not_valid_before": null, "model_pars": [], "data_arc": "4348", "n_del_obs_used": null, "moid_jup": "26.8562", "two_body": null, "equinox": "J2000", "pe_used": "DE441", "comment": null}}