{"signature": {"version": "1.3", "source": "NASA/JPL Small-Body Database (SBDB) API"}, "orbit": {"t_jup": "5.486", "covariance": {"elements": [{"label": "e", "title": "eccentricity", "units": null, "value": ".1963794945217208", "sigma": 8.08536155753895e-05, "name": "e"}, {"name": "q", "sigma": 0.001052568700138, "value": "31.9232329126526", "units": "au", "title": "perihelion distance", "label": "q"}, {"units": "TDB", "label": "tp", "title": "time of perihelion passage", "name": "tp", "sigma": 15.2374664869538, "value": "2458182.910080384094"}, {"sigma": 0.00280553762225805, "name": "om", "value": "94.05116742217567", "units": "deg", "title": "longitude of the ascending node", "label": "node"}, {"value": "146.7442975775478", "sigma": 0.0912979540896055, "name": "w", "title": "argument of perihelion", "label": "peri", "units": "deg"}, {"title": "inclination", "label": "i", "units": "deg", "value": "7.98554727491145", "sigma": 0.000489564346019489, "name": "i"}], "labels": ["e", "q", "tp", "node", "peri", "i"], "epoch": "2457306.5", "data": [["6.53730715161286E-9", "3.601968271645779E-8", ".0002223887507070403", "-4.295465954177358E-9", "1.336828404735964E-6", "1.063849050043459E-9"], ["3.601968271645779E-8", "1.107900868510199E-6", "-.01270066076482702", "5.157096825804694E-8", "-7.603380152763598E-5", "-6.196933511421699E-9"], [".0002223887507070403", "-.01270066076482702", "232.1803849410415", "-.00140202395883287", "1.390505527843134", ".0002428574587483895"], ["-4.295465954177358E-9", "5.157096825804694E-8", "-.00140202395883287", "7.87104134990533E-6", "-1.618322750506689E-5", "-1.369652798224769E-6"], ["1.336828404735964E-6", "-7.603380152763598E-5", "1.390505527843134", "-1.618322750506689E-5", ".008335316420947706", "2.809452691668279E-6"], ["1.063849050043459E-9", "-6.196933511421699E-9", ".0002428574587483895", "-1.369652798224769E-6", "2.809452691668279E-6", "2.396732488934902E-7"]]}, "condition_code": "4", "source": "JPL", "n_obs_used": 36, "last_obs": "2017-08-24", "orbit_id": "2", "epoch": "2460000.5", "not_valid_before": null, "soln_date": "2021-04-15 13:49:22", "moid": "30.912", "not_valid_after": null, "first_obs": "2014-05-29", "moid_jup": "26.5563", "n_del_obs_used": null, "elements": [{"sigma": "8.2399E-5", "name": "e", "value": ".1911746152298802", "units": null, "title": "eccentricity", "label": "e"}, {"value": "39.46700370367493", "name": "a", "sigma": ".0046293", "title": "semi-major axis", "label": "a", "units": "au"}, {"sigma": ".0012163", "name": "q", "value": "31.92191445634862", "units": "au", "title": "perihelion distance", "label": "q"}, {"label": "i", "title": "inclination; angle with respect to x-y ecliptic plane", "units": "deg", "value": "7.986256838556552", "name": "i", "sigma": ".0004909"}, {"title": "longitude of the ascending node", "label": "node", "units": "deg", "value": "94.0771881836708", "sigma": ".0028108", "name": "om"}, {"value": "148.1193668878707", "sigma": ".093429", "name": "w", "label": "peri", "title": "argument of perihelion", "units": "deg"}, {"title": "mean anomaly", "label": "M", "units": "deg", "value": "6.314341732140938", "name": "ma", "sigma": ".062036"}, {"units": "TDB", "label": "tp", "title": "time of perihelion passage", "name": "tp", "sigma": "15.616", "value": "2458412.043804221500"}, {"units": "d", "title": "sidereal orbital period", "label": "period", "name": "per", "sigma": "15.934", "value": "90562.7624760136"}, {"title": "mean motion", "label": "n", "units": "deg/d", "value": ".003975143758400142", "sigma": "6.994E-7", "name": "n"}, {"value": "47.01209295100124", "sigma": ".0055143", "name": "ad", "label": "Q", "title": "aphelion distance", "units": "au"}], "producer": "Otto Matic", "two_body": null, "equinox": "J2000", "comment": null, "model_pars": [], "sb_used": "SB441-N16", "rms": ".14349", "n_dop_obs_used": null, "pe_used": "DE441", "data_arc": "1183"}, "object": {"fullname": "(2015 KN173)", "orbit_id": "2", "kind": "au", "des": "2015 KN173", "prefix": null, "orbit_class": {"name": "TransNeptunian Object", "code": "TNO"}, "neo": false, "pha": false, "spkid": "3830929"}}