{"object": {"orbit_class": {"code": "TNO", "name": "TransNeptunian Object"}, "neo": false, "spkid": "3835556", "pha": false, "fullname": "(2015 GA58)", "orbit_id": "2", "des": "2015 GA58", "kind": "au", "prefix": null}, "orbit": {"not_valid_after": null, "first_obs": "2015-02-17", "epoch": "2460000.5", "moid": "34.6506", "not_valid_before": null, "soln_date": "2021-04-15 13:31:17", "two_body": null, "equinox": "J2000", "n_del_obs_used": null, "moid_jup": "30.3863", "elements": [{"units": null, "title": "eccentricity", "label": "e", "name": "e", "sigma": ".0010363", "value": ".1439255256217432"}, {"units": "au", "title": "semi-major axis", "label": "a", "name": "a", "sigma": ".011557", "value": "41.63846014573009"}, {"label": "q", "title": "perihelion distance", "units": "au", "value": "35.64562288317588", "sigma": ".034643", "name": "q"}, {"sigma": ".0014676", "name": "i", "value": "17.4642066417337", "units": "deg", "title": "inclination; angle with respect to x-y ecliptic plane", "label": "i"}, {"name": "om", "sigma": ".00046212", "value": "28.33528459974308", "units": "deg", "label": "node", "title": "longitude of the ascending node"}, {"units": "deg", "title": "argument of perihelion", "label": "peri", "sigma": ".4718", "name": "w", "value": "218.609555364497"}, {"value": "336.6988783792882", "sigma": ".30917", "name": "ma", "title": "mean anomaly", "label": "M", "units": "deg"}, {"value": "2466352.562215901204", "sigma": "86.422", "name": "tp", "title": "time of perihelion passage", "label": "tp", "units": "TDB"}, {"units": "d", "label": "period", "title": "sidereal orbital period", "name": "per", "sigma": "40.859", "value": "98138.72632173215"}, {"value": ".003668276668068805", "name": "n", "sigma": "1.5273E-6", "title": "mean motion", "label": "n", "units": "deg/d"}, {"units": "au", "label": "Q", "title": "aphelion distance", "sigma": ".013221", "name": "ad", "value": "47.6312974082843"}], "producer": "Otto Matic", "covariance": {"data": [["9.542651059369248E-7", "-3.171483315793528E-5", ".08531249987391094", "-1.18571268711357E-8", ".000458583154738011", "3.758563763506923E-8"], ["-3.171483315793528E-5", ".00107472504460626", "-2.893763866155904", "4.519478293135789E-7", "-.01554548632392601", "-1.341687071340378E-6"], [".08531249987391094", "-2.893763866155904", "7794.524453007867", "-.001215023760964264", "41.86957172520844", ".003609579096928387"], ["-1.18571268711357E-8", "4.519478293135789E-7", "-.001215023760964264", "2.154962890084722E-7", "-6.71633473651485E-6", "-6.660485418246999E-7"], [".000458583154738011", "-.01554548632392601", "41.86957172520844", "-6.71633473651485E-6", ".2249151262901526", "2.000416719178498E-5"], ["3.758563763506923E-8", "-1.341687071340378E-6", ".003609579096928387", "-6.660485418246999E-7", "2.000416719178498E-5", "2.136057191052403E-6"]], "epoch": "2457269.5", "labels": ["e", "q", "tp", "node", "peri", "i"], "elements": [{"sigma": 0.000976864937407892, "name": "e", "value": ".1502387579161331", "units": null, "title": "eccentricity", "label": "e"}, {"title": "perihelion distance", "label": "q", "units": "au", "value": "35.76965417673857", "sigma": 0.0327829993229152, "name": "q"}, {"value": "2465741.294748653316", "sigma": 88.2866040405217, "name": "tp", "label": "tp", "title": "time of perihelion passage", "units": "TDB"}, {"units": "deg", "title": "longitude of the ascending node", "label": "node", "sigma": 0.00046421577850012, "name": "om", "value": "28.31653327457125"}, {"units": "deg", "title": "argument of perihelion", "label": "peri", "sigma": 0.474252175841242, "name": "w", "value": "215.6260997785976"}, {"label": "i", "title": "inclination", "units": "deg", "value": "17.38781475586589", "sigma": 0.00146152563817827, "name": "i"}]}, "condition_code": "5", "source": "JPL", "t_jup": "5.466", "orbit_id": "2", "n_obs_used": 27, "last_obs": "2017-06-24", "data_arc": "858", "n_dop_obs_used": null, "pe_used": "DE441", "comment": null, "sb_used": "SB441-N16", "rms": ".14662", "model_pars": []}, "signature": {"version": "1.3", "source": "NASA/JPL Small-Body Database (SBDB) API"}}