{"orbit": {"source": "JPL", "t_jup": "5.503", "last_obs": "2016-05-30", "not_valid_after": null, "first_obs": "2014-05-29", "sb_used": "SB441-N16", "n_dop_obs_used": null, "condition_code": "4", "elements": [{"name": "e", "units": null, "sigma": ".001037", "label": "e", "title": "eccentricity", "value": ".1830427668500004"}, {"units": "au", "sigma": ".015765", "name": "a", "title": "semi-major axis", "value": "39.33993401435023", "label": "a"}, {"value": "32.13904364466712", "title": "perihelion distance", "label": "q", "sigma": ".029446", "units": "au", "name": "q"}, {"units": "deg", "sigma": ".0010877", "name": "i", "title": "inclination; angle with respect to x-y ecliptic plane", "value": "6.575130289970247", "label": "i"}, {"units": "deg", "sigma": ".010999", "name": "om", "title": "longitude of the ascending node", "value": "103.8480246920066", "label": "node"}, {"units": "deg", "sigma": ".046246", "name": "w", "title": "argument of perihelion", "value": "42.71422542308137", "label": "peri"}, {"label": "M", "title": "mean anomaly", "value": "78.58334510458084", "name": "ma", "sigma": ".11357", "units": "deg"}, {"name": "tp", "sigma": "16.632", "units": "TDB", "label": "tp", "title": "time of perihelion passage", "value": "2440327.215223018578"}, {"sigma": "54.173", "units": "d", "name": "per", "title": "sidereal orbital period", "value": "90125.74496908838", "label": "period"}, {"label": "n", "value": ".003994419132107857", "title": "mean motion", "name": "n", "sigma": "2.401E-6", "units": "deg/d"}, {"name": "ad", "sigma": ".01865", "units": "au", "label": "Q", "value": "46.54082438403334", "title": "aphelion distance"}], "soln_date": "2021-05-09 21:12:02", "data_arc": "732", "model_pars": [], "n_del_obs_used": null, "not_valid_before": null, "n_obs_used": 27, "comment": null, "equinox": "J2000", "two_body": null, "pe_used": "DE441", "moid_jup": "26.7713", "orbit_id": "1", "moid": "31.1543", "producer": "Otto Matic", "rms": ".29786", "epoch": "2460000.5", "covariance": {"data": [["1.077103721010693E-6", "-2.994955051348533E-5", ".01413523799129277", "8.611191014510429E-7", "-2.711481378660247E-5", "-8.590156980059999E-8"], ["-2.994955051348533E-5", ".0008592921597712061", "-.3649332018235654", "-2.354484087074357E-5", ".0009607182213136207", "2.372088976562781E-6"], [".01413523799129277", "-.3649332018235654", "215.983825160491", ".01169208605165549", "-.1337223776442929", "-.001143080062255255"], ["8.611191014510429E-7", "-2.354484087074357E-5", ".01169208605165549", ".0001200649878382794", "-.0001372856376803111", "-1.188317580266014E-5"], ["-2.711481378660247E-5", ".0009607182213136207", "-.1337223776442929", "-.0001372856376803111", ".002425259776578206", "1.37777735611394E-5"], ["-8.590156980059999E-8", "2.372088976562781E-6", "-.001143080062255255", "-1.188317580266014E-5", "1.37777735611394E-5", "1.177334106966959E-6"]], "labels": ["e", "q", "tp", "node", "peri", "i"], "elements": [{"label": "e", "value": ".1879709078774946", "title": "eccentricity", "name": "e", "sigma": 0.00103783607617518, "units": null}, {"name": "q", "sigma": 0.0293136855371549, "units": "au", "label": "q", "value": "32.17408866580082", "title": "perihelion distance"}, {"label": "tp", "title": "time of perihelion passage", "value": "2440674.941970803327", "name": "tp", "sigma": 14.6963881671821, "units": "TDB"}, {"label": "node", "title": "longitude of the ascending node", "value": "103.7850709526391", "name": "om", "units": "deg", "sigma": 0.0109574170240198}, {"label": "peri", "value": "44.39153889392014", "title": "argument of perihelion", "name": "w", "sigma": 0.0492469265698704, "units": "deg"}, {"value": "6.579474535374606", "title": "inclination", "label": "i", "units": "deg", "sigma": 0.00108505027854333, "name": "i"}], "epoch": "2457189.5"}}, "object": {"fullname": "(2015 KM199)", "orbit_id": "1", "pha": false, "des": "2015 KM199", "spkid": "54144275", "prefix": null, "neo": false, "orbit_class": {"code": "TNO", "name": "TransNeptunian Object"}, "kind": "au"}, "signature": {"version": "1.3", "source": "NASA/JPL Small-Body Database (SBDB) API"}}