{"signature": {"version": "1.3", "source": "NASA/JPL Small-Body Database (SBDB) API"}, "orbit": {"t_jup": "4.631", "source": "JPL", "soln_date": "2022-04-28 21:46:57", "n_dop_obs_used": null, "condition_code": "3", "elements": [{"title": "eccentricity", "value": ".3118773433330058", "label": "e", "sigma": "8.0163E-5", "units": null, "name": "e"}, {"units": "au", "sigma": ".0054073", "name": "a", "title": "semi-major axis", "value": "39.35724230240335", "label": "a"}, {"name": "q", "units": "au", "sigma": ".001251", "label": "q", "title": "perihelion distance", "value": "27.0826101322164"}, {"name": "i", "units": "deg", "sigma": ".00040512", "label": "i", "value": "30.593657543197", "title": "inclination; angle with respect to x-y ecliptic plane"}, {"sigma": "4.5601E-5", "units": "deg", "name": "om", "value": "204.8215008504415", "title": "longitude of the ascending node", "label": "node"}, {"name": "w", "units": "deg", "sigma": ".010066", "label": "peri", "value": "58.30504811415503", "title": "argument of perihelion"}, {"units": "deg", "sigma": ".0082265", "name": "ma", "title": "mean anomaly", "value": "339.7256491374797", "label": "M"}, {"label": "tp", "title": "time of perihelion passage", "value": "2465079.519437608775", "name": "tp", "units": "TDB", "sigma": "1.1198"}, {"sigma": "18.586", "units": "d", "name": "per", "value": "90185.23009381635", "title": "sidereal orbital period", "label": "period"}, {"label": "n", "value": ".00399178445988889", "title": "mean motion", "name": "n", "units": "deg/d", "sigma": "8.2265E-7"}, {"title": "aphelion distance", "value": "51.6318744725903", "label": "Q", "sigma": ".0070937", "units": "au", "name": "ad"}], "not_valid_after": null, "first_obs": "2013-03-16", "sb_used": "SB441-N16", "last_obs": "2022-04-08", "moid_jup": "22.2933", "two_body": null, "equinox": "J2000", "pe_used": "DE441", "comment": null, "n_obs_used": 42, "not_valid_before": null, "data_arc": "3310", "model_pars": [], "n_del_obs_used": null, "covariance": {"labels": ["e", "q", "tp", "node", "peri", "i"], "data": [["6.548186215877958E-9", "3.002559137609937E-8", "-5.034638485856283E-5", "-4.892113088938066E-10", "-3.443573755193842E-7", "4.124787814777782E-9"], ["3.002559137609937E-8", "1.509273050682984E-6", "-.001283467379975446", "-6.113962701374287E-9", "-1.194335882129005E-5", "3.71850966061945E-8"], ["-5.034638485856283E-5", "-.001283467379975446", "1.216357089389058", "6.562208427267121E-6", ".01073806087797719", "-4.448840504052674E-5"], ["-4.892113088938066E-10", "-6.113962701374287E-9", "6.562208427267121E-6", "2.073892692131036E-9", "5.21514877967608E-8", "3.951875468143263E-9"], ["-3.443573755193842E-7", "-1.194335882129005E-5", ".01073806087797719", "5.21514877967608E-8", "9.72966089640241E-5", "-3.507709594937668E-7"], ["4.124787814777782E-9", "3.71850966061945E-8", "-4.448840504052674E-5", "3.951875468143263E-9", "-3.507709594937668E-7", "1.633235769988839E-7"]], "elements": [{"value": ".3153847939300312", "title": "eccentricity", "label": "e", "units": null, "sigma": 8.09208639096121e-05, "name": "e"}, {"sigma": 0.00122852474565349, "units": "au", "name": "q", "title": "perihelion distance", "value": "27.19486629136038", "label": "q"}, {"name": "tp", "units": "TDB", "sigma": 1.10288580070153, "label": "tp", "title": "time of perihelion passage", "value": "2464920.166056492429"}, {"units": "deg", "sigma": 4.55400119908969e-05, "name": "om", "title": "longitude of the ascending node", "value": "204.7662828502216", "label": "node"}, {"sigma": 0.00986390434686104, "units": "deg", "name": "w", "value": "57.02156012329207", "title": "argument of perihelion", "label": "peri"}, {"value": "30.48596269496336", "title": "inclination", "label": "i", "sigma": 0.00040413311791894, "units": "deg", "name": "i"}], "epoch": "2457288.5"}, "epoch": "2460000.5", "producer": "Otto Matic", "rms": ".15098", "moid": "26.1697", "orbit_id": "5"}, "object": {"prefix": null, "neo": false, "orbit_class": {"code": "TNO", "name": "TransNeptunian Object"}, "kind": "au", "des": "2015 GK54", "fullname": "(2015 GK54)", "orbit_id": "5", "pha": false, "spkid": "3830900"}}