{"object": {"prefix": null, "des": "2014 JT80", "kind": "au", "orbit_id": "5", "fullname": "(2014 JT80)", "spkid": "3755705", "pha": false, "neo": false, "orbit_class": {"code": "TNO", "name": "TransNeptunian Object"}}, "orbit": {"epoch": "2460000.5", "soln_date": "2021-04-15 10:00:11", "not_valid_before": null, "moid": "29.9174", "first_obs": "2011-04-28", "not_valid_after": null, "moid_jup": "25.8372", "n_del_obs_used": null, "elements": [{"name": "e", "sigma": "5.9995E-5", "value": ".2196345849822496", "units": null, "label": "e", "title": "eccentricity"}, {"name": "a", "sigma": ".0019341", "value": "39.63088938354939", "units": "au", "label": "a", "title": "semi-major axis"}, {"units": "au", "title": "perihelion distance", "label": "q", "name": "q", "sigma": ".001488", "value": "30.92657544131607"}, {"title": "inclination; angle with respect to x-y ecliptic plane", "label": "i", "units": "deg", "value": "14.48136637663943", "name": "i", "sigma": "4.8453E-5"}, {"units": "deg", "title": "longitude of the ascending node", "label": "node", "sigma": ".00067213", "name": "om", "value": "146.2040709892531"}, {"sigma": ".014814", "name": "w", "value": "151.2721701559929", "units": "deg", "title": "argument of perihelion", "label": "peri"}, {"title": "mean anomaly", "label": "M", "units": "deg", "value": "342.7838110076131", "name": "ma", "sigma": ".0076241"}, {"units": "TDB", "label": "tp", "title": "time of perihelion passage", "name": "tp", "sigma": "1.969", "value": "2464358.464375322781"}, {"value": "91127.43684505115", "sigma": "6.671", "name": "per", "title": "sidereal orbital period", "label": "period", "units": "d"}, {"value": ".003950511640222332", "name": "n", "sigma": "2.892E-7", "title": "mean motion", "label": "n", "units": "deg/d"}, {"label": "Q", "title": "aphelion distance", "units": "au", "value": "48.3352033257827", "name": "ad", "sigma": ".0023589"}], "producer": "Otto Matic", "two_body": null, "equinox": "J2000", "t_jup": "5.345", "covariance": {"epoch": "2456918.5", "data": [["3.508382305363081E-9", "-6.856068673890605E-8", "9.193754594748966E-5", "-5.634944572884562E-9", "7.044014365215975E-7", "4.514038489148704E-10"], ["-6.856068673890605E-8", "2.173042059323927E-6", "-.003022335346731723", "1.314069025138904E-7", "-2.241844642174917E-5", "-7.588708303095211E-9"], ["9.193754594748966E-5", "-.003022335346731723", "4.225881472473718", "-.0001795013919464552", ".03126551834696552", "1.012296538572152E-5"], ["-5.634944572884562E-9", "1.314069025138904E-7", "-.0001795013919464552", "4.492621587895365E-7", "-1.781063015895063E-6", "-3.239255163186521E-8"], ["7.044014365215975E-7", "-2.241844642174917E-5", ".03126551834696552", "-1.781063015895063E-6", ".000232145333398243", "1.091271198776207E-7"], ["4.514038489148704E-10", "-7.588708303095211E-9", "1.012296538572152E-5", "-3.239255163186521E-8", "1.091271198776207E-7", "2.384885947338432E-9"]], "elements": [{"value": ".2161949284570487", "sigma": 5.92315988756262e-05, "name": "e", "title": "eccentricity", "label": "e", "units": null}, {"units": "au", "label": "q", "title": "perihelion distance", "sigma": 0.0014741241668611, "name": "q", "value": "30.98500925179413"}, {"sigma": 2.05569488798161, "name": "tp", "value": "2464242.023020142305", "units": "TDB", "label": "tp", "title": "time of perihelion passage"}, {"units": "deg", "title": "longitude of the ascending node", "label": "node", "sigma": 0.000670270213264424, "name": "om", "value": "146.0109390985499"}, {"title": "argument of perihelion", "label": "peri", "units": "deg", "value": "150.5987639783756", "name": "w", "sigma": 0.0152363162673345}, {"value": "14.50202186548598", "sigma": 4.88352940744543e-05, "name": "i", "label": "i", "title": "inclination", "units": "deg"}], "labels": ["e", "q", "tp", "node", "peri", "i"]}, "source": "JPL", "condition_code": "3", "last_obs": "2016-06-28", "n_obs_used": 99, "orbit_id": "5", "n_dop_obs_used": null, "pe_used": "DE441", "data_arc": "1888", "comment": null, "model_pars": [], "rms": ".50001", "sb_used": "SB441-N16"}, "signature": {"version": "1.3", "source": "NASA/JPL Small-Body Database (SBDB) API"}}