{"signature": {"version": "1.3", "source": "NASA/JPL Small-Body Database (SBDB) API"}, "orbit": {"pe_used": "DE441", "n_dop_obs_used": null, "data_arc": "764", "model_pars": [], "sb_used": "SB441-N16", "rms": ".24466", "comment": null, "producer": "Otto Matic", "n_del_obs_used": null, "elements": [{"sigma": ".0011274", "name": "e", "value": ".1160088690578039", "units": null, "title": "eccentricity", "label": "e"}, {"units": "au", "label": "a", "title": "semi-major axis", "sigma": ".011876", "name": "a", "value": "41.70261053581489"}, {"value": "36.86473785079695", "name": "q", "sigma": ".037703", "title": "perihelion distance", "label": "q", "units": "au"}, {"title": "inclination; angle with respect to x-y ecliptic plane", "label": "i", "units": "deg", "value": "17.4300289999534", "sigma": ".0014714", "name": "i"}, {"label": "node", "title": "longitude of the ascending node", "units": "deg", "value": "199.3511732493234", "sigma": ".00076809", "name": "om"}, {"title": "argument of perihelion", "label": "peri", "units": "deg", "value": "114.1083435409681", "sigma": ".36395", "name": "w"}, {"units": "deg", "label": "M", "title": "mean anomaly", "sigma": ".21594", "name": "ma", "value": "55.48743338173367"}, {"value": "2444839.235445743358", "sigma": "64.225", "name": "tp", "title": "time of perihelion passage", "label": "tp", "units": "TDB"}, {"units": "d", "label": "period", "title": "sidereal orbital period", "name": "per", "sigma": "42.019", "value": "98365.61013703638"}, {"title": "mean motion", "label": "n", "units": "deg/d", "value": ".003659815656086229", "sigma": "1.5634E-6", "name": "n"}, {"sigma": ".013254", "name": "ad", "value": "46.54048322083283", "units": "au", "label": "Q", "title": "aphelion distance"}], "moid_jup": "32.035", "two_body": null, "equinox": "J2000", "not_valid_before": null, "soln_date": "2021-04-15 14:37:09", "moid": "35.8894", "epoch": "2460000.5", "not_valid_after": null, "first_obs": "2015-08-20", "last_obs": "2017-09-22", "n_obs_used": 29, "orbit_id": "2", "t_jup": "5.490", "source": "JPL", "condition_code": "4", "covariance": {"labels": ["e", "q", "tp", "node", "peri", "i"], "elements": [{"value": ".1101205122827161", "sigma": 0.00117982011141455, "name": "e", "label": "e", "title": "eccentricity", "units": null}, {"units": "au", "title": "perihelion distance", "label": "q", "name": "q", "sigma": 0.0394777142787487, "value": "36.64267054188829"}, {"name": "tp", "sigma": 54.1556163871624, "value": "2443742.976499773242", "units": "TDB", "title": "time of perihelion passage", "label": "tp"}, {"name": "om", "sigma": 0.000763955213762668, "value": "199.3390002213369", "units": "deg", "label": "node", "title": "longitude of the ascending node"}, {"title": "argument of perihelion", "label": "peri", "units": "deg", "value": "109.0806928244807", "name": "w", "sigma": 0.329560835134253}, {"title": "inclination", "label": "i", "units": "deg", "value": "17.52398498642838", "name": "i", "sigma": 0.00147788812331034}], "data": [["1.391975495298234E-6", "-4.629672849219097E-5", "-.06251688183521502", "7.91610242796195E-8", "-.0003829338971816793", "-1.68398534644297E-7"], ["-4.629672849219097E-5", ".001558489924674519", "2.126920804068465", "-2.867838223331592E-6", ".01298078285382915", "6.090750983045607E-6"], ["-.06251688183521502", "2.126920804068465", "2932.830786273489", "-.004107276019573948", "17.8370638608847", ".008714102883366749"], ["7.91610242796195E-8", "-2.867838223331592E-6", "-.004107276019573948", "5.836275686351641E-7", "-2.520457273064996E-5", "-1.121957045717158E-6"], ["-.0003829338971816793", ".01298078285382915", "17.8370638608847", "-2.520457273064996E-5", ".1086103440543861", "5.338205712595942E-5"], ["-1.68398534644297E-7", "6.090750983045607E-6", ".008714102883366749", "-1.121957045717158E-6", "5.338205712595942E-5", "2.184153305021753E-6"]], "epoch": "2457522.5"}}, "object": {"prefix": null, "kind": "au", "des": "2015 RD281", "orbit_id": "2", "fullname": "(2015 RD281)", "pha": false, "spkid": "3835661", "neo": false, "orbit_class": {"name": "TransNeptunian Object", "code": "TNO"}}}