{"signature": {"version": "1.3", "source": "NASA/JPL Small-Body Database (SBDB) API"}, "object": {"kind": "au", "orbit_class": {"code": "TNO", "name": "TransNeptunian Object"}, "neo": false, "prefix": null, "spkid": "54199501", "des": "2013 TQ229", "fullname": "(2013 TQ229)", "orbit_id": "1", "pha": false}, "orbit": {"soln_date": "2021-09-24 15:12:03", "n_dop_obs_used": null, "elements": [{"value": ".1637205632767487", "title": "eccentricity", "label": "e", "sigma": "7.6687E-5", "units": null, "name": "e"}, {"title": "semi-major axis", "value": "39.77343417826725", "label": "a", "sigma": ".0093491", "units": "au", "name": "a"}, {"name": "q", "units": "au", "sigma": ".0052761", "label": "q", "title": "perihelion distance", "value": "33.26170513115065"}, {"value": "5.560194415350991", "title": "inclination; angle with respect to x-y ecliptic plane", "label": "i", "units": "deg", "sigma": ".00045293", "name": "i"}, {"units": "deg", "sigma": ".0017895", "name": "om", "title": "longitude of the ascending node", "value": "30.71589919057826", "label": "node"}, {"name": "w", "sigma": ".055101", "units": "deg", "label": "peri", "value": "259.8096611258364", "title": "argument of perihelion"}, {"label": "M", "value": "71.5027483697578", "title": "mean anomaly", "name": "ma", "sigma": ".060288", "units": "deg"}, {"name": "tp", "sigma": "8.9424", "units": "TDB", "label": "tp", "title": "time of perihelion passage", "value": "2441803.143723302706"}, {"label": "period", "title": "sidereal orbital period", "value": "91619.53084284242", "name": "per", "sigma": "32.304", "units": "d"}, {"sigma": "1.3854E-6", "units": "deg/d", "name": "n", "value": ".003929293205152056", "title": "mean motion", "label": "n"}, {"name": "ad", "sigma": ".01088", "units": "au", "label": "Q", "title": "aphelion distance", "value": "46.28516322538385"}], "condition_code": "4", "not_valid_after": null, "sb_used": "SB441-N16", "first_obs": "2000-08-25", "last_obs": "2018-11-26", "t_jup": "5.560", "source": "JPL", "covariance": {"epoch": "2457493.5", "elements": [{"title": "eccentricity", "value": ".1616352771219891", "label": "e", "sigma": 6.71659743561804e-05, "units": null, "name": "e"}, {"value": "32.9286118157869", "title": "perihelion distance", "label": "q", "sigma": 0.00556573075543742, "units": "au", "name": "q"}, {"label": "tp", "title": "time of perihelion passage", "value": "2441106.208359961453", "name": "tp", "units": "TDB", "sigma": 8.96087189980158}, {"name": "om", "units": "deg", "sigma": 0.00178137812048014, "label": "node", "title": "longitude of the ascending node", "value": "30.64188224183562"}, {"name": "w", "sigma": 0.0568209863185171, "units": "deg", "label": "peri", "title": "argument of perihelion", "value": "255.8401852166463"}, {"units": "deg", "sigma": 0.000455762479069104, "name": "i", "value": "5.588794857721665", "title": "inclination", "label": "i"}], "labels": ["e", "q", "tp", "node", "peri", "i"], "data": [["4.511268111215081E-9", "2.569406726763915E-7", ".0004905537433843229", "6.237687981920916E-13", "2.982733537101702E-6", "2.050369692922222E-10"], ["2.569406726763915E-7", "3.097735884202201E-5", ".04888021162019872", "-5.259154838045591E-8", ".0003128738810670125", "3.266404125133075E-8"], [".0004905537433843229", ".04888021162019872", "80.29722520465357", "-6.741567030908282E-5", ".5080894089925275", "4.910062208943971E-5"], ["6.237687981920916E-13", "-5.259154838045591E-8", "-6.741567030908282E-5", "3.173308008125342E-6", "-3.618317296875835E-6", "-7.900350861559109E-7"], ["2.982733537101702E-6", ".0003128738810670125", ".5080894089925275", "-3.618317296875835E-6", ".003228624486209108", "1.105025594993147E-6"], ["2.050369692922222E-10", "3.266404125133075E-8", "4.910062208943971E-5", "-7.900350861559109E-7", "1.105025594993147E-6", "2.077194373272156E-7"]]}, "epoch": "2460000.5", "producer": "Otto Matic", "rms": ".1835", "moid": "32.2494", "orbit_id": "1", "moid_jup": "28.1091", "two_body": null, "equinox": "J2000", "pe_used": "DE441", "comment": null, "n_obs_used": 15, "not_valid_before": null, "data_arc": "6667", "n_del_obs_used": null, "model_pars": []}}