{"signature": {"version": "1.3", "source": "NASA/JPL Small-Body Database (SBDB) API"}, "object": {"kind": "au", "orbit_class": {"code": "TNO", "name": "TransNeptunian Object"}, "neo": false, "prefix": null, "spkid": "54194332", "orbit_id": "1", "fullname": "(2013 RE156)", "pha": false, "des": "2013 RE156"}, "orbit": {"source": "JPL", "t_jup": "5.573", "last_obs": "2018-09-29", "elements": [{"label": "e", "value": ".04654453180924895", "title": "eccentricity", "name": "e", "units": null, "sigma": ".00046282"}, {"label": "a", "value": "40.86743584020643", "title": "semi-major axis", "name": "a", "sigma": ".023749", "units": "au"}, {"label": "q", "title": "perihelion distance", "value": "38.96528017277949", "name": "q", "units": "au", "sigma": ".0074428"}, {"name": "i", "sigma": ".00027667", "units": "deg", "label": "i", "title": "inclination; angle with respect to x-y ecliptic plane", "value": "13.41604831558319"}, {"name": "om", "units": "deg", "sigma": ".0029913", "label": "node", "title": "longitude of the ascending node", "value": "259.2078322810751"}, {"label": "peri", "value": "50.44772436343916", "title": "argument of perihelion", "name": "w", "units": "deg", "sigma": ".60906"}, {"name": "ma", "units": "deg", "sigma": ".55191", "label": "M", "title": "mean anomaly", "value": "26.18971508298542"}, {"units": "TDB", "sigma": "146.18", "name": "tp", "value": "2453058.369328967681", "title": "time of perihelion passage", "label": "tp"}, {"label": "period", "title": "sidereal orbital period", "value": "95425.51469738057", "name": "per", "units": "d", "sigma": "83.181"}, {"sigma": "3.2885E-6", "units": "deg/d", "name": "n", "value": ".003772575931517422", "title": "mean motion", "label": "n"}, {"name": "ad", "sigma": ".024854", "units": "au", "label": "Q", "value": "42.76959150763336", "title": "aphelion distance"}], "n_dop_obs_used": null, "condition_code": "5", "soln_date": "2021-09-10 14:12:03", "first_obs": "2013-09-08", "not_valid_after": null, "sb_used": "SB441-N16", "not_valid_before": null, "n_obs_used": 14, "data_arc": "1847", "model_pars": [], "n_del_obs_used": null, "pe_used": "DE441", "two_body": null, "equinox": "J2000", "moid_jup": "33.9247", "comment": null, "rms": ".22102", "producer": "Otto Matic", "orbit_id": "1", "moid": "37.966", "covariance": {"labels": ["e", "q", "tp", "node", "peri", "i"], "data": [["2.375147471446049E-7", "6.67079506307223E-8", "-.02477548103838378", "9.752601978827963E-8", "-.0001046415005047813", "2.978359681976814E-8"], ["6.67079506307223E-8", ".0001055378317790675", "1.585854814347466", "-6.242063207884144E-6", ".006639658517542943", "-3.394936801649804E-7"], ["-.02477548103838378", "1.585854814347466", "26654.91220508635", "-.1048285317013035", "111.6957579041549", "-.008371202163878108"], ["9.752601978827963E-8", "-6.242063207884144E-6", "-.1048285317013035", "9.017579589240868E-6", "-.0004476545413494546", "8.086240066537164E-7"], ["-.0001046415005047813", ".006639658517542943", "111.6957579041549", "-.0004476545413494546", ".468065589189948", "-3.591724834296452E-5"], ["2.978359681976814E-8", "-3.394936801649804E-7", "-.008371202163878108", "8.086240066537164E-7", "-3.591724834296452E-5", "7.634828935375504E-8"]], "epoch": "2457451.5", "elements": [{"value": ".03895811829865575", "title": "eccentricity", "label": "e", "units": null, "sigma": 0.000487354847256704, "name": "e"}, {"sigma": 0.010273160749208, "units": "au", "name": "q", "value": "38.84855646411079", "title": "perihelion distance", "label": "q"}, {"title": "time of perihelion passage", "value": "2450555.496108061258", "label": "tp", "units": "TDB", "sigma": 163.263321677241, "name": "tp"}, {"name": "om", "sigma": 0.00300292850218597, "units": "deg", "label": "node", "value": "259.1266711415319", "title": "longitude of the ascending node"}, {"units": "deg", "sigma": 0.684153191317521, "name": "w", "title": "argument of perihelion", "value": "40.19927392713069", "label": "peri"}, {"label": "i", "value": "13.41635621441412", "title": "inclination", "name": "i", "units": "deg", "sigma": 0.00027631194211209}]}, "epoch": "2460000.5"}}