{"object": {"neo": false, "orbit_class": {"code": "TNO", "name": "TransNeptunian Object"}, "spkid": "20131318", "pha": false, "orbit_id": "7", "fullname": "131318 (2001 FL194)", "prefix": null, "des": "131318", "kind": "an"}, "orbit": {"n_obs_used": 63, "last_obs": "2020-05-23", "orbit_id": "7", "t_jup": "5.384", "covariance": {"labels": ["e", "q", "tp", "node", "peri", "i"], "elements": [{"units": null, "label": "e", "title": "eccentricity", "name": "e", "sigma": 4.66367314881951e-05, "value": ".1792658256091382"}, {"value": "32.49983546933249", "sigma": 0.000569354705748009, "name": "q", "label": "q", "title": "perihelion distance", "units": "au"}, {"name": "tp", "sigma": 1.10634900329514, "value": "2450625.820385300264", "units": "TDB", "title": "time of perihelion passage", "label": "tp"}, {"value": "2.02514029291386", "name": "om", "sigma": 0.00016162759953891, "label": "node", "title": "longitude of the ascending node", "units": "deg"}, {"sigma": 0.00644416987619903, "name": "w", "value": "171.8546936608058", "units": "deg", "label": "peri", "title": "argument of perihelion"}, {"value": "13.67278968991873", "name": "i", "sigma": 6.5333371607688e-05, "title": "inclination", "label": "i", "units": "deg"}], "data": [["2.174984723902012E-9", "2.546944512664157E-8", "4.801860013583405E-5", "1.799172488290727E-10", "2.778098657866654E-7", "2.122436157226733E-10"], ["2.546944512664157E-8", "3.24164780957402E-7", ".0006262561251707513", "1.822388321647075E-9", "3.642264995789698E-6", "2.391326360207412E-9"], ["4.801860013583405E-5", ".0006262561251707513", "1.224008117092142", "3.240124660021868E-6", ".007126235841836946", "4.430005337033144E-6"], ["1.799172488290727E-10", "1.822388321647075E-9", "3.240124660021868E-6", "2.612348093271034E-8", "-6.817930141090036E-9", "1.014218034639051E-8"], ["2.778098657866654E-7", "3.642264995789698E-6", ".007126235841836946", "-6.817930141090036E-9", "4.1527325393311E-5", "1.573280450632566E-8"], ["2.122436157226733E-10", "2.391326360207412E-9", "4.430005337033144E-6", "1.014218034639051E-8", "1.573280450632566E-8", "4.268449445628255E-9"]], "epoch": "2457336.5"}, "source": "JPL", "condition_code": "3", "n_del_obs_used": null, "elements": [{"units": null, "title": "eccentricity", "label": "e", "name": "e", "sigma": "4.5936E-5", "value": ".1702923978875686"}, {"value": "39.14426507062206", "name": "a", "sigma": ".0028468", "label": "a", "title": "semi-major axis", "units": "au"}, {"units": "au", "label": "q", "title": "perihelion distance", "name": "q", "sigma": ".00058265", "value": "32.47829430819924"}, {"value": "13.72716009916609", "name": "i", "sigma": "6.5635E-5", "label": "i", "title": "inclination; angle with respect to x-y ecliptic plane", "units": "deg"}, {"value": "2.197945363713491", "sigma": ".00016102", "name": "om", "title": "longitude of the ascending node", "label": "node", "units": "deg"}, {"units": "deg", "label": "peri", "title": "argument of perihelion", "name": "w", "sigma": ".0070628", "value": "170.4966461705625"}, {"units": "deg", "title": "mean anomaly", "label": "M", "sigma": ".0090171", "name": "ma", "value": "38.69904142368409"}, {"units": "TDB", "title": "time of perihelion passage", "label": "tp", "name": "tp", "sigma": "1.2154", "value": "2450384.413767189333"}, {"sigma": "9.7585", "name": "per", "value": "89454.18068400006", "units": "d", "label": "period", "title": "sidereal orbital period"}, {"value": ".004024406654303975", "name": "n", "sigma": "4.3902E-7", "title": "mean motion", "label": "n", "units": "deg/d"}, {"sigma": ".0033316", "name": "ad", "value": "45.81023583304489", "units": "au", "title": "aphelion distance", "label": "Q"}], "moid_jup": "27.0312", "producer": "Otto Matic", "two_body": null, "equinox": "J2000", "epoch": "2460000.5", "not_valid_before": null, "soln_date": "2021-04-13 17:54:44", "moid": "31.485", "not_valid_after": null, "first_obs": "2001-03-22", "model_pars": [], "rms": ".78157", "sb_used": "SB441-N16", "comment": null, "n_dop_obs_used": null, "pe_used": "DE441", "data_arc": "7002"}, "signature": {"version": "1.3", "source": "NASA/JPL Small-Body Database (SBDB) API"}}