{"signature": {"version": "1.3", "source": "NASA/JPL Small-Body Database (SBDB) API"}, "object": {"fullname": "(2011 UP410)", "orbit_id": "6", "des": "2011 UP410", "kind": "au", "prefix": null, "orbit_class": {"name": "TransNeptunian Object", "code": "TNO"}, "neo": false, "spkid": "3696021", "pha": false}, "orbit": {"data_arc": "2713", "n_dop_obs_used": null, "pe_used": "DE441", "rms": ".18595", "sb_used": "SB441-N16", "model_pars": [], "comment": null, "two_body": null, "equinox": "J2000", "n_del_obs_used": null, "moid_jup": "27.6509", "elements": [{"value": ".1811882156348567", "sigma": "8.0853E-5", "name": "e", "label": "e", "title": "eccentricity", "units": null}, {"value": "39.91129318731951", "sigma": ".0048837", "name": "a", "title": "semi-major axis", "label": "a", "units": "au"}, {"units": "au", "title": "perihelion distance", "label": "q", "sigma": ".0019982", "name": "q", "value": "32.67983719102948"}, {"label": "i", "title": "inclination; angle with respect to x-y ecliptic plane", "units": "deg", "value": "2.728549997289226", "sigma": ".0005715", "name": "i"}, {"units": "deg", "label": "node", "title": "longitude of the ascending node", "sigma": ".0064317", "name": "om", "value": "241.7264563672617"}, {"title": "argument of perihelion", "label": "peri", "units": "deg", "value": "178.4754946368518", "name": "w", "sigma": ".04355"}, {"value": "356.8415341130956", "name": "ma", "sigma": ".028934", "label": "M", "title": "mean anomaly", "units": "deg"}, {"units": "TDB", "title": "time of perihelion passage", "label": "tp", "sigma": "7.345", "name": "tp", "value": "2460808.508289837056"}, {"units": "d", "title": "sidereal orbital period", "label": "period", "name": "per", "sigma": "16.904", "value": "92096.28812120519"}, {"name": "n", "sigma": "7.1747E-7", "value": ".003908952329611968", "units": "deg/d", "label": "n", "title": "mean motion"}, {"value": "47.14274918360955", "sigma": ".0057685", "name": "ad", "label": "Q", "title": "aphelion distance", "units": "au"}], "producer": "Otto Matic", "first_obs": "2011-09-05", "not_valid_after": null, "epoch": "2460000.5", "not_valid_before": null, "soln_date": "2021-04-15 05:41:03", "moid": "31.6913", "orbit_id": "6", "last_obs": "2019-02-08", "n_obs_used": 34, "covariance": {"labels": ["e", "q", "tp", "node", "peri", "i"], "elements": [{"name": "e", "sigma": 8.09952203224602e-05, "value": ".1806881743775304", "units": null, "title": "eccentricity", "label": "e"}, {"name": "q", "sigma": 0.00201536810263724, "value": "32.67626370549799", "units": "au", "label": "q", "title": "perihelion distance"}, {"label": "tp", "title": "time of perihelion passage", "units": "TDB", "value": "2460859.280989959822", "sigma": 7.34755774115861, "name": "tp"}, {"value": "241.8106691878392", "sigma": 0.00644564490106104, "name": "om", "title": "longitude of the ascending node", "label": "node", "units": "deg"}, {"units": "deg", "label": "peri", "title": "argument of perihelion", "sigma": 0.0435895674940624, "name": "w", "value": "178.7332286242547"}, {"title": "inclination", "label": "i", "units": "deg", "value": "2.726115077645674", "name": "i", "sigma": 0.0005717121271515}], "data": [["6.560225715083866E-9", "1.781891342078223E-8", "8.140916296855772E-5", "-4.917824929827572E-9", "4.980462336568247E-7", "4.906662975180795E-10"], ["1.781891342078223E-8", "4.061708589127639E-6", "-.01423376362464172", "-1.898239439103458E-7", "-8.34646271932549E-5", "1.731719277107192E-8"], ["8.140916296855772E-5", "-.01423376362464172", "53.98660475965982", ".0005569458476978575", ".3167522356236795", "-4.971760086558458E-5"], ["-4.917824929827572E-9", "-1.898239439103458E-7", ".0005569458476978575", "4.154633819057417E-5", "-3.822941411277948E-5", "-3.670615130062761E-6"], ["4.980462336568247E-7", "-8.34646271932549E-5", ".3167522356236795", "-3.822941411277948E-5", ".001900050394319422", "3.374610890737369E-6"], ["4.906662975180795E-10", "1.731719277107192E-8", "-4.971760086558458E-5", "-3.670615130062761E-6", "3.374610890737369E-6", "3.268547563320928E-7"]], "epoch": "2456120.5"}, "source": "JPL", "condition_code": "3", "t_jup": "5.572"}}