{"signature": {"version": "1.3", "source": "NASA/JPL Small-Body Database (SBDB) API"}, "object": {"spkid": "20028978", "pha": false, "neo": false, "orbit_class": {"name": "TransNeptunian Object", "code": "TNO"}, "prefix": null, "shortname": "28978 Ixion", "des": "28978", "kind": "an", "orbit_id": "18", "fullname": "28978 Ixion (2001 KX76)"}, "orbit": {"data_arc": "13122", "n_dop_obs_used": null, "pe_used": "DE441", "comment": null, "rms": ".29521", "sb_used": "SB441-N16", "model_pars": [], "not_valid_after": null, "first_obs": "1982-07-17", "epoch": "2460000.5", "moid": "28.8556", "not_valid_before": null, "soln_date": "2021-04-13 06:04:57", "equinox": "J2000", "two_body": null, "elements": [{"title": "eccentricity", "label": "e", "units": null, "value": ".2471004185073444", "name": "e", "sigma": "2.4215E-5"}, {"units": "au", "label": "a", "title": "semi-major axis", "name": "a", "sigma": ".0024934", "value": "39.59574091839654"}, {"value": "29.81161676635237", "sigma": ".002611", "name": "q", "label": "q", "title": "perihelion distance", "units": "au"}, {"units": "deg", "title": "inclination; angle with respect to x-y ecliptic plane", "label": "i", "sigma": ".00015101", "name": "i", "value": "19.65694878114819"}, {"value": "71.07647511571074", "name": "om", "sigma": "4.559E-5", "title": "longitude of the ascending node", "label": "node", "units": "deg"}, {"sigma": ".010581", "name": "w", "value": "299.5402613242588", "units": "deg", "label": "peri", "title": "argument of perihelion"}, {"name": "ma", "sigma": ".008751", "value": "291.6374253897978", "units": "deg", "label": "M", "title": "mean anomaly"}, {"label": "tp", "title": "time of perihelion passage", "units": "TDB", "value": "2477282.223302194470", "name": "tp", "sigma": ".84939"}, {"value": "91006.2329317473", "name": "per", "sigma": "8.5962", "title": "sidereal orbital period", "label": "period", "units": "d"}, {"name": "n", "sigma": "3.7365E-7", "value": ".003955773010294714", "units": "deg/d", "title": "mean motion", "label": "n"}, {"sigma": ".0031095", "name": "ad", "value": "49.3798650704407", "units": "au", "title": "aphelion distance", "label": "Q"}], "n_del_obs_used": null, "moid_jup": "25.0748", "producer": "Otto Matic", "covariance": {"epoch": "2455088.5", "data": [["5.752054765293854E-10", "-5.230379333219777E-8", "-4.933067621798522E-6", "-1.958947416720333E-11", "1.571880968306112E-7", "-1.429068642682343E-10"], ["-5.230379333219777E-8", "6.82826843149658E-6", "-.0007567172352001949", "2.021219700883872E-9", "-2.651807452252209E-5", "1.61579022766129E-8"], ["-4.933067621798522E-6", "-.0007567172352001949", ".751331449587973", "3.431575385802986E-8", ".005790209706208406", "-5.714645803795938E-7"], ["-1.958947416720333E-11", "2.021219700883872E-9", "3.431575385802986E-8", "2.090483334257832E-9", "-8.716724413383611E-9", "5.081226636260596E-9"], ["1.571880968306112E-7", "-2.651807452252209E-5", ".005790209706208406", "-8.716724413383611E-9", ".000115173115909348", "-6.234563210734554E-8"], ["-1.429068642682343E-10", "1.61579022766129E-8", "-5.714645803795938E-7", "5.081226636260596E-9", "-6.234563210734554E-8", "2.271256388297846E-8"]], "elements": [{"units": null, "title": "eccentricity", "label": "e", "name": "e", "sigma": 2.39834417156793e-05, "value": ".2450327745952899"}, {"value": "29.93786432545569", "name": "q", "sigma": 0.00261309556493761, "label": "q", "title": "perihelion distance", "units": "au"}, {"sigma": 0.866793775697526, "name": "tp", "value": "2477226.198628186383", "units": "TDB", "label": "tp", "title": "time of perihelion passage"}, {"sigma": 4.5721803707398e-05, "name": "om", "value": "71.03334785605702", "units": "deg", "title": "longitude of the ascending node", "label": "node"}, {"sigma": 0.0107318738302939, "name": "w", "value": "298.9671028144506", "units": "deg", "label": "peri", "title": "argument of perihelion"}, {"units": "deg", "label": "i", "title": "inclination", "sigma": 0.00015070688067563, "name": "i", "value": "19.61549559980639"}], "labels": ["e", "q", "tp", "node", "peri", "i"]}, "condition_code": "3", "source": "JPL", "t_jup": "5.166", "orbit_id": "18", "n_obs_used": 194, "last_obs": "2018-06-20"}}