{"signature": {"version": "1.3", "source": "NASA/JPL Small-Body Database (SBDB) API"}, "orbit": {"source": "JPL", "t_jup": "5.210", "not_valid_after": null, "sb_used": "SB441-N16", "first_obs": "2005-04-10", "n_dop_obs_used": null, "condition_code": "4", "elements": [{"label": "e", "value": ".2183658786215187", "title": "eccentricity", "name": "e", "sigma": ".00028192", "units": null}, {"label": "a", "title": "semi-major axis", "value": "39.29360060850136", "name": "a", "units": "au", "sigma": ".017273"}, {"name": "q", "sigma": ".0192", "units": "au", "label": "q", "value": "30.71321898742292", "title": "perihelion distance"}, {"name": "i", "sigma": ".00052819", "units": "deg", "label": "i", "value": "18.79488619467421", "title": "inclination; angle with respect to x-y ecliptic plane"}, {"sigma": ".00026705", "units": "deg", "name": "om", "value": "27.81912999849965", "title": "longitude of the ascending node", "label": "node"}, {"value": "284.2030423864613", "title": "argument of perihelion", "label": "peri", "units": "deg", "sigma": ".092936", "name": "w"}, {"label": "M", "title": "mean anomaly", "value": "311.2713908119188", "name": "ma", "units": "deg", "sigma": ".067679"}, {"label": "tp", "value": "2472178.127401870832", "title": "time of perihelion passage", "name": "tp", "sigma": "9.1005", "units": "TDB"}, {"name": "per", "units": "d", "sigma": "59.321", "label": "period", "value": "89966.57072136986", "title": "sidereal orbital period"}, {"label": "n", "title": "mean motion", "value": ".004001486297782036", "name": "n", "sigma": "2.6385E-6", "units": "deg/d"}, {"sigma": ".021044", "units": "au", "name": "ad", "value": "47.8739822295798", "title": "aphelion distance", "label": "Q"}], "soln_date": "2021-04-14 22:38:08", "last_obs": "2015-06-12", "comment": null, "two_body": null, "equinox": "J2000", "pe_used": "DE441", "moid_jup": "25.9158", "model_pars": [], "data_arc": "3715", "n_del_obs_used": null, "not_valid_before": null, "n_obs_used": 25, "epoch": "2460000.5", "covariance": {"elements": [{"name": "e", "units": null, "sigma": 0.000277137236983252, "label": "e", "value": ".2185261566258045", "title": "eccentricity"}, {"name": "q", "sigma": 0.0190330734330116, "units": "au", "label": "q", "title": "perihelion distance", "value": "30.95659770444728"}, {"sigma": 9.48480930753992, "units": "TDB", "name": "tp", "value": "2471856.462104253751", "title": "time of perihelion passage", "label": "tp"}, {"label": "node", "value": "27.71693148864689", "title": "longitude of the ascending node", "name": "om", "units": "deg", "sigma": 0.000265865105533872}, {"name": "w", "units": "deg", "sigma": 0.0946943895640776, "label": "peri", "title": "argument of perihelion", "value": "282.0498428624823"}, {"name": "i", "units": "deg", "sigma": 0.000526053559912464, "label": "i", "title": "inclination", "value": "18.71728397138559"}], "epoch": "2454225.5", "data": [["7.680504812271128E-8", "-3.697902188052735E-6", "-.0001475361734482232", "-4.717594041134667E-9", "1.078114827130502E-5", "-3.060420828961474E-8"], ["-3.697902188052735E-6", ".0003622578843064108", "-.1213731170324345", "-6.305599440680978E-7", "-.001690759059016144", "2.274673791654948E-6"], ["-.0001475361734482232", "-.1213731170324345", "89.96160760039595", ".0006064617623461441", ".7967592710845606", "-.0004994668187401208"], ["-4.717594041134667E-9", "-6.305599440680978E-7", ".0006064617623461441", "7.068425434053698E-8", "4.726979740832554E-6", "1.019151774995527E-7"], ["1.078114827130502E-5", "-.001690759059016144", ".7967592710845606", "4.726979740832554E-6", ".008967027414913285", "-9.487943551955027E-6"], ["-3.060420828961474E-8", "2.274673791654948E-6", "-.0004994668187401208", "1.019151774995527E-7", "-9.487943551955027E-6", "2.767323478965759E-7"]], "labels": ["e", "q", "tp", "node", "peri", "i"]}, "orbit_id": "8", "moid": "29.7504", "rms": ".21466", "producer": "Otto Matic"}, "object": {"prefix": null, "neo": false, "orbit_class": {"code": "TNO", "name": "TransNeptunian Object"}, "kind": "au", "pha": false, "orbit_id": "8", "fullname": "(2005 GA187)", "des": "2005 GA187", "spkid": "3277495"}}