{"signature": {"version": "1.3", "source": "NASA/JPL Small-Body Database (SBDB) API"}, "object": {"prefix": null, "neo": false, "orbit_class": {"name": "TransNeptunian Object", "code": "TNO"}, "kind": "au", "des": "2014 UF228", "orbit_id": "3", "pha": false, "fullname": "(2014 UF228)", "spkid": "3790076"}, "orbit": {"source": "JPL", "t_jup": "5.395", "last_obs": "2019-10-26", "elements": [{"value": ".2270681829017141", "title": "eccentricity", "label": "e", "sigma": "8.4448E-5", "units": null, "name": "e"}, {"label": "a", "value": "39.90576670911592", "title": "semi-major axis", "name": "a", "sigma": ".004987", "units": "au"}, {"name": "q", "units": "au", "sigma": ".0013782", "label": "q", "value": "30.84443677517726", "title": "perihelion distance"}, {"sigma": ".00065231", "units": "deg", "name": "i", "value": "12.57566311323535", "title": "inclination; angle with respect to x-y ecliptic plane", "label": "i"}, {"name": "om", "units": "deg", "sigma": ".0010534", "label": "node", "title": "longitude of the ascending node", "value": "8.213380643551808"}, {"name": "w", "units": "deg", "sigma": ".034359", "label": "peri", "title": "argument of perihelion", "value": "40.50681444212327"}, {"units": "deg", "sigma": ".020729", "name": "ma", "value": "359.175096866691", "title": "mean anomaly", "label": "M"}, {"sigma": "5.2963", "units": "TDB", "name": "tp", "value": "2460211.485382881969", "title": "time of perihelion passage", "label": "tp"}, {"value": "92077.16005736159", "title": "sidereal orbital period", "label": "period", "sigma": "17.26", "units": "d", "name": "per"}, {"units": "deg/d", "sigma": "7.3291E-7", "name": "n", "title": "mean motion", "value": ".003909764373442119", "label": "n"}, {"name": "ad", "units": "au", "sigma": ".0061194", "label": "Q", "title": "aphelion distance", "value": "48.96709664305459"}], "n_dop_obs_used": null, "condition_code": "3", "soln_date": "2021-04-15 11:41:14", "not_valid_after": null, "sb_used": "SB441-N16", "first_obs": "2013-08-09", "not_valid_before": null, "n_obs_used": 32, "model_pars": [], "data_arc": "2269", "n_del_obs_used": null, "pe_used": "DE441", "two_body": null, "equinox": "J2000", "moid_jup": "25.9274", "comment": null, "producer": "Otto Matic", "rms": ".21244", "orbit_id": "3", "moid": "29.8633", "covariance": {"epoch": "2456855.5", "elements": [{"units": null, "sigma": 8.47557692346195e-05, "name": "e", "title": "eccentricity", "value": ".2218345641680666", "label": "e"}, {"name": "q", "sigma": 0.00142622627772781, "units": "au", "label": "q", "title": "perihelion distance", "value": "30.81681395369685"}, {"label": "tp", "title": "time of perihelion passage", "value": "2460352.891790036914", "name": "tp", "sigma": 5.3867120463516, "units": "TDB"}, {"label": "node", "title": "longitude of the ascending node", "value": "8.334796755838246", "name": "om", "sigma": 0.00104972029244256, "units": "deg"}, {"title": "argument of perihelion", "value": "41.31000985147593", "label": "peri", "sigma": 0.0349722934281664, "units": "deg", "name": "w"}, {"name": "i", "sigma": 0.000654214708785513, "units": "deg", "label": "i", "value": "12.61511151112136", "title": "inclination"}], "labels": ["e", "q", "tp", "node", "peri", "i"], "data": [["7.183540418552068E-9", "1.605237717831623E-8", ".0001068478373665383", "1.627470980667978E-9", "7.021339587260114E-7", "1.561660446025047E-9"], ["1.605237717831623E-8", "2.034121395281334E-6", "-.007044138398467885", "4.830968400885695E-8", "-4.572828312915428E-5", "3.468391288443824E-8"], [".0001068478373665383", "-.007044138398467885", "29.01666667030941", "-.0001328862703949057", ".188298007558666", "-8.481345271914658E-5"], ["1.627470980667978E-9", "4.830968400885695E-8", "-.0001328862703949057", "1.101912692365699E-6", "-1.936807149928816E-6", "6.822528257344734E-7"], ["7.021339587260114E-7", "-4.572828312915428E-5", ".188298007558666", "-1.936807149928816E-6", ".001223061307625769", "-1.215441975471867E-6"], ["1.561660446025047E-9", "3.468391288443824E-8", "-8.481345271914658E-5", "6.822528257344734E-7", "-1.215441975471867E-6", "4.279968851913139E-7"]]}, "epoch": "2460000.5"}}