{"signature": {"version": "1.3", "source": "NASA/JPL Small-Body Database (SBDB) API"}, "orbit": {"comment": null, "pe_used": "DE441", "two_body": null, "equinox": "J2000", "moid_jup": "23.2061", "data_arc": "5504", "model_pars": [], "n_del_obs_used": null, "not_valid_before": null, "n_obs_used": 16, "epoch": "2460000.5", "covariance": {"elements": [{"title": "eccentricity", "value": ".276043359871129", "label": "e", "sigma": 0.0045983250878529, "units": null, "name": "e"}, {"value": "28.5938507816953", "title": "perihelion distance", "label": "q", "sigma": 0.0809177151885367, "units": "au", "name": "q"}, {"title": "time of perihelion passage", "value": "2449758.918133704998", "label": "tp", "units": "TDB", "sigma": 104.55200140346, "name": "tp"}, {"units": "deg", "sigma": 0.00248887541957037, "name": "om", "value": "206.9506966390891", "title": "longitude of the ascending node", "label": "node"}, {"value": "342.4003069031163", "title": "argument of perihelion", "label": "peri", "units": "deg", "sigma": 0.79116729963571, "name": "w"}, {"label": "i", "value": "3.323888632915419", "title": "inclination", "name": "i", "units": "deg", "sigma": 0.000313624679536346}], "epoch": "2456611.5", "labels": ["e", "q", "tp", "node", "peri", "i"], "data": [["2.114459361357737E-5", ".0003719792090844692", ".480585336162394", "1.869002557064786E-6", ".003636596820933683", "9.558332609338453E-7"], [".0003719792090844692", ".006547676631333143", "8.460054657694537", "3.289620582926227E-5", ".06401856839506559", "1.681588763858491E-5"], [".480585336162394", "8.460054657694537", "10931.12099746917", ".04250371658083836", "82.71769949027164", ".02172566084586238"], ["1.869002557064786E-6", "3.289620582926227E-5", ".04250371658083836", "6.194500854141578E-6", ".0003156125055187094", "6.120466280475141E-7"], [".003636596820933683", ".06401856839506559", "82.71769949027164", ".0003156125055187094", ".6259456960128614", ".0001638720519119493"], ["9.558332609338453E-7", "1.681588763858491E-5", ".02172566084586238", "6.120466280475141E-7", ".0001638720519119493", "9.836043961427575E-8"]]}, "orbit_id": "8", "moid": "27.6663", "rms": ".19146", "producer": "Otto Matic", "source": "JPL", "t_jup": "5.419", "first_obs": "2002-04-07", "not_valid_after": null, "sb_used": "SB441-N16", "elements": [{"sigma": ".0046147", "units": null, "name": "e", "title": "eccentricity", "value": ".2728794396323119", "label": "e"}, {"label": "a", "title": "semi-major axis", "value": "39.42249854925284", "name": "a", "units": "au", "sigma": ".36083"}, {"name": "q", "units": "au", "sigma": ".080464", "label": "q", "value": "28.6649092362271", "title": "perihelion distance"}, {"label": "i", "title": "inclination; angle with respect to x-y ecliptic plane", "value": "3.325613558964606", "name": "i", "sigma": ".00031298", "units": "deg"}, {"sigma": ".0024685", "units": "deg", "name": "om", "value": "207.0484393349449", "title": "longitude of the ascending node", "label": "node"}, {"sigma": ".79467", "units": "deg", "name": "w", "value": "342.7353912371014", "title": "argument of perihelion", "label": "peri"}, {"name": "ma", "sigma": ".97921", "units": "deg", "label": "M", "value": "40.66482296945163", "title": "mean anomaly"}, {"label": "tp", "value": "2449788.024424269772", "title": "time of perihelion passage", "name": "tp", "sigma": "105.72", "units": "TDB"}, {"label": "period", "title": "sidereal orbital period", "value": "90409.62037446343", "name": "per", "units": "d", "sigma": "1241.3"}, {"label": "n", "value": ".003981877133306529", "title": "mean motion", "name": "n", "units": "deg/d", "sigma": "5.4669E-5"}, {"sigma": ".4593", "units": "au", "name": "ad", "value": "50.18008786227859", "title": "aphelion distance", "label": "Q"}], "n_dop_obs_used": null, "condition_code": "6", "soln_date": "2021-04-14 21:21:38", "last_obs": "2017-05-02"}, "object": {"prefix": null, "neo": false, "orbit_class": {"name": "TransNeptunian Object", "code": "TNO"}, "kind": "au", "des": "2002 GR32", "pha": false, "orbit_id": "8", "fullname": "(2002 GR32)", "spkid": "3126211"}}