{"signature": {"version": "1.3", "source": "NASA/JPL Small-Body Database (SBDB) API"}, "object": {"spkid": "54196828", "pha": false, "orbit_id": "1", "fullname": "(2013 TV227)", "des": "2013 TV227", "orbit_class": {"code": "TNO", "name": "TransNeptunian Object"}, "kind": "au", "prefix": null, "neo": false}, "orbit": {"t_jup": "5.523", "source": "JPL", "soln_date": "2021-09-14 21:12:05", "n_dop_obs_used": null, "elements": [{"value": ".1889652192792675", "title": "eccentricity", "label": "e", "sigma": ".00019884", "units": null, "name": "e"}, {"title": "semi-major axis", "value": "39.80624661859313", "label": "a", "sigma": ".0079756", "units": "au", "name": "a"}, {"name": "q", "sigma": ".0056868", "units": "au", "label": "q", "value": "32.28425049762608", "title": "perihelion distance"}, {"units": "deg", "sigma": "5.4234E-5", "name": "i", "title": "inclination; angle with respect to x-y ecliptic plane", "value": "6.916770760238767", "label": "i"}, {"title": "longitude of the ascending node", "value": "109.0564074607388", "label": "node", "sigma": ".0043204", "units": "deg", "name": "om"}, {"name": "w", "sigma": ".045777", "units": "deg", "label": "peri", "title": "argument of perihelion", "value": "324.6931040356376"}, {"label": "M", "value": "327.8585077544865", "title": "mean anomaly", "name": "ma", "sigma": ".031147", "units": "deg"}, {"name": "tp", "units": "TDB", "sigma": "6.3337", "label": "tp", "value": "2468190.592488609848", "title": "time of perihelion passage"}, {"sigma": "27.569", "units": "d", "name": "per", "value": "91732.93117126843", "title": "sidereal orbital period", "label": "period"}, {"name": "n", "units": "deg/d", "sigma": "1.1794E-6", "label": "n", "value": ".003924435809511724", "title": "mean motion"}, {"title": "aphelion distance", "value": "47.32824273956017", "label": "Q", "units": "au", "sigma": ".0094827", "name": "ad"}], "condition_code": "4", "not_valid_after": null, "first_obs": "2013-10-04", "sb_used": "SB441-N16", "last_obs": "2018-11-27", "moid_jup": "27.2157", "two_body": null, "pe_used": "DE441", "equinox": "J2000", "comment": null, "n_obs_used": 23, "not_valid_before": null, "model_pars": [], "n_del_obs_used": null, "data_arc": "1880", "covariance": {"data": [["4.020552023850896E-8", "-7.134539703028358E-7", ".0002006245787195798", "-5.307892137125413E-8", "3.18567503085932E-6", "-6.500516249554509E-11"], ["-7.134539703028358E-7", "3.420865759733526E-5", "-.03221731987903789", "1.353514130716838E-6", "-.0002549494163642847", "3.204025888275141E-8"], [".0002006245787195798", "-.03221731987903789", "39.22199259656083", "-.0008138073516493197", ".2803182305745249", "-4.117442558952785E-5"], ["-5.307892137125413E-8", "1.353514130716838E-6", "-.0008138073516493197", "1.883504331398428E-5", "-2.662400827807938E-5", "2.011049361557746E-7"], ["3.18567503085932E-6", "-.0002549494163642847", ".2803182305745249", "-2.662400827807938E-5", ".002100660311790557", "-4.874088364383269E-7"], ["-6.500516249554509E-11", "3.204025888275141E-8", "-4.117442558952785E-5", "2.011049361557746E-7", "-4.874088364383269E-7", "2.995222961310274E-9"]], "labels": ["e", "q", "tp", "node", "peri", "i"], "epoch": "2457390.5", "elements": [{"name": "e", "units": null, "sigma": 0.0002005131423087, "label": "e", "title": "eccentricity", "value": ".1828717037928616"}, {"sigma": 0.00584881676899997, "units": "au", "name": "q", "value": "32.1143429562921", "title": "perihelion distance", "label": "q"}, {"sigma": 6.26274641004734, "units": "TDB", "name": "tp", "value": "2468681.135929908713", "title": "time of perihelion passage", "label": "tp"}, {"units": "deg", "sigma": 0.00433993586519251, "name": "om", "title": "longitude of the ascending node", "value": "109.136801815828", "label": "node"}, {"label": "peri", "title": "argument of perihelion", "value": "327.4723043479469", "name": "w", "units": "deg", "sigma": 0.0458329609755966}, {"name": "i", "sigma": 5.47286301793702e-05, "units": "deg", "label": "i", "value": "6.918874603517279", "title": "inclination"}]}, "epoch": "2460000.5", "producer": "Otto Matic", "rms": ".20959", "moid": "31.3006", "orbit_id": "1"}}