{"signature": {"source": "NASA/JPL Small-Body Database (SBDB) API", "version": "1.3"}, "orbit": {"model_pars": [], "n_del_obs_used": null, "data_arc": "2269", "not_valid_before": null, "n_obs_used": 32, "comment": null, "pe_used": "DE441", "two_body": null, "equinox": "J2000", "moid_jup": "21.3002", "orbit_id": "3", "moid": "25.3171", "producer": "Otto Matic", "rms": ".16953", "epoch": "2460000.5", "covariance": {"epoch": "2457492.5", "elements": [{"name": "e", "sigma": 8.82172276470441e-05, "units": null, "label": "e", "title": "eccentricity", "value": ".3285747548994749"}, {"sigma": 0.000486660332052577, "units": "au", "name": "q", "value": "26.31083983943403", "title": "perihelion distance", "label": "q"}, {"value": "2457567.279078818379", "title": "time of perihelion passage", "label": "tp", "units": "TDB", "sigma": 1.89436699199713, "name": "tp"}, {"name": "om", "units": "deg", "sigma": 0.000116453355318823, "label": "node", "value": "230.1895892627416", "title": "longitude of the ascending node"}, {"title": "argument of perihelion", "value": "183.4632674024832", "label": "peri", "sigma": 0.0159237131611138, "units": "deg", "name": "w"}, {"name": "i", "units": "deg", "sigma": 0.000468672246780614, "label": "i", "title": "inclination", "value": "16.89226487128301"}], "labels": ["e", "q", "tp", "node", "peri", "i"], "data": [["7.7822792537304E-9", "3.616050938890746E-8", "-6.682268085460282E-5", "6.963008544673523E-11", "-5.613266236431931E-7", "-2.025260809692619E-10"], ["3.616050938890746E-8", "2.368382787935245E-7", "8.009071519293397E-5", "7.840228804461176E-10", "6.746764923815113E-7", "4.857861468354758E-10"], ["-6.682268085460282E-5", "8.009071519293397E-5", "3.588626300368262", "2.500033028618687E-6", ".03016457945240181", "1.247272786033854E-5"], ["6.963008544673523E-11", "7.840228804461176E-10", "2.500033028618687E-6", "1.356138396501211E-8", "8.046660746976495E-9", "3.707282891316641E-8"], ["-5.613266236431931E-7", "6.746764923815113E-7", ".03016457945240181", "8.046660746976495E-9", ".0002535646408374277", "6.937722618158114E-8"], ["-2.025260809692619E-10", "4.857861468354758E-10", "1.247272786033854E-5", "3.707282891316641E-8", "6.937722618158114E-8", "2.196536749023888E-7"]]}, "source": "JPL", "t_jup": "5.104", "last_obs": "2021-11-05", "not_valid_after": null, "sb_used": "SB441-N16", "first_obs": "2015-08-20", "condition_code": "3", "n_dop_obs_used": null, "elements": [{"title": "eccentricity", "value": ".3349994205036341", "label": "e", "units": null, "sigma": "8.8843E-5", "name": "e"}, {"name": "a", "sigma": ".005905", "units": "au", "label": "a", "title": "semi-major axis", "value": "39.55954431605475"}, {"units": "au", "sigma": ".00048801", "name": "q", "title": "perihelion distance", "value": "26.30711989478857", "label": "q"}, {"name": "i", "sigma": ".00046748", "units": "deg", "label": "i", "value": "16.84678475497985", "title": "inclination; angle with respect to x-y ecliptic plane"}, {"label": "node", "title": "longitude of the ascending node", "value": "230.1254610306075", "name": "om", "sigma": ".00011686", "units": "deg"}, {"sigma": ".015612", "units": "deg", "name": "w", "title": "argument of perihelion", "value": "183.0470339730626", "label": "peri"}, {"name": "ma", "sigma": ".0068918", "units": "deg", "label": "M", "value": "9.83987725622125", "title": "mean anomaly"}, {"name": "tp", "units": "TDB", "sigma": "1.8517", "label": "tp", "title": "time of perihelion passage", "value": "2457516.437448642878"}, {"title": "sidereal orbital period", "value": "90881.47089671952", "label": "period", "sigma": "20.349", "units": "d", "name": "per"}, {"label": "n", "value": ".003961203493384422", "title": "mean motion", "name": "n", "units": "deg/d", "sigma": "8.8692E-7"}, {"title": "aphelion distance", "value": "52.81196873732093", "label": "Q", "units": "au", "sigma": ".0078831", "name": "ad"}], "soln_date": "2021-11-13 01:32:15"}, "object": {"prefix": null, "neo": false, "orbit_class": {"name": "TransNeptunian Object", "code": "TNO"}, "kind": "au", "des": "2015 VX164", "orbit_id": "3", "fullname": "(2015 VX164)", "pha": false, "spkid": "3830954"}}