{"signature": {"version": "1.3", "source": "NASA/JPL Small-Body Database (SBDB) API"}, "object": {"neo": false, "prefix": null, "kind": "au", "orbit_class": {"code": "TNO", "name": "TransNeptunian Object"}, "pha": false, "orbit_id": "5", "fullname": "(2005 VA123)", "des": "2005 VA123", "spkid": "3321734"}, "orbit": {"not_valid_after": null, "sb_used": "SB441-N16", "first_obs": "2005-11-02", "elements": [{"units": null, "sigma": ".00018072", "name": "e", "value": ".2547084483473251", "title": "eccentricity", "label": "e"}, {"value": "39.67098570623504", "title": "semi-major axis", "label": "a", "units": "au", "sigma": ".019616", "name": "a"}, {"value": "29.566450492591", "title": "perihelion distance", "label": "q", "units": "au", "sigma": ".0079257", "name": "q"}, {"units": "deg", "sigma": ".00036543", "name": "i", "value": "1.511660281182935", "title": "inclination; angle with respect to x-y ecliptic plane", "label": "i"}, {"name": "om", "units": "deg", "sigma": ".0088478", "label": "node", "title": "longitude of the ascending node", "value": "39.6184907132273"}, {"label": "peri", "value": "318.0528597385986", "title": "argument of perihelion", "name": "w", "units": "deg", "sigma": ".066815"}, {"title": "mean anomaly", "value": "66.3794618701432", "label": "M", "units": "deg", "sigma": ".082626", "name": "ma"}, {"sigma": "8.4674", "units": "TDB", "name": "tp", "value": "2443172.242813452827", "title": "time of perihelion passage", "label": "tp"}, {"label": "period", "title": "sidereal orbital period", "value": "91265.76830358255", "name": "per", "units": "d", "sigma": "67.693"}, {"label": "n", "title": "mean motion", "value": ".003944523852607161", "name": "n", "sigma": "2.9257E-6", "units": "deg/d"}, {"value": "49.77552091987908", "title": "aphelion distance", "label": "Q", "units": "au", "sigma": ".024613", "name": "ad"}], "n_dop_obs_used": null, "condition_code": "4", "soln_date": "2021-04-14 23:11:32", "last_obs": "2020-11-14", "source": "JPL", "t_jup": "5.470", "epoch": "2460000.5", "covariance": {"labels": ["e", "q", "tp", "node", "peri", "i"], "data": [["3.189813060921006E-8", "1.244782665570754E-6", ".001452813494545431", "-1.200723035831463E-8", "1.108761474591773E-5", "-7.0125932766984E-11"], ["1.244782665570754E-6", "6.357098485323814E-5", ".06598010676770585", "-6.457122790417964E-7", ".0005250104740017201", "-6.056739681430034E-9"], [".001452813494545431", ".06598010676770585", "71.95283718841237", "-.0006559729346801572", ".5623331816447557", "-5.24275274903078E-6"], ["-1.200723035831463E-8", "-6.457122790417964E-7", "-.0006559729346801572", "7.816142378016923E-5", "-8.338898664375774E-5", "3.044903259355415E-6"], ["1.108761474591773E-5", ".0005250104740017201", ".5623331816447557", "-8.338898664375774E-5", ".004501441907167613", "-3.088559581481425E-6"], ["-7.0125932766984E-11", "-6.056739681430034E-9", "-5.24275274903078E-6", "3.044903259355415E-6", "-3.088559581481425E-6", "1.340490931824493E-7"]], "epoch": "2455314.5", "elements": [{"name": "e", "sigma": 0.000178600477628729, "units": null, "label": "e", "value": ".2542968823268545", "title": "eccentricity"}, {"name": "q", "sigma": 0.00797314146702779, "units": "au", "label": "q", "value": "29.55020414781234", "title": "perihelion distance"}, {"sigma": 8.48250182366101, "units": "TDB", "name": "tp", "title": "time of perihelion passage", "value": "2443097.916927539525", "label": "tp"}, {"value": "39.71124066506623", "title": "longitude of the ascending node", "label": "node", "sigma": 0.00884089496488728, "units": "deg", "name": "om"}, {"units": "deg", "sigma": 0.0670927858056856, "name": "w", "value": "317.5776788741127", "title": "argument of perihelion", "label": "peri"}, {"label": "i", "title": "inclination", "value": "1.512636805447396", "name": "i", "units": "deg", "sigma": 0.000366127154390997}]}, "orbit_id": "5", "moid": "28.5613", "rms": ".15856", "producer": "Otto Matic", "comment": null, "equinox": "J2000", "two_body": null, "pe_used": "DE441", "moid_jup": "24.6053", "model_pars": [], "data_arc": "5491", "n_del_obs_used": null, "not_valid_before": null, "n_obs_used": 21}}