{"signature": {"version": "1.3", "source": "NASA/JPL Small-Body Database (SBDB) API"}, "object": {"orbit_class": {"name": "TransNeptunian Object", "code": "TNO"}, "neo": false, "spkid": "54197610", "pha": false, "fullname": "(2013 TE229)", "orbit_id": "1", "des": "2013 TE229", "kind": "au", "prefix": null}, "orbit": {"n_dop_obs_used": null, "pe_used": "DE441", "data_arc": "1432", "comment": null, "model_pars": [], "sb_used": "SB441-N16", "rms": ".20642", "epoch": "2460000.5", "not_valid_before": null, "soln_date": "2021-09-15 10:42:08", "moid": "30.4012", "not_valid_after": null, "first_obs": "2013-10-13", "n_del_obs_used": null, "moid_jup": "26.4276", "elements": [{"title": "eccentricity", "label": "e", "units": null, "value": ".2104527475086578", "sigma": ".00031836", "name": "e"}, {"title": "semi-major axis", "label": "a", "units": "au", "value": "39.7811350870857", "name": "a", "sigma": ".02392"}, {"label": "q", "title": "perihelion distance", "units": "au", "value": "31.40908590899545", "name": "q", "sigma": ".0094281"}, {"units": "deg", "label": "i", "title": "inclination; angle with respect to x-y ecliptic plane", "sigma": ".00032073", "name": "i", "value": "3.961960802371113"}, {"label": "node", "title": "longitude of the ascending node", "units": "deg", "value": "129.3158447742333", "sigma": ".0093193", "name": "om"}, {"sigma": ".15187", "name": "w", "value": "215.9092171210441", "units": "deg", "label": "peri", "title": "argument of perihelion"}, {"title": "mean anomaly", "label": "M", "units": "deg", "value": "28.74830256627718", "sigma": ".11301", "name": "ma"}, {"units": "TDB", "title": "time of perihelion passage", "label": "tp", "sigma": "23.63", "name": "tp", "value": "2452681.969462056117"}, {"title": "sidereal orbital period", "label": "period", "units": "d", "value": "91646.14110992293", "sigma": "82.66", "name": "per"}, {"units": "deg/d", "label": "n", "title": "mean motion", "sigma": "3.543E-6", "name": "n", "value": ".003928152300141105"}, {"title": "aphelion distance", "label": "Q", "units": "au", "value": "48.15318426517595", "sigma": ".028955", "name": "ad"}], "producer": "Otto Matic", "two_body": null, "equinox": "J2000", "t_jup": "5.524", "covariance": {"labels": ["e", "q", "tp", "node", "peri", "i"], "elements": [{"units": null, "label": "e", "title": "eccentricity", "name": "e", "sigma": 0.00031239711397911, "value": ".2008461386204256"}, {"value": "31.36160750188311", "sigma": 0.00977848438043093, "name": "q", "label": "q", "title": "perihelion distance", "units": "au"}, {"value": "2452452.079091461133", "sigma": 24.7458096906024, "name": "tp", "title": "time of perihelion passage", "label": "tp", "units": "TDB"}, {"name": "om", "sigma": 0.00934514342325259, "value": "129.4602519203268", "units": "deg", "title": "longitude of the ascending node", "label": "node"}, {"title": "argument of perihelion", "label": "peri", "units": "deg", "value": "214.4861981154528", "name": "w", "sigma": 0.159034272274275}, {"units": "deg", "label": "i", "title": "inclination", "name": "i", "sigma": 0.000323242463516633, "value": "3.966075761295466"}], "data": [["9.759195682247686E-8", "1.260429558096338E-6", ".002450787811949383", "-1.347824286408624E-7", "1.528712849952947E-5", "-1.411824922134659E-9"], ["1.260429558096338E-6", "9.561875677833167E-5", ".2406218689046561", "-9.036862445999621E-6", ".001542317151852317", "-1.942044874851242E-7"], [".002450787811949383", ".2406218689046561", "612.355097243513", "-.02259244716287486", "3.928551466860553", "-.0004990334235704785"], ["-1.347824286408624E-7", "-9.036862445999621E-6", "-.02259244716287486", "8.733170560116117E-5", "-.0002310017641269078", "2.984830463225E-6"], ["1.528712849952947E-5", ".001542317151852317", "3.928551466860553", "-.0002310017641269078", ".02529189975780809", "-6.164182244873565E-6"], ["-1.411824922134659E-9", "-1.942044874851242E-7", "-.0004990334235704785", "2.984830463225E-6", "-6.164182244873565E-6", "1.044856902203019E-7"]], "epoch": "2457242.5"}, "source": "JPL", "condition_code": "4", "n_obs_used": 10, "last_obs": "2017-09-14", "orbit_id": "1"}}