{"object": {"prefix": null, "neo": false, "orbit_class": {"code": "TNO", "name": "TransNeptunian Object"}, "kind": "au", "des": "2004 VY130", "fullname": "(2004 VY130)", "orbit_id": "6", "pha": false, "spkid": "3563289"}, "orbit": {"source": "JPL", "t_jup": "5.340", "last_obs": "2022-12-26", "first_obs": "2004-11-09", "not_valid_after": null, "sb_used": "SB441-N16", "elements": [{"name": "e", "units": null, "sigma": "8.8147E-5", "label": "e", "title": "eccentricity", "value": ".2803671129341899"}, {"value": "39.5379214348521", "title": "semi-major axis", "label": "a", "sigma": ".0056972", "units": "au", "name": "a"}, {"units": "au", "sigma": ".00063928", "name": "q", "value": "28.4527885507438", "title": "perihelion distance", "label": "q"}, {"title": "inclination; angle with respect to x-y ecliptic plane", "value": "10.18898731291434", "label": "i", "sigma": ".0002014", "units": "deg", "name": "i"}, {"value": "222.2666284309548", "title": "longitude of the ascending node", "label": "node", "units": "deg", "sigma": ".00019405", "name": "om"}, {"units": "deg", "sigma": ".0046434", "name": "w", "value": "180.7959728062603", "title": "argument of perihelion", "label": "peri"}, {"value": "26.00025297790205", "title": "mean anomaly", "label": "M", "sigma": ".0074809", "units": "deg", "name": "ma"}, {"name": "tp", "sigma": ".62914", "units": "TDB", "label": "tp", "title": "time of perihelion passage", "value": "2453442.155121318112"}, {"sigma": "19.627", "units": "d", "name": "per", "title": "sidereal orbital period", "value": "90806.96862188716", "label": "period"}, {"label": "n", "value": ".003964453449591635", "title": "mean motion", "name": "n", "sigma": "8.5689E-7", "units": "deg/d"}, {"label": "Q", "title": "aphelion distance", "value": "50.62305431896041", "name": "ad", "units": "au", "sigma": ".0072945"}], "n_dop_obs_used": null, "condition_code": "3", "soln_date": "2023-01-06 21:30:28", "n_del_obs_used": null, "data_arc": "6621", "model_pars": [], "not_valid_before": null, "n_obs_used": 38, "comment": null, "two_body": null, "pe_used": "DE441", "equinox": "J2000", "moid_jup": "23.4706", "orbit_id": "6", "moid": "27.4603", "rms": ".38476", "producer": "Otto Matic", "epoch": "2460000.5", "covariance": {"elements": [{"title": "eccentricity", "value": ".2732444949861587", "label": "e", "units": null, "sigma": 8.77312723700537e-05, "name": "e"}, {"title": "perihelion distance", "value": "28.47101856233436", "label": "q", "sigma": 0.000640851164599812, "units": "au", "name": "q"}, {"sigma": 0.65110682327793, "units": "TDB", "name": "tp", "value": "2453410.049913850056", "title": "time of perihelion passage", "label": "tp"}, {"value": "222.3776274698381", "title": "longitude of the ascending node", "label": "node", "sigma": 0.000193341031103511, "units": "deg", "name": "om"}, {"units": "deg", "sigma": 0.00478787753640803, "name": "w", "value": "180.5539559496424", "title": "argument of perihelion", "label": "peri"}, {"name": "i", "units": "deg", "sigma": 0.000202035614056334, "label": "i", "value": "10.2215469320118", "title": "inclination"}], "epoch": "2454207.5", "labels": ["e", "q", "tp", "node", "peri", "i"], "data": [["7.696776151668551E-9", "5.363788248632141E-8", "3.546794143717155E-5", "-4.249280117316026E-10", "2.584724453520935E-7", "5.040588852450816E-10"], ["5.363788248632141E-8", "4.10690215168935E-7", ".0003390312547689334", "-3.576011569497275E-9", "2.480983894889343E-6", "3.097264686220029E-9"], ["3.546794143717155E-5", ".0003390312547689334", ".4239400953190773", "-3.566398269384313E-6", ".003114817513886386", "1.096560241047568E-6"], ["-4.249280117316026E-10", "-3.576011569497275E-9", "-3.566398269384313E-6", "3.738075430816866E-8", "-6.291477154656137E-8", "2.357056332905829E-8"], ["2.584724453520935E-7", "2.480983894889343E-6", ".003114817513886386", "-6.291477154656137E-8", "2.292377130364059E-5", "-1.533966085527222E-8"], ["5.040588852450816E-10", "3.097264686220029E-9", "1.096560241047568E-6", "2.357056332905829E-8", "-1.533966085527222E-8", "4.081838934712009E-8"]]}}, "signature": {"version": "1.3", "source": "NASA/JPL Small-Body Database (SBDB) API"}}