{"signature": {"version": "1.3", "source": "NASA/JPL Small-Body Database (SBDB) API"}, "orbit": {"equinox": "J2000", "two_body": null, "moid_jup": "26.7786", "n_del_obs_used": null, "elements": [{"units": null, "label": "e", "title": "eccentricity", "name": "e", "sigma": ".00028488", "value": ".1790622766795575"}, {"value": "39.25911453225578", "sigma": ".016667", "name": "a", "title": "semi-major axis", "label": "a", "units": "au"}, {"value": "32.22928810368656", "name": "q", "sigma": ".0025023", "label": "q", "title": "perihelion distance", "units": "au"}, {"value": "6.055294483792414", "name": "i", "sigma": ".00036005", "label": "i", "title": "inclination; angle with respect to x-y ecliptic plane", "units": "deg"}, {"sigma": ".00036045", "name": "om", "value": "187.8596962008593", "units": "deg", "title": "longitude of the ascending node", "label": "node"}, {"value": "350.5691446007774", "name": "w", "sigma": ".014505", "label": "peri", "title": "argument of perihelion", "units": "deg"}, {"title": "mean anomaly", "label": "M", "units": "deg", "value": "21.41639987766036", "name": "ma", "sigma": ".022892"}, {"units": "TDB", "title": "time of perihelion passage", "label": "tp", "name": "tp", "sigma": "2.4957", "value": "2454655.433122578749"}, {"name": "per", "sigma": "57.215", "value": "89848.15780727111", "units": "d", "title": "sidereal orbital period", "label": "period"}, {"units": "deg/d", "label": "n", "title": "mean motion", "sigma": "2.5515E-6", "name": "n", "value": ".004006759946845191"}, {"value": "46.288940960825", "name": "ad", "sigma": ".019651", "label": "Q", "title": "aphelion distance", "units": "au"}], "producer": "Otto Matic", "first_obs": "2001-02-20", "not_valid_after": null, "epoch": "2460000.5", "soln_date": "2022-04-28 21:33:34", "not_valid_before": null, "moid": "31.2339", "orbit_id": "10", "n_obs_used": 41, "last_obs": "2022-04-26", "covariance": {"elements": [{"name": "e", "sigma": 0.000286307996749608, "value": ".1871709351717979", "units": null, "title": "eccentricity", "label": "e"}, {"sigma": 0.00250102224760703, "name": "q", "value": "32.23458143994876", "units": "au", "label": "q", "title": "perihelion distance"}, {"value": "2454672.179859675523", "sigma": 2.37168079746252, "name": "tp", "title": "time of perihelion passage", "label": "tp", "units": "TDB"}, {"title": "longitude of the ascending node", "label": "node", "units": "deg", "value": "187.7922765116088", "name": "om", "sigma": 0.000361220690253685}, {"value": "350.6389103173775", "name": "w", "sigma": 0.0138263443080149, "title": "argument of perihelion", "label": "peri", "units": "deg"}, {"name": "i", "sigma": 0.000358945085365664, "value": "6.038507441433181", "units": "deg", "title": "inclination", "label": "i"}], "labels": ["e", "q", "tp", "node", "peri", "i"], "epoch": "2456726.5", "data": [["8.19722690027734E-8", "7.146361516556684E-7", ".0005893300943114538", "-3.421172590182865E-9", "3.428448899262118E-6", "4.574229390609172E-9"], ["7.146361516556684E-7", "6.255112283025302E-6", ".005237913536297711", "-2.986483424969948E-8", "3.048569234058285E-5", "3.998740963642235E-8"], [".0005893300943114538", ".005237913536297711", "5.624869805052466", "-2.37766929037742E-5", ".03277990021344229", "3.316292728382598E-5"], ["-3.421172590182865E-9", "-2.986483424969948E-8", "-2.37766929037742E-5", "1.304803870673486E-7", "-2.679559347639585E-7", "5.761372515104736E-8"], ["3.428448899262118E-6", "3.048569234058285E-5", ".03277990021344229", "-2.679559347639585E-7", ".0001911677969237765", "1.355032777987106E-7"], ["4.574229390609172E-9", "3.998740963642235E-8", "3.316292728382598E-5", "5.761372515104736E-8", "1.355032777987106E-7", "1.288415743081636E-7"]]}, "condition_code": "4", "source": "JPL", "t_jup": "5.507", "data_arc": "7735", "n_dop_obs_used": null, "pe_used": "DE441", "rms": ".18348", "sb_used": "SB441-N16", "model_pars": [], "comment": null}, "object": {"neo": false, "orbit_class": {"name": "TransNeptunian Object", "code": "TNO"}, "spkid": "3671137", "pha": false, "orbit_id": "10", "fullname": "(2014 FB62)", "prefix": null, "des": "2014 FB62", "kind": "au"}}