{"orbit": {"source": "JPL", "t_jup": "5.441", "not_valid_after": null, "first_obs": "1998-11-14", "sb_used": "SB441-N16", "n_dop_obs_used": null, "condition_code": "2", "elements": [{"name": "e", "units": null, "sigma": "1.5192E-5", "label": "e", "value": ".2528998960369557", "title": "eccentricity"}, {"label": "a", "value": "39.26578299494853", "title": "semi-major axis", "name": "a", "units": "au", "sigma": ".00094432"}, {"sigma": ".00010924", "units": "au", "name": "q", "value": "29.33547055771638", "title": "perihelion distance", "label": "q"}, {"name": "i", "units": "deg", "sigma": "2.1232E-5", "label": "i", "value": "3.04041737821178", "title": "inclination; angle with respect to x-y ecliptic plane"}, {"value": "127.9378923820559", "title": "longitude of the ascending node", "label": "node", "sigma": ".0002288", "units": "deg", "name": "om"}, {"name": "w", "units": "deg", "sigma": ".00049438", "label": "peri", "value": "323.6860327548478", "title": "argument of perihelion"}, {"title": "mean anomaly", "value": "13.82054537290082", "label": "M", "units": "deg", "sigma": ".00040929", "name": "ma"}, {"name": "tp", "units": "TDB", "sigma": ".063904", "label": "tp", "title": "time of perihelion passage", "value": "2456550.314065532723"}, {"name": "per", "sigma": "3.242", "units": "d", "label": "period", "value": "89871.0508807888", "title": "sidereal orbital period"}, {"units": "deg/d", "sigma": "1.445E-7", "name": "n", "title": "mean motion", "value": ".004005739295043173", "label": "n"}, {"label": "Q", "title": "aphelion distance", "value": "49.19609543218068", "name": "ad", "sigma": ".0011831", "units": "au"}], "soln_date": "2023-02-09 07:27:04", "last_obs": "2023-01-13", "comment": null, "equinox": "J2000", "two_body": null, "pe_used": "DE441", "moid_jup": "24.1869", "n_del_obs_used": null, "data_arc": "8826", "model_pars": [], "not_valid_before": null, "n_obs_used": 169, "epoch": "2460000.5", "covariance": {"labels": ["e", "q", "tp", "node", "peri", "i"], "data": [["2.298897063320005E-10", "1.660408133181114E-9", "-6.856050418657994E-7", "-2.378578884066168E-11", "-4.704226330593008E-9", "6.616727511012376E-12"], ["1.660408133181114E-9", "1.206020989480437E-8", "-5.022186790931995E-6", "-1.721011483385403E-10", "-3.443497282194043E-8", "4.798049215268947E-11"], ["-6.856050418657994E-7", "-5.022186790931995E-6", ".004807799100384344", "5.088237469147694E-8", "3.293550872317343E-5", "-1.783152108594674E-8"], ["-2.378578884066168E-11", "-1.721011483385403E-10", "5.088237469147694E-8", "5.263970712543854E-8", "-5.221403394695832E-8", "-4.236951783567407E-9"], ["-4.704226330593008E-9", "-3.443497282194043E-8", "3.293550872317343E-5", "-5.221403394695832E-8", "2.781475546440909E-7", "4.108006725666687E-9"], ["6.616727511012376E-12", "4.798049215268947E-11", "-1.783152108594674E-8", "-4.236951783567407E-9", "4.108006725666687E-9", "4.506324346710484E-10"]], "epoch": "2457643.5", "elements": [{"title": "eccentricity", "value": ".2527096922647561", "label": "e", "units": null, "sigma": 1.5162114177515e-05, "name": "e"}, {"label": "q", "value": "29.36862495216295", "title": "perihelion distance", "name": "q", "units": "au", "sigma": 0.000109818986950365}, {"units": "TDB", "sigma": 0.0693382946169312, "name": "tp", "value": "2456710.914588400677", "title": "time of perihelion passage", "label": "tp"}, {"title": "longitude of the ascending node", "value": "127.9870775446308", "label": "node", "units": "deg", "sigma": 0.000229433448140062, "name": "om"}, {"label": "peri", "title": "argument of perihelion", "value": "324.7857095528688", "name": "w", "units": "deg", "sigma": 0.000527396961163117}, {"name": "i", "units": "deg", "sigma": 2.1228104829943e-05, "label": "i", "title": "inclination", "value": "3.034978537375932"}]}, "orbit_id": "19", "moid": "28.3518", "producer": "Otto Matic", "rms": ".57173"}, "object": {"orbit_class": {"name": "TransNeptunian Object", "code": "TNO"}, "kind": "an", "prefix": null, "neo": false, "spkid": "20033340", "orbit_id": "19", "pha": false, "fullname": "33340 (1998 VG44)", "des": "33340"}, "signature": {"version": "1.3", "source": "NASA/JPL Small-Body Database (SBDB) API"}}