{"object": {"spkid": "3564158", "orbit_id": "5", "fullname": "(2004 KH19)", "pha": false, "des": "2004 KH19", "kind": "au", "orbit_class": {"code": "TNO", "name": "TransNeptunian Object"}, "neo": false, "prefix": null}, "orbit": {"source": "JPL", "t_jup": "4.661", "last_obs": "2016-06-08", "first_obs": "2004-05-24", "not_valid_after": null, "sb_used": "SB441-N16", "elements": [{"name": "e", "units": null, "sigma": ".00021132", "label": "e", "value": ".1171744581816043", "title": "eccentricity"}, {"title": "semi-major axis", "value": "40.71140671242149", "label": "a", "sigma": ".016585", "units": "au", "name": "a"}, {"name": "q", "sigma": ".022719", "units": "au", "label": "q", "value": "35.94106968908257", "title": "perihelion distance"}, {"label": "i", "title": "inclination; angle with respect to x-y ecliptic plane", "value": "35.3127740310281", "name": "i", "units": "deg", "sigma": ".00063984"}, {"label": "node", "title": "longitude of the ascending node", "value": "233.0148974173176", "name": "om", "sigma": "6.9496E-5", "units": "deg"}, {"label": "peri", "value": "223.9795846451721", "title": "argument of perihelion", "name": "w", "units": "deg", "sigma": ".1311"}, {"name": "ma", "units": "deg", "sigma": ".15238", "label": "M", "title": "mean anomaly", "value": "148.3531241751654"}, {"value": "2420901.397717744614", "title": "time of perihelion passage", "label": "tp", "sigma": "19.825", "units": "TDB", "name": "tp"}, {"value": "94879.54432959788", "title": "sidereal orbital period", "label": "period", "sigma": "57.979", "units": "d", "name": "per"}, {"title": "mean motion", "value": ".003794284664241344", "label": "n", "sigma": "2.3186E-6", "units": "deg/d", "name": "n"}, {"units": "au", "sigma": ".018529", "name": "ad", "title": "aphelion distance", "value": "45.4817437357604", "label": "Q"}], "n_dop_obs_used": null, "condition_code": "4", "soln_date": "2021-04-14 22:14:38", "data_arc": "4398", "model_pars": [], "n_del_obs_used": null, "not_valid_before": null, "n_obs_used": 23, "comment": null, "two_body": null, "pe_used": "DE441", "equinox": "J2000", "moid_jup": "31.1971", "orbit_id": "5", "moid": "35.0372", "rms": ".30928", "producer": "Otto Matic", "epoch": "2460000.5", "covariance": {"data": [["3.964859736460453E-8", "-4.22989129087211E-6", "-.001591738245777498", "4.91267514531664E-9", "-1.98824937712844E-5", "-6.571370791534276E-9"], ["-4.22989129087211E-6", ".000503178016730107", ".3161797214847181", "-6.026832910425316E-7", ".002826660009673429", "1.061954245614403E-6"], ["-.001591738245777498", ".3161797214847181", "477.7923965641305", "-.0004172525442472494", "2.791321632546967", ".001280631153918376"], ["4.91267514531664E-9", "-6.026832910425316E-7", "-.0004172525442472494", "4.522708289876703E-9", "-3.529550433482534E-6", "-1.331445780085192E-8"], ["-1.98824937712844E-5", ".002826660009673429", "2.791321632546967", "-3.529550433482534E-6", ".01957134056253822", "8.207353161794289E-6"], ["-6.571370791534276E-9", "1.061954245614403E-6", ".001280631153918376", "-1.331445780085192E-8", "8.207353161794289E-6", "4.071705747802733E-7"]], "labels": ["e", "q", "tp", "node", "peri", "i"], "epoch": "2453841.5", "elements": [{"label": "e", "value": ".1144951749270924", "title": "eccentricity", "name": "e", "sigma": 0.000199119555455019, "units": null}, {"label": "q", "title": "perihelion distance", "value": "36.29072558943301", "name": "q", "sigma": 0.0224316298277701, "units": "au"}, {"sigma": 21.8584628133849, "units": "TDB", "name": "tp", "value": "2421660.680054952682", "title": "time of perihelion passage", "label": "tp"}, {"name": "om", "sigma": 6.72510839308684e-05, "units": "deg", "label": "node", "value": "232.9573673934951", "title": "longitude of the ascending node"}, {"name": "w", "units": "deg", "sigma": 0.139897607422494, "label": "peri", "title": "argument of perihelion", "value": "227.7322961994604"}, {"units": "deg", "sigma": 0.000638099188825901, "name": "i", "value": "35.14337893869238", "title": "inclination", "label": "i"}]}}, "signature": {"version": "1.3", "source": "NASA/JPL Small-Body Database (SBDB) API"}}