{"object": {"prefix": null, "des": "2013 RH157", "kind": "au", "orbit_id": "1", "fullname": "(2013 RH157)", "spkid": "54196387", "pha": false, "neo": false, "orbit_class": {"name": "TransNeptunian Object", "code": "TNO"}}, "orbit": {"producer": "Otto Matic", "n_del_obs_used": null, "moid_jup": "32.2076", "elements": [{"sigma": ".00061742", "name": "e", "value": ".03404455280072502", "units": null, "label": "e", "title": "eccentricity"}, {"label": "a", "title": "semi-major axis", "units": "au", "value": "38.90449733013416", "sigma": ".0103", "name": "a"}, {"name": "q", "sigma": ".0282", "value": "37.58001111659274", "units": "au", "title": "perihelion distance", "label": "q"}, {"name": "i", "sigma": ".0002053", "value": "5.425122044038622", "units": "deg", "title": "inclination; angle with respect to x-y ecliptic plane", "label": "i"}, {"units": "deg", "label": "node", "title": "longitude of the ascending node", "name": "om", "sigma": ".0090607", "value": "96.44066600213186"}, {"title": "argument of perihelion", "label": "peri", "units": "deg", "value": "149.1486264955097", "sigma": ".94416", "name": "w"}, {"value": "142.5042611462131", "sigma": "1.0372", "name": "ma", "label": "M", "title": "mean anomaly", "units": "deg"}, {"value": "2424915.337739882270", "name": "tp", "sigma": "252.55", "title": "time of perihelion passage", "label": "tp", "units": "TDB"}, {"value": "88633.54900442589", "sigma": "35.197", "name": "per", "label": "period", "title": "sidereal orbital period", "units": "d"}, {"label": "n", "title": "mean motion", "units": "deg/d", "value": ".004061667439064451", "name": "n", "sigma": "1.6129E-6"}, {"sigma": ".01065", "name": "ad", "value": "40.22898354367557", "units": "au", "title": "aphelion distance", "label": "Q"}], "equinox": "J2000", "two_body": null, "not_valid_before": null, "soln_date": "2021-09-13 10:42:08", "moid": "36.5678", "epoch": "2460000.5", "not_valid_after": null, "first_obs": "2013-09-10", "n_obs_used": 12, "last_obs": "2017-08-27", "orbit_id": "1", "t_jup": "5.575", "source": "JPL", "condition_code": "5", "covariance": {"elements": [{"title": "eccentricity", "label": "e", "units": null, "value": ".04109172239352068", "name": "e", "sigma": 0.000508526468734803}, {"name": "q", "sigma": 0.0247463219122532, "value": "36.92784575257996", "units": "au", "label": "q", "title": "perihelion distance"}, {"value": "2422606.431925673038", "sigma": 242.951399063822, "name": "tp", "label": "tp", "title": "time of perihelion passage", "units": "TDB"}, {"units": "deg", "title": "longitude of the ascending node", "label": "node", "sigma": 0.00910460005920782, "name": "om", "value": "96.4753716751307"}, {"sigma": 0.913859126187664, "name": "w", "value": "137.7285727172065", "units": "deg", "label": "peri", "title": "argument of perihelion"}, {"value": "5.425893052238422", "sigma": 0.000206361409790729, "name": "i", "title": "inclination", "label": "i", "units": "deg"}], "labels": ["e", "q", "tp", "node", "peri", "i"], "epoch": "2457226.5", "data": [["2.585991694038887E-7", "-1.172000578665753E-5", ".1115546536451086", "5.089839224699477E-7", ".0004039810156479417", "-1.368445660711004E-8"], ["-1.172000578665753E-5", ".000612380448184865", "-4.115615718291247", "-2.046203822250605E-5", "-.01424173275384468", "6.220970510050394E-7"], [".1115546536451086", "-4.115615718291247", "59025.38230706841", ".2498147422285368", "221.425983667552", "-.005886983575392634"], ["5.089839224699477E-7", "-2.046203822250605E-5", ".2498147422285368", "8.289374223812705E-5", ".0008445042959478769", "-1.840963407772175E-6"], [".0004039810156479417", "-.01424173275384468", "221.425983667552", ".0008445042959478769", ".83513850251648", "-1.949886379874822E-5"], ["-1.368445660711004E-8", "6.220970510050394E-7", "-.005886983575392634", "-1.840963407772175E-6", "-1.949886379874822E-5", "4.258503145081732E-8"]]}, "pe_used": "DE441", "n_dop_obs_used": null, "data_arc": "1447", "model_pars": [], "rms": ".20955", "sb_used": "SB441-N16", "comment": null}, "signature": {"version": "1.3", "source": "NASA/JPL Small-Body Database (SBDB) API"}}