{"signature": {"version": "1.3", "source": "NASA/JPL Small-Body Database (SBDB) API"}, "object": {"fullname": "(2004 KB19)", "orbit_id": "6", "des": "2004 KB19", "kind": "au", "prefix": null, "orbit_class": {"code": "TNO", "name": "TransNeptunian Object"}, "neo": false, "spkid": "3563285", "pha": false}, "orbit": {"two_body": null, "equinox": "J2000", "moid_jup": "25.9548", "n_del_obs_used": null, "elements": [{"name": "e", "sigma": ".00011498", "value": ".2213825564384472", "units": null, "label": "e", "title": "eccentricity"}, {"sigma": ".017066", "name": "a", "value": "39.49878370321365", "units": "au", "title": "semi-major axis", "label": "a"}, {"name": "q", "sigma": ".012156", "value": "30.75444199078694", "units": "au", "title": "perihelion distance", "label": "q"}, {"title": "inclination; angle with respect to x-y ecliptic plane", "label": "i", "units": "deg", "value": "17.18923581603353", "name": "i", "sigma": ".00058385"}, {"units": "deg", "label": "node", "title": "longitude of the ascending node", "sigma": ".00024386", "name": "om", "value": "44.05797471046488"}, {"title": "argument of perihelion", "label": "peri", "units": "deg", "value": "286.6714362600477", "name": "w", "sigma": ".081194"}, {"units": "deg", "title": "mean anomaly", "label": "M", "sigma": ".071151", "name": "ma", "value": "309.7584351726577"}, {"title": "time of perihelion passage", "label": "tp", "units": "TDB", "value": "2472654.699216855843", "sigma": "9.7601", "name": "tp"}, {"title": "sidereal orbital period", "label": "period", "units": "d", "value": "90672.17021849044", "name": "per", "sigma": "58.764"}, {"label": "n", "title": "mean motion", "units": "deg/d", "value": ".003970347231488086", "sigma": "2.5732E-6", "name": "n"}, {"value": "48.24312541564036", "sigma": ".020844", "name": "ad", "title": "aphelion distance", "label": "Q", "units": "au"}], "producer": "Otto Matic", "not_valid_after": null, "first_obs": "2004-05-24", "epoch": "2460000.5", "soln_date": "2021-04-14 22:14:38", "not_valid_before": null, "moid": "29.7853", "orbit_id": "6", "n_obs_used": 19, "last_obs": "2015-04-15", "covariance": {"epoch": "2453618.5", "data": [["1.403059637793595E-8", "1.95289446330229E-7", "-.000682249350476331", "-5.232661708501868E-9", "-3.757000935610733E-6", "-5.159008047183872E-9"], ["1.95289446330229E-7", ".0001449261532758628", "-.1109683666621355", "-1.100689324161063E-6", "-.0009627288926749088", "-1.297270904181236E-6"], ["-.000682249350476331", "-.1109683666621355", "105.6696585399724", ".0009865417098492812", ".8326806167746639", ".001123749006441189"], ["-5.232661708501868E-9", "-1.100689324161063E-6", ".0009865417098492812", "5.823523477090738E-8", "7.929732011932352E-6", "1.188107545134948E-7"], ["-3.757000935610733E-6", "-.0009627288926749088", ".8326806167746639", "7.929732011932352E-6", ".00683620407749333", "9.117722845077374E-6"], ["-5.159008047183872E-9", "-1.297270904181236E-6", ".001123749006441189", "1.188107545134948E-7", "9.117722845077374E-6", "3.367121349385083E-7"]], "elements": [{"title": "eccentricity", "label": "e", "units": null, "value": ".2175633599820178", "name": "e", "sigma": 0.00011845081839285}, {"label": "q", "title": "perihelion distance", "units": "au", "value": "31.0502526180055", "name": "q", "sigma": 0.0120385278699625}, {"sigma": 10.2795748229181, "name": "tp", "value": "2472470.804624693916", "units": "TDB", "title": "time of perihelion passage", "label": "tp"}, {"value": "43.9569718698727", "name": "om", "sigma": 0.000241319776999125, "label": "node", "title": "longitude of the ascending node", "units": "deg"}, {"title": "argument of perihelion", "label": "peri", "units": "deg", "value": "285.0026753319704", "sigma": 0.0826813405642006, "name": "w"}, {"label": "i", "title": "inclination", "units": "deg", "value": "17.11714376549948", "sigma": 0.000580269019454346, "name": "i"}], "labels": ["e", "q", "tp", "node", "peri", "i"]}, "condition_code": "4", "source": "JPL", "t_jup": "5.265", "data_arc": "3978", "n_dop_obs_used": null, "pe_used": "DE441", "rms": ".25763", "sb_used": "SB441-N16", "model_pars": [], "comment": null}}