{"object": {"orbit_id": "2", "fullname": "(2015 KP173)", "pha": false, "des": "2015 KP173", "spkid": "3830928", "neo": false, "prefix": null, "kind": "au", "orbit_class": {"name": "TransNeptunian Object", "code": "TNO"}}, "orbit": {"t_jup": "5.445", "source": "JPL", "soln_date": "2021-04-15 13:49:22", "condition_code": "4", "n_dop_obs_used": null, "elements": [{"units": null, "sigma": ".00037477", "name": "e", "value": ".2198678182786049", "title": "eccentricity", "label": "e"}, {"value": "39.20760072416829", "title": "semi-major axis", "label": "a", "sigma": ".0092576", "units": "au", "name": "a"}, {"name": "q", "sigma": ".0090491", "units": "au", "label": "q", "title": "perihelion distance", "value": "30.58711109300676"}, {"value": "7.331593995999544", "title": "inclination; angle with respect to x-y ecliptic plane", "label": "i", "units": "deg", "sigma": ".00069063", "name": "i"}, {"label": "node", "value": "103.5293696627112", "title": "longitude of the ascending node", "name": "om", "units": "deg", "sigma": ".00573"}, {"label": "peri", "title": "argument of perihelion", "value": "94.38918320417484", "name": "w", "sigma": ".11684", "units": "deg"}, {"units": "deg", "sigma": ".05796", "name": "ma", "value": "36.4905907584896", "title": "mean anomaly", "label": "M"}, {"title": "time of perihelion passage", "value": "2450911.162687956710", "label": "tp", "units": "TDB", "sigma": "16.213", "name": "tp"}, {"sigma": "31.759", "units": "d", "name": "per", "value": "89671.37457412388", "title": "sidereal orbital period", "label": "period"}, {"name": "n", "units": "deg/d", "sigma": "1.4219E-6", "label": "n", "value": ".00401465910062991", "title": "mean motion"}, {"name": "ad", "units": "au", "sigma": ".011293", "label": "Q", "title": "aphelion distance", "value": "47.82809035532983"}], "not_valid_after": null, "first_obs": "2014-05-30", "sb_used": "SB441-N16", "last_obs": "2016-07-04", "moid_jup": "25.1595", "two_body": null, "pe_used": "DE441", "equinox": "J2000", "comment": null, "n_obs_used": 34, "not_valid_before": null, "data_arc": "766", "model_pars": [], "n_del_obs_used": null, "covariance": {"epoch": "2457140.5", "elements": [{"label": "e", "value": ".2261878751868943", "title": "eccentricity", "name": "e", "units": null, "sigma": 0.000377324810941314}, {"label": "q", "title": "perihelion distance", "value": "30.53432280969136", "name": "q", "units": "au", "sigma": 0.00902485686737671}, {"units": "TDB", "sigma": 15.5851541626518, "name": "tp", "value": "2450913.776064371183", "title": "time of perihelion passage", "label": "tp"}, {"label": "node", "value": "103.4690936918376", "title": "longitude of the ascending node", "name": "om", "sigma": 0.00571390779254448, "units": "deg"}, {"units": "deg", "sigma": 0.113392887352931, "name": "w", "value": "94.24821367409764", "title": "argument of perihelion", "label": "peri"}, {"name": "i", "sigma": 0.000689379270593753, "units": "deg", "label": "i", "title": "inclination", "value": "7.33622557746215"}], "data": [["1.423740129518981E-7", "-3.146256840451264E-6", "-.00541230498353168", "1.433329359115317E-7", "-3.961757961602224E-5", "-1.666161886472361E-8"], ["-3.146256840451264E-6", "8.144804147663656E-5", ".1405447541193462", "-3.060820961138535E-6", ".001021510206469125", "3.704024537686958E-7"], ["-.00541230498353168", ".1405447541193462", "242.8970302736241", "-.005288066912574611", "1.764749689065693", ".0006396028694426351"], ["1.433329359115317E-7", "-3.060820961138535E-6", "-.005288066912574611", "3.264874226170055E-5", "-7.097395300074383E-5", "-3.934597165357585E-6"], ["-3.961757961602224E-5", ".001021510206469125", "1.764749689065693", "-7.097395300074383E-5", ".01285794690223454", "8.563040419344816E-6"], ["-1.666161886472361E-8", "3.704024537686958E-7", ".0006396028694426351", "-3.934597165357585E-6", "8.563040419344816E-6", "4.752437787243754E-7"]], "labels": ["e", "q", "tp", "node", "peri", "i"]}, "epoch": "2460000.5", "producer": "Otto Matic", "rms": ".16381", "moid": "29.5943", "orbit_id": "2"}, "signature": {"version": "1.3", "source": "NASA/JPL Small-Body Database (SBDB) API"}}