{"signature": {"version": "1.3", "source": "NASA/JPL Small-Body Database (SBDB) API"}, "orbit": {"source": "JPL", "t_jup": "5.466", "last_obs": "2022-10-01", "condition_code": "2", "n_dop_obs_used": null, "elements": [{"label": "e", "value": ".0602003883214585", "title": "eccentricity", "name": "e", "sigma": "1.2658E-5", "units": null}, {"label": "a", "value": "39.2356460480388", "title": "semi-major axis", "name": "a", "sigma": ".00067232", "units": "au"}, {"label": "q", "value": "36.87364491990356", "title": "perihelion distance", "name": "q", "units": "au", "sigma": ".0011269"}, {"label": "i", "value": "13.35512429393631", "title": "inclination; angle with respect to x-y ecliptic plane", "name": "i", "units": "deg", "sigma": "1.2623E-5"}, {"name": "om", "sigma": ".00016976", "units": "deg", "label": "node", "value": "84.65516549411524", "title": "longitude of the ascending node"}, {"title": "argument of perihelion", "value": "83.44810529252123", "label": "peri", "units": "deg", "sigma": ".0069966", "name": "w"}, {"label": "M", "value": "176.9072541266694", "title": "mean anomaly", "name": "ma", "sigma": ".0078506", "units": "deg"}, {"sigma": "1.5574", "units": "TDB", "name": "tp", "value": "2415887.887415598052", "title": "time of perihelion passage", "label": "tp"}, {"label": "period", "value": "89767.60511479025", "title": "sidereal orbital period", "name": "per", "sigma": "2.3073", "units": "d"}, {"name": "n", "sigma": "1.0308E-7", "units": "deg/d", "label": "n", "value": ".004010355400922753", "title": "mean motion"}, {"title": "aphelion distance", "value": "41.59764717617404", "label": "Q", "sigma": ".00071279", "units": "au", "name": "ad"}], "soln_date": "2022-11-25 06:05:16", "first_obs": "1992-06-04", "not_valid_after": null, "sb_used": "SB441-N16", "not_valid_before": null, "n_obs_used": 326, "n_del_obs_used": null, "model_pars": [], "data_arc": "11076", "pe_used": "DE441", "two_body": null, "equinox": "J2000", "moid_jup": "31.5746", "comment": null, "producer": "Otto Matic", "rms": ".40795", "orbit_id": "14", "moid": "35.9081", "covariance": {"data": [["1.546095727515656E-10", "-1.357077504618487E-8", "1.861098892585522E-6", "-6.619139168873008E-11", "-4.24905673742779E-8", "-1.901689421436274E-11"], ["-1.357077504618487E-8", "1.19713674493479E-6", "-6.498759097666727E-5", "6.354398143447234E-9", "4.114737414789028E-6", "1.722733078903943E-9"], ["1.861098892585522E-6", "-6.498759097666727E-5", "1.745140087294258", "8.547297488151588E-6", ".006196704767118625", "6.552227583475005E-7"], ["-6.619139168873008E-11", "6.354398143447234E-9", "8.547297488151588E-6", "2.915781889344344E-8", "2.634892655218755E-8", "2.044962245936671E-9"], ["-4.24905673742779E-8", "4.114737414789028E-6", ".006196704767118625", "2.634892655218755E-8", "3.783867922268328E-5", "6.710321320457568E-9"], ["-1.901689421436274E-11", "1.722733078903943E-9", "6.552227583475005E-7", "2.044962245936671E-9", "6.710321320457568E-9", "1.585251256317183E-10"]], "labels": ["e", "q", "tp", "node", "peri", "i"], "elements": [{"name": "e", "units": null, "sigma": 1.24342097759192e-05, "label": "e", "title": "eccentricity", "value": ".0703258564714024"}, {"value": "36.13802731679175", "title": "perihelion distance", "label": "q", "sigma": 0.0010941374433474, "units": "au", "name": "q"}, {"sigma": 1.32103750412101, "units": "TDB", "name": "tp", "title": "time of perihelion passage", "value": "2417050.948676287044", "label": "tp"}, {"label": "node", "value": "84.52855075232269", "title": "longitude of the ascending node", "name": "om", "sigma": 0.000170756607173613, "units": "deg"}, {"label": "peri", "value": "85.4411008674235", "title": "argument of perihelion", "name": "w", "units": "deg", "sigma": 0.00615131524331856}, {"name": "i", "sigma": 1.25906761387829e-05, "units": "deg", "label": "i", "value": "13.35129829631871", "title": "inclination"}], "epoch": "2457807.5"}, "epoch": "2460000.5"}, "object": {"spkid": "20175113", "des": "175113", "orbit_id": "14", "pha": false, "fullname": "175113 (2004 PF115)", "orbit_class": {"code": "TNO", "name": "TransNeptunian Object"}, "kind": "an", "prefix": null, "neo": false}}