{"signature": {"version": "1.3", "source": "NASA/JPL Small-Body Database (SBDB) API"}, "object": {"prefix": null, "kind": "au", "des": "2015 GO54", "orbit_id": "2", "fullname": "(2015 GO54)", "pha": false, "spkid": "3830904", "neo": false, "orbit_class": {"code": "TNO", "name": "TransNeptunian Object"}}, "orbit": {"comment": null, "model_pars": [], "rms": ".22617", "sb_used": "SB441-N16", "pe_used": "DE441", "n_dop_obs_used": null, "data_arc": "859", "t_jup": "5.320", "source": "JPL", "condition_code": "5", "covariance": {"data": [["1.1012622323412E-6", "-2.510754936213449E-5", "-.02462876443732519", "2.302593770845993E-8", "-3.57408931982954E-5", "-3.233068766057999E-8"], ["-2.510754936213449E-5", ".0005799583938213564", ".5580887712286958", "-6.051032889848287E-7", ".0007735280397028398", "8.858111664097608E-7"], ["-.02462876443732519", ".5580887712286958", "552.6263297314553", "-.0004859443208683384", ".8191940011213709", ".0006692094223051189"], ["2.302593770845993E-8", "-6.051032889848287E-7", "-.0004859443208683384", "4.13282646460449E-7", "-7.432701358043802E-7", "-7.464803700821609E-7"], ["-3.57408931982954E-5", ".0007735280397028398", ".8191940011213709", "-7.432701358043802E-7", ".001391631430882334", "1.021896448797562E-6"], ["-3.233068766057999E-8", "8.858111664097608E-7", ".0006692094223051189", "-7.464803700821609E-7", "1.021896448797562E-6", "1.403391368236547E-6"]], "epoch": "2457382.5", "labels": ["e", "q", "tp", "node", "peri", "i"], "elements": [{"name": "e", "sigma": 0.00104941042130389, "value": ".2719548087257614", "units": null, "label": "e", "title": "eccentricity"}, {"units": "au", "label": "q", "title": "perihelion distance", "name": "q", "sigma": 0.0240823253408253, "value": "28.69592881683035"}, {"value": "2474424.487192101184", "sigma": 23.508005651936, "name": "tp", "label": "tp", "title": "time of perihelion passage", "units": "TDB"}, {"title": "longitude of the ascending node", "label": "node", "units": "deg", "value": "32.26662512691323", "sigma": 0.000642870629645226, "name": "om"}, {"label": "peri", "title": "argument of perihelion", "units": "deg", "value": "273.9053353407494", "name": "w", "sigma": 0.0373045765407186}, {"name": "i", "sigma": 0.00118464820442043, "value": "10.18638732222436", "units": "deg", "title": "inclination", "label": "i"}]}, "n_obs_used": 37, "last_obs": "2017-06-25", "orbit_id": "2", "not_valid_before": null, "moid": "27.3592", "soln_date": "2021-04-15 13:31:03", "epoch": "2460000.5", "first_obs": "2015-02-17", "not_valid_after": null, "producer": "Otto Matic", "moid_jup": "23.3462", "n_del_obs_used": null, "elements": [{"value": ".2741431440891104", "sigma": ".001038", "name": "e", "title": "eccentricity", "label": "e", "units": null}, {"value": "39.06882241302392", "name": "a", "sigma": ".024046", "title": "semi-major axis", "label": "a", "units": "au"}, {"units": "au", "title": "perihelion distance", "label": "q", "sigma": ".023472", "name": "q", "value": "28.35837260085844"}, {"value": "10.23645834944246", "sigma": ".0011907", "name": "i", "title": "inclination; angle with respect to x-y ecliptic plane", "label": "i", "units": "deg"}, {"value": "32.27825901405416", "name": "om", "sigma": ".00063978", "label": "node", "title": "longitude of the ascending node", "units": "deg"}, {"sigma": ".043953", "name": "w", "value": "275.8776609370635", "units": "deg", "label": "peri", "title": "argument of perihelion"}, {"name": "ma", "sigma": ".15376", "value": "301.0313736259342", "units": "deg", "title": "mean anomaly", "label": "M"}, {"name": "tp", "sigma": "24.66", "value": "2474610.910535215589", "units": "TDB", "label": "tp", "title": "time of perihelion passage"}, {"value": "89195.6980532758", "name": "per", "sigma": "82.346", "title": "sidereal orbital period", "label": "period", "units": "d"}, {"value": ".00403606909141487", "name": "n", "sigma": "3.7261E-6", "title": "mean motion", "label": "n", "units": "deg/d"}, {"value": "49.77927222518941", "sigma": ".030638", "name": "ad", "title": "aphelion distance", "label": "Q", "units": "au"}], "two_body": null, "equinox": "J2000"}}