{"signature": {"version": "1.3", "source": "NASA/JPL Small-Body Database (SBDB) API"}, "orbit": {"t_jup": "5.333", "source": "JPL", "not_valid_after": null, "sb_used": "SB441-N16", "first_obs": "2014-05-30", "soln_date": "2021-04-15 13:49:20", "n_dop_obs_used": null, "elements": [{"units": null, "sigma": ".00019039", "name": "e", "title": "eccentricity", "value": ".2840781059925321", "label": "e"}, {"title": "semi-major axis", "value": "39.40094702774283", "label": "a", "units": "au", "sigma": ".0074092", "name": "a"}, {"units": "au", "sigma": ".0039546", "name": "q", "title": "perihelion distance", "value": "28.20800062178956", "label": "q"}, {"title": "inclination; angle with respect to x-y ecliptic plane", "value": "9.719060635798048", "label": "i", "sigma": ".00057236", "units": "deg", "name": "i"}, {"name": "om", "units": "deg", "sigma": ".0032678", "label": "node", "value": "193.8480545710007", "title": "longitude of the ascending node"}, {"name": "w", "units": "deg", "sigma": ".052361", "label": "peri", "title": "argument of perihelion", "value": "9.850918032777164"}, {"label": "M", "value": "29.68242920016762", "title": "mean anomaly", "name": "ma", "sigma": ".023862", "units": "deg"}, {"name": "tp", "sigma": "6.3477", "units": "TDB", "label": "tp", "title": "time of perihelion passage", "value": "2452552.230926225955"}, {"name": "per", "units": "d", "sigma": "25.481", "label": "period", "title": "sidereal orbital period", "value": "90335.49270770312"}, {"name": "n", "sigma": "1.1241E-6", "units": "deg/d", "label": "n", "title": "mean motion", "value": ".003985144589456609"}, {"value": "50.5938934336961", "title": "aphelion distance", "label": "Q", "units": "au", "sigma": ".009514", "name": "ad"}], "condition_code": "4", "last_obs": "2017-03-30", "comment": null, "moid_jup": "22.7468", "pe_used": "DE441", "two_body": null, "equinox": "J2000", "data_arc": "1035", "model_pars": [], "n_del_obs_used": null, "n_obs_used": 29, "not_valid_before": null, "epoch": "2460000.5", "covariance": {"labels": ["e", "q", "tp", "node", "peri", "i"], "data": [["3.676724540432978E-8", "-5.597547201811333E-7", "-.0008976057132097541", "7.691284665201202E-9", "-7.556862930825669E-6", "1.596513462273709E-9"], ["-5.597547201811333E-7", "1.55992268050325E-5", ".02423153088026", "-8.133179364753105E-7", ".0002010447626619967", "-1.301085775540717E-7"], ["-.0008976057132097541", ".02423153088026", "37.8275067545559", "-.001207588950525874", ".3138209050255973", "-.0001940923946105849"], ["7.691284665201202E-9", "-8.133179364753105E-7", "-.001207588950525874", "1.072898487449724E-5", "-2.041159366283394E-5", "1.862080917434528E-6"], ["-7.556862930825669E-6", ".0002010447626619967", ".3138209050255973", "-2.041159366283394E-5", ".002614886831513373", "-3.418974143418779E-6"], ["1.596513462273709E-9", "-1.301085775540717E-7", "-.0001940923946105849", "1.862080917434528E-6", "-3.418974143418779E-6", "3.245167380291125E-7"]], "epoch": "2457246.5", "elements": [{"sigma": 0.0001917478693606, "units": null, "name": "e", "value": ".2905646620077634", "title": "eccentricity", "label": "e"}, {"label": "q", "value": "28.16608999422214", "title": "perihelion distance", "name": "q", "sigma": 0.00394958564979068, "units": "au"}, {"units": "TDB", "sigma": 6.1504070397459, "name": "tp", "value": "2452549.485698893807", "title": "time of perihelion passage", "label": "tp"}, {"label": "node", "value": "193.6514761029439", "title": "longitude of the ascending node", "name": "om", "units": "deg", "sigma": 0.00327551291777292}, {"value": "9.835452792545681", "title": "argument of perihelion", "label": "peri", "units": "deg", "sigma": 0.0511359641691967, "name": "w"}, {"value": "9.69794834953203", "title": "inclination", "label": "i", "sigma": 0.000569663706083785, "units": "deg", "name": "i"}]}, "moid": "27.2056", "orbit_id": "2", "producer": "Otto Matic", "rms": ".16189"}, "object": {"spkid": "3830922", "fullname": "(2015 KH173)", "orbit_id": "2", "pha": false, "des": "2015 KH173", "kind": "au", "orbit_class": {"code": "TNO", "name": "TransNeptunian Object"}, "neo": false, "prefix": null}}