{"orbit": {"last_obs": "2016-11-18", "not_valid_after": null, "first_obs": "2013-09-02", "sb_used": "SB441-N16", "soln_date": "2021-09-08 23:28:59", "elements": [{"label": "e", "value": ".09420488147029321", "title": "eccentricity", "name": "e", "sigma": ".00044733", "units": null}, {"label": "a", "title": "semi-major axis", "value": "38.5395976528292", "name": "a", "sigma": ".0066672", "units": "au"}, {"name": "q", "units": "au", "sigma": ".013446", "label": "q", "value": "34.90897942403164", "title": "perihelion distance"}, {"name": "i", "units": "deg", "sigma": ".00061682", "label": "i", "value": "22.6563738936829", "title": "inclination; angle with respect to x-y ecliptic plane"}, {"name": "om", "units": "deg", "sigma": ".00026798", "label": "node", "title": "longitude of the ascending node", "value": "22.66762418309163"}, {"value": "55.90629039461457", "title": "argument of perihelion", "label": "peri", "sigma": ".12161", "units": "deg", "name": "w"}, {"sigma": ".076932", "units": "deg", "name": "ma", "value": "316.3232573337779", "title": "mean anomaly", "label": "M"}, {"name": "tp", "sigma": "18.96", "units": "TDB", "label": "tp", "value": "2470602.967079754391", "title": "time of perihelion passage"}, {"sigma": "22.677", "units": "d", "name": "per", "value": "87389.48730403873", "title": "sidereal orbital period", "label": "period"}, {"name": "n", "units": "deg/d", "sigma": "1.069E-6", "label": "n", "title": "mean motion", "value": ".004119488637660911"}, {"sigma": ".0072953", "units": "au", "name": "ad", "title": "aphelion distance", "value": "42.17021588162677", "label": "Q"}], "n_dop_obs_used": null, "condition_code": "4", "t_jup": "5.136", "source": "JPL", "moid": "33.975", "orbit_id": "4", "rms": ".17116", "producer": "Otto Matic", "epoch": "2460000.5", "covariance": {"epoch": "2457084.5", "elements": [{"units": null, "sigma": 0.000459351683325047, "name": "e", "value": ".09118985014568619", "title": "eccentricity", "label": "e"}, {"title": "perihelion distance", "value": "34.69297568734315", "label": "q", "sigma": 0.0138287676056389, "units": "au", "name": "q"}, {"label": "tp", "value": "2471634.253766134396", "title": "time of perihelion passage", "name": "tp", "sigma": 14.8892291857717, "units": "TDB"}, {"name": "om", "units": "deg", "sigma": 0.000266951415796942, "label": "node", "value": "22.67312730407726", "title": "longitude of the ascending node"}, {"name": "w", "sigma": 0.103147105903214, "units": "deg", "label": "peri", "title": "argument of perihelion", "value": "61.16078746318318"}, {"sigma": 0.000619374967802831, "units": "deg", "name": "i", "value": "22.75302839203456", "title": "inclination", "label": "i"}], "data": [["2.110039689735544E-7", "-6.065243248117828E-6", ".004477459497053168", "-1.302898326171303E-9", "3.780320281857122E-5", "1.839123457336239E-9"], ["-6.065243248117828E-6", ".0001912348134907679", "-.1748397907330612", "3.052538462516392E-8", "-.001341757879118056", "-6.312271361406012E-8"], [".004477459497053168", "-.1748397907330612", "221.6891457464369", "-9.034157890427485E-6", "1.501969629913342", "6.67632127258712E-5"], ["-1.302898326171303E-9", "3.052538462516392E-8", "-9.034157890427485E-6", "7.126305839599197E-8", "-1.958942100810942E-7", "-1.612553601808401E-7"], ["3.780320281857122E-5", "-.001341757879118056", "1.501969629913342", "-1.958942100810942E-7", ".01063932545620877", "6.318622078930681E-7"], ["1.839123457336239E-9", "-6.312271361406012E-8", "6.67632127258712E-5", "-1.612553601808401E-7", "6.318622078930681E-7", "3.836253507407573E-7"]], "labels": ["e", "q", "tp", "node", "peri", "i"]}, "model_pars": [], "data_arc": "1173", "n_del_obs_used": null, "n_obs_used": 47, "not_valid_before": null, "comment": null, "moid_jup": "30.1444", "pe_used": "DE441", "two_body": null, "equinox": "J2000"}, "object": {"kind": "au", "orbit_class": {"code": "TNO", "name": "TransNeptunian Object"}, "neo": false, "prefix": null, "spkid": "3841791", "des": "2013 RG109", "fullname": "(2013 RG109)", "orbit_id": "4", "pha": false}, "signature": {"version": "1.3", "source": "NASA/JPL Small-Body Database (SBDB) API"}}