{"orbit": {"equinox": "J2000", "two_body": null, "pe_used": "DE441", "moid_jup": "29.9147", "comment": null, "not_valid_before": null, "n_obs_used": 14, "data_arc": "2980", "model_pars": [], "n_del_obs_used": null, "covariance": {"data": [["4.364099634435525E-8", "-3.276761958656275E-6", ".001959006899357222", "7.114190102124374E-9", "-4.004726102230779E-6", "3.229388986997745E-10"], ["-3.276761958656275E-6", ".0003685257939626096", ".2226500397747832", "-6.134779884529671E-7", ".002165415521124122", "1.608062359288622E-6"], [".001959006899357222", ".2226500397747832", "1206.303018557301", "8.513762610892791E-5", "5.45687862314803", ".004939300067342434"], ["7.114190102124374E-9", "-6.134779884529671E-7", "8.513762610892791E-5", "2.872969880242818E-8", "-1.865660937356174E-6", "1.260051159620205E-7"], ["-4.004726102230779E-6", ".002165415521124122", "5.45687862314803", "-1.865660937356174E-6", ".02878235927113918", "2.47031274680226E-5"], ["3.229388986997745E-10", "1.608062359288622E-6", ".004939300067342434", "1.260051159620205E-7", "2.47031274680226E-5", "7.650381081438094E-7"]], "labels": ["e", "q", "tp", "node", "peri", "i"], "elements": [{"label": "e", "title": "eccentricity", "value": ".1163874289617435", "name": "e", "sigma": 0.000208904275553075, "units": null}, {"title": "perihelion distance", "value": "34.37179233126422", "label": "q", "units": "au", "sigma": 0.0191970256540593, "name": "q"}, {"label": "tp", "value": "2425621.113842776696", "title": "time of perihelion passage", "name": "tp", "units": "TDB", "sigma": 34.7318732370902}, {"label": "node", "title": "longitude of the ascending node", "value": "357.6474971098523", "name": "om", "sigma": 0.000169498374040662, "units": "deg"}, {"label": "peri", "value": "227.9446097818426", "title": "argument of perihelion", "name": "w", "units": "deg", "sigma": 0.169653645027565}, {"sigma": 0.000874664568931319, "units": "deg", "name": "i", "title": "inclination", "value": "31.54021368112296", "label": "i"}], "epoch": "2457012.5"}, "epoch": "2460000.5", "producer": "Otto Matic", "rms": ".22724", "orbit_id": "2", "moid": "33.9734", "source": "JPL", "t_jup": "4.793", "elements": [{"name": "e", "units": null, "sigma": ".00020834", "label": "e", "value": ".1105681525730226", "title": "eccentricity"}, {"label": "a", "value": "39.2332237734129", "title": "semi-major axis", "name": "a", "units": "au", "sigma": ".015467"}, {"label": "q", "value": "34.89527870130264", "title": "perihelion distance", "name": "q", "sigma": ".019102", "units": "au"}, {"units": "deg", "sigma": ".00087249", "name": "i", "title": "inclination; angle with respect to x-y ecliptic plane", "value": "31.37493535287224", "label": "i"}, {"name": "om", "sigma": ".00016921", "units": "deg", "label": "node", "title": "longitude of the ascending node", "value": "357.5838635032437"}, {"name": "w", "units": "deg", "sigma": ".18023", "label": "peri", "title": "argument of perihelion", "value": "231.2563175219657"}, {"name": "ma", "units": "deg", "sigma": ".21345", "label": "M", "title": "mean anomaly", "value": "136.2184889748413"}, {"units": "TDB", "sigma": "37.254", "name": "tp", "title": "time of perihelion passage", "value": "2426036.957855429704", "label": "tp"}, {"units": "d", "sigma": "53.08", "name": "per", "title": "sidereal orbital period", "value": "89759.29232560737", "label": "period"}, {"label": "n", "title": "mean motion", "value": ".00401072680802872", "name": "n", "sigma": "2.3718E-6", "units": "deg/d"}, {"sigma": ".017178", "units": "au", "name": "ad", "title": "aphelion distance", "value": "43.57116884552315", "label": "Q"}], "n_dop_obs_used": null, "condition_code": "4", "soln_date": "2021-11-13 00:49:11", "not_valid_after": null, "first_obs": "2013-09-08", "sb_used": "SB441-N16", "last_obs": "2021-11-05"}, "object": {"kind": "au", "orbit_class": {"name": "TransNeptunian Object", "code": "TNO"}, "neo": false, "prefix": null, "spkid": "54196370", "des": "2013 RP156", "orbit_id": "2", "pha": false, "fullname": "(2013 RP156)"}, "signature": {"version": "1.3", "source": "NASA/JPL Small-Body Database (SBDB) API"}}