{"signature": {"version": "1.3", "source": "NASA/JPL Small-Body Database (SBDB) API"}, "orbit": {"sb_used": "SB441-N16", "not_valid_after": null, "first_obs": "2004-11-09", "soln_date": "2022-12-21 22:24:44", "n_dop_obs_used": null, "condition_code": "2", "elements": [{"name": "e", "sigma": "2.4429E-5", "units": null, "label": "e", "title": "eccentricity", "value": ".1916445864556739"}, {"label": "a", "title": "semi-major axis", "value": "39.61025756522558", "name": "a", "sigma": ".0015076", "units": "au"}, {"name": "q", "units": "au", "sigma": ".00025511", "label": "q", "title": "perihelion distance", "value": "32.01916613473519"}, {"name": "i", "sigma": "5.5312E-5", "units": "deg", "label": "i", "title": "inclination; angle with respect to x-y ecliptic plane", "value": "23.88433697854376"}, {"units": "deg", "sigma": "4.692E-5", "name": "om", "value": "46.36452248877306", "title": "longitude of the ascending node", "label": "node"}, {"name": "w", "units": "deg", "sigma": ".002659", "label": "peri", "title": "argument of perihelion", "value": "28.50484396328401"}, {"units": "deg", "sigma": ".0015322", "name": "ma", "value": "5.964933883092613", "title": "mean anomaly", "label": "M"}, {"name": "tp", "sigma": ".4451", "units": "TDB", "label": "tp", "title": "time of perihelion passage", "value": "2458491.764671402776"}, {"title": "sidereal orbital period", "value": "91056.28477031816", "label": "period", "units": "d", "sigma": "5.1985", "name": "per"}, {"title": "mean motion", "value": ".003953598600119364", "label": "n", "sigma": "2.2572E-7", "units": "deg/d", "name": "n"}, {"name": "ad", "sigma": ".0017965", "units": "au", "label": "Q", "value": "47.20134899571597", "title": "aphelion distance"}], "last_obs": "2022-11-28", "t_jup": "5.083", "source": "JPL", "epoch": "2460000.5", "covariance": {"labels": ["e", "q", "tp", "node", "peri", "i"], "data": [["5.919214931473346E-10", "6.14391396200628E-9", "-7.873123204367599E-6", "1.655671004228297E-10", "-4.712939822854239E-8", "3.487823300427754E-10"], ["6.14391396200628E-9", "6.675183757143877E-8", "-9.765832226309588E-5", "1.803422539023981E-9", "-5.846816113357894E-7", "3.784790745471538E-9"], ["-7.873123204367599E-6", "-9.765832226309588E-5", ".2065122415228555", "-2.659703176561168E-6", ".001235031872612631", "-5.510424758970685E-6"], ["1.655671004228297E-10", "1.803422539023981E-9", "-2.659703176561168E-6", "2.184117325241591E-9", "-1.787556234779075E-8", "2.341214244070719E-9"], ["-4.712939822854239E-8", "-5.846816113357894E-7", ".001235031872612631", "-1.787556234779075E-8", "7.388019232377207E-6", "-3.503859026192766E-8"], ["3.487823300427754E-10", "3.784790745471538E-9", "-5.510424758970685E-6", "2.341214244070719E-9", "-3.503859026192766E-8", "3.059973480951666E-9"]], "epoch": "2456727.5", "elements": [{"title": "eccentricity", "value": ".1927150526163034", "label": "e", "sigma": 2.43294367618187e-05, "units": null, "name": "e"}, {"name": "q", "units": "au", "sigma": 0.000258363769850648, "label": "q", "value": "32.02108335872428", "title": "perihelion distance"}, {"label": "tp", "value": "2458651.065025000242", "title": "time of perihelion passage", "name": "tp", "sigma": 0.454436179812804, "units": "TDB"}, {"value": "46.4449060416493", "title": "longitude of the ascending node", "label": "node", "units": "deg", "sigma": 4.67345410295382e-05, "name": "om"}, {"name": "w", "sigma": 0.00271809110082374, "units": "deg", "label": "peri", "title": "argument of perihelion", "value": "29.41836521898226"}, {"title": "inclination", "value": "23.91100616611347", "label": "i", "units": "deg", "sigma": 5.5317027043684e-05, "name": "i"}]}, "moid": "31.0514", "orbit_id": "8", "producer": "Otto Matic", "rms": ".57421", "comment": null, "moid_jup": "27.0705", "equinox": "J2000", "two_body": null, "pe_used": "DE441", "model_pars": [], "data_arc": "6593", "n_del_obs_used": null, "n_obs_used": 77, "not_valid_before": null}, "object": {"des": "2004 VV130", "fullname": "(2004 VV130)", "orbit_id": "8", "pha": false, "spkid": "3485892", "neo": false, "prefix": null, "kind": "au", "orbit_class": {"code": "TNO", "name": "TransNeptunian Object"}}}