{"object": {"neo": false, "prefix": null, "kind": "au", "orbit_class": {"name": "TransNeptunian Object", "code": "TNO"}, "des": "2015 VF165", "fullname": "(2015 VF165)", "orbit_id": "2", "pha": false, "spkid": "3830963"}, "orbit": {"soln_date": "2021-04-15 15:18:27", "n_dop_obs_used": null, "elements": [{"units": null, "sigma": ".00062687", "name": "e", "title": "eccentricity", "value": ".3443751028917378", "label": "e"}, {"value": "39.48701414459961", "title": "semi-major axis", "label": "a", "units": "au", "sigma": ".019866", "name": "a"}, {"units": "au", "sigma": ".012245", "name": "q", "title": "perihelion distance", "value": "25.88866958566561", "label": "q"}, {"sigma": ".0010292", "units": "deg", "name": "i", "value": "23.42938608348007", "title": "inclination; angle with respect to x-y ecliptic plane", "label": "i"}, {"name": "om", "units": "deg", "sigma": ".00016337", "label": "node", "value": "228.1896514557592", "title": "longitude of the ascending node"}, {"name": "w", "sigma": ".024232", "units": "deg", "label": "peri", "value": "284.8148781696018", "title": "argument of perihelion"}, {"value": "308.1609395162819", "title": "mean anomaly", "label": "M", "units": "deg", "sigma": ".086823", "name": "ma"}, {"sigma": "12.063", "units": "TDB", "name": "tp", "value": "2473051.220567421195", "title": "time of perihelion passage", "label": "tp"}, {"title": "sidereal orbital period", "value": "90631.64649265367", "label": "period", "units": "d", "sigma": "68.395", "name": "per"}, {"sigma": "2.9975E-6", "units": "deg/d", "name": "n", "title": "mean motion", "value": ".003972122475223713", "label": "n"}, {"value": "53.08535870353361", "title": "aphelion distance", "label": "Q", "sigma": ".026707", "units": "au", "name": "ad"}], "condition_code": "4", "not_valid_after": null, "first_obs": "2014-11-23", "sb_used": "SB441-N16", "last_obs": "2017-12-16", "t_jup": "4.878", "source": "JPL", "covariance": {"data": [["3.871376124016647E-7", "-7.30087207784795E-6", "-.007602228768917229", "2.021732344261785E-9", "-1.399766316154921E-5", "2.606124946012884E-8"], ["-7.30087207784795E-6", ".0001440335622510167", ".1416758386802848", "-6.640235383903137E-8", ".0002330399618615598", "-6.733487461881565E-7"], ["-.007602228768917229", ".1416758386802848", "149.8199687167951", "-3.34456959451076E-5", ".2834651258629751", "-.0004715355010284607"], ["2.021732344261785E-9", "-6.640235383903137E-8", "-3.34456959451076E-5", "2.646437332042665E-8", "3.522058890166524E-8", "1.581384182633284E-7"], ["-1.399766316154921E-5", ".0002330399618615598", ".2834651258629751", "3.522058890166524E-8", ".0006583292945027621", "-2.344399618986515E-7"], ["2.606124946012884E-8", "-6.733487461881565E-7", "-.0004715355010284607", "1.581384182633284E-7", "-2.344399618986515E-7", "1.066496359403701E-6"]], "labels": ["e", "q", "tp", "node", "peri", "i"], "elements": [{"name": "e", "sigma": 0.000622203835090772, "units": null, "label": "e", "title": "eccentricity", "value": ".347410561948229"}, {"name": "q", "units": "au", "sigma": 0.0120013983456519, "label": "q", "value": "25.64464681951402", "title": "perihelion distance"}, {"value": "2473099.401154920086", "title": "time of perihelion passage", "label": "tp", "units": "TDB", "sigma": 12.2400967609245, "name": "tp"}, {"label": "node", "value": "228.2424547918403", "title": "longitude of the ascending node", "name": "om", "units": "deg", "sigma": 0.000162678742681478}, {"label": "peri", "value": "285.8404190842983", "title": "argument of perihelion", "name": "w", "sigma": 0.0256579284920424, "units": "deg"}, {"name": "i", "units": "deg", "sigma": 0.00103271310604819, "label": "i", "value": "23.52565086018879", "title": "inclination"}], "epoch": "2457575.5"}, "epoch": "2460000.5", "rms": ".16278", "producer": "Otto Matic", "moid": "24.9779", "orbit_id": "2", "moid_jup": "21.0379", "two_body": null, "equinox": "J2000", "pe_used": "DE441", "comment": null, "n_obs_used": 39, "not_valid_before": null, "model_pars": [], "data_arc": "1119", "n_del_obs_used": null}, "signature": {"source": "NASA/JPL Small-Body Database (SBDB) API", "version": "1.3"}}