{"signature": {"version": "1.3", "source": "NASA/JPL Small-Body Database (SBDB) API"}, "object": {"orbit_class": {"code": "TNO", "name": "TransNeptunian Object"}, "neo": false, "pha": false, "spkid": "3573848", "fullname": "(2004 PY117)", "orbit_id": "10", "kind": "au", "des": "2004 PY117", "prefix": null}, "orbit": {"comment": null, "model_pars": [], "rms": ".57021", "sb_used": "SB441-N16", "pe_used": "DE441", "n_dop_obs_used": null, "data_arc": "6238", "t_jup": "5.034", "source": "JPL", "condition_code": "2", "covariance": {"data": [["4.742810060008797E-10", "7.97463381743064E-9", "9.827943417499062E-6", "5.854284343676111E-11", "7.446535188123358E-8", "7.649208792088345E-11"], ["7.97463381743064E-9", "1.548067808164502E-7", ".000183235129291375", "9.088423863679975E-10", "1.411546986241821E-6", "1.258423551474822E-9"], ["9.827943417499062E-6", ".000183235129291375", ".2197944251181283", "1.143485803443245E-6", ".001684615788057347", "1.555739711447507E-6"], ["5.854284343676111E-11", "9.088423863679975E-10", "1.143485803443245E-6", "4.217435860406616E-9", "4.722852375554114E-9", "3.011426385962763E-9"], ["7.446535188123358E-8", "1.411546986241821E-6", ".001684615788057347", "4.722852375554114E-9", "1.294105699161737E-5", "9.010521604103557E-9"], ["7.649208792088345E-11", "1.258423551474822E-9", "1.555739711447507E-6", "3.011426385962763E-9", "9.010521604103557E-9", "2.292024726173468E-9"]], "epoch": "2457269.5", "labels": ["e", "q", "tp", "node", "peri", "i"], "elements": [{"units": null, "title": "eccentricity", "label": "e", "sigma": 2.17779936174313e-05, "name": "e", "value": ".2810088296464895"}, {"value": "28.69486824311993", "name": "q", "sigma": 0.000393454928570542, "title": "perihelion distance", "label": "q", "units": "au"}, {"sigma": 0.468822381204362, "name": "tp", "value": "2448989.911511557111", "units": "TDB", "title": "time of perihelion passage", "label": "tp"}, {"units": "deg", "title": "longitude of the ascending node", "label": "node", "sigma": 6.49417882446011e-05, "name": "om", "value": "130.0441812203716"}, {"value": "152.0622947858913", "sigma": 0.00359736806451847, "name": "w", "title": "argument of perihelion", "label": "peri", "units": "deg"}, {"sigma": 4.78750950513257e-05, "name": "i", "value": "23.40659894630753", "units": "deg", "label": "i", "title": "inclination"}]}, "n_obs_used": 113, "last_obs": "2021-09-13", "orbit_id": "10", "moid": "27.8799", "not_valid_before": null, "soln_date": "2021-10-06 16:36:40", "epoch": "2460000.5", "first_obs": "2004-08-15", "not_valid_after": null, "producer": "Otto Matic", "moid_jup": "23.7847", "n_del_obs_used": null, "elements": [{"units": null, "title": "eccentricity", "label": "e", "name": "e", "sigma": "2.2432E-5", "value": ".2852339610030404"}, {"value": "40.40695038414962", "name": "a", "sigma": ".0017748", "label": "a", "title": "semi-major axis", "units": "au"}, {"units": "au", "label": "q", "title": "perihelion distance", "name": "q", "sigma": ".00038044", "value": "28.8815158740253"}, {"name": "i", "sigma": "4.7743E-5", "value": "23.33719382128723", "units": "deg", "title": "inclination; angle with respect to x-y ecliptic plane", "label": "i"}, {"value": "129.941544741469", "name": "om", "sigma": "6.5095E-5", "label": "node", "title": "longitude of the ascending node", "units": "deg"}, {"sigma": ".0034268", "name": "w", "value": "154.097123211478", "units": "deg", "label": "peri", "title": "argument of perihelion"}, {"value": "41.25741706901483", "sigma": ".0044384", "name": "ma", "title": "mean anomaly", "label": "M", "units": "deg"}, {"value": "2449248.677823132333", "sigma": ".45249", "name": "tp", "title": "time of perihelion passage", "label": "tp", "units": "TDB"}, {"units": "d", "title": "sidereal orbital period", "label": "period", "name": "per", "sigma": "6.1813", "value": "93817.2153917823"}, {"value": ".003837248830042906", "name": "n", "sigma": "2.5282E-7", "label": "n", "title": "mean motion", "units": "deg/d"}, {"sigma": ".0022811", "name": "ad", "value": "51.93238489427394", "units": "au", "title": "aphelion distance", "label": "Q"}], "equinox": "J2000", "two_body": null}}