{"signature": {"version": "1.3", "source": "NASA/JPL Small-Body Database (SBDB) API"}, "object": {"spkid": "3755649", "des": "2014 NY65", "orbit_id": "9", "pha": false, "fullname": "(2014 NY65)", "orbit_class": {"code": "TNO", "name": "TransNeptunian Object"}, "kind": "au", "prefix": null, "neo": false}, "orbit": {"source": "JPL", "t_jup": "5.428", "n_dop_obs_used": null, "elements": [{"name": "e", "units": null, "sigma": "3.5901E-5", "label": "e", "value": ".08108100847960181", "title": "eccentricity"}, {"sigma": ".001353", "units": "au", "name": "a", "value": "40.89990236656096", "title": "semi-major axis", "label": "a"}, {"units": "au", "sigma": ".0016053", "name": "q", "title": "perihelion distance", "value": "37.58369703596294", "label": "q"}, {"label": "i", "value": "18.47357289988092", "title": "inclination; angle with respect to x-y ecliptic plane", "name": "i", "sigma": "6.0383E-5", "units": "deg"}, {"sigma": ".00036543", "units": "deg", "name": "om", "value": "257.3504431920223", "title": "longitude of the ascending node", "label": "node"}, {"value": "160.953729888029", "title": "argument of perihelion", "label": "peri", "units": "deg", "sigma": ".017391", "name": "w"}, {"title": "mean anomaly", "value": "281.0806803662328", "label": "M", "units": "deg", "sigma": ".018665", "name": "ma"}, {"sigma": "3.9345", "units": "TDB", "name": "tp", "title": "time of perihelion passage", "value": "2480944.646430069741", "label": "tp"}, {"name": "per", "sigma": "4.7409", "units": "d", "label": "period", "value": "95539.25134953919", "title": "sidereal orbital period"}, {"units": "deg/d", "sigma": "1.8698E-7", "name": "n", "title": "mean motion", "value": ".003768084791484358", "label": "n"}, {"title": "aphelion distance", "value": "44.21610769715898", "label": "Q", "units": "au", "sigma": ".0014627", "name": "ad"}], "condition_code": "3", "soln_date": "2022-07-14 20:44:42", "not_valid_after": null, "first_obs": "2013-05-04", "sb_used": "SB441-N16", "last_obs": "2022-07-04", "two_body": null, "pe_used": "DE441", "equinox": "J2000", "moid_jup": "32.5778", "comment": null, "not_valid_before": null, "n_obs_used": 75, "model_pars": [], "n_del_obs_used": null, "data_arc": "3348", "covariance": {"data": [["1.20658213167946E-9", "-3.965488750619326E-8", "-8.731201804077508E-5", "-7.246409259187073E-10", "-2.247259752004647E-7", "-9.300199031175269E-11"], ["-3.965488750619326E-8", "2.710297318911712E-6", "-.001354190066536913", "1.006599917618972E-8", "-1.353600949164716E-5", "3.632744977394104E-9"], ["-8.731201804077508E-5", "-.001354190066536913", "19.04652448722108", "9.346090150395881E-5", ".07924895395066914", "5.031964240168453E-6"], ["-7.246409259187073E-10", "1.006599917618972E-8", "9.346090150395881E-5", "1.348379960240969E-7", "2.111349378784753E-7", "2.201956581963301E-8"], ["-2.247259752004647E-7", "-1.353600949164716E-5", ".07924895395066914", "2.111349378784753E-7", ".0003537474932243403", "-1.196574362903137E-8"], ["-9.300199031175269E-11", "3.632744977394104E-9", "5.031964240168453E-6", "2.201956581963301E-8", "-1.196574362903137E-8", "3.660945254039491E-9"]], "labels": ["e", "q", "tp", "node", "peri", "i"], "epoch": "2457281.5", "elements": [{"title": "eccentricity", "value": ".07863691833454389", "label": "e", "units": null, "sigma": 3.47358911168184e-05, "name": "e"}, {"label": "q", "title": "perihelion distance", "value": "37.28743087816464", "name": "q", "sigma": 0.00164629806502702, "units": "au"}, {"title": "time of perihelion passage", "value": "2482579.606709854081", "label": "tp", "units": "TDB", "sigma": 4.36423240527141, "name": "tp"}, {"value": "257.2889320182017", "title": "longitude of the ascending node", "label": "node", "sigma": 0.000367202935750924, "units": "deg", "name": "om"}, {"sigma": 0.0188081762333391, "units": "deg", "name": "w", "title": "argument of perihelion", "value": "168.250860445976", "label": "peri"}, {"sigma": 6.05057456283243e-05, "units": "deg", "name": "i", "title": "inclination", "value": "18.47441386809789", "label": "i"}]}, "epoch": "2460000.5", "rms": ".66627", "producer": "Otto Matic", "orbit_id": "9", "moid": "36.6003"}}