{"orbit": {"source": "JPL", "t_jup": "4.817", "last_obs": "2020-06-23", "not_valid_after": null, "first_obs": "2010-05-16", "sb_used": "SB441-N16", "n_dop_obs_used": null, "elements": [{"units": null, "sigma": "1.7511E-5", "name": "e", "title": "eccentricity", "value": ".2742052116439642", "label": "e"}, {"value": "39.24684761871347", "title": "semi-major axis", "label": "a", "units": "au", "sigma": ".0011983", "name": "a"}, {"value": "28.48515746106573", "title": "perihelion distance", "label": "q", "units": "au", "sigma": ".00036848", "name": "q"}, {"units": "deg", "sigma": "6.9182E-5", "name": "i", "title": "inclination; angle with respect to x-y ecliptic plane", "value": "27.53121895505834", "label": "i"}, {"name": "om", "sigma": "3.765E-5", "units": "deg", "label": "node", "value": "69.47350214084862", "title": "longitude of the ascending node"}, {"name": "w", "sigma": ".0031075", "units": "deg", "label": "peri", "value": "112.2639424050212", "title": "argument of perihelion"}, {"value": "43.13207331394188", "title": "mean anomaly", "label": "M", "sigma": ".0033253", "units": "deg", "name": "ma"}, {"title": "time of perihelion passage", "value": "2449240.719060746191", "label": "tp", "sigma": ".37492", "units": "TDB", "name": "tp"}, {"value": "89806.0501274189", "title": "sidereal orbital period", "label": "period", "sigma": "4.113", "units": "d", "name": "per"}, {"name": "n", "sigma": "1.8359E-7", "units": "deg/d", "label": "n", "title": "mean motion", "value": ".004008638610530401"}, {"sigma": ".0015269", "units": "au", "name": "ad", "title": "aphelion distance", "value": "50.0085377763612", "label": "Q"}], "condition_code": "2", "soln_date": "2021-04-15 13:49:32", "n_del_obs_used": null, "model_pars": [], "data_arc": "3691", "not_valid_before": null, "n_obs_used": 99, "comment": null, "equinox": "J2000", "two_body": null, "pe_used": "DE441", "moid_jup": "23.5731", "orbit_id": "3", "moid": "27.5863", "rms": ".66528", "producer": "Otto Matic", "epoch": "2460000.5", "covariance": {"elements": [{"label": "e", "value": ".2804544288613269", "title": "eccentricity", "name": "e", "units": null, "sigma": 1.75992816278806e-05}, {"units": "au", "sigma": 0.000366127392690038, "name": "q", "value": "28.43922010019897", "title": "perihelion distance", "label": "q"}, {"label": "tp", "title": "time of perihelion passage", "value": "2449297.090696663781", "name": "tp", "sigma": 0.363677132622719, "units": "TDB"}, {"name": "om", "sigma": 3.76763978931497e-05, "units": "deg", "label": "node", "title": "longitude of the ascending node", "value": "69.44796598052496"}, {"units": "deg", "sigma": 0.00303629135435541, "name": "w", "value": "112.4078823478108", "title": "argument of perihelion", "label": "peri"}, {"sigma": 6.90511453699064e-05, "units": "deg", "name": "i", "title": "inclination", "value": "27.49468953155889", "label": "i"}], "epoch": "2457128.5", "data": [["3.097347138174571E-10", "1.912943077000796E-9", "3.386729675322149E-6", "-2.073245124478324E-11", "2.254646403710552E-8", "7.758396292076695E-11"], ["1.912943077000796E-9", "1.340492676780056E-7", ".0001283033185057746", "-5.326787401046831E-10", "1.099525707937756E-6", "1.892523222352975E-9"], ["3.386729675322149E-6", ".0001283033185057746", ".1322610567926829", "-5.772670871702435E-7", ".001095551175819244", "2.071110282528217E-6"], ["-2.073245124478324E-11", "-5.326787401046831E-10", "-5.772670871702435E-7", "1.419510958202938E-9", "-5.91487230437596E-9", "-2.452427581586303E-9"], ["2.254646403710552E-8", "1.099525707937756E-6", ".001095551175819244", "-5.91487230437596E-9", "9.21906518853338E-6", "1.88027157404791E-8"], ["7.758396292076695E-11", "1.892523222352975E-9", "2.071110282528217E-6", "-2.452427581586303E-9", "1.88027157404791E-8", "4.76806067689595E-9"]], "labels": ["e", "q", "tp", "node", "peri", "i"]}}, "object": {"pha": false, "orbit_id": "3", "fullname": "(2015 KG178)", "des": "2015 KG178", "spkid": "3841212", "prefix": null, "neo": false, "orbit_class": {"name": "TransNeptunian Object", "code": "TNO"}, "kind": "au"}, "signature": {"version": "1.3", "source": "NASA/JPL Small-Body Database (SBDB) API"}}