{"signature": {"version": "1.3", "source": "NASA/JPL Small-Body Database (SBDB) API"}, "orbit": {"source": "JPL", "t_jup": "5.256", "last_obs": "2021-01-06", "n_dop_obs_used": null, "condition_code": "3", "elements": [{"units": null, "sigma": "4.4329E-5", "name": "e", "title": "eccentricity", "value": ".2562842323376483", "label": "e"}, {"name": "a", "sigma": ".0028729", "units": "au", "label": "a", "value": "39.81950350852991", "title": "semi-major axis"}, {"sigma": ".00047072", "units": "au", "name": "q", "title": "perihelion distance", "value": "29.61439261978003", "label": "q"}, {"sigma": "9.4439E-5", "units": "deg", "name": "i", "title": "inclination; angle with respect to x-y ecliptic plane", "value": "16.58695156789481", "label": "i"}, {"name": "om", "units": "deg", "sigma": ".00031847", "label": "node", "value": "68.29616603363931", "title": "longitude of the ascending node"}, {"label": "peri", "title": "argument of perihelion", "value": "329.0360620026487", "name": "w", "sigma": ".0092569", "units": "deg"}, {"value": ".1877406325286399", "title": "mean anomaly", "label": "M", "units": "deg", "sigma": ".005238", "name": "ma"}, {"title": "time of perihelion passage", "value": "2459952.637215163202", "label": "tp", "units": "TDB", "sigma": "1.3367", "name": "tp"}, {"name": "per", "units": "d", "sigma": "9.9325", "label": "period", "title": "sidereal orbital period", "value": "91778.76045889346"}, {"name": "n", "units": "deg/d", "sigma": "4.245E-7", "label": "n", "title": "mean motion", "value": ".003922476161151026"}, {"value": "50.02461439727979", "title": "aphelion distance", "label": "Q", "units": "au", "sigma": ".0036092", "name": "ad"}], "soln_date": "2021-09-08 23:47:24", "not_valid_after": null, "first_obs": "2013-09-10", "sb_used": "SB441-N16", "not_valid_before": null, "n_obs_used": 65, "model_pars": [], "data_arc": "2675", "n_del_obs_used": null, "equinox": "J2000", "two_body": null, "pe_used": "DE441", "moid_jup": "24.6839", "comment": null, "producer": "Otto Matic", "rms": ".21902", "orbit_id": "5", "moid": "28.6318", "covariance": {"data": [["1.939843806116302E-9", "1.526371323696653E-8", "-7.037944247235521E-6", "-1.091842050020681E-9", "-4.708217961365729E-8", "4.561665862159496E-10"], ["1.526371323696653E-8", "2.255775592990226E-7", "-.0005012730716864372", "-8.091981474089823E-9", "-3.447406670181945E-6", "3.538017855727673E-9"], ["-7.037944247235521E-6", "-.0005012730716864372", "1.949419181129907", "1.218732467893841E-6", ".0134410567590815", "-1.183165617922893E-6"], ["-1.091842050020681E-9", "-8.091981474089823E-9", "1.218732467893841E-6", "1.012879544252957E-7", "-8.878275039513683E-8", "-2.948410252106891E-8"], ["-4.708217961365729E-8", "-3.447406670181945E-6", ".0134410567590815", "-8.878275039513683E-8", "9.276932105402768E-5", "2.014762587325802E-8"], ["4.561665862159496E-10", "3.538017855727673E-9", "-1.183165617922893E-6", "-2.948410252106891E-8", "2.014762587325802E-8", "9.023336149227431E-9"]], "labels": ["e", "q", "tp", "node", "peri", "i"], "elements": [{"name": "e", "sigma": 4.40436579556728e-05, "units": null, "label": "e", "title": "eccentricity", "value": ".2452264463455958"}, {"sigma": 0.000474950059794735, "units": "au", "name": "q", "value": "29.6041238756465", "title": "perihelion distance", "label": "q"}, {"value": "2460001.381913378782", "title": "time of perihelion passage", "label": "tp", "units": "TDB", "sigma": 1.39621602237258, "name": "tp"}, {"name": "om", "sigma": 0.00031825768557145, "units": "deg", "label": "node", "title": "longitude of the ascending node", "value": "68.19636326585098"}, {"name": "w", "units": "deg", "sigma": 0.00963168318903958, "label": "peri", "title": "argument of perihelion", "value": "329.4415792995278"}, {"name": "i", "units": "deg", "sigma": 9.49912424870179e-05, "label": "i", "title": "inclination", "value": "16.62933400818907"}], "epoch": "2458047.5"}, "epoch": "2460000.5"}, "object": {"spkid": "3841724", "des": "2014 WD536", "orbit_id": "5", "fullname": "(2014 WD536)", "pha": false, "kind": "au", "orbit_class": {"name": "TransNeptunian Object", "code": "TNO"}, "neo": false, "prefix": null}}