{"object": {"des": "2014 JQ92", "orbit_id": "3", "pha": false, "fullname": "(2014 JQ92)", "spkid": "3841294", "neo": false, "prefix": null, "kind": "au", "orbit_class": {"code": "TNO", "name": "TransNeptunian Object"}}, "orbit": {"t_jup": "4.858", "source": "JPL", "last_obs": "2022-07-04", "first_obs": "2010-02-28", "not_valid_after": null, "sb_used": "SB441-N16", "soln_date": "2022-07-14 20:44:08", "condition_code": "2", "n_dop_obs_used": null, "elements": [{"sigma": "1.7608E-5", "units": null, "name": "e", "value": ".3363542800042484", "title": "eccentricity", "label": "e"}, {"title": "semi-major axis", "value": "39.34624610007757", "label": "a", "units": "au", "sigma": ".00123", "name": "a"}, {"title": "perihelion distance", "value": "26.11196782221601", "label": "q", "sigma": ".00013106", "units": "au", "name": "q"}, {"title": "inclination; angle with respect to x-y ecliptic plane", "value": "24.14496053266084", "label": "i", "sigma": "6.5531E-6", "units": "deg", "name": "i"}, {"name": "om", "units": "deg", "sigma": ".00011851", "label": "node", "value": "160.5027068456441", "title": "longitude of the ascending node"}, {"title": "argument of perihelion", "value": "74.31427192923857", "label": "peri", "sigma": ".0015826", "units": "deg", "name": "w"}, {"sigma": ".0012623", "units": "deg", "name": "ma", "value": "17.03026354265016", "title": "mean anomaly", "label": "M"}, {"label": "tp", "title": "time of perihelion passage", "value": "2455735.959425259441", "name": "tp", "sigma": ".18294", "units": "TDB"}, {"name": "per", "units": "d", "sigma": "4.2272", "label": "period", "value": "90147.43682984113", "title": "sidereal orbital period"}, {"name": "n", "sigma": "1.8726E-7", "units": "deg/d", "label": "n", "title": "mean motion", "value": ".003993457969077061"}, {"label": "Q", "value": "52.58052437793913", "title": "aphelion distance", "name": "ad", "sigma": ".0016437", "units": "au"}], "data_arc": "4509", "model_pars": [], "n_del_obs_used": null, "n_obs_used": 114, "not_valid_before": null, "comment": null, "moid_jup": "21.1864", "two_body": null, "pe_used": "DE441", "equinox": "J2000", "moid": "25.186", "orbit_id": "3", "producer": "Otto Matic", "rms": ".7491", "epoch": "2460000.5", "covariance": {"labels": ["e", "q", "tp", "node", "peri", "i"], "data": [["3.105888424935606E-10", "2.157691501283461E-9", "1.014540199762906E-6", "9.120680193115426E-11", "8.646562732676729E-9", "5.933471807880102E-11"], ["2.157691501283461E-9", "1.745172926349083E-8", "1.513077221806871E-5", "1.878876424653664E-10", "1.304395538477612E-7", "4.170027671460738E-10"], ["1.014540199762906E-6", "1.513077221806871E-5", ".03261602810838085", "-1.345569955065338E-6", ".0002826899314997533", "1.878865149419322E-7"], ["9.120680193115426E-11", "1.878876424653664E-10", "-1.345569955065338E-6", "1.399146071560529E-8", "-2.438381442256911E-8", "1.646189925809401E-10"], ["8.646562732676729E-9", "1.304395538477612E-7", ".0002826899314997533", "-2.438381442256911E-8", "2.461934789863324E-6", "1.471637385735385E-9"], ["5.933471807880102E-11", "4.170027671460738E-10", "1.878865149419322E-7", "1.646189925809401E-10", "1.471637385735385E-9", "4.233699957958079E-11"]], "elements": [{"name": "e", "units": null, "sigma": 1.76235309315007e-05, "label": "e", "value": ".3409058364857535", "title": "eccentricity"}, {"title": "perihelion distance", "value": "26.07976203677165", "label": "q", "sigma": 0.00013210499333292, "units": "au", "name": "q"}, {"name": "tp", "units": "TDB", "sigma": 0.180599081139359, "label": "tp", "value": "2455678.127862572562", "title": "time of perihelion passage"}, {"units": "deg", "sigma": 0.00011828550509511, "name": "om", "value": "160.2942075383266", "title": "longitude of the ascending node", "label": "node"}, {"label": "peri", "value": "73.91703273780251", "title": "argument of perihelion", "name": "w", "sigma": 0.00156905538138822, "units": "deg"}, {"value": "24.15554722979387", "title": "inclination", "label": "i", "sigma": 6.50668883377565e-06, "units": "deg", "name": "i"}], "epoch": "2457386.5"}}, "signature": {"version": "1.3", "source": "NASA/JPL Small-Body Database (SBDB) API"}}