{"signature": {"source": "NASA/JPL Small-Body Database (SBDB) API", "version": "1.3"}, "object": {"orbit_id": "2", "pha": false, "fullname": "(2015 VK165)", "des": "2015 VK165", "spkid": "3830966", "prefix": null, "neo": false, "orbit_class": {"name": "TransNeptunian Object", "code": "TNO"}, "kind": "au"}, "orbit": {"not_valid_after": null, "sb_used": "SB441-N16", "first_obs": "2014-11-17", "soln_date": "2021-04-15 15:18:27", "n_dop_obs_used": null, "elements": [{"units": null, "sigma": ".00010708", "name": "e", "title": "eccentricity", "value": ".2591855159796647", "label": "e"}, {"name": "a", "sigma": ".0048362", "units": "au", "label": "a", "value": "39.85705136242566", "title": "semi-major axis"}, {"title": "perihelion distance", "value": "29.52668093962737", "label": "q", "sigma": ".0021681", "units": "au", "name": "q"}, {"value": "3.122201522668288", "title": "inclination; angle with respect to x-y ecliptic plane", "label": "i", "sigma": ".00037016", "units": "deg", "name": "i"}, {"label": "node", "title": "longitude of the ascending node", "value": "174.6765587250827", "name": "om", "units": "deg", "sigma": ".010153"}, {"name": "w", "units": "deg", "sigma": ".064482", "label": "peri", "value": "219.6541367785943", "title": "argument of perihelion"}, {"sigma": ".034728", "units": "deg", "name": "ma", "title": "mean anomaly", "value": "19.38924314142824", "label": "M"}, {"label": "tp", "value": "2455050.393619051702", "title": "time of perihelion passage", "name": "tp", "sigma": "9.0353", "units": "TDB"}, {"name": "per", "sigma": "16.728", "units": "d", "label": "period", "value": "91908.60541295577", "title": "sidereal orbital period"}, {"title": "mean motion", "value": ".003916934637213558", "label": "n", "units": "deg/d", "sigma": "7.1291E-7", "name": "n"}, {"sigma": ".0060897", "units": "au", "name": "ad", "value": "50.18742178522395", "title": "aphelion distance", "label": "Q"}], "condition_code": "4", "last_obs": "2017-12-13", "t_jup": "5.469", "source": "JPL", "epoch": "2460000.5", "covariance": {"labels": ["e", "q", "tp", "node", "peri", "i"], "data": [["1.121049702838653E-8", "-1.232268600539512E-7", "-.0006830199919766324", "1.511100319137782E-8", "-4.798702856154449E-6", "6.202932792402699E-10"], ["-1.232268600539512E-7", "4.670379346843417E-6", ".01974621471658684", "-5.626851144886016E-7", ".0001385254555471492", "-1.924089178713409E-8"], ["-.0006830199919766324", ".01974621471658684", "87.3930967712429", "-.002382542434439291", ".6130715314853228", "-8.388670219804652E-5"], ["1.511100319137782E-8", "-5.626851144886016E-7", "-.002382542434439291", ".0001029635552152379", "-.0001194574608386313", "3.775928955131121E-6"], ["-4.798702856154449E-6", ".0001385254555471492", ".6130715314853228", "-.0001194574608386313", ".004403398761597604", "-4.356513239055292E-6"], ["6.202932792402699E-10", "-1.924089178713409E-8", "-8.388670219804652E-5", "3.775928955131121E-6", "-4.356513239055292E-6", "1.391434265580144E-7"]], "elements": [{"sigma": 0.000105879634625298, "units": null, "name": "e", "value": ".2512061116044758", "title": "eccentricity", "label": "e"}, {"name": "q", "units": "au", "sigma": 0.00216110604710723, "label": "q", "value": "29.54036272853104", "title": "perihelion distance"}, {"label": "tp", "title": "time of perihelion passage", "value": "2455060.514756383445", "name": "tp", "units": "TDB", "sigma": 9.3484275025933}, {"title": "longitude of the ascending node", "value": "174.9013997711668", "label": "node", "units": "deg", "sigma": 0.0101470959005638, "name": "om"}, {"name": "w", "sigma": 0.0663581099911503, "units": "deg", "label": "peri", "value": "219.607002743127", "title": "argument of perihelion"}, {"sigma": 0.00037301933804833, "units": "deg", "name": "i", "value": "3.127451213634461", "title": "inclination", "label": "i"}], "epoch": "2457470.5"}, "moid": "28.5324", "orbit_id": "2", "rms": ".23429", "producer": "Otto Matic", "comment": null, "moid_jup": "24.5607", "pe_used": "DE441", "two_body": null, "equinox": "J2000", "model_pars": [], "data_arc": "1122", "n_del_obs_used": null, "n_obs_used": 40, "not_valid_before": null}}