{"orbit": {"last_obs": "2021-12-01", "n_dop_obs_used": null, "condition_code": "4", "elements": [{"value": ".2185479169587369", "title": "eccentricity", "label": "e", "units": null, "sigma": "9.9432E-5", "name": "e"}, {"units": "au", "sigma": ".013428", "name": "a", "title": "semi-major axis", "value": "39.48867483673613", "label": "a"}, {"name": "q", "units": "au", "sigma": ".0070692", "label": "q", "value": "30.85850720770656", "title": "perihelion distance"}, {"value": "10.95396696545846", "title": "inclination; angle with respect to x-y ecliptic plane", "label": "i", "units": "deg", "sigma": ".00036664", "name": "i"}, {"value": "235.5826356759275", "title": "longitude of the ascending node", "label": "node", "sigma": ".00055462", "units": "deg", "name": "om"}, {"units": "deg", "sigma": ".058592", "name": "w", "title": "argument of perihelion", "value": "122.712964996161", "label": "peri"}, {"label": "M", "value": "67.96747787710061", "title": "mean anomaly", "name": "ma", "sigma": ".065744", "units": "deg"}, {"sigma": "7.8309", "units": "TDB", "name": "tp", "value": "2442888.297122480777", "title": "time of perihelion passage", "label": "tp"}, {"title": "sidereal orbital period", "value": "90637.36404999753", "label": "period", "sigma": "46.233", "units": "d", "name": "per"}, {"label": "n", "title": "mean motion", "value": ".003971871907058288", "name": "n", "sigma": "2.026E-6", "units": "deg/d"}, {"units": "au", "sigma": ".016363", "name": "ad", "value": "48.1188424657657", "title": "aphelion distance", "label": "Q"}], "soln_date": "2021-12-14 21:07:08", "sb_used": "SB441-N16", "not_valid_after": null, "first_obs": "2003-10-24", "source": "JPL", "t_jup": "5.410", "rms": ".11883", "producer": "Otto Matic", "orbit_id": "6", "moid": "29.8668", "covariance": {"epoch": "2455031.5", "elements": [{"value": ".2172481302563444", "title": "eccentricity", "label": "e", "units": null, "sigma": 9.59900955982556e-05, "name": "e"}, {"name": "q", "units": "au", "sigma": 0.00715932433221721, "label": "q", "value": "30.80503023394695", "title": "perihelion distance"}, {"label": "tp", "value": "2442721.255372376534", "title": "time of perihelion passage", "name": "tp", "units": "TDB", "sigma": 7.85527779352804}, {"units": "deg", "sigma": 0.000552905320862511, "name": "om", "title": "longitude of the ascending node", "value": "235.6677397051183", "label": "node"}, {"label": "peri", "title": "argument of perihelion", "value": "121.6965412288289", "name": "w", "sigma": 0.0591642570355955, "units": "deg"}, {"name": "i", "sigma": 0.000367412471264359, "units": "deg", "label": "i", "value": "10.97825983248286", "title": "inclination"}], "labels": ["e", "q", "tp", "node", "peri", "i"], "data": [["9.214098452962256E-9", "5.462323519265005E-7", ".0006689239917217561", "4.721759767875595E-10", "4.868560665961332E-6", "2.323241776433752E-9"], ["5.462323519265005E-7", "5.125592489387736E-5", ".05538181553238358", "3.124700240381033E-8", ".0004208715346841241", "1.808988750675666E-7"], [".0006689239917217561", ".05538181553238358", "61.70538921349479", "3.694381335037346E-5", ".4638366377608438", ".0002044005737466495"], ["4.721759767875595E-10", "3.124700240381033E-8", "3.694381335037346E-5", "3.057042938380762E-7", "-2.801960138951197E-8", "1.503949732938348E-7"], ["4.868560665961332E-6", ".0004208715346841241", ".4638366377608438", "-2.801960138951197E-8", ".00350040931057401", "1.38139730515364E-6"], ["2.323241776433752E-9", "1.808988750675666E-7", ".0002044005737466495", "1.503949732938348E-7", "1.38139730515364E-6", "1.349919240405837E-7"]]}, "epoch": "2460000.5", "not_valid_before": null, "n_obs_used": 21, "model_pars": [], "n_del_obs_used": null, "data_arc": "6613", "two_body": null, "pe_used": "DE441", "equinox": "J2000", "moid_jup": "25.997", "comment": null}, "object": {"des": "2003 UV292", "orbit_id": "6", "pha": false, "fullname": "(2003 UV292)", "spkid": "3170277", "neo": false, "prefix": null, "kind": "au", "orbit_class": {"code": "TNO", "name": "TransNeptunian Object"}}, "signature": {"version": "1.3", "source": "NASA/JPL Small-Body Database (SBDB) API"}}