{"signature": {"version": "1.3", "source": "NASA/JPL Small-Body Database (SBDB) API"}, "orbit": {"moid_jup": "28.6018", "two_body": null, "equinox": "J2000", "pe_used": "DE441", "comment": null, "n_obs_used": 32, "not_valid_before": null, "data_arc": "848", "model_pars": [], "n_del_obs_used": null, "covariance": {"epoch": "2456760.5", "elements": [{"value": ".1491414249572097", "title": "eccentricity", "label": "e", "sigma": 0.000693922756799065, "units": null, "name": "e"}, {"name": "q", "sigma": 0.0198964834572533, "units": "au", "label": "q", "title": "perihelion distance", "value": "33.56284678279281"}, {"sigma": 49.6962803385145, "units": "TDB", "name": "tp", "value": "2449036.914221501220", "title": "time of perihelion passage", "label": "tp"}, {"sigma": 0.00888912488924205, "units": "deg", "name": "om", "value": "30.27359575390112", "title": "longitude of the ascending node", "label": "node"}, {"value": "304.1477023072038", "title": "argument of perihelion", "label": "peri", "units": "deg", "sigma": 0.296396114921399, "name": "w"}, {"name": "i", "units": "deg", "sigma": 0.00115822883966115, "label": "i", "title": "inclination", "value": "1.980429558685977"}], "labels": ["e", "q", "tp", "node", "peri", "i"], "data": [["4.815287924036148E-7", "-1.362371986763123E-5", "-.03397840425092712", "3.324843843655155E-8", "-.0002027627882394133", "-4.879191048585844E-9"], ["-1.362371986763123E-5", ".000395870053964755", ".9884256342001305", "-1.134184207894721E-6", ".005893148822123505", "1.680382089162413E-7"], ["-.03397840425092712", ".9884256342001305", "2469.720279484227", "-.002816356055121674", "14.72284640229959", ".0004171536276469183"], ["3.324843843655155E-8", "-1.134184207894721E-6", "-.002816356055121674", "7.90165412965425E-5", "-9.570226409426257E-5", "-1.026180210464794E-5"], ["-.0002027627882394133", ".005893148822123505", "14.72284640229959", "-9.570226409426257E-5", ".08785065694049894", "1.273365979737449E-5"], ["-4.879191048585844E-9", "1.680382089162413E-7", ".0004171536276469183", "-1.026180210464794E-5", "1.273365979737449E-5", "1.341494045022822E-6"]]}, "epoch": "2460000.5", "rms": ".20286", "producer": "Otto Matic", "moid": "32.5967", "orbit_id": "2", "t_jup": "5.592", "source": "JPL", "soln_date": "2021-04-15 08:53:26", "n_dop_obs_used": null, "condition_code": "4", "elements": [{"units": null, "sigma": ".00067798", "name": "e", "value": ".155922118697613", "title": "eccentricity", "label": "e"}, {"title": "semi-major axis", "value": "39.81536497297591", "label": "a", "units": "au", "sigma": ".010206", "name": "a"}, {"units": "au", "sigma": ".019273", "name": "q", "title": "perihelion distance", "value": "33.60726890967078", "label": "q"}, {"sigma": ".0011539", "units": "deg", "name": "i", "value": "1.971873247217724", "title": "inclination; angle with respect to x-y ecliptic plane", "label": "i"}, {"units": "deg", "sigma": ".0089399", "name": "om", "title": "longitude of the ascending node", "value": "30.29194639664271", "label": "node"}, {"name": "w", "sigma": ".29062", "units": "deg", "label": "peri", "title": "argument of perihelion", "value": "305.5710536852324"}, {"units": "deg", "sigma": ".17842", "name": "ma", "value": "41.8578930467942", "title": "mean anomaly", "label": "M"}, {"value": "2449330.870431431129", "title": "time of perihelion passage", "label": "tp", "units": "TDB", "sigma": "48.918", "name": "tp"}, {"label": "period", "title": "sidereal orbital period", "value": "91764.45265390567", "name": "per", "sigma": "35.282", "units": "d"}, {"sigma": "1.5084E-6", "units": "deg/d", "name": "n", "title": "mean motion", "value": ".003923087748997516", "label": "n"}, {"value": "46.02346103628105", "title": "aphelion distance", "label": "Q", "sigma": ".011797", "units": "au", "name": "ad"}], "not_valid_after": null, "first_obs": "2013-08-11", "sb_used": "SB441-N16", "last_obs": "2015-12-07"}, "object": {"pha": false, "orbit_id": "2", "fullname": "(2013 UA17)", "des": "2013 UA17", "spkid": "3787130", "neo": false, "prefix": null, "kind": "au", "orbit_class": {"name": "TransNeptunian Object", "code": "TNO"}}}