{"signature": {"version": "1.3", "source": "NASA/JPL Small-Body Database (SBDB) API"}, "object": {"spkid": "3841266", "pha": false, "orbit_class": {"name": "TransNeptunian Object", "code": "TNO"}, "neo": false, "des": "2012 WD37", "kind": "au", "prefix": null, "fullname": "(2012 WD37)", "orbit_id": "5"}, "orbit": {"pe_used": "DE441", "n_dop_obs_used": null, "data_arc": "4593", "comment": null, "model_pars": [], "rms": ".77558", "sb_used": "SB441-N16", "not_valid_before": null, "moid": "34.4713", "soln_date": "2022-12-21 23:33:34", "epoch": "2460000.5", "first_obs": "2010-05-06", "not_valid_after": null, "producer": "Otto Matic", "elements": [{"units": null, "label": "e", "title": "eccentricity", "sigma": "1.9794E-5", "name": "e", "value": ".1154308377516361"}, {"value": "40.07652511648668", "name": "a", "sigma": ".0012181", "label": "a", "title": "semi-major axis", "units": "au"}, {"units": "au", "label": "q", "title": "perihelion distance", "sigma": ".00032849", "name": "q", "value": "35.45045824811613"}, {"title": "inclination; angle with respect to x-y ecliptic plane", "label": "i", "units": "deg", "value": "21.11692616860486", "name": "i", "sigma": "5.333E-5"}, {"value": "83.63331158704037", "name": "om", "sigma": ".00012538", "label": "node", "title": "longitude of the ascending node", "units": "deg"}, {"units": "deg", "title": "argument of perihelion", "label": "peri", "sigma": ".0065542", "name": "w", "value": "15.73208235026316"}, {"label": "M", "title": "mean anomaly", "units": "deg", "value": "29.69679194227448", "sigma": ".0061612", "name": "ma"}, {"name": "tp", "sigma": "1.3111", "value": "2452356.150230939077", "units": "TDB", "label": "tp", "title": "time of perihelion passage"}, {"units": "d", "title": "sidereal orbital period", "label": "period", "name": "per", "sigma": "4.225", "value": "92668.79473753551"}, {"value": ".003884802872634988", "name": "n", "sigma": "1.7712E-7", "label": "n", "title": "mean motion", "units": "deg/d"}, {"sigma": ".0013587", "name": "ad", "value": "44.70259198485721", "units": "au", "label": "Q", "title": "aphelion distance"}], "n_del_obs_used": null, "moid_jup": "30.3038", "two_body": null, "equinox": "J2000", "t_jup": "5.273", "condition_code": "2", "source": "JPL", "covariance": {"elements": [{"units": null, "label": "e", "title": "eccentricity", "name": "e", "sigma": 2.02952949769696e-05, "value": ".120261161781041"}, {"units": "au", "title": "perihelion distance", "label": "q", "sigma": 0.000306329818245418, "name": "q", "value": "35.55055592809405"}, {"units": "TDB", "label": "tp", "title": "time of perihelion passage", "name": "tp", "sigma": 1.20730977094864, "value": "2453032.154321985816"}, {"value": "83.68148773453515", "sigma": 0.000124914618373996, "name": "om", "title": "longitude of the ascending node", "label": "node", "units": "deg"}, {"name": "w", "sigma": 0.00600893856439418, "value": "19.0155476634623", "units": "deg", "label": "peri", "title": "argument of perihelion"}, {"value": "21.12103472596575", "name": "i", "sigma": 5.32156627281386e-05, "label": "i", "title": "inclination", "units": "deg"}], "labels": ["e", "q", "tp", "node", "peri", "i"], "epoch": "2457341.5", "data": [["4.118989982022075E-10", "5.243710611683937E-9", "1.410614567480734E-5", "-1.331677390498333E-10", "6.964947061529956E-8", "-2.278455423915064E-12"], ["5.243710611683937E-9", "9.383795754627098E-8", ".00033961808717345", "-2.228494642194824E-9", "1.68682848951453E-6", "-1.563380612866778E-10"], ["1.410614567480734E-5", ".00033961808717345", "1.457596883028057", "-7.666450772165928E-6", ".007253113316168426", "-8.528041999311041E-7"], ["-1.331677390498333E-10", "-2.228494642194824E-9", "-7.666450772165928E-6", "1.560366188352103E-8", "-5.255880477681401E-8", "6.549336320904308E-9"], ["6.964947061529956E-8", "1.68682848951453E-6", ".007253113316168426", "-5.255880477681401E-8", "3.610734267066363E-5", "-1.036186618516111E-8"], ["-2.278455423915064E-12", "-1.563380612866778E-10", "-8.528041999311041E-7", "6.549336320904308E-9", "-1.036186618516111E-8", "2.831906759595E-9"]]}, "n_obs_used": 103, "last_obs": "2022-12-02", "orbit_id": "5"}}