{"orbit": {"condition_code": "2", "source": "JPL", "covariance": {"labels": ["e", "q", "tp", "node", "peri", "i"], "elements": [{"sigma": 8.1494653561718e-06, "name": "e", "value": ".2181109721138372", "units": null, "label": "e", "title": "eccentricity"}, {"value": "30.85691812535114", "name": "q", "sigma": 0.0006432409253242, "title": "perihelion distance", "label": "q", "units": "au"}, {"value": "2413440.873422658246", "sigma": 0.45018658431193, "name": "tp", "title": "time of perihelion passage", "label": "tp", "units": "TDB"}, {"value": "268.5870234104096", "sigma": 0.000126983642256717, "name": "om", "label": "node", "title": "longitude of the ascending node", "units": "deg"}, {"value": "72.90225292882624", "name": "w", "sigma": 0.0012663953761193, "label": "peri", "title": "argument of perihelion", "units": "deg"}, {"label": "i", "title": "inclination", "units": "deg", "value": "20.56616216413022", "name": "i", "sigma": 1.68821641225148e-05}], "data": [["6.641378559144443E-11", "-5.238712893375438E-9", "2.822760399779014E-6", "-6.628990604955585E-12", "-7.689734411476864E-9", "-7.251610654997605E-12"], ["-5.238712893375438E-9", "4.137588880119329E-7", "-.0002186313865888829", "5.590160516386537E-10", "6.200610703407905E-7", "5.796947270062225E-10"], ["2.822760399779014E-6", "-.0002186313865888829", ".2026679606944422", "4.35214099052084E-7", "-8.818020957218312E-5", "-2.007794512527846E-7"], ["-6.628990604955585E-12", "5.590160516386537E-10", "4.35214099052084E-7", "1.612484540078191E-8", "-1.224727027792816E-8", "2.093848575965102E-9"], ["-7.689734411476864E-9", "6.200610703407905E-7", "-8.818020957218312E-5", "-1.224727027792816E-8", "1.603757248656338E-6", "-7.953813915703723E-10"], ["-7.251610654997605E-12", "5.796947270062225E-10", "-2.007794512527846E-7", "2.093848575965102E-9", "-7.953813915703723E-10", "2.850074654595258E-10"]], "epoch": "2457460.5"}, "t_jup": "5.131", "orbit_id": "45", "n_obs_used": 1321, "last_obs": "2023-01-24", "not_valid_after": null, "first_obs": "1951-11-08", "not_valid_before": null, "soln_date": "2023-02-08 18:00:50", "moid": "29.2245", "epoch": "2460000.5", "two_body": null, "equinox": "J2000", "producer": "Otto Matic", "moid_jup": "25.5546", "n_del_obs_used": null, "elements": [{"value": ".2286250262659888", "name": "e", "sigma": "8.043E-6", "label": "e", "title": "eccentricity", "units": null}, {"value": "39.11652902051571", "name": "a", "sigma": ".00040432", "title": "semi-major axis", "label": "a", "units": "au"}, {"units": "au", "title": "perihelion distance", "label": "q", "name": "q", "sigma": ".00062604", "value": "30.173511545766"}, {"value": "20.56757017337535", "name": "i", "sigma": "1.6937E-5", "title": "inclination; angle with respect to x-y ecliptic plane", "label": "i", "units": "deg"}, {"units": "deg", "title": "longitude of the ascending node", "label": "node", "name": "om", "sigma": ".00012785", "value": "268.5357792998585"}, {"units": "deg", "title": "argument of perihelion", "label": "peri", "sigma": ".001217", "name": "w", "value": "73.46005226906388"}, {"value": "184.3682302120697", "name": "ma", "sigma": ".0019346", "title": "mean anomaly", "label": "M", "units": "deg"}, {"value": "2503595.779883085714", "sigma": "1.0986", "name": "tp", "label": "tp", "title": "time of perihelion passage", "units": "TDB"}, {"sigma": "1.3855", "name": "per", "value": "89359.12208173508", "units": "d", "label": "period", "title": "sidereal orbital period"}, {"value": ".004028687744612295", "name": "n", "sigma": "6.2463E-8", "title": "mean motion", "label": "n", "units": "deg/d"}, {"label": "Q", "title": "aphelion distance", "units": "au", "value": "48.05954649526543", "name": "ad", "sigma": ".00049676"}], "comment": null, "rms": ".40379", "sb_used": "SB441-N16", "model_pars": [], "data_arc": "26010", "pe_used": "DE441", "n_dop_obs_used": null}, "object": {"spkid": "20090482", "pha": false, "orbit_class": {"code": "TNO", "name": "TransNeptunian Object"}, "neo": false, "des": "90482", "shortname": "90482 Orcus", "kind": "an", "prefix": null, "fullname": "90482 Orcus (2004 DW)", "orbit_id": "45"}, "signature": {"version": "1.3", "source": "NASA/JPL Small-Body Database (SBDB) API"}}