{"signature": {"version": "1.3", "source": "NASA/JPL Small-Body Database (SBDB) API"}, "object": {"kind": "an", "orbit_class": {"name": "TransNeptunian Object", "code": "TNO"}, "shortname": "38083 Rhadamanthus", "neo": false, "prefix": null, "spkid": "20038083", "orbit_id": "11", "fullname": "38083 Rhadamanthus (1999 HX11)", "pha": false, "des": "38083"}, "orbit": {"orbit_id": "11", "moid": "31.7975", "rms": ".73049", "producer": "Otto Matic", "epoch": "2460000.5", "covariance": {"elements": [{"label": "e", "title": "eccentricity", "value": ".1534488066531461", "name": "e", "units": null, "sigma": 8.82479918596813e-06}, {"label": "q", "value": "33.1837584804415", "title": "perihelion distance", "name": "q", "sigma": 0.00192113898173135, "units": "au"}, {"name": "tp", "units": "TDB", "sigma": 2.0079996088586, "label": "tp", "value": "2433220.743036006952", "title": "time of perihelion passage"}, {"name": "om", "sigma": 0.000108039706351131, "units": "deg", "label": "node", "title": "longitude of the ascending node", "value": "9.962055638568744"}, {"name": "w", "units": "deg", "sigma": 0.0146335009099656, "label": "peri", "value": "82.20311060186846", "title": "argument of perihelion"}, {"sigma": 7.83445152865772e-05, "units": "deg", "name": "i", "title": "inclination", "value": "12.7204132878631", "label": "i"}], "epoch": "2457373.5", "labels": ["e", "q", "tp", "node", "peri", "i"], "data": [["7.787708067266379E-11", "-1.072051326622303E-8", "-6.536268838752134E-6", "1.269528568472158E-11", "-6.270100359424881E-8", "2.264436307663485E-12"], ["-1.072051326622303E-8", "3.690774987127758E-6", ".003675565409931201", "-3.407238861027598E-9", "2.766631936915606E-5", "6.048641966800152E-10"], ["-6.536268838752134E-6", ".003675565409931201", "4.032062429176276", "-3.136814225385159E-6", ".02913471467414751", "9.593436037249435E-7"], ["1.269528568472158E-11", "-3.407238861027598E-9", "-3.136814225385159E-6", "1.167257814843861E-8", "-3.583517517162893E-8", "7.89325804410412E-9"], ["-6.270100359424881E-8", "2.766631936915606E-5", ".02913471467414751", "-3.583517517162893E-8", ".0002141393488819655", "-1.643404629030507E-9"], ["2.264436307663485E-12", "6.048641966800152E-10", "9.593436037249435E-7", "7.89325804410412E-9", "-1.643404629030507E-9", "6.137863075488737E-9"]]}, "data_arc": "7703", "model_pars": [], "n_del_obs_used": null, "not_valid_before": null, "n_obs_used": 79, "comment": null, "pe_used": "DE441", "two_body": null, "equinox": "J2000", "moid_jup": "27.7715", "last_obs": "2020-04-21", "sb_used": "SB441-N16", "not_valid_after": null, "first_obs": "1999-03-20", "n_dop_obs_used": null, "condition_code": "3", "elements": [{"title": "eccentricity", "value": ".1555509206591899", "label": "e", "units": null, "sigma": "1.0278E-5", "name": "e"}, {"units": "au", "sigma": ".0019874", "name": "a", "title": "semi-major axis", "value": "38.7919646619245", "label": "a"}, {"label": "q", "value": "32.75783884458338", "title": "perihelion distance", "name": "q", "sigma": ".0019721", "units": "au"}, {"name": "i", "sigma": "7.8805E-5", "units": "deg", "label": "i", "title": "inclination; angle with respect to x-y ecliptic plane", "value": "12.79277921334371"}, {"sigma": ".00010749", "units": "deg", "name": "om", "title": "longitude of the ascending node", "value": "10.08900679872126", "label": "node"}, {"name": "w", "sigma": ".01419", "units": "deg", "label": "peri", "title": "argument of perihelion", "value": "78.27893156364614"}, {"label": "M", "value": "111.728102512284", "title": "mean anomaly", "name": "ma", "units": "deg", "sigma": ".015967"}, {"label": "tp", "title": "time of perihelion passage", "value": "2432611.825638027924", "name": "tp", "units": "TDB", "sigma": "1.8272"}, {"units": "d", "sigma": "6.7818", "name": "per", "title": "sidereal orbital period", "value": "88249.26360157145", "label": "period"}, {"label": "n", "value": ".004079354153314311", "title": "mean motion", "name": "n", "sigma": "3.1349E-7", "units": "deg/d"}, {"name": "ad", "sigma": ".0022965", "units": "au", "label": "Q", "value": "44.82609047926562", "title": "aphelion distance"}], "soln_date": "2021-04-13 08:32:03", "source": "JPL", "t_jup": "5.395"}}