{"object": {"neo": false, "orbit_class": {"code": "TNO", "name": "TransNeptunian Object"}, "pha": false, "spkid": "3989605", "orbit_id": "4", "fullname": "(2014 QZ510)", "prefix": null, "kind": "au", "des": "2014 QZ510"}, "orbit": {"orbit_id": "4", "n_obs_used": 70, "last_obs": "2021-11-11", "covariance": {"elements": [{"value": ".2372031704441465", "sigma": 6.60040273742495e-05, "name": "e", "title": "eccentricity", "label": "e", "units": null}, {"units": "au", "title": "perihelion distance", "label": "q", "sigma": 0.00132281678271755, "name": "q", "value": "29.9100539472906"}, {"sigma": 1.64242591642535, "name": "tp", "value": "2450462.925586205723", "units": "TDB", "title": "time of perihelion passage", "label": "tp"}, {"sigma": 0.000304388257285526, "name": "om", "value": "71.73994804816473", "units": "deg", "title": "longitude of the ascending node", "label": "node"}, {"name": "w", "sigma": 0.0123348212877481, "value": "262.8865203187547", "units": "deg", "title": "argument of perihelion", "label": "peri"}, {"value": "23.7654533101919", "sigma": 0.000107085712655297, "name": "i", "label": "i", "title": "inclination", "units": "deg"}], "labels": ["e", "q", "tp", "node", "peri", "i"], "epoch": "2457976.5", "data": [["4.356531629620683E-9", "1.354237620970932E-8", "3.711400452773084E-5", "8.705918164017437E-10", "2.008032135314639E-7", "9.414062359202718E-11"], ["1.354237620970932E-8", "1.749844240639204E-6", ".002128689033134273", "-2.585682161435845E-8", "1.622646015706085E-5", "1.739553247678009E-8"], ["3.711400452773084E-5", ".002128689033134273", "2.697562890945665", "-2.627329868189099E-5", ".02015064160517985", "2.091834921265251E-5"], ["8.705918164017437E-10", "-2.585682161435845E-8", "-2.627329868189099E-5", "9.265221117331938E-8", "-3.051229395533869E-7", "-3.18801653624233E-8"], ["2.008032135314639E-7", "1.622646015706085E-5", ".02015064160517985", "-3.051229395533869E-7", ".000152147816200684", "1.892511140789671E-7"], ["9.414062359202718E-11", "1.739553247678009E-8", "2.091834921265251E-5", "-3.18801653624233E-8", "1.892511140789671E-7", "1.146734985489288E-8"]]}, "condition_code": "3", "source": "JPL", "t_jup": "5.038", "equinox": "J2000", "two_body": null, "n_del_obs_used": null, "moid_jup": "25.4677", "elements": [{"units": null, "label": "e", "title": "eccentricity", "name": "e", "sigma": "6.6802E-5", "value": ".2449047775613407"}, {"title": "semi-major axis", "label": "a", "units": "au", "value": "39.75687427494728", "name": "a", "sigma": ".0041653"}, {"value": "30.02022582410713", "name": "q", "sigma": ".0012821", "title": "perihelion distance", "label": "q", "units": "au"}, {"units": "deg", "title": "inclination; angle with respect to x-y ecliptic plane", "label": "i", "sigma": ".00010642", "name": "i", "value": "23.70862216254168"}, {"label": "node", "title": "longitude of the ascending node", "units": "deg", "value": "71.85636592810907", "name": "om", "sigma": ".00030435"}, {"label": "peri", "title": "argument of perihelion", "units": "deg", "value": "264.6783395904296", "name": "w", "sigma": ".011896"}, {"sigma": ".010941", "name": "ma", "value": "36.31659486390726", "units": "deg", "label": "M", "title": "mean anomaly"}, {"title": "time of perihelion passage", "label": "tp", "units": "TDB", "value": "2450763.745604726542", "sigma": "1.5906", "name": "tp"}, {"units": "d", "title": "sidereal orbital period", "label": "period", "name": "per", "sigma": "14.39", "value": "91562.31730313404"}, {"value": ".003931748459447058", "name": "n", "sigma": "6.179E-7", "label": "n", "title": "mean motion", "units": "deg/d"}, {"name": "ad", "sigma": ".0051855", "value": "49.49352272578743", "units": "au", "title": "aphelion distance", "label": "Q"}], "producer": "Otto Matic", "not_valid_after": null, "first_obs": "2014-08-19", "epoch": "2460000.5", "not_valid_before": null, "moid": "29.0966", "soln_date": "2021-11-13 01:04:02", "sb_used": "SB441-N16", "rms": ".16973", "model_pars": [], "comment": null, "data_arc": "2641", "n_dop_obs_used": null, "pe_used": "DE441"}, "signature": {"version": "1.3", "source": "NASA/JPL Small-Body Database (SBDB) API"}}