{"signature": {"version": "1.3", "source": "NASA/JPL Small-Body Database (SBDB) API"}, "orbit": {"data_arc": "1458", "n_dop_obs_used": null, "pe_used": "DE441", "rms": ".21929", "sb_used": "SB441-N16", "model_pars": [], "comment": null, "two_body": null, "equinox": "J2000", "n_del_obs_used": null, "moid_jup": "33.8883", "elements": [{"sigma": ".0003991", "name": "e", "value": ".04889283406462545", "units": null, "label": "e", "title": "eccentricity"}, {"sigma": ".0078756", "name": "a", "value": "40.87008763675803", "units": "au", "label": "a", "title": "semi-major axis"}, {"units": "au", "label": "q", "title": "perihelion distance", "name": "q", "sigma": ".017859", "value": "38.87183322372732"}, {"name": "i", "sigma": ".00024069", "value": "28.96144341500625", "units": "deg", "title": "inclination; angle with respect to x-y ecliptic plane", "label": "i"}, {"label": "node", "title": "longitude of the ascending node", "units": "deg", "value": "147.9608786986475", "sigma": ".0019189", "name": "om"}, {"value": "195.4501672043666", "name": "w", "sigma": ".36856", "title": "argument of perihelion", "label": "peri", "units": "deg"}, {"name": "ma", "sigma": ".31991", "value": "64.30230461618048", "units": "deg", "title": "mean anomaly", "label": "M"}, {"value": "2442954.172892400526", "name": "tp", "sigma": "81.947", "label": "tp", "title": "time of perihelion passage", "units": "TDB"}, {"units": "d", "label": "period", "title": "sidereal orbital period", "sigma": "27.585", "name": "per", "value": "95434.80277053134"}, {"value": ".003772208770270147", "name": "n", "sigma": "1.0903E-6", "title": "mean motion", "label": "n", "units": "deg/d"}, {"value": "42.86834204978874", "name": "ad", "sigma": ".0082606", "title": "aphelion distance", "label": "Q", "units": "au"}], "producer": "Otto Matic", "first_obs": "2014-10-23", "not_valid_after": null, "epoch": "2460000.5", "not_valid_before": null, "soln_date": "2021-09-08 23:45:57", "moid": "37.8695", "orbit_id": "3", "n_obs_used": 24, "last_obs": "2018-10-20", "covariance": {"data": [["1.904255339759457E-7", "-7.918572590782278E-6", "-.02431330031755696", "2.663489823088741E-7", "-.0001175891790163596", "3.026720308722199E-8"], ["-7.918572590782278E-6", ".0003836022633447722", "1.36491662631968", "-1.195850372327218E-5", ".006431639776623026", "-1.157568937572345E-6"], ["-.02431330031755696", "1.36491662631968", "5417.802230634519", "-.03974544779888568", "25.09032801484449", "-.00321846294861927"], ["2.663489823088741E-7", "-1.195850372327218E-5", "-.03974544779888568", "3.71683173343401E-6", "-.000192392208931104", "4.650950577812954E-7"], ["-.0001175891790163596", ".006431639776623026", "25.09032801484449", "-.000192392208931104", ".1165058860262275", "-1.624182649947028E-5"], ["3.026720308722199E-8", "-1.157568937572345E-6", "-.00321846294861927", "4.650950577812954E-7", "-1.624182649947028E-5", "5.994020507088907E-8"]], "epoch": "2457592.5", "labels": ["e", "q", "tp", "node", "peri", "i"], "elements": [{"title": "eccentricity", "label": "e", "units": null, "value": ".04289357354502183", "sigma": 0.000436377742301261, "name": "e"}, {"sigma": 0.0195857668561834, "name": "q", "value": "38.72836403753842", "units": "au", "title": "perihelion distance", "label": "q"}, {"value": "2440578.161118074891", "name": "tp", "sigma": 73.6057214531216, "title": "time of perihelion passage", "label": "tp", "units": "TDB"}, {"value": "148.2039866927644", "name": "om", "sigma": 0.00192790864239829, "title": "longitude of the ascending node", "label": "node", "units": "deg"}, {"label": "peri", "title": "argument of perihelion", "units": "deg", "value": "185.5447913454588", "sigma": 0.341329585629824, "name": "w"}, {"units": "deg", "label": "i", "title": "inclination", "name": "i", "sigma": 0.000244826887965536, "value": "28.98714347357117"}]}, "source": "JPL", "condition_code": "4", "t_jup": "5.026"}, "object": {"fullname": "(2014 UN250)", "orbit_id": "3", "des": "2014 UN250", "kind": "au", "prefix": null, "orbit_class": {"name": "TransNeptunian Object", "code": "TNO"}, "neo": false, "spkid": "3989617", "pha": false}}