{"signature": {"version": "1.3", "source": "NASA/JPL Small-Body Database (SBDB) API"}, "orbit": {"comment": null, "model_pars": [], "rms": ".15794", "sb_used": "SB441-N16", "pe_used": "DE441", "n_dop_obs_used": null, "data_arc": "1040", "t_jup": "5.541", "source": "JPL", "condition_code": "4", "covariance": {"elements": [{"label": "e", "title": "eccentricity", "units": null, "value": ".20155115492856", "name": "e", "sigma": 0.000266276448422676}, {"sigma": 0.00745783620399684, "name": "q", "value": "31.56199202642915", "units": "au", "title": "perihelion distance", "label": "q"}, {"label": "tp", "title": "time of perihelion passage", "units": "TDB", "value": "2450387.140015462899", "sigma": 13.1105182048372, "name": "tp"}, {"title": "longitude of the ascending node", "label": "node", "units": "deg", "value": "119.2441689417227", "sigma": 0.0170338474733966, "name": "om"}, {"title": "argument of perihelion", "label": "peri", "units": "deg", "value": "250.5813960879071", "sigma": 0.0919835618278169, "name": "w"}, {"units": "deg", "label": "i", "title": "inclination", "sigma": 0.00032327261136255, "name": "i", "value": "2.64617407877254"}], "labels": ["e", "q", "tp", "node", "peri", "i"], "epoch": "2457443.5", "data": [["7.090314698459381E-8", "-1.807268302835399E-6", "-.003133922431553261", "1.190776742211752E-7", "-2.181593454711525E-5", "-2.270476073458694E-9"], ["-1.807268302835399E-6", "5.561932084564606E-5", ".09764849535813584", "-3.577618075632307E-6", ".0006737346672530149", "7.225896150233194E-8"], ["-.003133922431553261", ".09764849535813584", "171.8856875993688", "-.006267750076012893", "1.184892336793423", ".0001267972617530589"], ["1.190776742211752E-7", "-3.577618075632307E-6", "-.006267750076012893", ".0002901519597469407", "-.000332907402995522", "-5.491557136369269E-6"], ["-2.181593454711525E-5", ".0006737346672530149", "1.184892336793423", "-.000332907402995522", ".00846097564653182", "6.355108732900687E-6"], ["-2.270476073458694E-9", "7.225896150233194E-8", ".0001267972617530589", "-5.491557136369269E-6", "6.355108732900687E-6", "1.045051812571625E-7"]]}, "last_obs": "2017-09-22", "n_obs_used": 38, "orbit_id": "2", "not_valid_before": null, "moid": "30.5565", "soln_date": "2021-04-15 15:18:25", "epoch": "2460000.5", "first_obs": "2014-11-17", "not_valid_after": null, "producer": "Otto Matic", "moid_jup": "26.607", "n_del_obs_used": null, "elements": [{"title": "eccentricity", "label": "e", "units": null, "value": ".2094753137409025", "sigma": ".00026421", "name": "e"}, {"sigma": ".0062814", "name": "a", "value": "39.9193419470375", "units": "au", "label": "a", "title": "semi-major axis"}, {"value": "31.55722526835146", "sigma": ".0073291", "name": "q", "title": "perihelion distance", "label": "q", "units": "au"}, {"units": "deg", "title": "inclination; angle with respect to x-y ecliptic plane", "label": "i", "name": "i", "sigma": ".00032283", "value": "2.648052888900009"}, {"units": "deg", "title": "longitude of the ascending node", "label": "node", "sigma": ".016959", "name": "om", "value": "119.1525001286163"}, {"name": "w", "sigma": ".089563", "value": "251.3124335854766", "units": "deg", "label": "peri", "title": "argument of perihelion"}, {"label": "M", "title": "mean anomaly", "units": "deg", "value": "37.01993568534385", "name": "ma", "sigma": ".046606"}, {"units": "TDB", "title": "time of perihelion passage", "label": "tp", "name": "tp", "sigma": "12.719", "value": "2450527.083177991453"}, {"sigma": "21.744", "name": "per", "value": "92124.14859146453", "units": "d", "label": "period", "title": "sidereal orbital period"}, {"name": "n", "sigma": "9.2235E-7", "value": ".003907770172145229", "units": "deg/d", "title": "mean motion", "label": "n"}, {"value": "48.28145862572355", "name": "ad", "sigma": ".0075972", "title": "aphelion distance", "label": "Q", "units": "au"}], "two_body": null, "equinox": "J2000"}, "object": {"pha": false, "spkid": "3830959", "neo": false, "orbit_class": {"name": "TransNeptunian Object", "code": "TNO"}, "prefix": null, "kind": "au", "des": "2015 VB165", "orbit_id": "2", "fullname": "(2015 VB165)"}}