{"signature": {"version": "1.3", "source": "NASA/JPL Small-Body Database (SBDB) API"}, "orbit": {"rms": ".72673", "producer": "Otto Matic", "orbit_id": "11", "moid": "31.173", "covariance": {"epoch": "2456963.5", "elements": [{"sigma": 5.26202530862246e-05, "units": null, "name": "e", "value": ".1845792248848236", "title": "eccentricity", "label": "e"}, {"title": "perihelion distance", "value": "32.45567087490145", "label": "q", "units": "au", "sigma": 0.00206389288286495, "name": "q"}, {"label": "tp", "value": "2434222.248382590409", "title": "time of perihelion passage", "name": "tp", "sigma": 2.76441389539662, "units": "TDB"}, {"name": "om", "units": "deg", "sigma": 0.000820482162641403, "label": "node", "value": "251.1324598712676", "title": "longitude of the ascending node"}, {"label": "peri", "value": "202.372280298498", "title": "argument of perihelion", "name": "w", "sigma": 0.0114733047935854, "units": "deg"}, {"value": "6.853388339460538", "title": "inclination", "label": "i", "units": "deg", "sigma": 8.92718917779236e-05, "name": "i"}], "labels": ["e", "q", "tp", "node", "peri", "i"], "data": [["2.768891034858327E-9", "-7.956699954170745E-8", ".000127720931105541", "2.434453814443542E-9", "2.795938949451527E-7", "-2.653554870302894E-10"], ["-7.956699954170745E-8", "4.259653831940597E-6", "-.001816486298974741", "-4.12376276294934E-8", "6.195645821691649E-6", "6.992225836782403E-9"], [".000127720931105541", "-.001816486298974741", "7.641984185061919", ".0001391590455988091", ".02629839420435223", "-1.284020629105112E-5"], ["2.434453814443542E-9", "-4.12376276294934E-8", ".0001391590455988091", "6.731909792127145E-7", "-2.133235970216806E-7", "-7.275922845285902E-8"], ["2.795938949451527E-7", "6.195645821691649E-6", ".02629839420435223", "-2.133235970216806E-7", ".0001316367228865104", "4.061885980924112E-8"], ["-2.653554870302894E-10", "6.992225836782403E-9", "-1.284020629105112E-5", "-7.275922845285902E-8", "4.061885980924112E-8", "7.96947066160931E-9"]]}, "epoch": "2460000.5", "not_valid_before": null, "n_obs_used": 68, "data_arc": "2566", "model_pars": [], "n_del_obs_used": null, "two_body": null, "equinox": "J2000", "pe_used": "DE441", "moid_jup": "27.0148", "comment": null, "last_obs": "2018-04-12", "n_dop_obs_used": null, "condition_code": "3", "elements": [{"title": "eccentricity", "value": ".1847173286181245", "label": "e", "sigma": "5.1532E-5", "units": null, "name": "e"}, {"sigma": ".0018211", "units": "au", "name": "a", "title": "semi-major axis", "value": "39.44207001229393", "label": "a"}, {"name": "q", "units": "au", "sigma": ".0020572", "label": "q", "title": "perihelion distance", "value": "32.15643620445395"}, {"units": "deg", "sigma": "8.9716E-5", "name": "i", "value": "6.858060402388751", "title": "inclination; angle with respect to x-y ecliptic plane", "label": "i"}, {"title": "longitude of the ascending node", "value": "251.1441427931007", "label": "node", "units": "deg", "sigma": ".00082308", "name": "om"}, {"name": "w", "units": "deg", "sigma": ".011758", "label": "peri", "value": "199.6018506176538", "title": "argument of perihelion"}, {"units": "deg", "sigma": ".01747", "name": "ma", "value": "104.386921514544", "title": "mean anomaly", "label": "M"}, {"label": "tp", "title": "time of perihelion passage", "value": "2433765.469976439050", "name": "tp", "units": "TDB", "sigma": "2.8689"}, {"sigma": "6.2663", "units": "d", "name": "per", "title": "sidereal orbital period", "value": "90476.9550768488", "label": "period"}, {"units": "deg/d", "sigma": "2.7557E-7", "name": "n", "title": "mean motion", "value": ".003978913743220307", "label": "n"}, {"units": "au", "sigma": ".0021575", "name": "ad", "value": "46.7277038201339", "title": "aphelion distance", "label": "Q"}], "soln_date": "2021-04-15 07:55:08", "first_obs": "2011-04-03", "not_valid_after": null, "sb_used": "SB441-N16", "source": "JPL", "t_jup": "5.505"}, "object": {"kind": "au", "orbit_class": {"code": "TNO", "name": "TransNeptunian Object"}, "neo": false, "prefix": null, "spkid": "3671159", "des": "2013 FD28", "orbit_id": "11", "pha": false, "fullname": "(2013 FD28)"}}