{"orbit": {"equinox": "J2000", "two_body": null, "producer": "Otto Matic", "moid_jup": "33.1218", "n_del_obs_used": null, "elements": [{"units": null, "label": "e", "title": "eccentricity", "sigma": "1.4416E-5", "name": "e", "value": ".06400781180430197"}, {"units": "au", "label": "a", "title": "semi-major axis", "sigma": ".0010266", "name": "a", "value": "40.75123314416302"}, {"units": "au", "label": "q", "title": "perihelion distance", "sigma": ".00053298", "name": "q", "value": "38.14283588227821"}, {"value": "27.91915357447379", "name": "i", "sigma": "2.7175E-5", "label": "i", "title": "inclination; angle with respect to x-y ecliptic plane", "units": "deg"}, {"units": "deg", "label": "node", "title": "longitude of the ascending node", "sigma": "9.233E-5", "name": "om", "value": "65.24688630050554"}, {"units": "deg", "title": "argument of perihelion", "label": "peri", "sigma": ".013615", "name": "w", "value": "350.9438886183593"}, {"title": "mean anomaly", "label": "M", "units": "deg", "value": "323.6004942208061", "sigma": ".0129", "name": "ma"}, {"name": "tp", "sigma": "3.0737", "value": "2469607.826402334704", "units": "TDB", "label": "tp", "title": "time of perihelion passage"}, {"units": "d", "title": "sidereal orbital period", "label": "period", "name": "per", "sigma": "3.5904", "value": "95018.80398654916"}, {"value": ".003788723756730946", "name": "n", "sigma": "1.4316E-7", "label": "n", "title": "mean motion", "units": "deg/d"}, {"units": "au", "label": "Q", "title": "aphelion distance", "name": "ad", "sigma": ".0010923", "value": "43.35963040604784"}], "not_valid_after": null, "first_obs": "2010-07-24", "not_valid_before": null, "soln_date": "2022-11-30 00:36:03", "moid": "37.1563", "epoch": "2460000.5", "orbit_id": "19", "last_obs": "2022-11-24", "n_obs_used": 154, "source": "JPL", "condition_code": "2", "covariance": {"data": [["1.760697001470715E-10", "3.043405558547683E-9", "-2.746340304511247E-5", "-5.378632742895074E-11", "-1.178008336561903E-7", "4.38867914518666E-11"], ["3.043405558547683E-9", "3.616323428271875E-7", "-.002188747211537699", "2.646183779179546E-9", "-9.759601720721991E-6", "6.813084797775019E-10"], ["-2.746340304511247E-5", "-.002188747211537699", "13.8091488247859", "-1.146616163924425E-5", ".06128857674498196", "-6.383060161416177E-6"], ["-5.378632742895074E-11", "2.646183779179546E-9", "-1.146616163924425E-5", "8.53573001148632E-9", "-6.096110628692278E-8", "-2.456003660308581E-9"], ["-1.178008336561903E-7", "-9.759601720721991E-6", ".06128857674498196", "-6.096110628692278E-8", ".000272161640981577", "-2.51362183405749E-8"], ["4.38867914518666E-11", "6.813084797775019E-10", "-6.383060161416177E-6", "-2.456003660308581E-9", "-2.51362183405749E-8", "7.508106836857594E-10"]], "epoch": "2458023.5", "labels": ["e", "q", "tp", "node", "peri", "i"], "elements": [{"value": ".05570742861570002", "sigma": 1.32691258245248e-05, "name": "e", "title": "eccentricity", "label": "e", "units": null}, {"label": "q", "title": "perihelion distance", "units": "au", "value": "38.03232653033629", "sigma": 0.000601358747194374, "name": "q"}, {"name": "tp", "sigma": 3.71606631060129, "value": "2471264.568839113219", "units": "TDB", "label": "tp", "title": "time of perihelion passage"}, {"units": "deg", "title": "longitude of the ascending node", "label": "node", "name": "om", "sigma": 9.23890145606409e-05, "value": "65.05747313156262"}, {"value": "358.0935489749975", "sigma": 0.0164973222367018, "name": "w", "title": "argument of perihelion", "label": "peri", "units": "deg"}, {"units": "deg", "title": "inclination", "label": "i", "sigma": 2.74009248691675e-05, "name": "i", "value": "27.98810270533451"}]}, "t_jup": "5.063", "data_arc": "4506", "pe_used": "DE441", "n_dop_obs_used": null, "sb_used": "SB441-N16", "rms": ".50853", "model_pars": [], "comment": null}, "object": {"fullname": "(2010 RD188)", "orbit_id": "19", "kind": "au", "des": "2010 RD188", "prefix": null, "orbit_class": {"name": "TransNeptunian Object", "code": "TNO"}, "neo": false, "pha": false, "spkid": "3755953"}, "signature": {"version": "1.3", "source": "NASA/JPL Small-Body Database (SBDB) API"}}