{"signature": {"version": "1.3", "source": "NASA/JPL Small-Body Database (SBDB) API"}, "orbit": {"comment": null, "model_pars": [], "sb_used": "SB441-N16", "rms": ".25652", "pe_used": "DE441", "n_dop_obs_used": null, "data_arc": "1469", "t_jup": "5.459", "source": "JPL", "condition_code": "4", "covariance": {"labels": ["e", "q", "tp", "node", "peri", "i"], "elements": [{"units": null, "title": "eccentricity", "label": "e", "name": "e", "sigma": 0.000621191090509626, "value": ".2259828573537797"}, {"value": "30.50135531048662", "name": "q", "sigma": 0.020312940275969, "title": "perihelion distance", "label": "q", "units": "au"}, {"name": "tp", "sigma": 5.62386729237083, "value": "2443354.613208259785", "units": "TDB", "label": "tp", "title": "time of perihelion passage"}, {"sigma": 0.0052348711496773, "name": "om", "value": "76.99362720184027", "units": "deg", "title": "longitude of the ascending node", "label": "node"}, {"value": "212.7866110111613", "sigma": 0.0708028033704958, "name": "w", "title": "argument of perihelion", "label": "peri", "units": "deg"}, {"value": "8.709364337451694", "sigma": 0.000330563757200808, "name": "i", "label": "i", "title": "inclination", "units": "deg"}], "data": [["3.858783709285381E-7", "-1.181800063262633E-5", ".0008841003188790348", "4.365176061099641E-7", "-3.224357697697212E-5", "-3.064460131037753E-8"], ["-1.181800063262633E-5", ".0004126155426550844", ".01154994116823537", "-1.289332737112436E-5", ".001328076023542498", "9.800036772741395E-7"], [".0008841003188790348", ".01154994116823537", "31.62788332219846", ".001355200837928166", ".1864804445912724", "-3.864045728050574E-5"], ["4.365176061099641E-7", "-1.289332737112436E-5", ".001355200837928166", "2.740387595372369E-5", "-5.990876794974238E-5", "-1.712180537270907E-6"], ["-3.224357697697212E-5", ".001328076023542498", ".1864804445912724", "-5.990876794974238E-5", ".005013036965121095", "4.497728431576836E-6"], ["-3.064460131037753E-8", "9.800036772741395E-7", "-3.864045728050574E-5", "-1.712180537270907E-6", "4.497728431576836E-6", "1.092723975747145E-7"]], "epoch": "2457200.5"}, "last_obs": "2017-09-18", "n_obs_used": 10, "orbit_id": "1", "moid": "29.7348", "not_valid_before": null, "soln_date": "2021-09-13 10:42:07", "epoch": "2460000.5", "first_obs": "2013-09-10", "not_valid_after": null, "producer": "Otto Matic", "n_del_obs_used": null, "elements": [{"name": "e", "sigma": ".00061498", "value": ".2293966903950466", "units": null, "label": "e", "title": "eccentricity"}, {"value": "39.90105122387843", "sigma": ".011918", "name": "a", "label": "a", "title": "semi-major axis", "units": "au"}, {"units": "au", "title": "perihelion distance", "label": "q", "sigma": ".020171", "name": "q", "value": "30.74788212983749"}, {"title": "inclination; angle with respect to x-y ecliptic plane", "label": "i", "units": "deg", "value": "8.701435810075585", "name": "i", "sigma": ".00032797"}, {"units": "deg", "label": "node", "title": "longitude of the ascending node", "name": "om", "sigma": ".005219", "value": "77.03853400668822"}, {"name": "w", "sigma": ".075362", "value": "215.3296096042913", "units": "deg", "title": "argument of perihelion", "label": "peri"}, {"label": "M", "title": "mean anomaly", "units": "deg", "value": "63.54771658674632", "sigma": ".047491", "name": "ma"}, {"units": "TDB", "title": "time of perihelion passage", "label": "tp", "name": "tp", "sigma": "5.5897", "value": "2443749.788415265284"}, {"units": "d", "label": "period", "title": "sidereal orbital period", "name": "per", "sigma": "41.248", "value": "92060.84002276557"}, {"sigma": "1.7521E-6", "name": "n", "value": ".00391045747476317", "units": "deg/d", "label": "n", "title": "mean motion"}, {"value": "49.05422031791936", "sigma": ".014653", "name": "ad", "title": "aphelion distance", "label": "Q", "units": "au"}], "moid_jup": "25.5968", "two_body": null, "equinox": "J2000"}, "object": {"orbit_class": {"name": "TransNeptunian Object", "code": "TNO"}, "neo": false, "pha": false, "spkid": "54196381", "fullname": "(2013 RB157)", "orbit_id": "1", "kind": "au", "des": "2013 RB157", "prefix": null}}