{"signature": {"version": "1.3", "source": "NASA/JPL Small-Body Database (SBDB) API"}, "object": {"spkid": "3703308", "orbit_id": "9", "fullname": "(2014 TT85)", "pha": false, "des": "2014 TT85", "kind": "au", "orbit_class": {"code": "TNO", "name": "TransNeptunian Object"}, "neo": false, "prefix": null}, "orbit": {"covariance": {"epoch": "2456981.5", "elements": [{"value": ".07615419114066621", "title": "eccentricity", "label": "e", "units": null, "sigma": 0.00207270442401944, "name": "e"}, {"title": "perihelion distance", "value": "37.46424262790831", "label": "q", "sigma": 0.0732357908459362, "units": "au", "name": "q"}, {"label": "tp", "title": "time of perihelion passage", "value": "2449937.571797683602", "name": "tp", "units": "TDB", "sigma": 569.177721979185}, {"label": "node", "value": "98.32431344043931", "title": "longitude of the ascending node", "name": "om", "units": "deg", "sigma": 0.0113649261559828}, {"label": "peri", "value": "268.2796459113712", "title": "argument of perihelion", "name": "w", "units": "deg", "sigma": 2.60399554414032}, {"name": "i", "units": "deg", "sigma": 0.00196974657287704, "label": "i", "value": "17.82466376584573", "title": "inclination"}], "data": [["4.296103629349775E-6", "-.0001511781724938382", "-1.17500450768476", "7.484224372104474E-6", "-.005375971575569993", "-1.307086463661356E-6"], ["-.0001511781724938382", ".005363481060829713", "41.67402004116781", "-.0002701204521341401", ".1906626532943215", "4.723358556601963E-5"], ["-1.17500450768476", "41.67402004116781", "323963.279197414", "-2.086945996661813", "1482.123544977049", ".3647862227912479"], ["7.484224372104474E-6", "-.0002701204521341401", "-2.086945996661813", ".0001291615465309413", "-.009658915313312005", "-2.238223903200255E-5"], ["-.005375971575569993", ".1906626532943215", "1482.123544977049", "-.009658915313312005", "6.780792793902624", ".001688147036742666"], ["-1.307086463661356E-6", "4.723358556601963E-5", ".3647862227912479", "-2.238223903200255E-5", ".001688147036742666", "3.879901561360861E-6"]], "labels": ["e", "q", "tp", "node", "peri", "i"]}, "epoch": "2460000.5", "producer": "Otto Matic", "rms": ".24939", "moid": "36.4936", "orbit_id": "9", "moid_jup": "32.7288", "pe_used": "DE441", "two_body": null, "equinox": "J2000", "comment": null, "n_obs_used": 34, "not_valid_before": null, "model_pars": [], "n_del_obs_used": null, "data_arc": "847", "soln_date": "2021-04-15 11:30:58", "n_dop_obs_used": null, "elements": [{"label": "e", "title": "eccentricity", "value": ".08328983031018755", "name": "e", "units": null, "sigma": ".0020414"}, {"value": "40.8490861550065", "title": "semi-major axis", "label": "a", "sigma": ".015205", "units": "au", "name": "a"}, {"units": "au", "sigma": ".0714", "name": "q", "title": "perihelion distance", "value": "37.44677270082978", "label": "q"}, {"name": "i", "units": "deg", "sigma": ".0019691", "label": "i", "title": "inclination; angle with respect to x-y ecliptic plane", "value": "17.83310501579079"}, {"label": "node", "value": "98.24059504513666", "title": "longitude of the ascending node", "name": "om", "sigma": ".01134", "units": "deg"}, {"units": "deg", "sigma": "2.4041", "name": "w", "value": "269.0351247492213", "title": "argument of perihelion", "label": "peri"}, {"label": "M", "value": "37.27564519900304", "title": "mean anomaly", "name": "ma", "sigma": "1.9566", "units": "deg"}, {"sigma": "522.9", "units": "TDB", "name": "tp", "title": "time of perihelion passage", "value": "2450126.466113353055", "label": "tp"}, {"name": "per", "sigma": "53.245", "units": "d", "label": "period", "title": "sidereal orbital period", "value": "95361.25210484541"}, {"name": "n", "units": "deg/d", "sigma": "2.1078E-6", "label": "n", "title": "mean motion", "value": ".003775118216822449"}, {"title": "aphelion distance", "value": "44.25139960918322", "label": "Q", "sigma": ".016472", "units": "au", "name": "ad"}], "condition_code": "6", "not_valid_after": null, "sb_used": "SB441-N16", "first_obs": "2013-09-12", "last_obs": "2016-01-07", "t_jup": "5.443", "source": "JPL"}}