{"orbit": {"model_pars": [], "sb_used": "SB441-N16", "rms": ".099168", "comment": null, "pe_used": "DE441", "n_dop_obs_used": null, "data_arc": "1217", "n_obs_used": 39, "last_obs": "2018-06-18", "orbit_id": "3", "t_jup": "5.471", "source": "JPL", "condition_code": "4", "covariance": {"elements": [{"value": ".2438065168749012", "name": "e", "sigma": 0.000191648619551163, "title": "eccentricity", "label": "e", "units": null}, {"name": "q", "sigma": 0.00427598984702544, "value": "30.19265529107129", "units": "au", "label": "q", "title": "perihelion distance"}, {"name": "tp", "sigma": 14.4706475204985, "value": "2454077.344378662723", "units": "TDB", "label": "tp", "title": "time of perihelion passage"}, {"name": "om", "sigma": 0.0109271907495098, "value": "138.4923698252072", "units": "deg", "title": "longitude of the ascending node", "label": "node"}, {"units": "deg", "label": "peri", "title": "argument of perihelion", "sigma": 0.100071079433239, "name": "w", "value": "42.49326774529244"}, {"sigma": 0.000332524412586322, "name": "i", "value": "3.573207371082093", "units": "deg", "title": "inclination", "label": "i"}], "labels": ["e", "q", "tp", "node", "peri", "i"], "epoch": "2457358.5", "data": [["3.672919337586639E-8", "-6.798232099715981E-7", "-.00245924788715769", "7.543222831700485E-8", "-1.692579801312556E-5", "2.350477825517009E-9"], ["-6.798232099715981E-7", "1.82840891718646E-5", ".06138015345427263", "-1.834076446574045E-6", ".0004219210542916095", "-5.192076631456435E-8"], ["-.00245924788715769", ".06138015345427263", "209.3996396625085", "-.006281004188123455", "1.439471491329219", "-.0001816346978390665"], ["7.543222831700485E-8", "-1.834076446574045E-6", "-.006281004188123455", ".0001194034976761733", "-.0001621664142738253", "3.622078609420874E-6"], ["-1.692579801312556E-5", ".0004219210542916095", "1.439471491329219", "-.0001621664142738253", ".01001422093893359", "-4.858529017306461E-6"], ["2.350477825517009E-9", "-5.192076631456435E-8", "-.0001816346978390665", "3.622078609420874E-6", "-4.858529017306461E-6", "1.105724849658784E-7"]]}, "producer": "Otto Matic", "moid_jup": "24.7232", "n_del_obs_used": null, "elements": [{"label": "e", "title": "eccentricity", "units": null, "value": ".2333706103912677", "name": "e", "sigma": ".00019384"}, {"units": "au", "label": "a", "title": "semi-major axis", "sigma": ".0060416", "name": "a", "value": "39.36642243626341"}, {"label": "q", "title": "perihelion distance", "units": "au", "value": "30.17945640339212", "name": "q", "sigma": ".0043942"}, {"value": "3.576872702484363", "name": "i", "sigma": ".00033525", "title": "inclination; angle with respect to x-y ecliptic plane", "label": "i", "units": "deg"}, {"label": "node", "title": "longitude of the ascending node", "units": "deg", "value": "138.6532074091568", "name": "om", "sigma": ".010952"}, {"units": "deg", "title": "argument of perihelion", "label": "peri", "name": "w", "sigma": ".10368", "value": "41.80704591545089"}, {"units": "deg", "label": "M", "title": "mean anomaly", "name": "ma", "sigma": ".057328", "value": "24.0353188036389"}, {"units": "TDB", "label": "tp", "title": "time of perihelion passage", "name": "tp", "sigma": "15.045", "value": "2453977.196651569211"}, {"value": "90216.78568735247", "sigma": "20.769", "name": "per", "label": "period", "title": "sidereal orbital period", "units": "d"}, {"label": "n", "title": "mean motion", "units": "deg/d", "value": ".003990388232712979", "sigma": "9.1862E-7", "name": "n"}, {"value": "48.5533884691347", "name": "ad", "sigma": ".0074516", "label": "Q", "title": "aphelion distance", "units": "au"}], "two_body": null, "equinox": "J2000", "not_valid_before": null, "moid": "29.1842", "soln_date": "2021-04-15 13:31:03", "epoch": "2460000.5", "not_valid_after": null, "first_obs": "2015-02-17"}, "object": {"des": "2015 GS54", "kind": "au", "prefix": null, "fullname": "(2015 GS54)", "orbit_id": "3", "spkid": "3830910", "pha": false, "orbit_class": {"name": "TransNeptunian Object", "code": "TNO"}, "neo": false}, "signature": {"version": "1.3", "source": "NASA/JPL Small-Body Database (SBDB) API"}}