{"signature": {"version": "1.3", "source": "NASA/JPL Small-Body Database (SBDB) API"}, "object": {"orbit_id": "13", "fullname": "15875 (1996 TP66)", "prefix": null, "des": "15875", "kind": "an", "neo": false, "orbit_class": {"code": "TNO", "name": "TransNeptunian Object"}, "spkid": "20015875", "pha": false}, "orbit": {"rms": ".60884", "sb_used": "SB441-N16", "model_pars": [], "comment": null, "data_arc": "8858", "pe_used": "DE441", "n_dop_obs_used": null, "orbit_id": "13", "n_obs_used": 155, "last_obs": "2021-01-11", "source": "JPL", "condition_code": "2", "covariance": {"elements": [{"value": ".3356748538924172", "sigma": 1.96586186290501e-05, "name": "e", "label": "e", "title": "eccentricity", "units": null}, {"title": "perihelion distance", "label": "q", "units": "au", "value": "26.39169897315333", "sigma": 0.000143018101579053, "name": "q"}, {"label": "tp", "title": "time of perihelion passage", "units": "TDB", "value": "2451741.242707560453", "sigma": 0.119277701738649, "name": "tp"}, {"sigma": 0.000318146032830927, "name": "om", "value": "316.8340986740104", "units": "deg", "label": "node", "title": "longitude of the ascending node"}, {"value": "75.78733648159977", "name": "w", "sigma": 0.00104490668542448, "label": "peri", "title": "argument of perihelion", "units": "deg"}, {"value": "5.688329978511034", "sigma": 1.46087260401545e-05, "name": "i", "title": "inclination", "label": "i", "units": "deg"}], "labels": ["e", "q", "tp", "node", "peri", "i"], "epoch": "2456282.5", "data": [["3.86461286402435E-10", "2.772411907279987E-9", "2.153181932423065E-6", "-8.545114170726909E-11", "1.793660339580577E-8", "1.737700324417603E-11"], ["2.772411907279987E-9", "2.045417737927638E-8", "1.644559538979561E-5", "-6.620245649821297E-10", "1.373287695337971E-7", "1.265144662902833E-10"], ["2.153181932423065E-6", "1.644559538979561E-5", ".01422717013205407", "-5.75374625353425E-7", ".0001187473236296616", "9.939464276100613E-8"], ["-8.545114170726909E-11", "-6.620245649821297E-10", "-5.75374625353425E-7", "1.01216898206057E-7", "-1.055072546751636E-7", "-4.085971419192866E-9"], ["1.793660339580577E-8", "1.373287695337971E-7", ".0001187473236296616", "-1.055072546751636E-7", "1.091829981244764E-6", "4.891498466354181E-9"], ["1.737700324417603E-11", "1.265144662902833E-10", "9.939464276100613E-8", "-4.085971419192866E-9", "4.891498466354181E-9", "2.134148765162889E-10"]]}, "t_jup": "5.304", "two_body": null, "equinox": "J2000", "producer": "Otto Matic", "n_del_obs_used": null, "moid_jup": "21.4159", "elements": [{"title": "eccentricity", "label": "e", "units": null, "value": ".3345056687307765", "sigma": "1.9613E-5", "name": "e"}, {"name": "a", "sigma": ".0013802", "value": "39.57533680836227", "units": "au", "title": "semi-major axis", "label": "a"}, {"title": "perihelion distance", "label": "q", "units": "au", "value": "26.33716230403533", "name": "q", "sigma": ".00014403"}, {"title": "inclination; angle with respect to x-y ecliptic plane", "label": "i", "units": "deg", "value": "5.697354362842734", "sigma": "1.4659E-5", "name": "i"}, {"units": "deg", "label": "node", "title": "longitude of the ascending node", "sigma": ".00031759", "name": "om", "value": "316.6961702709417"}, {"units": "deg", "title": "argument of perihelion", "label": "peri", "name": "w", "sigma": ".0010688", "value": "75.42426788533548"}, {"units": "deg", "title": "mean anomaly", "label": "M", "sigma": ".0021766", "name": "ma", "value": "32.88294687798259"}, {"title": "time of perihelion passage", "label": "tp", "units": "TDB", "value": "2451694.277002792633", "name": "tp", "sigma": ".12193"}, {"label": "period", "title": "sidereal orbital period", "units": "d", "value": "90935.89726280965", "sigma": "4.7571", "name": "per"}, {"value": ".003958832659445593", "sigma": "2.071E-7", "name": "n", "title": "mean motion", "label": "n", "units": "deg/d"}, {"name": "ad", "sigma": ".0018419", "value": "52.81351131268922", "units": "au", "label": "Q", "title": "aphelion distance"}], "not_valid_after": null, "first_obs": "1996-10-11", "moid": "25.3465", "not_valid_before": null, "soln_date": "2021-04-13 01:11:53", "epoch": "2460000.5"}}