{"signature": {"version": "1.3", "source": "NASA/JPL Small-Body Database (SBDB) API"}, "object": {"kind": "au", "des": "2015 BS518", "prefix": null, "fullname": "(2015 BS518)", "orbit_id": "8", "pha": false, "spkid": "3755670", "orbit_class": {"code": "TNO", "name": "TransNeptunian Object"}, "neo": false}, "orbit": {"sb_used": "SB441-N16", "rms": ".57833", "model_pars": [], "comment": null, "data_arc": "5901", "pe_used": "DE441", "n_dop_obs_used": null, "orbit_id": "8", "n_obs_used": 62, "last_obs": "2021-02-16", "source": "JPL", "condition_code": "3", "covariance": {"data": [["1.69303634851504E-9", "7.713497300613537E-9", "-4.073504994168394E-5", "-2.19883793437468E-10", "-1.666642789281359E-7", "5.722758155846011E-10"], ["7.713497300613537E-9", "1.27131681032116E-6", "-.004141489209399373", "1.155907410475636E-8", "-1.982205397599028E-5", "-4.030130732945499E-9"], ["-4.073504994168394E-5", "-.004141489209399373", "13.71530471134577", "-3.495041672308302E-5", ".06533495052837451", "7.857398768700165E-6"], ["-2.19883793437468E-10", "1.155907410475636E-8", "-3.495041672308302E-5", "2.656280262754525E-8", "-1.954496949822113E-7", "-2.594518238344115E-8"], ["-1.666642789281359E-7", "-1.982205397599028E-5", ".06533495052837451", "-1.954496949822113E-7", ".0003117553620013228", "7.033448629678785E-8"], ["5.722758155846011E-10", "-4.030130732945499E-9", "7.857398768700165E-6", "-2.594518238344115E-8", "7.033448629678785E-8", "2.579212846726634E-8"]], "epoch": "2457462.5", "labels": ["e", "q", "tp", "node", "peri", "i"], "elements": [{"value": ".1119831614815053", "name": "e", "sigma": 4.1146522921324e-05, "title": "eccentricity", "label": "e", "units": null}, {"units": "au", "label": "q", "title": "perihelion distance", "name": "q", "sigma": 0.00112752685569842, "value": "37.4258893538092"}, {"value": "2468259.505709772187", "name": "tp", "sigma": 3.70341797686215, "label": "tp", "title": "time of perihelion passage", "units": "TDB"}, {"value": "17.44121629808102", "name": "om", "sigma": 0.000162980988546349, "title": "longitude of the ascending node", "label": "node", "units": "deg"}, {"label": "peri", "title": "argument of perihelion", "units": "deg", "value": "202.0454958137508", "sigma": 0.0176565954249771, "name": "w"}, {"label": "i", "title": "inclination", "units": "deg", "value": "28.49472499363531", "sigma": 0.000160599279161727, "name": "i"}]}, "t_jup": "5.064", "two_body": null, "equinox": "J2000", "producer": "Otto Matic", "n_del_obs_used": null, "moid_jup": "31.9899", "elements": [{"units": null, "label": "e", "title": "eccentricity", "name": "e", "sigma": "4.0362E-5", "value": ".1037401833887703"}, {"units": "au", "title": "semi-major axis", "label": "a", "sigma": ".0024342", "name": "a", "value": "41.63533848088876"}, {"title": "perihelion distance", "label": "q", "units": "au", "value": "37.31608083142783", "name": "q", "sigma": ".0012033"}, {"name": "i", "sigma": ".0001614", "value": "28.63419461388577", "units": "deg", "title": "inclination; angle with respect to x-y ecliptic plane", "label": "i"}, {"units": "deg", "title": "longitude of the ascending node", "label": "node", "name": "om", "sigma": ".00016237", "value": "17.33894943737737"}, {"units": "deg", "label": "peri", "title": "argument of perihelion", "name": "w", "sigma": ".019291", "value": "205.8367506966217"}, {"name": "ma", "sigma": ".01716", "value": "326.6098641698021", "units": "deg", "label": "M", "title": "mean anomaly"}, {"name": "tp", "sigma": "4.038", "value": "2469101.880293368815", "units": "TDB", "label": "tp", "title": "time of perihelion passage"}, {"units": "d", "title": "sidereal orbital period", "label": "period", "name": "per", "sigma": "8.6056", "value": "98127.69023387787"}, {"label": "n", "title": "mean motion", "units": "deg/d", "value": ".003668689226679796", "sigma": "3.2174E-7", "name": "n"}, {"value": "45.95459613034969", "sigma": ".0026868", "name": "ad", "title": "aphelion distance", "label": "Q", "units": "au"}], "not_valid_after": null, "first_obs": "2004-12-21", "soln_date": "2021-04-15 12:46:38", "not_valid_before": null, "moid": "36.3305", "epoch": "2460000.5"}}