{"orbit": {"two_body": null, "equinox": "J2000", "producer": "Otto Matic", "n_del_obs_used": null, "moid_jup": "24.2733", "elements": [{"units": null, "title": "eccentricity", "label": "e", "name": "e", "sigma": ".00018547", "value": ".2571746155569851"}, {"sigma": ".0049131", "name": "a", "value": "39.30211104796163", "units": "au", "label": "a", "title": "semi-major axis"}, {"units": "au", "title": "perihelion distance", "label": "q", "sigma": ".0079034", "name": "q", "value": "29.19460574862416"}, {"name": "i", "sigma": ".00058421", "value": "8.114831304150718", "units": "deg", "title": "inclination; angle with respect to x-y ecliptic plane", "label": "i"}, {"label": "node", "title": "longitude of the ascending node", "units": "deg", "value": "109.9227322057902", "name": "om", "sigma": ".0058249"}, {"value": "250.8371424346547", "name": "w", "sigma": ".025494", "label": "peri", "title": "argument of perihelion", "units": "deg"}, {"units": "deg", "label": "M", "title": "mean anomaly", "name": "ma", "sigma": ".04315", "value": "272.4052081533782"}, {"sigma": "8.6542", "name": "tp", "value": "2481898.176153470602", "units": "TDB", "title": "time of perihelion passage", "label": "tp"}, {"sigma": "16.875", "name": "per", "value": "89995.80053860749", "units": "d", "label": "period", "title": "sidereal orbital period"}, {"sigma": "7.5008E-7", "name": "n", "value": ".00400018665143784", "units": "deg/d", "label": "n", "title": "mean motion"}, {"title": "aphelion distance", "label": "Q", "units": "au", "value": "49.40961634729909", "name": "ad", "sigma": ".0061766"}], "first_obs": "2014-05-30", "not_valid_after": null, "moid": "28.1993", "not_valid_before": null, "soln_date": "2022-04-28 21:48:19", "epoch": "2460000.5", "orbit_id": "3", "n_obs_used": 36, "last_obs": "2022-04-26", "source": "JPL", "condition_code": "4", "covariance": {"elements": [{"units": null, "title": "eccentricity", "label": "e", "sigma": 0.000186716457709496, "name": "e", "value": ".2512234561692868"}, {"sigma": 0.00802416546165819, "name": "q", "value": "29.5065324142329", "units": "au", "label": "q", "title": "perihelion distance"}, {"name": "tp", "sigma": 8.76970523267458, "value": "2482013.487801398376", "units": "TDB", "title": "time of perihelion passage", "label": "tp"}, {"sigma": 0.00579561055976033, "name": "om", "value": "109.8193670631083", "units": "deg", "title": "longitude of the ascending node", "label": "node"}, {"units": "deg", "title": "argument of perihelion", "label": "peri", "name": "w", "sigma": 0.0259485442364071, "value": "250.4061244351287"}, {"sigma": 0.000583333236024443, "name": "i", "value": "8.123842077218148", "units": "deg", "title": "inclination", "label": "i"}], "labels": ["e", "q", "tp", "node", "peri", "i"], "epoch": "2457232.5", "data": [["3.486303557958192E-8", "-1.331392036922665E-6", "-.001566171443335044", "-4.836036785539349E-8", "-1.925344660452372E-6", "4.512134148775692E-9"], ["-1.331392036922665E-6", "6.438723135606826E-5", ".05061807982163258", "2.122324798894266E-6", "-1.127779841221914E-5", "-1.84165027355494E-7"], ["-.001566171443335044", ".05061807982163258", "76.9077298679999", ".002005602808380108", ".1450375210951267", "-.0001960370007432183"], ["-4.836036785539349E-8", "2.122324798894266E-6", ".002005602808380108", "3.358910176040541E-5", "-3.216974677343303E-5", "-3.376612072887071E-6"], ["-1.925344660452372E-6", "-1.127779841221914E-5", ".1450375210951267", "-3.216974677343303E-5", ".0006733269479887745", "3.156868627953698E-6"], ["4.512134148775692E-9", "-1.84165027355494E-7", "-.0001960370007432183", "-3.376612072887071E-6", "3.156868627953698E-6", "3.40277664250748E-7"]]}, "t_jup": "5.391", "data_arc": "2888", "pe_used": "DE441", "n_dop_obs_used": null, "sb_used": "SB441-N16", "rms": ".1963", "model_pars": [], "comment": null}, "object": {"spkid": "3830918", "pha": false, "neo": false, "orbit_class": {"code": "TNO", "name": "TransNeptunian Object"}, "prefix": null, "des": "2015 KE173", "kind": "au", "orbit_id": "3", "fullname": "(2015 KE173)"}, "signature": {"version": "1.3", "source": "NASA/JPL Small-Body Database (SBDB) API"}}