{"signature": {"version": "1.3", "source": "NASA/JPL Small-Body Database (SBDB) API"}, "orbit": {"n_obs_used": 22, "not_valid_before": null, "model_pars": [], "data_arc": "1525", "n_del_obs_used": null, "moid_jup": "25.3013", "two_body": null, "pe_used": "DE441", "equinox": "J2000", "comment": null, "producer": "Otto Matic", "rms": ".21929", "moid": "29.1353", "orbit_id": "1", "covariance": {"data": [["1.587567337091103E-8", "-1.072501407544919E-7", ".0005340924418305943", "-2.171554799298348E-8", "3.708581796807584E-6", "3.776142341498475E-9"], ["-1.072501407544919E-7", "7.534237050809243E-6", "-.0221960340200297", "5.859963159805833E-7", "-.0001527772785361442", "-4.844278237901948E-8"], [".0005340924418305943", "-.0221960340200297", "68.92864472117567", "-.001936547159887315", ".4748379188600077", ".0001914441430420767"], ["-2.171554799298348E-8", "5.859963159805833E-7", "-.001936547159887315", "1.305138426051524E-6", "-1.449969574966257E-5", "-1.553624897197967E-7"], ["3.708581796807584E-6", "-.0001527772785361442", ".4748379188600077", "-1.449969574966257E-5", ".003272240230392793", "1.460193606934524E-6"], ["3.776142341498475E-9", "-4.844278237901948E-8", ".0001914441430420767", "-1.553624897197967E-7", "1.460193606934524E-6", "1.963049338549881E-8"]], "labels": ["e", "q", "tp", "node", "peri", "i"], "elements": [{"name": "e", "units": null, "sigma": 0.000125998703846155, "label": "e", "value": ".2290639714595797", "title": "eccentricity"}, {"label": "q", "value": "30.04419600704018", "title": "perihelion distance", "name": "q", "sigma": 0.0027448564718049, "units": "au"}, {"units": "TDB", "sigma": 8.30232766886345, "name": "tp", "title": "time of perihelion passage", "value": "2461206.795666892091", "label": "tp"}, {"label": "node", "value": "102.2596936820894", "title": "longitude of the ascending node", "name": "om", "units": "deg", "sigma": 0.00114242655170979}, {"value": "310.2207913603515", "title": "argument of perihelion", "label": "peri", "units": "deg", "sigma": 0.0572034984104363, "name": "w"}, {"units": "deg", "sigma": 0.000140108862622958, "name": "i", "title": "inclination", "value": "23.54591787089577", "label": "i"}], "epoch": "2457619.5"}, "epoch": "2460000.5", "t_jup": "5.038", "source": "JPL", "last_obs": "2018-12-03", "soln_date": "2021-09-20 15:12:07", "n_dop_obs_used": null, "condition_code": "4", "elements": [{"label": "e", "title": "eccentricity", "value": ".2388190178262284", "name": "e", "units": null, "sigma": ".00012436"}, {"sigma": ".0064454", "units": "au", "name": "a", "value": "39.51149486248772", "title": "semi-major axis", "label": "a"}, {"title": "perihelion distance", "value": "30.07539846658233", "label": "q", "units": "au", "sigma": ".0026433", "name": "q"}, {"sigma": ".00013946", "units": "deg", "name": "i", "title": "inclination; angle with respect to x-y ecliptic plane", "value": "23.53943269763384", "label": "i"}, {"label": "node", "title": "longitude of the ascending node", "value": "102.2403852407037", "name": "om", "units": "deg", "sigma": ".001139"}, {"title": "argument of perihelion", "value": "309.1725494869636", "label": "peri", "units": "deg", "sigma": ".055442", "name": "w"}, {"label": "M", "title": "mean anomaly", "value": "355.8717957554779", "name": "ma", "units": "deg", "sigma": ".031963"}, {"label": "tp", "title": "time of perihelion passage", "value": "2461040.760944162027", "name": "tp", "units": "TDB", "sigma": "8.0423"}, {"sigma": "22.197", "units": "d", "name": "per", "value": "90715.94274805236", "title": "sidereal orbital period", "label": "period"}, {"title": "mean motion", "value": ".003968431447599425", "label": "n", "sigma": "9.7104E-7", "units": "deg/d", "name": "n"}, {"sigma": ".0079847", "units": "au", "name": "ad", "title": "aphelion distance", "value": "48.9475912583931", "label": "Q"}], "first_obs": "2014-09-30", "not_valid_after": null, "sb_used": "SB441-N16"}, "object": {"spkid": "54198864", "orbit_id": "1", "pha": false, "fullname": "(2014 SJ404)", "des": "2014 SJ404", "orbit_class": {"name": "TransNeptunian Object", "code": "TNO"}, "kind": "au", "prefix": null, "neo": false}}