{"signature": {"version": "1.3", "source": "NASA/JPL Small-Body Database (SBDB) API"}, "object": {"kind": "au", "des": "2015 RT277", "prefix": null, "fullname": "(2015 RT277)", "orbit_id": "2", "pha": false, "spkid": "3830937", "orbit_class": {"name": "TransNeptunian Object", "code": "TNO"}, "neo": false}, "orbit": {"two_body": null, "equinox": "J2000", "producer": "Otto Matic", "moid_jup": "27.7044", "n_del_obs_used": null, "elements": [{"value": ".1726202701082761", "sigma": ".0022597", "name": "e", "label": "e", "title": "eccentricity", "units": null}, {"value": "39.8745666959037", "name": "a", "sigma": ".033825", "label": "a", "title": "semi-major axis", "units": "au"}, {"value": "32.99140822240633", "sigma": ".062592", "name": "q", "label": "q", "title": "perihelion distance", "units": "au"}, {"title": "inclination; angle with respect to x-y ecliptic plane", "label": "i", "units": "deg", "value": "5.438622386311058", "name": "i", "sigma": ".0015843"}, {"sigma": ".00089937", "name": "om", "value": "192.9701702085071", "units": "deg", "label": "node", "title": "longitude of the ascending node"}, {"units": "deg", "label": "peri", "title": "argument of perihelion", "name": "w", "sigma": ".2617", "value": "68.67649387522344"}, {"name": "ma", "sigma": ".5545", "value": "98.77355691215902", "units": "deg", "title": "mean anomaly", "label": "M"}, {"sigma": "109.73", "name": "tp", "value": "2434766.820389641074", "units": "TDB", "title": "time of perihelion passage", "label": "tp"}, {"units": "d", "title": "sidereal orbital period", "label": "period", "sigma": "117.02", "name": "per", "value": "91969.19645009722"}, {"name": "n", "sigma": "4.9807E-6", "value": ".003914354086972338", "units": "deg/d", "label": "n", "title": "mean motion"}, {"sigma": ".039664", "name": "ad", "value": "46.75772516940106", "units": "au", "title": "aphelion distance", "label": "Q"}], "not_valid_after": null, "first_obs": "2015-07-19", "soln_date": "2021-04-15 14:36:56", "not_valid_before": null, "moid": "31.9797", "epoch": "2460000.5", "orbit_id": "2", "n_obs_used": 26, "last_obs": "2017-12-23", "source": "JPL", "condition_code": "5", "covariance": {"epoch": "2457492.5", "data": [["4.802196003805169E-6", "-.0001303699293326373", ".2562128181004859", "-2.426803249573308E-7", ".0006544274733342088", "3.36418173662761E-7"], ["-.0001303699293326373", ".003556995448347607", "-6.940295422696032", "6.224192455911744E-6", "-.01764093192130166", "-8.527041605518121E-6"], [".2562128181004859", "-6.940295422696032", "13685.85881767585", "-.01319725037810916", "35.03457960240453", ".01836384806591271"], ["-2.426803249573308E-7", "6.224192455911744E-6", "-.01319725037810916", "8.033424218541611E-7", "-3.618835656159934E-5", "-1.355804465296317E-6"], [".0006544274733342088", "-.01764093192130166", "35.03457960240453", "-3.618835656159934E-5", ".09010835499345768", "5.105423412242947E-5"], ["3.36418173662761E-7", "-8.527041605518121E-6", ".01836384806591271", "-1.355804465296317E-6", "5.105423412242947E-5", "2.54334849202483E-6"]], "elements": [{"name": "e", "sigma": 0.00219139133972122, "value": ".1761114507904432", "units": null, "title": "eccentricity", "label": "e"}, {"title": "perihelion distance", "label": "q", "units": "au", "value": "32.47433513431939", "sigma": 0.0596405520459662, "name": "q"}, {"value": "2434259.185089340102", "sigma": 116.98657537374, "name": "tp", "title": "time of perihelion passage", "label": "tp", "units": "TDB"}, {"value": "192.9889754129655", "name": "om", "sigma": 0.000896293714054808, "label": "node", "title": "longitude of the ascending node", "units": "deg"}, {"value": "65.00387251932413", "name": "w", "sigma": 0.300180537332882, "title": "argument of perihelion", "label": "peri", "units": "deg"}, {"units": "deg", "title": "inclination", "label": "i", "sigma": 0.00159478791443403, "name": "i", "value": "5.471086657261222"}], "labels": ["e", "q", "tp", "node", "peri", "i"]}, "t_jup": "5.559", "data_arc": "888", "pe_used": "DE441", "n_dop_obs_used": null, "sb_used": "SB441-N16", "rms": ".26694", "model_pars": [], "comment": null}}