{"signature": {"version": "1.3", "source": "NASA/JPL Small-Body Database (SBDB) API"}, "orbit": {"t_jup": "5.343", "source": "JPL", "last_obs": "2018-09-14", "soln_date": "2021-04-13 12:46:13", "n_dop_obs_used": null, "condition_code": "3", "elements": [{"label": "e", "title": "eccentricity", "value": ".2284756045291031", "name": "e", "units": null, "sigma": ".0001075"}, {"title": "semi-major axis", "value": "39.56610702073569", "label": "a", "sigma": ".0077956", "units": "au", "name": "a"}, {"label": "q", "title": "perihelion distance", "value": "30.52621680030992", "name": "q", "sigma": ".0018471", "units": "au"}, {"units": "deg", "sigma": ".00015647", "name": "i", "title": "inclination; angle with respect to x-y ecliptic plane", "value": "13.91309000574828", "label": "i"}, {"name": "om", "units": "deg", "sigma": ".00020116", "label": "node", "title": "longitude of the ascending node", "value": "233.8801288700825"}, {"sigma": ".019777", "units": "deg", "name": "w", "title": "argument of perihelion", "value": "146.6307115886544", "label": "peri"}, {"name": "ma", "sigma": ".027185", "units": "deg", "label": "M", "title": "mean anomaly", "value": "52.84230849798977"}, {"name": "tp", "sigma": "2.9524", "units": "TDB", "label": "tp", "value": "2446657.217209350543", "title": "time of perihelion passage"}, {"name": "per", "units": "d", "sigma": "26.866", "label": "period", "title": "sidereal orbital period", "value": "90904.08691771183"}, {"units": "deg/d", "sigma": "1.1704E-6", "name": "n", "value": ".003960217985863265", "title": "mean motion", "label": "n"}, {"units": "au", "sigma": ".0095767", "name": "ad", "value": "48.60599724116147", "title": "aphelion distance", "label": "Q"}], "not_valid_after": null, "sb_used": "SB441-N16", "first_obs": "1998-11-18", "n_obs_used": 33, "not_valid_before": null, "n_del_obs_used": null, "model_pars": [], "data_arc": "7240", "moid_jup": "25.6397", "two_body": null, "pe_used": "DE441", "equinox": "J2000", "comment": null, "producer": "Otto Matic", "rms": ".26217", "moid": "29.5367", "orbit_id": "12", "covariance": {"epoch": "2453346.5", "elements": [{"sigma": 0.000107197699916032, "units": null, "name": "e", "value": ".2232729601465169", "title": "eccentricity", "label": "e"}, {"name": "q", "sigma": 0.00184859632084246, "units": "au", "label": "q", "title": "perihelion distance", "value": "30.5970870123832"}, {"name": "tp", "units": "TDB", "sigma": 3.0346662963456, "label": "tp", "value": "2446634.729552614120", "title": "time of perihelion passage"}, {"name": "om", "units": "deg", "sigma": 0.000200676853544102, "label": "node", "title": "longitude of the ascending node", "value": "233.9933439790283"}, {"title": "argument of perihelion", "value": "146.661979994889", "label": "peri", "sigma": 0.0201922444204485, "units": "deg", "name": "w"}, {"name": "i", "units": "deg", "sigma": 0.000156877405321906, "label": "i", "value": "13.9465446416249", "title": "inclination"}], "labels": ["e", "q", "tp", "node", "peri", "i"], "data": [["1.149134686728756E-8", "1.849796012556222E-7", ".000310427931772959", "-2.206460808719023E-9", "2.049092764819767E-6", "-8.111795599082733E-10"], ["1.849796012556222E-7", "3.417308357432294E-6", ".005595385492223945", "-4.006307770306268E-8", "3.728176113646784E-5", "-1.524867013352503E-8"], [".000310427931772959", ".005595385492223945", "9.2091995301759", "-6.574386682537547E-5", ".06125450360543974", "-2.488040925233057E-5"], ["-2.206460808719023E-9", "-4.006307770306268E-8", "-6.574386682537547E-5", "4.027119954836088E-8", "-4.762205535738216E-7", "1.126937515948872E-8"], ["2.049092764819767E-6", "3.728176113646784E-5", ".06125450360543974", "-4.762205535738216E-7", ".0004077267347351338", "-1.767386561629327E-7"], ["-8.111795599082733E-10", "-1.524867013352503E-8", "-2.488040925233057E-5", "1.126937515948872E-8", "-1.767386561629327E-7", "2.461052030053363E-8"]]}, "epoch": "2460000.5"}, "object": {"des": "69986", "orbit_id": "12", "fullname": "69986 (1998 WW24)", "pha": false, "spkid": "20069986", "prefix": null, "neo": false, "orbit_class": {"code": "TNO", "name": "TransNeptunian Object"}, "kind": "an"}}