{"signature": {"version": "1.3", "source": "NASA/JPL Small-Body Database (SBDB) API"}, "orbit": {"n_obs_used": 41, "not_valid_before": null, "data_arc": "1905", "n_del_obs_used": null, "model_pars": [], "moid_jup": "26.7392", "pe_used": "DE441", "two_body": null, "equinox": "J2000", "comment": null, "producer": "Otto Matic", "rms": ".20768", "moid": "30.6919", "orbit_id": "3", "covariance": {"epoch": "2457471.5", "elements": [{"name": "e", "sigma": 0.000114065296095471, "units": null, "label": "e", "title": "eccentricity", "value": ".1955198331352653"}, {"title": "perihelion distance", "value": "31.65811371661473", "label": "q", "sigma": 0.00252635712668093, "units": "au", "name": "q"}, {"title": "time of perihelion passage", "value": "2451688.622729558662", "label": "tp", "units": "TDB", "sigma": 5.9633924132164, "name": "tp"}, {"title": "longitude of the ascending node", "value": "178.1049728622822", "label": "node", "sigma": 0.000368865926672327, "units": "deg", "name": "om"}, {"name": "w", "sigma": 0.0386638844946375, "units": "deg", "label": "peri", "value": "176.859737535618", "title": "argument of perihelion"}, {"label": "i", "title": "inclination", "value": "32.10922066094134", "name": "i", "units": "deg", "sigma": 0.000323620701355988}], "data": [["1.301089177334751E-8", "-1.213757052534543E-7", "-.0003496758847544478", "5.620180292957137E-9", "-2.332744849263204E-6", "6.687854710168521E-9"], ["-1.213757052534543E-7", "6.382480331531538E-6", ".01495719047629735", "-1.666840736582771E-7", "9.681394509627215E-5", "-1.206306435957639E-7"], ["-.0003496758847544478", ".01495719047629735", "35.56204907400692", "-.0004060201996655805", ".2305211690943883", "-.0003109794771975432"], ["5.620180292957137E-9", "-1.666840736582771E-7", "-.0004060201996655805", "1.360620718598345E-7", "-2.754679625044272E-6", "1.180344465797389E-7"], ["-2.332744849263204E-6", "9.681394509627215E-5", ".2305211690943883", "-2.754679625044272E-6", ".001494895964214671", "-2.136685348211552E-6"], ["6.687854710168521E-9", "-1.206306435957639E-7", "-.0003109794771975432", "1.180344465797389E-7", "-2.136685348211552E-6", "1.047303583461415E-7"]], "labels": ["e", "q", "tp", "node", "peri", "i"]}, "epoch": "2460000.5", "t_jup": "4.724", "source": "JPL", "last_obs": "2018-11-30", "soln_date": "2021-09-08 23:30:41", "n_dop_obs_used": null, "elements": [{"value": ".203687954264255", "title": "eccentricity", "label": "e", "sigma": ".00011328", "units": null, "name": "e"}, {"label": "a", "value": "39.80532440447648", "title": "semi-major axis", "name": "a", "units": "au", "sigma": ".0052558"}, {"name": "q", "sigma": ".0024494", "units": "au", "label": "q", "title": "perihelion distance", "value": "31.69745930770364"}, {"label": "i", "title": "inclination; angle with respect to x-y ecliptic plane", "value": "31.9931150406331", "name": "i", "units": "deg", "sigma": ".00032184"}, {"label": "node", "value": "177.9317909273861", "title": "longitude of the ascending node", "name": "om", "units": "deg", "sigma": ".0003693"}, {"name": "w", "sigma": ".03759", "units": "deg", "label": "peri", "title": "argument of perihelion", "value": "178.1621448579926"}, {"value": "31.78120101111774", "title": "mean anomaly", "label": "M", "sigma": ".023814", "units": "deg", "name": "ma"}, {"sigma": "5.805", "units": "TDB", "name": "tp", "value": "2451902.496077867757", "title": "time of perihelion passage", "label": "tp"}, {"value": "91729.7433456898", "title": "sidereal orbital period", "label": "period", "sigma": "18.168", "units": "d", "name": "per"}, {"sigma": "7.7729E-7", "units": "deg/d", "name": "n", "title": "mean motion", "value": ".003924572192939813", "label": "n"}, {"label": "Q", "value": "47.91318950124932", "title": "aphelion distance", "name": "ad", "sigma": ".0063263", "units": "au"}], "condition_code": "3", "first_obs": "2013-09-12", "not_valid_after": null, "sb_used": "SB441-N16"}, "object": {"neo": false, "prefix": null, "kind": "au", "orbit_class": {"code": "TNO", "name": "TransNeptunian Object"}, "des": "2013 UF31", "pha": false, "orbit_id": "3", "fullname": "(2013 UF31)", "spkid": "3989577"}}