{"signature": {"version": "1.3", "source": "NASA/JPL Small-Body Database (SBDB) API"}, "orbit": {"pe_used": "DE441", "n_dop_obs_used": null, "data_arc": "7291", "model_pars": [], "sb_used": "SB441-N16", "rms": ".29301", "comment": null, "producer": "Otto Matic", "moid_jup": "22.5945", "n_del_obs_used": null, "elements": [{"value": ".2987761641475751", "sigma": "3.8834E-5", "name": "e", "label": "e", "title": "eccentricity", "units": null}, {"name": "a", "sigma": ".0028884", "value": "39.25570108425536", "units": "au", "label": "a", "title": "semi-major axis"}, {"units": "au", "title": "perihelion distance", "label": "q", "sigma": ".00068858", "name": "q", "value": "27.52703329337774"}, {"label": "i", "title": "inclination; angle with respect to x-y ecliptic plane", "units": "deg", "value": "22.18999670831648", "name": "i", "sigma": "3.528E-5"}, {"units": "deg", "label": "node", "title": "longitude of the ascending node", "name": "om", "sigma": ".00024391", "value": "144.4976277999432"}, {"label": "peri", "title": "argument of perihelion", "units": "deg", "value": "117.9814330270199", "name": "w", "sigma": ".0059668"}, {"value": "336.6872292069597", "sigma": ".0053767", "name": "ma", "title": "mean anomaly", "label": "M", "units": "deg"}, {"title": "time of perihelion passage", "label": "tp", "units": "TDB", "value": "2465818.100933875867", "sigma": ".71494", "name": "tp"}, {"units": "d", "title": "sidereal orbital period", "label": "period", "sigma": "9.9153", "name": "per", "value": "89836.44006917234"}, {"sigma": "4.4228E-7", "name": "n", "value": ".004007282565101721", "units": "deg/d", "title": "mean motion", "label": "n"}, {"value": "50.98436887513297", "sigma": ".0037514", "name": "ad", "label": "Q", "title": "aphelion distance", "units": "au"}], "two_body": null, "equinox": "J2000", "soln_date": "2023-03-24 01:10:12", "not_valid_before": null, "moid": "26.5709", "epoch": "2460000.5", "first_obs": "2003-03-31", "not_valid_after": null, "last_obs": "2023-03-17", "n_obs_used": 32, "orbit_id": "11", "t_jup": "4.987", "condition_code": "3", "source": "JPL", "covariance": {"data": [["1.529319712110336E-9", "1.66522963262583E-8", "-2.302732260856332E-5", "-1.277406201347034E-9", "-1.755156479978979E-7", "2.058366257334332E-12"], ["1.66522963262583E-8", "4.670390653406892E-7", "-.0004515145822615143", "-1.005380135421307E-8", "-3.906480525348571E-6", "2.354337760543751E-9"], ["-2.302732260856332E-5", "-.0004515145822615143", ".4889211876764299", "1.647329273478638E-5", ".004052328952687167", "-1.665609201438515E-6"], ["-1.277406201347034E-9", "-1.005380135421307E-8", "1.647329273478638E-5", "5.925199196575047E-8", "6.550999576167846E-8", "7.619575508567785E-9"], ["-1.755156479978979E-7", "-3.906480525348571E-6", ".004052328952687167", "6.550999576167846E-8", "3.417772294177258E-5", "-2.352204074236352E-8"], ["2.058366257334332E-12", "2.354337760543751E-9", "-1.665609201438515E-6", "7.619575508567785E-9", "-2.352204074236352E-8", "1.244291395428708E-9"]], "epoch": "2459275.5", "labels": ["e", "q", "tp", "node", "peri", "i"], "elements": [{"sigma": 3.91065175144801e-05, "name": "e", "value": ".3035374561099036", "units": null, "label": "e", "title": "eccentricity"}, {"sigma": 0.000683402564628411, "name": "q", "value": "27.53478640434482", "units": "au", "label": "q", "title": "perihelion distance"}, {"title": "time of perihelion passage", "label": "tp", "units": "TDB", "value": "2465757.145755223987", "sigma": 0.699228995162836, "name": "tp"}, {"sigma": 0.000243417320595208, "name": "om", "value": "144.5324947586267", "units": "deg", "label": "node", "title": "longitude of the ascending node"}, {"value": "117.5713887446285", "sigma": 0.005846171648333, "name": "w", "label": "peri", "title": "argument of perihelion", "units": "deg"}, {"value": "22.19380745777584", "sigma": 3.52745148149299e-05, "name": "i", "title": "inclination", "label": "i", "units": "deg"}]}}, "object": {"neo": false, "orbit_class": {"code": "TNO", "name": "TransNeptunian Object"}, "pha": false, "spkid": "3587898", "orbit_id": "11", "fullname": "(2009 JE19)", "prefix": null, "kind": "au", "des": "2009 JE19"}}