{"object": {"fullname": "(2011 UW410)", "orbit_id": "7", "pha": false, "des": "2011 UW410", "spkid": "3696022", "neo": false, "prefix": null, "kind": "au", "orbit_class": {"code": "TNO", "name": "TransNeptunian Object"}}, "orbit": {"n_obs_used": 33, "not_valid_before": null, "n_del_obs_used": null, "data_arc": "3339", "model_pars": [], "moid_jup": "26.1155", "equinox": "J2000", "two_body": null, "pe_used": "DE441", "comment": null, "rms": ".24087", "producer": "Otto Matic", "moid": "30.1385", "orbit_id": "7", "covariance": {"epoch": "2456104.5", "elements": [{"label": "e", "value": ".2182114495919932", "title": "eccentricity", "name": "e", "sigma": 0.000135357610781528, "units": null}, {"units": "au", "sigma": 0.00420093120256, "name": "q", "title": "perihelion distance", "value": "31.12176513500511", "label": "q"}, {"name": "tp", "sigma": 4.14654725752528, "units": "TDB", "label": "tp", "value": "2439697.337725634447", "title": "time of perihelion passage"}, {"name": "om", "units": "deg", "sigma": 0.00109785794555779, "label": "node", "title": "longitude of the ascending node", "value": "17.89265871103993"}, {"label": "peri", "title": "argument of perihelion", "value": "286.8931593647872", "name": "w", "sigma": 0.0222882488366589, "units": "deg"}, {"label": "i", "value": "10.73638939711759", "title": "inclination", "name": "i", "sigma": 0.000708855459730013, "units": "deg"}], "data": [["1.832168279648361E-8", "-3.542685688707105E-7", ".0004621158758306161", "1.092175008352551E-9", "1.01697873484708E-6", "6.497561429795306E-10"], ["-3.542685688707105E-7", "1.764782296864224E-5", "-.001315048996814191", "2.402505214499104E-8", "4.896850126447167E-5", "3.444899543986649E-8"], [".0004621158758306161", "-.001315048996814191", "17.19385415889039", "5.801574642973464E-5", ".07477002528136119", "4.813259857207267E-5"], ["1.092175008352551E-9", "2.402505214499104E-8", "5.801574642973464E-5", "1.205292068624377E-6", "-8.422917937402561E-7", "7.722263967113958E-7"], ["1.01697873484708E-6", "4.896850126447167E-5", ".07477002528136119", "-8.422917937402561E-7", ".0004967660362048266", "-4.296860964722172E-7"], ["6.497561429795306E-10", "3.444899543986649E-8", "4.813259857207267E-5", "7.722263967113958E-7", "-4.296860964722172E-7", "5.024760627890487E-7"]], "labels": ["e", "q", "tp", "node", "peri", "i"]}, "epoch": "2460000.5", "t_jup": "5.439", "source": "JPL", "last_obs": "2020-10-20", "soln_date": "2021-04-15 05:41:06", "condition_code": "3", "n_dop_obs_used": null, "elements": [{"name": "e", "units": null, "sigma": ".0001357", "label": "e", "title": "eccentricity", "value": ".219317667692833"}, {"units": "au", "sigma": ".0055351", "name": "a", "value": "39.88552505962248", "title": "semi-major axis", "label": "a"}, {"name": "q", "sigma": ".0041881", "units": "au", "label": "q", "value": "31.13792472884203", "title": "perihelion distance"}, {"sigma": ".00070808", "units": "deg", "name": "i", "value": "10.7200745889036", "title": "inclination; angle with respect to x-y ecliptic plane", "label": "i"}, {"label": "node", "title": "longitude of the ascending node", "value": "17.80866358743546", "name": "om", "units": "deg", "sigma": ".0011003"}, {"name": "w", "units": "deg", "sigma": ".022131", "label": "peri", "value": "287.3419425991972", "title": "argument of perihelion"}, {"label": "M", "value": "79.1177036734281", "title": "mean anomaly", "name": "ma", "sigma": ".032207", "units": "deg"}, {"label": "tp", "title": "time of perihelion passage", "value": "2439779.968348659731", "name": "tp", "sigma": "4.1037", "units": "TDB"}, {"sigma": "19.152", "units": "d", "name": "per", "title": "sidereal orbital period", "value": "92007.11163874819", "label": "period"}, {"sigma": "8.1449E-7", "units": "deg/d", "name": "n", "value": ".003912741021731937", "title": "mean motion", "label": "n"}, {"value": "48.63312539040292", "title": "aphelion distance", "label": "Q", "units": "au", "sigma": ".0067491", "name": "ad"}], "first_obs": "2011-08-30", "not_valid_after": null, "sb_used": "SB441-N16"}, "signature": {"version": "1.3", "source": "NASA/JPL Small-Body Database (SBDB) API"}}