{"signature": {"version": "1.3", "source": "NASA/JPL Small-Body Database (SBDB) API"}, "orbit": {"last_obs": "2015-12-07", "not_valid_after": null, "first_obs": "2013-08-02", "sb_used": "SB441-N16", "soln_date": "2021-04-15 08:53:30", "elements": [{"name": "e", "sigma": ".00041295", "units": null, "label": "e", "value": ".1299418689130831", "title": "eccentricity"}, {"label": "a", "title": "semi-major axis", "value": "39.78142873794871", "name": "a", "sigma": ".0064307", "units": "au"}, {"label": "q", "value": "34.61215553970702", "title": "perihelion distance", "name": "q", "sigma": ".013323", "units": "au"}, {"name": "i", "units": "deg", "sigma": ".0018638", "label": "i", "value": "3.012145645390342", "title": "inclination; angle with respect to x-y ecliptic plane"}, {"label": "node", "title": "longitude of the ascending node", "value": "29.89389752624244", "name": "om", "sigma": ".0084207", "units": "deg"}, {"sigma": ".80798", "units": "deg", "name": "w", "value": "179.9403510056261", "title": "argument of perihelion", "label": "peri"}, {"units": "deg", "sigma": "1.0477", "name": "ma", "value": "175.7940239529688", "title": "mean anomaly", "label": "M"}, {"label": "tp", "title": "time of perihelion passage", "value": "2415247.660241687779", "name": "tp", "units": "TDB", "sigma": "258."}, {"name": "per", "units": "d", "sigma": "22.222", "label": "period", "value": "91647.15586294718", "title": "sidereal orbital period"}, {"sigma": "9.5247E-7", "units": "deg/d", "name": "n", "title": "mean motion", "value": ".003928108806108052", "label": "n"}, {"value": "44.9507019361904", "title": "aphelion distance", "label": "Q", "units": "au", "sigma": ".0072663", "name": "ad"}], "n_dop_obs_used": null, "condition_code": "5", "t_jup": "5.606", "source": "JPL", "moid": "33.6075", "orbit_id": "2", "rms": ".23313", "producer": "Otto Matic", "epoch": "2460000.5", "covariance": {"elements": [{"name": "e", "sigma": 0.000368360994896951, "units": null, "label": "e", "value": ".136786416641037", "title": "eccentricity"}, {"title": "perihelion distance", "value": "34.10575578865194", "label": "q", "units": "au", "sigma": 0.0119816050122522, "name": "q"}, {"label": "tp", "value": "2415250.479532194346", "title": "time of perihelion passage", "name": "tp", "sigma": 245.938592625967, "units": "TDB"}, {"label": "node", "title": "longitude of the ascending node", "value": "29.86933477654421", "name": "om", "sigma": 0.00837441133229611, "units": "deg"}, {"units": "deg", "sigma": 0.767973321078759, "name": "w", "value": "178.5477373354441", "title": "argument of perihelion", "label": "peri"}, {"name": "i", "units": "deg", "sigma": 0.00187214374153223, "label": "i", "value": "3.026463566095987", "title": "inclination"}], "epoch": "2456731.5", "data": [["1.356898225614716E-7", "-4.151909720612573E-6", ".0886542948257093", "3.002020674274945E-8", ".0002752172112405461", "-7.449195097760204E-9"], ["-4.151909720612573E-6", ".0001435588586696282", "-2.510447562241534", "-1.190148011048429E-6", "-.007709275713760772", "2.931355748072264E-7"], [".0886542948257093", "-2.510447562241534", "60485.79134284111", ".01685331270407872", "188.7972121678132", "-.004205332191178262"], ["3.002020674274945E-8", "-1.190148011048429E-6", ".01685331270407872", "7.013076516248958E-5", "-1.910951423512677E-5", "-1.56560542443519E-5"], [".0002752172112405461", "-.007709275713760772", "188.7972121678132", "-1.910951423512677E-5", ".5897830218887391", "2.91433832206043E-6"], ["-7.449195097760204E-9", "2.931355748072264E-7", "-.004205332191178262", "-1.56560542443519E-5", "2.91433832206043E-6", "3.504922188958302E-6"]], "labels": ["e", "q", "tp", "node", "peri", "i"]}, "n_del_obs_used": null, "data_arc": "857", "model_pars": [], "n_obs_used": 37, "not_valid_before": null, "comment": null, "moid_jup": "29.1583", "two_body": null, "equinox": "J2000", "pe_used": "DE441"}, "object": {"kind": "au", "orbit_class": {"code": "TNO", "name": "TransNeptunian Object"}, "neo": false, "prefix": null, "spkid": "3787151", "orbit_id": "2", "pha": false, "fullname": "(2013 UX17)", "des": "2013 UX17"}}