{"object": {"prefix": null, "neo": false, "orbit_class": {"name": "TransNeptunian Object", "code": "TNO"}, "kind": "au", "des": "2015 RY278", "pha": false, "orbit_id": "2", "fullname": "(2015 RY278)", "spkid": "3831117"}, "orbit": {"data_arc": "914", "model_pars": [], "n_del_obs_used": null, "n_obs_used": 39, "not_valid_before": null, "comment": null, "moid_jup": "31.7026", "equinox": "J2000", "two_body": null, "pe_used": "DE441", "moid": "35.6537", "orbit_id": "2", "rms": ".10504", "producer": "Otto Matic", "epoch": "2460000.5", "covariance": {"epoch": "2457573.5", "elements": [{"units": null, "sigma": 0.000251689160635423, "name": "e", "title": "eccentricity", "value": ".05304716031673848", "label": "e"}, {"sigma": 0.00815376388103555, "units": "au", "name": "q", "title": "perihelion distance", "value": "36.6350003048126", "label": "q"}, {"sigma": 246.078730171008, "units": "TDB", "name": "tp", "title": "time of perihelion passage", "value": "2460406.290414435126", "label": "tp"}, {"value": "332.9249325436642", "title": "longitude of the ascending node", "label": "node", "sigma": 0.0314090640414832, "units": "deg", "name": "om"}, {"sigma": 1.12600066243086, "units": "deg", "name": "w", "title": "argument of perihelion", "value": "50.14428135971743", "label": "peri"}, {"name": "i", "sigma": 0.000792797436246917, "units": "deg", "label": "i", "value": "1.099132045441489", "title": "inclination"}], "data": [["6.334743358136378E-8", "-1.908126038352532E-6", ".05954478888075179", "-5.67628273317067E-8", ".0002723422889876494", "-1.44166424814514E-9"], ["-1.908126038352532E-6", "6.648386542767994E-5", "-1.993662436053542", "2.684337472067566E-6", "-.009119391568203758", "6.960310514793715E-8"], [".05954478888075179", "-1.993662436053542", "60554.74144257571", "-.07386995837210175", "276.9770252931195", "-.001905570683524215"], ["-5.67628273317067E-8", "2.684337472067566E-6", "-.07386995837210175", ".000986529303961992", "-.001324178309763965", "2.487510009169949E-5"], [".0002723422889876494", "-.009119391568203758", "276.9770252931195", "-.001324178309763965", "1.267877491794742", "-3.358535214236319E-5"], ["-1.44166424814514E-9", "6.960310514793715E-8", "-.001905570683524215", "2.487510009169949E-5", "-3.358535214236319E-5", "6.285277749196846E-7"]], "labels": ["e", "q", "tp", "node", "peri", "i"]}, "t_jup": "5.609", "source": "JPL", "last_obs": "2017-12-23", "sb_used": "SB441-N16", "not_valid_after": null, "first_obs": "2015-06-23", "soln_date": "2021-04-15 14:37:01", "condition_code": "5", "n_dop_obs_used": null, "elements": [{"units": null, "sigma": ".00022537", "name": "e", "title": "eccentricity", "value": ".06474940721787528", "label": "e"}, {"label": "a", "value": "39.18957997361947", "title": "semi-major axis", "name": "a", "sigma": ".0040193", "units": "au"}, {"label": "q", "value": "36.65207790121009", "title": "perihelion distance", "name": "q", "sigma": ".0071629", "units": "au"}, {"label": "i", "value": "1.094696445205894", "title": "inclination; angle with respect to x-y ecliptic plane", "name": "i", "sigma": ".00078714", "units": "deg"}, {"units": "deg", "sigma": ".031461", "name": "om", "value": "332.7603488932671", "title": "longitude of the ascending node", "label": "node"}, {"title": "argument of perihelion", "value": "48.75767509875949", "label": "peri", "units": "deg", "sigma": ".9337", "name": "w"}, {"value": "359.7577141156714", "title": "mean anomaly", "label": "M", "sigma": ".81576", "units": "deg", "name": "ma"}, {"sigma": "203.06", "units": "TDB", "name": "tp", "title": "time of perihelion passage", "value": "2460060.808697918990", "label": "tp"}, {"units": "d", "sigma": "13.786", "name": "per", "value": "89609.55901744448", "title": "sidereal orbital period", "label": "period"}, {"name": "n", "sigma": "6.1805E-7", "units": "deg/d", "label": "n", "value": ".004017428541634917", "title": "mean motion"}, {"sigma": ".0042796", "units": "au", "name": "ad", "value": "41.72708204602885", "title": "aphelion distance", "label": "Q"}]}, "signature": {"version": "1.3", "source": "NASA/JPL Small-Body Database (SBDB) API"}}