{"object": {"orbit_class": {"name": "TransNeptunian Object", "code": "TNO"}, "neo": false, "pha": false, "spkid": "20084922", "fullname": "84922 (2003 VS2)", "orbit_id": "35", "kind": "an", "des": "84922", "prefix": null}, "orbit": {"n_dop_obs_used": null, "pe_used": "DE441", "data_arc": "11398", "comment": null, "model_pars": [], "rms": ".42593", "sb_used": "SB441-N16", "epoch": "2460000.5", "moid": "35.4349", "not_valid_before": null, "soln_date": "2023-02-10 14:21:26", "first_obs": "1991-09-17", "not_valid_after": null, "n_del_obs_used": null, "moid_jup": "31.5473", "elements": [{"name": "e", "sigma": "1.7159E-5", "value": ".08004780434694127", "units": null, "title": "eccentricity", "label": "e"}, {"units": "au", "label": "a", "title": "semi-major axis", "name": "a", "sigma": ".0009545", "value": "39.56246599666676"}, {"title": "perihelion distance", "label": "q", "units": "au", "value": "36.39557745908306", "sigma": ".00020485", "name": "q"}, {"units": "deg", "label": "i", "title": "inclination; angle with respect to x-y ecliptic plane", "name": "i", "sigma": "3.2196E-5", "value": "14.80248668209633"}, {"value": "302.6721759493609", "sigma": ".00016527", "name": "om", "title": "longitude of the ascending node", "label": "node", "units": "deg"}, {"units": "deg", "title": "argument of perihelion", "label": "peri", "sigma": ".0043899", "name": "w", "value": "111.9330753088313"}, {"title": "mean anomaly", "label": "M", "units": "deg", "value": "27.80088980002802", "sigma": ".0042904", "name": "ma"}, {"name": "tp", "sigma": ".93793", "value": "2452981.428708551316", "units": "TDB", "title": "time of perihelion passage", "label": "tp"}, {"label": "period", "title": "sidereal orbital period", "units": "d", "value": "90891.53919523033", "name": "per", "sigma": "3.2893"}, {"title": "mean motion", "label": "n", "units": "deg/d", "value": ".003960764700295575", "sigma": "1.4334E-7", "name": "n"}, {"sigma": ".0010309", "name": "ad", "value": "42.72935453425045", "units": "au", "label": "Q", "title": "aphelion distance"}], "producer": "Otto Matic", "equinox": "J2000", "two_body": null, "t_jup": "5.446", "covariance": {"elements": [{"units": null, "label": "e", "title": "eccentricity", "name": "e", "sigma": 1.72423973871687e-05, "value": ".08176597383566944"}, {"sigma": 0.000201305161110011, "name": "q", "value": "36.44056671541573", "units": "au", "title": "perihelion distance", "label": "q"}, {"units": "TDB", "label": "tp", "title": "time of perihelion passage", "sigma": 0.892032446535774, "name": "tp", "value": "2453340.053750984428"}, {"label": "node", "title": "longitude of the ascending node", "units": "deg", "value": "302.7898821357276", "name": "om", "sigma": 0.000165651469038369}, {"units": "deg", "label": "peri", "title": "argument of perihelion", "name": "w", "sigma": 0.00416875215771084, "value": "113.5370152056198"}, {"value": "14.77607071807378", "name": "i", "sigma": 3.21330493270159e-05, "title": "inclination", "label": "i", "units": "deg"}], "labels": ["e", "q", "tp", "node", "peri", "i"], "epoch": "2456228.5", "data": [["2.973002676570422E-10", "3.372666882606096E-9", "5.724653374613129E-6", "-1.423209693686071E-10", "2.676996696799204E-8", "4.894131079676572E-11"], ["3.372666882606096E-9", "4.052376788952765E-8", "9.962215921437799E-5", "-1.772482352800487E-9", "4.658983872490487E-7", "5.902577375647484E-10"], ["5.724653374613129E-6", "9.962215921437799E-5", ".7957218856725981", "-5.427978453088293E-6", ".003715901862624266", "1.487361396052735E-6"], ["-1.423209693686071E-10", "-1.772482352800487E-9", "-5.427978453088293E-6", "2.744040919456973E-8", "-5.183145449513995E-8", "-5.195008454087268E-9"], ["2.676996696799204E-8", "4.658983872490487E-7", ".003715901862624266", "-5.183145449513995E-8", "1.737849455241875E-5", "1.19537834556582E-8"], ["4.894131079676572E-11", "5.902577375647484E-10", "1.487361396052735E-6", "-5.195008454087268E-9", "1.19537834556582E-8", "1.032532859052436E-9"]]}, "source": "JPL", "condition_code": "2", "n_obs_used": 327, "last_obs": "2022-12-01", "orbit_id": "35"}, "signature": {"version": "1.3", "source": "NASA/JPL Small-Body Database (SBDB) API"}}