{"signature": {"version": "1.3", "source": "NASA/JPL Small-Body Database (SBDB) API"}, "orbit": {"comment": null, "sb_used": "SB441-N16", "rms": ".26664", "model_pars": [], "data_arc": "1442", "n_dop_obs_used": null, "pe_used": "DE441", "covariance": {"data": [["6.220427757255322E-7", "-2.386149540078744E-5", ".0602059789942871", "3.573811554506859E-8", ".0001441776921189094", "1.311868837054922E-8"], ["-2.386149540078744E-5", ".0009613681926888941", "-2.226107751103606", "-1.860734892049597E-6", "-.005074025344472178", "-7.393259805417809E-7"], [".0602059789942871", "-2.226107751103606", "5980.375469931889", ".002595631864301779", "14.78843727128022", ".0008533351043863035"], ["3.573811554506859E-8", "-1.860734892049597E-6", ".002595631864301779", "3.526076791538537E-6", "9.374966578124623E-8", "2.171257197332732E-6"], [".0001441776921189094", "-.005074025344472178", "14.78843727128022", "9.374966578124623E-8", ".03797104863334946", "-1.364540182508926E-6"], ["1.311868837054922E-8", "-7.393259805417809E-7", ".0008533351043863035", "2.171257197332732E-6", "-1.364540182508926E-6", "1.346076844254808E-6"]], "epoch": "2457258.5", "labels": ["e", "q", "tp", "node", "peri", "i"], "elements": [{"value": ".14547396918083", "sigma": 0.000788696884566899, "name": "e", "title": "eccentricity", "label": "e", "units": null}, {"value": "35.28271021768892", "name": "q", "sigma": 0.0310059380230448, "label": "q", "title": "perihelion distance", "units": "au"}, {"sigma": 77.3328873761473, "name": "tp", "value": "2426664.284969208740", "units": "TDB", "label": "tp", "title": "time of perihelion passage"}, {"name": "om", "sigma": 0.00187778507597077, "value": "181.0134125807371", "units": "deg", "label": "node", "title": "longitude of the ascending node"}, {"name": "w", "sigma": 0.194861614058155, "value": "74.19335064518008", "units": "deg", "title": "argument of perihelion", "label": "peri"}, {"title": "inclination", "label": "i", "units": "deg", "value": "14.44401372928709", "name": "i", "sigma": 0.00116020551811083}]}, "source": "JPL", "condition_code": "5", "t_jup": "5.555", "orbit_id": "1", "n_obs_used": 15, "last_obs": "2017-08-22", "first_obs": "2013-09-10", "not_valid_after": null, "epoch": "2460000.5", "not_valid_before": null, "moid": "34.8285", "soln_date": "2021-09-13 10:42:08", "equinox": "J2000", "two_body": null, "elements": [{"name": "e", "sigma": ".00082164", "value": ".1412508549143557", "units": null, "title": "eccentricity", "label": "e"}, {"value": "41.70328075307211", "sigma": ".0086385", "name": "a", "label": "a", "title": "semi-major axis", "units": "au"}, {"name": "q", "sigma": ".032432", "value": "35.81265669396728", "units": "au", "label": "q", "title": "perihelion distance"}, {"sigma": ".0011527", "name": "i", "value": "14.36720758633018", "units": "deg", "title": "inclination; angle with respect to x-y ecliptic plane", "label": "i"}, {"value": "180.8545901074379", "sigma": ".0018864", "name": "om", "label": "node", "title": "longitude of the ascending node", "units": "deg"}, {"value": "78.08014056228784", "sigma": ".18205", "name": "w", "title": "argument of perihelion", "label": "peri", "units": "deg"}, {"units": "deg", "title": "mean anomaly", "label": "M", "sigma": ".29306", "name": "ma", "value": "119.7802242010822"}, {"title": "time of perihelion passage", "label": "tp", "units": "TDB", "value": "2427271.225355148123", "name": "tp", "sigma": "74.522"}, {"name": "per", "sigma": "30.564", "value": "98367.98144881269", "units": "d", "title": "sidereal orbital period", "label": "period"}, {"title": "mean motion", "label": "n", "units": "deg/d", "value": ".003659727430590121", "name": "n", "sigma": "1.1371E-6"}, {"label": "Q", "title": "aphelion distance", "units": "au", "value": "47.59390481217694", "sigma": ".0098587", "name": "ad"}], "n_del_obs_used": null, "moid_jup": "30.6585", "producer": "Otto Matic"}, "object": {"orbit_class": {"name": "TransNeptunian Object", "code": "TNO"}, "neo": false, "spkid": "54196386", "pha": false, "fullname": "(2013 RG157)", "orbit_id": "1", "des": "2013 RG157", "kind": "au", "prefix": null}}