{"signature": {"version": "1.3", "source": "NASA/JPL Small-Body Database (SBDB) API"}, "object": {"pha": false, "spkid": "3989587", "neo": false, "orbit_class": {"name": "TransNeptunian Object", "code": "TNO"}, "prefix": null, "kind": "au", "des": "2013 VR46", "orbit_id": "3", "fullname": "(2013 VR46)"}, "orbit": {"covariance": {"data": [["1.389270123042337E-7", "-3.766109083723389E-6", ".0006522882612398818", "9.659390145958959E-8", "-8.220458556077654E-6", "-1.459320465007689E-8"], ["-3.766109083723389E-6", ".000126567581168969", ".01721160407320812", "-1.964569307844429E-6", ".0004495458652605926", "3.25707636191629E-7"], [".0006522882612398818", ".01721160407320812", "53.04390600759147", ".001374555632497457", ".2856450953217777", "-.0001668671196415452"], ["9.659390145958959E-8", "-1.964569307844429E-6", ".001374555632497457", "4.883733492721623E-6", "-4.368241038885714E-6", "-7.784923039321533E-7"], ["-8.220458556077654E-6", ".0004495458652605926", ".2856450953217777", "-4.368241038885714E-6", ".002595367094285096", "9.66123862449411E-7"], ["-1.459320465007689E-8", "3.25707636191629E-7", "-.0001668671196415452", "-7.784923039321533E-7", "9.66123862449411E-7", "1.250175351362224E-7"]], "epoch": "2457308.5", "labels": ["e", "q", "tp", "node", "peri", "i"], "elements": [{"value": ".1482355465201643", "name": "e", "sigma": 0.000372729140669513, "title": "eccentricity", "label": "e", "units": null}, {"units": "au", "title": "perihelion distance", "label": "q", "name": "q", "sigma": 0.0112502258274654, "value": "33.51557875015317"}, {"label": "tp", "title": "time of perihelion passage", "units": "TDB", "value": "2441616.038404574650", "sigma": 7.28312474200404, "name": "tp"}, {"units": "deg", "title": "longitude of the ascending node", "label": "node", "sigma": 0.00220991707824561, "name": "om", "value": "87.44546421342511"}, {"value": "224.9409880497485", "name": "w", "sigma": 0.0509447455022115, "title": "argument of perihelion", "label": "peri", "units": "deg"}, {"value": "13.80028939774238", "name": "i", "sigma": 0.000353578188151111, "title": "inclination", "label": "i", "units": "deg"}]}, "source": "JPL", "condition_code": "4", "t_jup": "5.438", "orbit_id": "3", "n_obs_used": 31, "last_obs": "2017-11-16", "not_valid_after": null, "first_obs": "2013-10-04", "epoch": "2460000.5", "not_valid_before": null, "moid": "32.6975", "soln_date": "2021-09-08 23:31:12", "two_body": null, "equinox": "J2000", "moid_jup": "28.6931", "n_del_obs_used": null, "elements": [{"value": ".1528183442225864", "sigma": ".00037084", "name": "e", "title": "eccentricity", "label": "e", "units": null}, {"value": "39.7740868887636", "name": "a", "sigma": ".0081354", "title": "semi-major axis", "label": "a", "units": "au"}, {"name": "q", "sigma": ".011109", "value": "33.69587678745746", "units": "au", "title": "perihelion distance", "label": "q"}, {"units": "deg", "title": "inclination; angle with respect to x-y ecliptic plane", "label": "i", "name": "i", "sigma": ".00035169", "value": "13.79274792321029"}, {"name": "om", "sigma": ".002203", "value": "87.44717191930314", "units": "deg", "label": "node", "title": "longitude of the ascending node"}, {"units": "deg", "title": "argument of perihelion", "label": "peri", "name": "w", "sigma": ".053529", "value": "228.234401516874"}, {"sigma": ".045614", "name": "ma", "value": "69.73694421966998", "units": "deg", "label": "M", "title": "mean anomaly"}, {"name": "tp", "sigma": "7.033", "value": "2442252.101691378986", "units": "TDB", "title": "time of perihelion passage", "label": "tp"}, {"value": "91621.78616512087", "name": "per", "sigma": "28.11", "label": "period", "title": "sidereal orbital period", "units": "d"}, {"sigma": "1.2055E-6", "name": "n", "value": ".003929196483369225", "units": "deg/d", "title": "mean motion", "label": "n"}, {"sigma": ".0093786", "name": "ad", "value": "45.85229699006973", "units": "au", "label": "Q", "title": "aphelion distance"}], "producer": "Otto Matic", "comment": null, "sb_used": "SB441-N16", "rms": ".16869", "model_pars": [], "data_arc": "1504", "n_dop_obs_used": null, "pe_used": "DE441"}}