{"orbit": {"model_pars": [], "sb_used": "SB441-N16", "rms": ".665", "comment": null, "n_dop_obs_used": null, "pe_used": "DE441", "data_arc": "6632", "n_obs_used": 92, "last_obs": "2023-03-18", "orbit_id": "6", "t_jup": "5.456", "covariance": {"labels": ["e", "q", "tp", "node", "peri", "i"], "elements": [{"units": null, "title": "eccentricity", "label": "e", "sigma": 2.10044352926207e-05, "name": "e", "value": ".2193327563368464"}, {"value": "30.89827193906462", "name": "q", "sigma": 0.00160549988625538, "label": "q", "title": "perihelion distance", "units": "au"}, {"value": "2413179.378957749293", "name": "tp", "sigma": 4.62201421015626, "label": "tp", "title": "time of perihelion passage", "units": "TDB"}, {"sigma": 0.00162470057498883, "name": "om", "value": "73.56279161549527", "units": "deg", "label": "node", "title": "longitude of the ascending node"}, {"label": "peri", "title": "argument of perihelion", "units": "deg", "value": "260.9972116367379", "name": "w", "sigma": 0.0116010822944741}, {"title": "inclination", "label": "i", "units": "deg", "value": "5.275454631575076", "sigma": 3.55314382923017e-05, "name": "i"}], "data": [["4.411863019618911E-10", "-3.347097928185869E-8", "4.924389792002381E-5", "-4.516372519154784E-10", "3.643869566122503E-8", "-2.302589208566051E-11"], ["-3.347097928185869E-8", "2.577629884766049E-6", "-.002992225741528405", "4.400445891954983E-8", "-6.262772453771251E-7", "1.999787916503458E-9"], ["4.924389792002381E-5", "-.002992225741528405", "21.3630153588864", ".0001476922559209876", ".04928398743091041", "2.43941935867162E-6"], ["-4.516372519154784E-10", "4.400445891954983E-8", ".0001476922559209876", "2.63965195836903E-6", "-2.09577139100598E-6", "5.684038741819875E-8"], ["3.643869566122503E-8", "-6.262772453771251E-7", ".04928398743091041", "-2.09577139100598E-6", ".0001345851104031614", "-4.403916979315417E-8"], ["-2.302589208566051E-11", "1.999787916503458E-9", "2.43941935867162E-6", "5.684038741819875E-8", "-4.403916979315417E-8", "1.262483107119647E-9"]], "epoch": "2457032.5"}, "condition_code": "3", "source": "JPL", "n_del_obs_used": null, "elements": [{"label": "e", "title": "eccentricity", "units": null, "value": ".2293987398070663", "sigma": "2.0862E-5", "name": "e"}, {"value": "39.23903182380182", "name": "a", "sigma": ".00098894", "title": "semi-major axis", "label": "a", "units": "au"}, {"units": "au", "title": "perihelion distance", "label": "q", "sigma": ".0015665", "name": "q", "value": "30.23764737217232"}, {"value": "5.275924102690635", "name": "i", "sigma": "3.5475E-5", "title": "inclination; angle with respect to x-y ecliptic plane", "label": "i", "units": "deg"}, {"value": "73.4764528903889", "name": "om", "sigma": ".0016352", "label": "node", "title": "longitude of the ascending node", "units": "deg"}, {"value": "261.3650298460323", "sigma": ".011026", "name": "w", "label": "peri", "title": "argument of perihelion", "units": "deg"}, {"name": "ma", "sigma": ".017055", "value": "184.9509409123035", "units": "deg", "title": "mean anomaly", "label": "M"}, {"units": "TDB", "title": "time of perihelion passage", "label": "tp", "name": "tp", "sigma": "4.7323", "value": "2503655.413450727952"}, {"sigma": "3.3941", "name": "per", "value": "89779.22488797123", "units": "d", "title": "sidereal orbital period", "label": "period"}, {"name": "n", "sigma": "1.5159E-7", "value": ".004009836356342094", "units": "deg/d", "title": "mean motion", "label": "n"}, {"units": "au", "label": "Q", "title": "aphelion distance", "sigma": ".0012158", "name": "ad", "value": "48.24041627543133"}], "moid_jup": "25.2454", "producer": "Otto Matic", "equinox": "J2000", "two_body": null, "epoch": "2460000.5", "not_valid_before": null, "soln_date": "2023-03-24 01:43:35", "moid": "29.2308", "not_valid_after": null, "first_obs": "2005-01-19"}, "object": {"prefix": null, "des": "2013 CD223", "kind": "au", "orbit_id": "6", "fullname": "(2013 CD223)", "spkid": "3756016", "pha": false, "neo": false, "orbit_class": {"name": "TransNeptunian Object", "code": "TNO"}}, "signature": {"version": "1.3", "source": "NASA/JPL Small-Body Database (SBDB) API"}}