{"object": {"prefix": null, "neo": false, "orbit_class": {"name": "TransNeptunian Object", "code": "TNO"}, "kind": "au", "des": "2010 VX224", "orbit_id": "8", "pha": false, "fullname": "(2010 VX224)", "spkid": "3755974"}, "orbit": {"last_obs": "2022-10-20", "condition_code": "2", "n_dop_obs_used": null, "elements": [{"title": "eccentricity", "value": ".2033294171008217", "label": "e", "sigma": "7.4727E-6", "units": null, "name": "e"}, {"label": "a", "title": "semi-major axis", "value": "39.91835129006825", "name": "a", "sigma": ".00091269", "units": "au"}, {"label": "q", "title": "perihelion distance", "value": "31.80177619063284", "name": "q", "sigma": ".00067145", "units": "au"}, {"title": "inclination; angle with respect to x-y ecliptic plane", "value": "15.54849403918964", "label": "i", "sigma": "8.3633E-6", "units": "deg", "name": "i"}, {"name": "om", "sigma": ".00023592", "units": "deg", "label": "node", "value": "152.7700593763741", "title": "longitude of the ascending node"}, {"label": "peri", "title": "argument of perihelion", "value": ".4188361275012649", "name": "w", "sigma": ".0046472", "units": "deg"}, {"label": "M", "title": "mean anomaly", "value": "297.2130173933572", "name": "ma", "sigma": ".0045471", "units": "deg"}, {"label": "tp", "title": "time of perihelion passage", "value": "2476067.116671113523", "name": "tp", "sigma": ".61752", "units": "TDB"}, {"value": "92120.71931911775", "title": "sidereal orbital period", "label": "period", "units": "d", "sigma": "3.1594", "name": "per"}, {"name": "n", "sigma": "1.3403E-7", "units": "deg/d", "label": "n", "title": "mean motion", "value": ".00390791564222284"}, {"units": "au", "sigma": ".0010983", "name": "ad", "title": "aphelion distance", "value": "48.03492638950367", "label": "Q"}], "soln_date": "2022-11-05 00:12:48", "not_valid_after": null, "first_obs": "1998-09-25", "sb_used": "SB441-N16", "source": "JPL", "t_jup": "5.356", "producer": "Otto Matic", "rms": ".59399", "orbit_id": "8", "moid": "30.8125", "covariance": {"labels": ["e", "q", "tp", "node", "peri", "i"], "data": [["5.396703610378528E-11", "-3.295916236612768E-10", "-2.272752686750754E-6", "-6.863744266150403E-11", "-9.095086713855733E-9", "6.121878657268081E-13"], ["-3.295916236612768E-10", "4.559999005747209E-7", "-.0003246197518159523", "2.59779379677711E-10", "-2.897165814725902E-6", "1.122679793881712E-9"], ["-2.272752686750754E-6", "-.0003246197518159523", ".3495492489650893", "3.012393644655824E-6", ".002590334279558904", "-8.588642623978796E-7"], ["-6.863744266150403E-11", "2.59779379677711E-10", "3.012393644655824E-6", "5.592126480519074E-8", "-4.117378621489447E-8", "1.675407658427643E-9"], ["-9.095086713855733E-9", "-2.897165814725902E-6", ".002590334279558904", "-4.117378621489447E-8", "2.081158066107559E-5", "-9.017646263427114E-9"], ["6.121878657268081E-13", "1.122679793881712E-9", "-8.588642623978796E-7", "1.675407658427643E-9", "-9.017646263427114E-9", "7.372705990517091E-11"]], "elements": [{"label": "e", "value": ".2070292340751078", "title": "eccentricity", "name": "e", "units": null, "sigma": 7.34622597690714e-06}, {"name": "q", "units": "au", "sigma": 0.000675277647027296, "label": "q", "value": "31.5338234051217", "title": "perihelion distance"}, {"title": "time of perihelion passage", "value": "2476203.538991572084", "label": "tp", "units": "TDB", "sigma": 0.591226901422025, "name": "tp"}, {"name": "om", "sigma": 0.000236476774346215, "units": "deg", "label": "node", "title": "longitude of the ascending node", "value": "153.0492418052028"}, {"name": "w", "sigma": 0.00456197113768551, "units": "deg", "label": "peri", "value": "1.587629660768048", "title": "argument of perihelion"}, {"sigma": 8.586446290822e-06, "units": "deg", "name": "i", "value": "15.55164436394847", "title": "inclination", "label": "i"}], "epoch": "2457317.5"}, "epoch": "2460000.5", "not_valid_before": null, "n_obs_used": 200, "n_del_obs_used": null, "data_arc": "8791", "model_pars": [], "two_body": null, "pe_used": "DE441", "equinox": "J2000", "moid_jup": "26.4004", "comment": null}, "signature": {"version": "1.3", "source": "NASA/JPL Small-Body Database (SBDB) API"}}