{"signature": {"version": "1.3", "source": "NASA/JPL Small-Body Database (SBDB) API"}, "orbit": {"sb_used": "SB441-N16", "rms": ".16438", "model_pars": [], "comment": null, "data_arc": "3389", "n_dop_obs_used": null, "pe_used": "DE441", "orbit_id": "7", "n_obs_used": 32, "last_obs": "2020-12-09", "covariance": {"data": [["2.553745581688009E-8", "-6.315232839985421E-7", "-.0008123721810595892", "-4.381531259377375E-9", "-1.577794446958038E-6", "-3.918862846587642E-9"], ["-6.315232839985421E-7", "2.687571896493097E-5", ".01610474173062142", "2.326274477068713E-7", "-1.86516229159368E-5", "2.557722024699395E-7"], ["-.0008123721810595892", ".01610474173062142", "27.35010172847946", "9.787185083191874E-5", ".07093915444225306", "7.150993084354995E-5"], ["-4.381531259377375E-9", "2.326274477068713E-7", "9.787185083191874E-5", "4.537944911698831E-7", "-7.921076727505528E-7", "4.307239913476941E-7"], ["-1.577794446958038E-6", "-1.86516229159368E-5", ".07093915444225306", "-7.921076727505528E-7", ".0003944669962672754", "-9.732675484278618E-7"], ["-3.918862846587642E-9", "2.557722024699395E-7", "7.150993084354995E-5", "4.307239913476941E-7", "-9.732675484278618E-7", "4.180497087044077E-7"]], "epoch": "2456153.5", "labels": ["e", "q", "tp", "node", "peri", "i"], "elements": [{"title": "eccentricity", "label": "e", "units": null, "value": ".2879384660056438", "name": "e", "sigma": 0.000159804429903805}, {"units": "au", "label": "q", "title": "perihelion distance", "name": "q", "sigma": 0.00518417968100364, "value": "28.07445394251184"}, {"sigma": 5.22973247197975, "name": "tp", "value": "2476956.822698860386", "units": "TDB", "label": "tp", "title": "time of perihelion passage"}, {"units": "deg", "label": "node", "title": "longitude of the ascending node", "name": "om", "sigma": 0.000673642702899603, "value": "19.05700818018851"}, {"value": "130.8480470671295", "name": "w", "sigma": 0.0198611932236529, "label": "peri", "title": "argument of perihelion", "units": "deg"}, {"units": "deg", "title": "inclination", "label": "i", "sigma": 0.000646567636604561, "name": "i", "value": "15.67452364650959"}]}, "source": "JPL", "condition_code": "4", "t_jup": "5.210", "two_body": null, "equinox": "J2000", "n_del_obs_used": null, "moid_jup": "22.8368", "elements": [{"title": "eccentricity", "label": "e", "units": null, "value": ".2865493063542008", "name": "e", "sigma": ".00015999"}, {"value": "39.42154280993515", "name": "a", "sigma": ".0057329", "title": "semi-major axis", "label": "a", "units": "au"}, {"units": "au", "label": "q", "title": "perihelion distance", "name": "q", "sigma": ".005206", "value": "28.1253270623358"}, {"value": "15.65481627779274", "name": "i", "sigma": ".00064608", "label": "i", "title": "inclination; angle with respect to x-y ecliptic plane", "units": "deg"}, {"title": "longitude of the ascending node", "label": "node", "units": "deg", "value": "18.9828853478944", "name": "om", "sigma": ".00067505"}, {"value": "130.8268925682932", "name": "w", "sigma": ".019924", "title": "argument of perihelion", "label": "peri", "units": "deg"}, {"value": "292.3793820330711", "name": "ma", "sigma": ".033338", "title": "mean anomaly", "label": "M", "units": "deg"}, {"units": "TDB", "title": "time of perihelion passage", "label": "tp", "sigma": "5.2457", "name": "tp", "value": "2476981.978000822237"}, {"label": "period", "title": "sidereal orbital period", "units": "d", "value": "90406.33262603197", "sigma": "19.721", "name": "per"}, {"label": "n", "title": "mean motion", "units": "deg/d", "value": ".003982021939648287", "sigma": "8.6862E-7", "name": "n"}, {"value": "50.71775855753449", "name": "ad", "sigma": ".0073756", "label": "Q", "title": "aphelion distance", "units": "au"}], "producer": "Otto Matic", "first_obs": "2011-08-30", "not_valid_after": null, "epoch": "2460000.5", "not_valid_before": null, "moid": "27.158", "soln_date": "2021-04-15 05:41:06"}, "object": {"neo": false, "orbit_class": {"name": "TransNeptunian Object", "code": "TNO"}, "spkid": "3696030", "pha": false, "orbit_id": "7", "fullname": "(2011 UD411)", "prefix": null, "des": "2011 UD411", "kind": "au"}}