{"orbit": {"comment": null, "moid_jup": "21.6972", "two_body": null, "pe_used": "DE441", "equinox": "J2000", "n_del_obs_used": null, "model_pars": [], "data_arc": "7446", "n_obs_used": 115, "not_valid_before": null, "epoch": "2460000.5", "covariance": {"epoch": "2457057.5", "elements": [{"label": "e", "value": ".3287614302377785", "title": "eccentricity", "name": "e", "units": null, "sigma": 1.93746144492689e-05}, {"label": "q", "value": "26.53576944052292", "title": "perihelion distance", "name": "q", "units": "au", "sigma": 0.000125137998884647}, {"name": "tp", "units": "TDB", "sigma": 0.165868277504293, "label": "tp", "value": "2456204.852482166565", "title": "time of perihelion passage"}, {"sigma": 0.000130277291477131, "units": "deg", "name": "om", "value": "113.7322685631797", "title": "longitude of the ascending node", "label": "node"}, {"units": "deg", "sigma": 0.00138972238234735, "name": "w", "value": "304.3987070319723", "title": "argument of perihelion", "label": "peri"}, {"name": "i", "sigma": 3.92495267311105e-05, "units": "deg", "label": "i", "value": "19.83001427447388", "title": "inclination"}], "labels": ["e", "q", "tp", "node", "peri", "i"], "data": [["3.753756850578181E-10", "2.367890649511224E-9", "1.808092173357494E-7", "1.037745723804948E-11", "1.43536453717926E-9", "4.836919849516664E-11"], ["2.367890649511224E-9", "1.565951876485393E-8", "4.467131342077747E-6", "-7.478626300528289E-11", "3.694687478867072E-8", "3.547656136204356E-10"], ["1.808092173357494E-7", "4.467131342077747E-6", ".0275122854822413", "-1.139797127473553E-6", ".0002296094924149272", "3.73786406970841E-7"], ["1.037745723804948E-11", "-7.478626300528289E-11", "-1.139797127473553E-6", "1.697217267461738E-8", "-2.543700305513749E-8", "-4.998678776546013E-9"], ["1.43536453717926E-9", "3.694687478867072E-8", ".0002296094924149272", "-2.543700305513749E-8", "1.931328299997184E-6", "7.803023674624302E-9"], ["4.836919849516664E-11", "3.547656136204356E-10", "3.73786406970841E-7", "-4.998678776546013E-9", "7.803023674624302E-9", "1.540525348616155E-9"]]}, "moid": "25.565", "orbit_id": "7", "producer": "Otto Matic", "rms": ".62795", "t_jup": "5.030", "source": "JPL", "not_valid_after": null, "sb_used": "SB441-N16", "first_obs": "2000-09-27", "soln_date": "2021-04-15 08:56:35", "condition_code": "2", "n_dop_obs_used": null, "elements": [{"name": "e", "units": null, "sigma": "1.94E-5", "label": "e", "value": ".3309058494791383", "title": "eccentricity"}, {"units": "au", "sigma": ".0013322", "name": "a", "title": "semi-major axis", "value": "39.62422205815046", "label": "a"}, {"value": "26.51233519804817", "title": "perihelion distance", "label": "q", "units": "au", "sigma": ".00012545", "name": "q"}, {"name": "i", "units": "deg", "sigma": "3.9227E-5", "label": "i", "value": "19.85340756866541", "title": "inclination; angle with respect to x-y ecliptic plane"}, {"label": "node", "title": "longitude of the ascending node", "value": "113.6423896442127", "name": "om", "units": "deg", "sigma": ".00012994"}, {"value": "303.9141253140341", "title": "argument of perihelion", "label": "peri", "sigma": ".0013824", "units": "deg", "name": "w"}, {"units": "deg", "sigma": ".0010527", "name": "ma", "title": "mean anomaly", "value": "15.23685669964695", "label": "M"}, {"value": "2456144.540778341147", "title": "time of perihelion passage", "label": "tp", "sigma": ".16457", "units": "TDB", "name": "tp"}, {"name": "per", "units": "d", "sigma": "4.5945", "label": "period", "title": "sidereal orbital period", "value": "91104.44149739566"}, {"label": "n", "title": "mean motion", "value": ".003951508774797671", "name": "n", "sigma": "1.9928E-7", "units": "deg/d"}, {"value": "52.73610891825274", "title": "aphelion distance", "label": "Q", "sigma": ".001773", "units": "au", "name": "ad"}], "last_obs": "2021-02-15"}, "object": {"prefix": null, "neo": false, "orbit_class": {"name": "TransNeptunian Object", "code": "TNO"}, "kind": "au", "des": "2013 VF24", "orbit_id": "7", "pha": false, "fullname": "(2013 VF24)", "spkid": "3755682"}, "signature": {"version": "1.3", "source": "NASA/JPL Small-Body Database (SBDB) API"}}