{"signature": {"version": "1.3", "source": "NASA/JPL Small-Body Database (SBDB) API"}, "object": {"spkid": "3363887", "pha": false, "neo": false, "orbit_class": {"name": "TransNeptunian Object", "code": "TNO"}, "prefix": null, "des": "2006 WS195", "kind": "au", "orbit_id": "6", "fullname": "(2006 WS195)"}, "orbit": {"orbit_id": "6", "n_obs_used": 34, "last_obs": "2022-10-29", "covariance": {"labels": ["e", "q", "tp", "node", "peri", "i"], "elements": [{"name": "e", "sigma": 7.58589428622572e-05, "value": ".236889662656747", "units": null, "label": "e", "title": "eccentricity"}, {"name": "q", "sigma": 0.012016591207328, "value": "30.19828241359079", "units": "au", "label": "q", "title": "perihelion distance"}, {"label": "tp", "title": "time of perihelion passage", "units": "TDB", "value": "2437280.813990257491", "name": "tp", "sigma": 6.49528495290406}, {"value": "62.55719232306973", "sigma": 0.000397009927006272, "name": "om", "title": "longitude of the ascending node", "label": "node", "units": "deg"}, {"units": "deg", "title": "argument of perihelion", "label": "peri", "name": "w", "sigma": 0.0667713800700074, "value": "233.0421494056638"}, {"label": "i", "title": "inclination", "units": "deg", "value": "32.70619140401183", "name": "i", "sigma": 0.000370736307267406}], "data": [["5.7545792121792E-9", "-3.409244189502123E-7", "5.792901443599239E-5", "3.806643244677308E-10", "-8.425011048834351E-7", "-9.249407804432772E-10"], ["-3.409244189502123E-7", ".0001443984642440338", ".06841177397364764", "7.295436214847507E-7", ".0007836075267193932", "-3.476570729032453E-7"], ["5.792901443599239E-5", ".06841177397364764", "42.18872661942194", ".0004384085695498558", ".4161167730310208", "-.0002418909656879285"], ["3.806643244677308E-10", "7.295436214847507E-7", ".0004384085695498558", "1.576168821415252E-7", "4.256458857417707E-6", "-1.375816891070238E-7"], ["-8.425011048834351E-7", ".0007836075267193932", ".4161167730310208", "4.256458857417707E-6", ".004458417196453375", "-2.12745859329829E-6"], ["-9.249407804432772E-10", "-3.476570729032453E-7", "-.0002418909656879285", "-1.375816891070238E-7", "-2.12745859329829E-6", "1.374454095262728E-7"]], "epoch": "2455248.5"}, "source": "JPL", "condition_code": "4", "t_jup": "4.649", "two_body": null, "equinox": "J2000", "n_del_obs_used": null, "moid_jup": "25.6358", "elements": [{"units": null, "title": "eccentricity", "label": "e", "name": "e", "sigma": "7.558E-5", "value": ".2351629506147102"}, {"units": "au", "title": "semi-major axis", "label": "a", "sigma": ".014801", "name": "a", "value": "39.63488160826881"}, {"sigma": ".011998", "name": "q", "value": "30.31422590200361", "units": "au", "label": "q", "title": "perihelion distance"}, {"value": "32.6453041996836", "name": "i", "sigma": ".0003696", "title": "inclination; angle with respect to x-y ecliptic plane", "label": "i", "units": "deg"}, {"value": "62.57080144454149", "sigma": ".00039773", "name": "om", "title": "longitude of the ascending node", "label": "node", "units": "deg"}, {"name": "w", "sigma": ".067416", "value": "233.5645180927191", "units": "deg", "label": "peri", "title": "argument of perihelion"}, {"units": "deg", "title": "mean anomaly", "label": "M", "sigma": ".076041", "name": "ma", "value": "89.5348726975531"}, {"name": "tp", "sigma": "6.6809", "value": "2437332.954588007702", "units": "TDB", "label": "tp", "title": "time of perihelion passage"}, {"title": "sidereal orbital period", "label": "period", "units": "d", "value": "91141.20679975279", "sigma": "51.051", "name": "per"}, {"units": "deg/d", "label": "n", "title": "mean motion", "sigma": "2.2125E-6", "name": "n", "value": ".003949914782135367"}, {"name": "ad", "sigma": ".018281", "value": "48.95553731453401", "units": "au", "title": "aphelion distance", "label": "Q"}], "producer": "Otto Matic", "first_obs": "2004-09-12", "not_valid_after": null, "epoch": "2460000.5", "moid": "29.3989", "not_valid_before": null, "soln_date": "2022-11-04 23:35:29", "rms": ".12527", "sb_used": "SB441-N16", "model_pars": [], "comment": null, "data_arc": "6621", "n_dop_obs_used": null, "pe_used": "DE441"}}