{"signature": {"version": "1.3", "source": "NASA/JPL Small-Body Database (SBDB) API"}, "orbit": {"t_jup": "5.532", "source": "JPL", "first_obs": "2012-01-20", "not_valid_after": null, "sb_used": "SB441-N16", "soln_date": "2022-03-09 01:11:39", "n_dop_obs_used": null, "elements": [{"sigma": "2.387E-5", "units": null, "name": "e", "value": ".05703015828986315", "title": "eccentricity", "label": "e"}, {"value": "41.29166570577779", "title": "semi-major axis", "label": "a", "units": "au", "sigma": ".001425", "name": "a"}, {"title": "perihelion distance", "value": "38.93679547452517", "label": "q", "units": "au", "sigma": ".0021094", "name": "q"}, {"name": "i", "units": "deg", "sigma": "3.8969E-5", "label": "i", "title": "inclination; angle with respect to x-y ecliptic plane", "value": "16.02484663573153"}, {"label": "node", "value": "270.9852753686364", "title": "longitude of the ascending node", "name": "om", "units": "deg", "sigma": ".00036812"}, {"label": "peri", "title": "argument of perihelion", "value": "127.2300882107371", "name": "w", "units": "deg", "sigma": ".024483"}, {"label": "M", "title": "mean anomaly", "value": "125.6751941140891", "name": "ma", "units": "deg", "sigma": ".025842"}, {"sigma": "5.5133", "units": "TDB", "name": "tp", "title": "time of perihelion passage", "value": "2426167.610150637774", "label": "tp"}, {"sigma": "5.0168", "units": "d", "name": "per", "title": "sidereal orbital period", "value": "96915.23002314541", "label": "period"}, {"label": "n", "value": ".003714586447496687", "title": "mean motion", "name": "n", "units": "deg/d", "sigma": "1.9228E-7"}, {"units": "au", "sigma": ".0015062", "name": "ad", "title": "aphelion distance", "value": "43.64653593703041", "label": "Q"}], "condition_code": "3", "last_obs": "2022-02-04", "comment": null, "moid_jup": "34.0935", "two_body": null, "pe_used": "DE441", "equinox": "J2000", "model_pars": [], "n_del_obs_used": null, "data_arc": "3668", "n_obs_used": 95, "not_valid_before": null, "epoch": "2460000.5", "covariance": {"epoch": "2457486.5", "elements": [{"value": ".04965076008018995", "title": "eccentricity", "label": "e", "sigma": 2.30912515454567e-05, "units": null, "name": "e"}, {"title": "perihelion distance", "value": "39.68222771200403", "label": "q", "units": "au", "sigma": 0.00204584553807636, "name": "q"}, {"title": "time of perihelion passage", "value": "2428129.268171869327", "label": "tp", "units": "TDB", "sigma": 6.78212580521609, "name": "tp"}, {"title": "longitude of the ascending node", "value": "271.0212188127823", "label": "node", "sigma": 0.000366090141794325, "units": "deg", "name": "om"}, {"sigma": 0.0293523350203773, "units": "deg", "name": "w", "value": "136.6160568304804", "title": "argument of perihelion", "label": "peri"}, {"value": "16.02167027670641", "title": "inclination", "label": "i", "units": "deg", "sigma": 3.88547358302886e-05, "name": "i"}], "data": [["5.332058979355541E-10", "-3.816674558721345E-8", "-9.335506752044608E-6", "5.018112316470319E-10", "-1.516484379602213E-7", "1.81339644941637E-11"], ["-3.816674558721345E-8", "4.18548396566695E-6", ".008821073618035824", "-3.80051109721655E-8", "4.531570198609052E-5", "8.599602674707944E-10"], ["-9.335506752044608E-6", ".008821073618035824", "45.99723043777799", "-2.000724377082113E-5", ".1963138227958064", "1.17532006398064E-5"], ["5.018112316470319E-10", "-3.80051109721655E-8", "-2.000724377082113E-5", "1.340219919189886E-7", "-3.18843358152438E-7", "1.39934652458552E-8"], ["-1.516484379602213E-7", "4.531570198609052E-5", ".1963138227958064", "-3.18843358152438E-7", ".0008615595711484648", "3.245037949227803E-8"], ["1.81339644941637E-11", "8.599602674707944E-10", "1.17532006398064E-5", "1.39934652458552E-8", "3.245037949227803E-8", "1.509690496441516E-9"]], "labels": ["e", "q", "tp", "node", "peri", "i"]}, "moid": "37.9681", "orbit_id": "9", "rms": ".49069", "producer": "Otto Matic"}, "object": {"kind": "au", "orbit_class": {"code": "TNO", "name": "TransNeptunian Object"}, "neo": false, "prefix": null, "spkid": "3755576", "des": "2015 BQ518", "fullname": "(2015 BQ518)", "orbit_id": "9", "pha": false}}