{"orbit": {"last_obs": "2022-07-25", "n_dop_obs_used": null, "elements": [{"label": "e", "value": ".1855243423308486", "title": "eccentricity", "name": "e", "units": null, "sigma": "5.3811E-6"}, {"sigma": ".00051871", "units": "au", "name": "a", "title": "semi-major axis", "value": "39.32484064546821", "label": "a"}, {"value": "32.0291254474523", "title": "perihelion distance", "label": "q", "sigma": ".000372", "units": "au", "name": "q"}, {"sigma": "2.3721E-5", "units": "deg", "name": "i", "value": "15.1091580219322", "title": "inclination; angle with respect to x-y ecliptic plane", "label": "i"}, {"name": "om", "units": "deg", "sigma": "6.783E-5", "label": "node", "title": "longitude of the ascending node", "value": "207.6188185935289"}, {"units": "deg", "sigma": ".002882", "name": "w", "title": "argument of perihelion", "value": "123.3255092793971", "label": "peri"}, {"label": "M", "value": "302.5264479076604", "title": "mean anomaly", "name": "ma", "units": "deg", "sigma": ".0027571"}, {"label": "tp", "title": "time of perihelion passage", "value": "2474380.683313537809", "name": "tp", "sigma": ".40564", "units": "TDB"}, {"label": "period", "title": "sidereal orbital period", "value": "90073.88275838987", "name": "per", "sigma": "1.7821", "units": "d"}, {"label": "n", "title": "mean motion", "value": ".003996719015273804", "name": "n", "units": "deg/d", "sigma": "7.9077E-8"}, {"units": "au", "sigma": ".00061494", "name": "ad", "value": "46.62055584348413", "title": "aphelion distance", "label": "Q"}], "condition_code": "2", "soln_date": "2022-09-23 01:05:45", "not_valid_after": null, "first_obs": "2002-04-13", "sb_used": "SB441-N16", "source": "JPL", "t_jup": "5.348", "rms": ".36547", "producer": "Otto Matic", "orbit_id": "17", "moid": "31.0423", "covariance": {"data": [["3.053984774175595E-11", "4.518660596888589E-11", "-1.230865986220048E-6", "-8.33823467946568E-12", "-5.735943950775988E-9", "-1.078635653265569E-12"], ["4.518660596888589E-11", "1.334294351592527E-7", "-.0001318917039904684", "3.607935494265381E-10", "-1.000937050740719E-6", "4.425280688130553E-10"], ["-1.230865986220048E-6", "-.0001318917039904684", ".1768247703630752", "-2.731083828268479E-8", ".001200670737660924", "-3.880598129873049E-7"], ["-8.33823467946568E-12", "3.607935494265381E-10", "-2.731083828268479E-8", "4.641260776235606E-9", "-5.687221765703783E-9", "1.572637617552693E-9"], ["-5.735943950775988E-9", "-1.000937050740719E-6", ".001200670737660924", "-5.687221765703783E-9", "8.473857722365169E-6", "-4.612671492361959E-9"], ["-1.078635653265569E-12", "4.425280688130553E-10", "-3.880598129873049E-7", "1.572637617552693E-9", "-4.612671492361959E-9", "5.561299353370013E-10"]], "labels": ["e", "q", "tp", "node", "peri", "i"], "epoch": "2457882.5", "elements": [{"name": "e", "sigma": 5.52628697605869e-06, "units": null, "label": "e", "title": "eccentricity", "value": ".1831463093158245"}, {"sigma": 0.0003652799408115, "units": "au", "name": "q", "value": "32.33147480260055", "title": "perihelion distance", "label": "q"}, {"units": "TDB", "sigma": 0.420505374951469, "name": "tp", "value": "2474038.867849196413", "title": "time of perihelion passage", "label": "tp"}, {"sigma": 6.81267992513637e-05, "units": "deg", "name": "om", "title": "longitude of the ascending node", "value": "207.4036888787341", "label": "node"}, {"name": "w", "sigma": 0.00291098913126881, "units": "deg", "label": "peri", "value": "121.0654686756755", "title": "argument of perihelion"}, {"sigma": 2.35824073270097e-05, "units": "deg", "name": "i", "title": "inclination", "value": "15.04693022900051", "label": "i"}]}, "epoch": "2460000.5", "not_valid_before": null, "n_obs_used": 564, "model_pars": [], "data_arc": "7408", "n_del_obs_used": null, "two_body": null, "equinox": "J2000", "pe_used": "DE441", "moid_jup": "27.1804", "comment": null}, "object": {"pha": false, "orbit_id": "17", "fullname": "444745 (2007 JF43)", "des": "444745", "spkid": "20444745", "prefix": null, "neo": false, "orbit_class": {"code": "TNO", "name": "TransNeptunian Object"}, "kind": "an"}, "signature": {"version": "1.3", "source": "NASA/JPL Small-Body Database (SBDB) API"}}