{"signature": {"version": "1.3", "source": "NASA/JPL Small-Body Database (SBDB) API"}, "object": {"spkid": "54199491", "pha": false, "neo": false, "orbit_class": {"name": "TransNeptunian Object", "code": "TNO"}, "prefix": null, "des": "2013 VY71", "kind": "au", "orbit_id": "1", "fullname": "(2013 VY71)"}, "orbit": {"data_arc": "1831", "n_dop_obs_used": null, "pe_used": "DE441", "rms": ".23386", "sb_used": "SB441-N16", "model_pars": [], "comment": null, "two_body": null, "equinox": "J2000", "moid_jup": "28.3954", "n_del_obs_used": null, "elements": [{"title": "eccentricity", "label": "e", "units": null, "value": ".1621476081685131", "name": "e", "sigma": ".00022589"}, {"label": "a", "title": "semi-major axis", "units": "au", "value": "39.79174336148857", "sigma": ".011681", "name": "a"}, {"label": "q", "title": "perihelion distance", "units": "au", "value": "33.33960735056789", "sigma": ".0021877", "name": "q"}, {"units": "deg", "title": "inclination; angle with respect to x-y ecliptic plane", "label": "i", "name": "i", "sigma": ".00043175", "value": "10.59429658840176"}, {"value": "63.80494732018706", "name": "om", "sigma": ".0025865", "label": "node", "title": "longitude of the ascending node", "units": "deg"}, {"sigma": ".090602", "name": "w", "value": "326.3658706211813", "units": "deg", "title": "argument of perihelion", "label": "peri"}, {"title": "mean anomaly", "label": "M", "units": "deg", "value": "359.5703705359522", "sigma": ".063642", "name": "ma"}, {"name": "tp", "sigma": "16.221", "value": "2460109.915647355601", "units": "TDB", "label": "tp", "title": "time of perihelion passage"}, {"label": "period", "title": "sidereal orbital period", "units": "d", "value": "91682.80191239264", "name": "per", "sigma": "40.369"}, {"units": "deg/d", "title": "mean motion", "label": "n", "sigma": "1.7289E-6", "name": "n", "value": ".003926581566998764"}, {"units": "au", "label": "Q", "title": "aphelion distance", "name": "ad", "sigma": ".013574", "value": "46.24387937240925"}], "producer": "Otto Matic", "first_obs": "2013-09-09", "not_valid_after": null, "epoch": "2460000.5", "not_valid_before": null, "soln_date": "2021-09-24 11:42:03", "moid": "32.3491", "orbit_id": "1", "last_obs": "2018-09-14", "n_obs_used": 15, "covariance": {"elements": [{"sigma": 0.000226515830866724, "name": "e", "value": ".1509609311919876", "units": null, "label": "e", "title": "eccentricity"}, {"value": "33.31966716689288", "sigma": 0.0022733202875198, "name": "q", "label": "q", "title": "perihelion distance", "units": "au"}, {"sigma": 17.2749929912921, "name": "tp", "value": "2460276.443518683773", "units": "TDB", "title": "time of perihelion passage", "label": "tp"}, {"title": "longitude of the ascending node", "label": "node", "units": "deg", "value": "63.71372233283813", "name": "om", "sigma": 0.0025875561334378}, {"value": "327.3480974544094", "name": "w", "sigma": 0.0961421703160514, "label": "peri", "title": "argument of perihelion", "units": "deg"}, {"title": "inclination", "label": "i", "units": "deg", "value": "10.61863380748925", "sigma": 0.000434784764333707, "name": "i"}], "labels": ["e", "q", "tp", "node", "peri", "i"], "epoch": "2457543.5", "data": [["5.130942163324215E-8", "1.078245534677089E-7", ".00188082247826703", "5.155397802551295E-9", "1.048421406664919E-5", "2.43913182159853E-9"], ["1.078245534677089E-7", "5.167985129649119E-6", "-.02954086743697163", "5.861574437105258E-7", "-.0001642386939146724", "-7.809165941371268E-8"], [".00188082247826703", "-.02954086743697163", "298.4253828491895", "-.003711686234320158", "1.660276047336831", ".0006560420257799371"], ["5.155397802551295E-9", "5.861574437105258E-7", "-.003711686234320158", "6.695446743691553E-6", "-2.71541734381407E-5", "-1.116137782383706E-6"], ["1.048421406664919E-5", "-.0001642386939146724", "1.660276047336831", "-2.71541734381407E-5", ".00924331691308064", "4.737126089836114E-6"], ["2.43913182159853E-9", "-7.809165941371268E-8", ".0006560420257799371", "-1.116137782383706E-6", "4.737126089836114E-6", "1.890377912967169E-7"]]}, "condition_code": "4", "source": "JPL", "t_jup": "5.495"}}