{"orbit": {"epoch": "2460000.5", "soln_date": "2023-03-24 01:24:34", "not_valid_before": null, "moid": "34.6289", "not_valid_after": null, "first_obs": "2003-03-30", "elements": [{"units": null, "label": "e", "title": "eccentricity", "name": "e", "sigma": "5.5539E-5", "value": ".1459306332112766"}, {"sigma": ".0032312", "name": "a", "value": "41.60241096389812", "units": "au", "title": "semi-major axis", "label": "a"}, {"units": "au", "label": "q", "title": "perihelion distance", "sigma": ".0043701", "name": "q", "value": "35.53134478882071"}, {"label": "i", "title": "inclination; angle with respect to x-y ecliptic plane", "units": "deg", "value": "27.44609171620287", "sigma": ".00035968", "name": "i"}, {"value": "323.84497937993", "name": "om", "sigma": ".00020597", "label": "node", "title": "longitude of the ascending node", "units": "deg"}, {"units": "deg", "title": "argument of perihelion", "label": "peri", "sigma": ".023435", "name": "w", "value": "66.21644906755198"}, {"value": "128.8093556032356", "sigma": ".029277", "name": "ma", "label": "M", "title": "mean anomaly", "units": "deg"}, {"title": "time of perihelion passage", "label": "tp", "units": "TDB", "value": "2424931.685614653543", "sigma": "5.3562", "name": "tp"}, {"name": "per", "sigma": "11.419", "value": "98011.30608565519", "units": "d", "title": "sidereal orbital period", "label": "period"}, {"title": "mean motion", "label": "n", "units": "deg/d", "value": ".003673045635014644", "sigma": "4.2792E-7", "name": "n"}, {"label": "Q", "title": "aphelion distance", "units": "au", "value": "47.67347713897553", "sigma": ".0037028", "name": "ad"}], "n_del_obs_used": null, "moid_jup": "31.131", "producer": "Otto Matic", "two_body": null, "equinox": "J2000", "t_jup": "5.090", "covariance": {"epoch": "2456119.5", "data": [["3.098835723437338E-9", "-2.003929106822423E-7", ".0001750221018725063", "-1.396159976162071E-9", "-1.493317615910883E-8", "-2.583625691254855E-9"], ["-2.003929106822423E-7", "1.917603575881843E-5", "-.000363504858491918", "1.833585264816999E-7", "6.062919074833091E-5", "3.403140757899355E-7"], [".0001750221018725063", "-.000363504858491918", "29.42907275468017", "8.193139126796074E-5", ".1050453279629089", ".0001533663860393605"], ["-1.396159976162071E-9", "1.833585264816999E-7", "8.193139126796074E-5", "4.270512039663234E-8", "8.537056469541662E-7", "7.370432911760011E-8"], ["-1.493317615910883E-8", "6.062919074833091E-5", ".1050453279629089", "8.537056469541662E-7", ".0005750679243876949", "1.594122026494678E-6"], ["-2.583625691254855E-9", "3.403140757899355E-7", ".0001533663860393605", "7.370432911760011E-8", "1.594122026494678E-6", "1.289499825699547E-7"]], "elements": [{"name": "e", "sigma": 5.56671871342296e-05, "value": ".1432057331117051", "units": null, "label": "e", "title": "eccentricity"}, {"value": "35.82992353652935", "sigma": 0.00437904507385097, "name": "q", "title": "perihelion distance", "label": "q", "units": "au"}, {"sigma": 5.42485693402878, "name": "tp", "value": "2425137.482160532549", "units": "TDB", "label": "tp", "title": "time of perihelion passage"}, {"value": "323.7762196831919", "name": "om", "sigma": 0.000206652172494345, "title": "longitude of the ascending node", "label": "node", "units": "deg"}, {"value": "67.88892900793832", "name": "w", "sigma": 0.0239805738961288, "title": "argument of perihelion", "label": "peri", "units": "deg"}, {"units": "deg", "title": "inclination", "label": "i", "sigma": 0.000359096063150175, "name": "i", "value": "27.37462070067078"}], "labels": ["e", "q", "tp", "node", "peri", "i"]}, "condition_code": "3", "source": "JPL", "n_obs_used": 46, "last_obs": "2023-03-18", "orbit_id": "6", "n_dop_obs_used": null, "pe_used": "DE441", "data_arc": "7293", "comment": null, "model_pars": [], "rms": ".72127", "sb_used": "SB441-N16"}, "object": {"neo": false, "orbit_class": {"code": "TNO", "name": "TransNeptunian Object"}, "pha": false, "spkid": "3755983", "orbit_id": "6", "fullname": "(2011 CX119)", "prefix": null, "kind": "au", "des": "2011 CX119"}, "signature": {"version": "1.3", "source": "NASA/JPL Small-Body Database (SBDB) API"}}