{"signature": {"version": "1.3", "source": "NASA/JPL Small-Body Database (SBDB) API"}, "orbit": {"orbit_id": "3", "n_obs_used": 137, "last_obs": "2021-11-01", "source": "JPL", "condition_code": "3", "covariance": {"labels": ["e", "q", "tp", "node", "peri", "i"], "elements": [{"name": "e", "sigma": 1.96822031930364e-05, "value": ".04201993781307199", "units": null, "title": "eccentricity", "label": "e"}, {"sigma": 0.000469150846078208, "name": "q", "value": "39.47911200736611", "units": "au", "title": "perihelion distance", "label": "q"}, {"units": "TDB", "title": "time of perihelion passage", "label": "tp", "sigma": 10.3925721334582, "name": "tp", "value": "2453179.602265286222"}, {"label": "node", "title": "longitude of the ascending node", "units": "deg", "value": "91.15943449431934", "name": "om", "sigma": 0.000187704000461774}, {"units": "deg", "title": "argument of perihelion", "label": "peri", "name": "w", "sigma": 0.0423615377701916, "value": "300.9650268033365"}, {"name": "i", "sigma": 7.46551302084245e-05, "value": "19.67820147769437", "units": "deg", "label": "i", "title": "inclination"}], "data": [["3.873891225319712E-10", "-6.866967188322067E-10", "-8.760976056734679E-5", "1.921882964973766E-10", "-3.57680467374063E-7", "-4.58157198025491E-11"], ["-6.866967188322067E-10", "2.201025163758983E-7", ".004528912454579559", "-5.811945231335027E-9", "1.845627588077982E-5", "2.822761870737961E-9"], ["-8.760976056734679E-5", ".004528912454579559", "108.0055555491315", "-.0001539759420326487", ".4402412777213079", "6.534286160525967E-5"], ["1.921882964973766E-10", "-5.811945231335027E-9", "-.0001539759420326487", "3.523279178935356E-8", "-6.60691729384741E-7", "-1.393879705207911E-8"], ["-3.57680467374063E-7", "1.845627588077982E-5", ".4402412777213079", "-6.60691729384741E-7", ".001794499882255366", "2.793799821620629E-7"], ["-4.58157198025491E-11", "2.822761870737961E-9", "6.534286160525967E-5", "-1.393879705207911E-8", "2.793799821620629E-7", "5.573388466436816E-9"]], "epoch": "2457803.5"}, "t_jup": "5.446", "equinox": "J2000", "two_body": null, "producer": "Otto Matic", "moid_jup": "34.6665", "n_del_obs_used": null, "elements": [{"sigma": "1.969E-5", "name": "e", "value": ".05214285777654738", "units": null, "title": "eccentricity", "label": "e"}, {"value": "41.63560875895721", "name": "a", "sigma": ".00096885", "label": "a", "title": "semi-major axis", "units": "au"}, {"label": "q", "title": "perihelion distance", "units": "au", "value": "39.46460913299894", "name": "q", "sigma": ".00045632"}, {"value": "19.65152399509632", "name": "i", "sigma": "7.4249E-5", "title": "inclination; angle with respect to x-y ecliptic plane", "label": "i", "units": "deg"}, {"value": "91.1991319705767", "sigma": ".00018736", "name": "om", "title": "longitude of the ascending node", "label": "node", "units": "deg"}, {"sigma": ".034378", "name": "w", "value": "301.4683652520141", "units": "deg", "label": "peri", "title": "argument of perihelion"}, {"sigma": ".030831", "name": "ma", "value": "24.42183850601611", "units": "deg", "label": "M", "title": "mean anomaly"}, {"label": "tp", "title": "time of perihelion passage", "units": "TDB", "value": "2453343.605724971044", "sigma": "8.3817", "name": "tp"}, {"units": "d", "label": "period", "title": "sidereal orbital period", "sigma": "3.4251", "name": "per", "value": "98128.6457373007"}, {"name": "n", "sigma": "1.2805E-7", "value": ".003668653503725637", "units": "deg/d", "title": "mean motion", "label": "n"}, {"sigma": ".0010194", "name": "ad", "value": "43.80660838491549", "units": "au", "title": "aphelion distance", "label": "Q"}], "not_valid_after": null, "first_obs": "2013-11-04", "soln_date": "2021-11-13 01:04:06", "not_valid_before": null, "moid": "38.5122", "epoch": "2460000.5", "rms": ".89323", "sb_used": "SB441-N16", "model_pars": [], "comment": null, "data_arc": "2919", "pe_used": "DE441", "n_dop_obs_used": null}, "object": {"fullname": "(2014 QB527)", "orbit_id": "3", "des": "2014 QB527", "kind": "au", "prefix": null, "orbit_class": {"name": "TransNeptunian Object", "code": "TNO"}, "neo": false, "spkid": "54049805", "pha": false}}