{"signature": {"version": "1.3", "source": "NASA/JPL Small-Body Database (SBDB) API"}, "object": {"prefix": null, "neo": false, "orbit_class": {"code": "TNO", "name": "TransNeptunian Object"}, "kind": "an", "des": "120216", "pha": false, "orbit_id": "8", "fullname": "120216 (2004 EW95)", "spkid": "20120216"}, "orbit": {"source": "JPL", "t_jup": "4.682", "last_obs": "2020-06-15", "n_dop_obs_used": null, "elements": [{"units": null, "sigma": "1.178E-5", "name": "e", "title": "eccentricity", "value": ".3130752718681526", "label": "e"}, {"title": "semi-major axis", "value": "39.26792572453865", "label": "a", "units": "au", "sigma": ".00079794", "name": "a"}, {"title": "perihelion distance", "value": "26.97410920263029", "label": "q", "units": "au", "sigma": "8.6831E-5", "name": "q"}, {"title": "inclination; angle with respect to x-y ecliptic plane", "value": "29.32850725709831", "label": "i", "sigma": "2.6305E-5", "units": "deg", "name": "i"}, {"name": "om", "units": "deg", "sigma": "1.6708E-5", "label": "node", "value": "25.82222389135084", "title": "longitude of the ascending node"}, {"name": "w", "units": "deg", "sigma": ".00063492", "label": "peri", "value": "204.8059711153633", "title": "argument of perihelion"}, {"label": "M", "title": "mean anomaly", "value": "7.057295715410647", "name": "ma", "units": "deg", "sigma": ".00019726"}, {"name": "tp", "sigma": ".078629", "units": "TDB", "label": "tp", "title": "time of perihelion passage", "value": "2458238.559724496588"}, {"label": "period", "title": "sidereal orbital period", "value": "89878.40736163907", "name": "per", "sigma": "2.7395", "units": "d"}, {"value": ".004005411428258701", "title": "mean motion", "label": "n", "sigma": "1.2209E-7", "units": "deg/d", "name": "n"}, {"value": "51.56174224644701", "title": "aphelion distance", "label": "Q", "sigma": ".0010478", "units": "au", "name": "ad"}], "condition_code": "2", "soln_date": "2021-04-13 17:05:26", "first_obs": "2001-03-12", "not_valid_after": null, "sb_used": "SB441-N16", "not_valid_before": null, "n_obs_used": 280, "n_del_obs_used": null, "data_arc": "7035", "model_pars": [], "equinox": "J2000", "two_body": null, "pe_used": "DE441", "moid_jup": "21.6843", "comment": null, "rms": ".45328", "producer": "Otto Matic", "orbit_id": "8", "moid": "25.9866", "covariance": {"labels": ["e", "q", "tp", "node", "peri", "i"], "data": [["1.402048832326605E-10", "1.00319081174555E-9", "-6.779919770277989E-7", "9.923856777972353E-12", "-5.462126790296938E-9", "3.269795921126914E-11"], ["1.00319081174555E-9", "7.417155340333105E-9", "-5.485442076685916E-6", "7.236962465346441E-11", "-4.426179068549001E-8", "2.401291919871148E-10"], ["-6.779919770277989E-7", "-5.485442076685916E-6", ".005716500136119086", "-5.08154212804238E-8", "4.618072587095997E-5", "-1.73216773137873E-7"], ["9.923856777972353E-12", "7.236962465346441E-11", "-5.08154212804238E-8", "2.809771810251257E-10", "-6.543452297617691E-10", "3.750759163360713E-10"], ["-5.462126790296938E-9", "-4.426179068549001E-8", "4.618072587095997E-5", "-6.543452297617691E-10", "3.733223553560389E-7", "-1.722551724985184E-9"], ["3.269795921126914E-11", "2.401291919871148E-10", "-1.73216773137873E-7", "3.750759163360713E-10", "-1.722551724985184E-9", "6.899679773048264E-10"]], "epoch": "2457028.5", "elements": [{"title": "eccentricity", "value": ".317201354096481", "label": "e", "sigma": 1.18408142977018e-05, "units": null, "name": "e"}, {"label": "q", "title": "perihelion distance", "value": "26.97918709987879", "name": "q", "sigma": 8.61229083364763e-05, "units": "au"}, {"units": "TDB", "sigma": 0.0756075402067749, "name": "tp", "title": "time of perihelion passage", "value": "2458154.020240177237", "label": "tp"}, {"units": "deg", "sigma": 1.67623739674643e-05, "name": "om", "value": "25.71788411654549", "title": "longitude of the ascending node", "label": "node"}, {"title": "argument of perihelion", "value": "204.1736209267511", "label": "peri", "units": "deg", "sigma": 0.000611001109128321, "name": "w"}, {"label": "i", "title": "inclination", "value": "29.25827335804986", "name": "i", "sigma": 2.62672415244697e-05, "units": "deg"}]}, "epoch": "2460000.5"}}