{"object": {"orbit_id": "2", "pha": false, "fullname": "(2013 SB112)", "des": "2013 SB112", "spkid": "54196779", "neo": false, "prefix": null, "kind": "au", "orbit_class": {"name": "TransNeptunian Object", "code": "TNO"}}, "orbit": {"t_jup": "4.674", "source": "JPL", "last_obs": "2022-10-29", "soln_date": "2022-11-05 00:47:06", "condition_code": "4", "n_dop_obs_used": null, "elements": [{"title": "eccentricity", "value": ".08721876773333835", "label": "e", "sigma": ".00013474", "units": null, "name": "e"}, {"name": "a", "units": "au", "sigma": ".010286", "label": "a", "title": "semi-major axis", "value": "38.60269787694631"}, {"title": "perihelion distance", "value": "35.23581813693669", "label": "q", "units": "au", "sigma": ".0053144", "name": "q"}, {"name": "i", "sigma": ".00052777", "units": "deg", "label": "i", "title": "inclination; angle with respect to x-y ecliptic plane", "value": "33.22846019965334"}, {"units": "deg", "sigma": ".00010975", "name": "om", "title": "longitude of the ascending node", "value": "14.51659715970942", "label": "node"}, {"title": "argument of perihelion", "value": "41.7479825961219", "label": "peri", "sigma": ".11577", "units": "deg", "name": "w"}, {"title": "mean anomaly", "value": "330.5809535240286", "label": "M", "sigma": ".10472", "units": "deg", "name": "ma"}, {"value": "2467159.477627609585", "title": "time of perihelion passage", "label": "tp", "sigma": "22.836", "units": "TDB", "name": "tp"}, {"label": "period", "value": "87604.19709878963", "title": "sidereal orbital period", "name": "per", "sigma": "35.015", "units": "d"}, {"units": "deg/d", "sigma": "1.6425E-6", "name": "n", "value": ".004109392151543089", "title": "mean motion", "label": "n"}, {"value": "41.96957761695592", "title": "aphelion distance", "label": "Q", "units": "au", "sigma": ".011183", "name": "ad"}], "not_valid_after": null, "sb_used": "SB441-N16", "first_obs": "2013-09-28", "n_obs_used": 17, "not_valid_before": null, "model_pars": [], "data_arc": "3318", "n_del_obs_used": null, "moid_jup": "30.5688", "equinox": "J2000", "two_body": null, "pe_used": "DE441", "comment": null, "producer": "Otto Matic", "rms": ".20545", "moid": "34.3102", "orbit_id": "2", "covariance": {"epoch": "2457412.5", "elements": [{"name": "e", "units": null, "sigma": 0.000125161152141001, "label": "e", "value": ".08053152146341333", "title": "eccentricity"}, {"label": "q", "value": "35.12046947663253", "title": "perihelion distance", "name": "q", "units": "au", "sigma": 0.00578854841097346}, {"value": "2468130.727436327092", "title": "time of perihelion passage", "label": "tp", "sigma": 25.3393971725315, "units": "TDB", "name": "tp"}, {"name": "om", "units": "deg", "sigma": 0.000109259350789224, "label": "node", "title": "longitude of the ascending node", "value": "14.52665143605401"}, {"value": "46.44607470378207", "title": "argument of perihelion", "label": "peri", "sigma": 0.129160757177742, "units": "deg", "name": "w"}, {"label": "i", "value": "33.3926920520698", "title": "inclination", "name": "i", "units": "deg", "sigma": 0.000531496097404652}], "data": [["1.566531400526279E-8", "3.796384736480929E-7", "-.001904704990861585", "1.137082722136599E-9", "-9.480897776463286E-6", "-9.703499061102632E-9"], ["3.796384736480929E-7", "3.350729270618335E-5", "-.1459434136653472", "4.521972844662583E-8", "-.0007451014497197749", "-3.729411917129819E-7"], ["-.001904704990861585", "-.1459434136653472", "642.0850490672995", "-.0002099107622660405", "3.272330380106785", ".00173831769034001"], ["1.137082722136599E-9", "4.521972844662583E-8", "-.0002099107622660405", "1.193760573488278E-8", "-1.068580035607715E-6", "-4.680610873105602E-8"], ["-9.480897776463286E-6", "-.0007451014497197749", "3.272330380106785", "-1.068580035607715E-6", ".01668250119472755", "8.79918078834699E-6"], ["-9.703499061102632E-9", "-3.729411917129819E-7", ".00173831769034001", "-4.680610873105602E-8", "8.79918078834699E-6", "2.824881015563752E-7"]], "labels": ["e", "q", "tp", "node", "peri", "i"]}, "epoch": "2460000.5"}, "signature": {"version": "1.3", "source": "NASA/JPL Small-Body Database (SBDB) API"}}