{"object": {"orbit_class": {"name": "TransNeptunian Object", "code": "TNO"}, "neo": false, "pha": false, "spkid": "3799693", "fullname": "(2013 UW18)", "orbit_id": "3", "kind": "au", "des": "2013 UW18", "prefix": null}, "orbit": {"covariance": {"data": [["3.602267409578983E-8", "-9.815791517368243E-7", "-.0002921508504404512", "4.792501672909287E-10", "1.597766470473268E-6", "4.852805206030092E-10"], ["-9.815791517368243E-7", "3.75936445532121E-5", "-.00144408120537721", "3.919964095803962E-8", "-.0001206141053547125", "1.935155564568786E-8"], ["-.0002921508504404512", "-.00144408120537721", "10.7612040201292", "-4.674214738903813E-5", ".05490160738161755", "-3.063658353642371E-5"], ["4.792501672909287E-10", "3.919964095803962E-8", "-4.674214738903813E-5", "4.30329321355266E-6", "-4.612334963481993E-6", "1.74921690431605E-6"], ["1.597766470473268E-6", "-.0001206141053547125", ".05490160738161755", "-4.612334963481993E-6", ".0006272826613125221", "-1.940053789301899E-6"], ["4.852805206030092E-10", "1.935155564568786E-8", "-3.063658353642371E-5", "1.74921690431605E-6", "-1.940053789301899E-6", "7.186791370595294E-7"]], "epoch": "2456742.5", "labels": ["e", "q", "tp", "node", "peri", "i"], "elements": [{"units": null, "title": "eccentricity", "label": "e", "sigma": 0.000189796401693472, "name": "e", "value": ".2043652828126004"}, {"units": "au", "label": "q", "title": "perihelion distance", "sigma": 0.00613136563525713, "name": "q", "value": "31.33095258820071"}, {"sigma": 3.28042741424486, "name": "tp", "value": "2472738.314173630375", "units": "TDB", "label": "tp", "title": "time of perihelion passage"}, {"units": "deg", "label": "node", "title": "longitude of the ascending node", "name": "om", "sigma": 0.00207443804765355, "value": "178.4853492749507"}, {"units": "deg", "label": "peri", "title": "argument of perihelion", "name": "w", "sigma": 0.0250456116178568, "value": "282.8734629677883"}, {"label": "i", "title": "inclination", "units": "deg", "value": "6.782047221376557", "name": "i", "sigma": 0.000847749454178255}]}, "condition_code": "3", "source": "JPL", "t_jup": "5.499", "orbit_id": "3", "n_obs_used": 33, "last_obs": "2020-09-21", "not_valid_after": null, "first_obs": "2013-08-02", "epoch": "2460000.5", "not_valid_before": null, "moid": "30.5779", "soln_date": "2021-04-15 08:53:33", "equinox": "J2000", "two_body": null, "n_del_obs_used": null, "moid_jup": "26.4108", "elements": [{"title": "eccentricity", "label": "e", "units": null, "value": ".2045005211332923", "name": "e", "sigma": ".00018929"}, {"units": "au", "label": "a", "title": "semi-major axis", "name": "a", "sigma": ".0051124", "value": "39.66678201081564"}, {"value": "31.55490441792314", "name": "q", "sigma": ".006127", "title": "perihelion distance", "label": "q", "units": "au"}, {"name": "i", "sigma": ".00084464", "value": "6.760766459928496", "units": "deg", "label": "i", "title": "inclination; angle with respect to x-y ecliptic plane"}, {"units": "deg", "label": "node", "title": "longitude of the ascending node", "name": "om", "sigma": ".0020803", "value": "178.3831450704168"}, {"units": "deg", "title": "argument of perihelion", "label": "peri", "sigma": ".025853", "name": "w", "value": "280.9392180285029"}, {"units": "deg", "title": "mean anomaly", "label": "M", "sigma": ".021895", "name": "ma", "value": "310.8769403299642"}, {"sigma": "3.199", "name": "tp", "value": "2472452.003349957833", "units": "TDB", "title": "time of perihelion passage", "label": "tp"}, {"name": "per", "sigma": "17.641", "value": "91251.26236220775", "units": "d", "title": "sidereal orbital period", "label": "period"}, {"name": "n", "sigma": "7.627E-7", "value": ".003945150901814769", "units": "deg/d", "label": "n", "title": "mean motion"}, {"sigma": ".0061579", "name": "ad", "value": "47.77865960370814", "units": "au", "label": "Q", "title": "aphelion distance"}], "producer": "Otto Matic", "comment": null, "rms": ".26387", "sb_used": "SB441-N16", "model_pars": [], "data_arc": "2607", "n_dop_obs_used": null, "pe_used": "DE441"}, "signature": {"version": "1.3", "source": "NASA/JPL Small-Body Database (SBDB) API"}}