{"object": {"prefix": null, "neo": false, "orbit_class": {"name": "TransNeptunian Object", "code": "TNO"}, "kind": "au", "orbit_id": "4", "pha": false, "fullname": "(2013 JA65)", "des": "2013 JA65", "spkid": "3727194"}, "orbit": {"two_body": null, "equinox": "J2000", "pe_used": "DE441", "moid_jup": "28.273", "comment": null, "not_valid_before": null, "n_obs_used": 31, "data_arc": "731", "model_pars": [], "n_del_obs_used": null, "covariance": {"data": [["1.018108974717285E-7", "-1.937491793660381E-6", "-.01719273550303146", "1.946321107663398E-7", "-9.443287454008922E-5", "1.98344701191425E-8"], ["-1.937491793660381E-6", "5.431428948157432E-5", ".4441328335882082", "-6.331720435464821E-6", ".002439220972977255", "-6.055699793377059E-7"], ["-.01719273550303146", ".4441328335882082", "3694.601291313318", "-.0503338800162102", "20.29037521889547", "-.004869490684536226"], ["1.946321107663398E-7", "-6.331720435464821E-6", "-.0503338800162102", "3.83866533594796E-5", "-.0003134720163253945", "3.733090335300151E-6"], ["-9.443287454008922E-5", ".002439220972977255", "20.29037521889547", "-.0003134720163253945", ".1114692818477683", "-3.034719390198621E-5"], ["1.98344701191425E-8", "-6.055699793377059E-7", "-.004869490684536226", "3.733090335300151E-6", "-3.034719390198621E-5", "3.638679955431127E-7"]], "labels": ["e", "q", "tp", "node", "peri", "i"], "epoch": "2456641.5", "elements": [{"value": ".1478830219763332", "title": "eccentricity", "label": "e", "units": null, "sigma": 0.000319078199618414, "name": "e"}, {"value": "33.62091398832816", "title": "perihelion distance", "label": "q", "sigma": 0.00736982289350119, "units": "au", "name": "q"}, {"title": "time of perihelion passage", "value": "2453647.752743711193", "label": "tp", "units": "TDB", "sigma": 60.7832319913421, "name": "tp"}, {"sigma": 0.00619569635791487, "units": "deg", "name": "om", "title": "longitude of the ascending node", "value": "177.1023593924524", "label": "node"}, {"label": "peri", "title": "argument of perihelion", "value": "45.09071105723145", "name": "w", "sigma": 0.333870157168574, "units": "deg"}, {"units": "deg", "sigma": 0.000603214717611493, "name": "i", "title": "inclination", "value": "10.22115005797369", "label": "i"}]}, "epoch": "2460000.5", "rms": ".25311", "producer": "Otto Matic", "orbit_id": "4", "moid": "32.671", "source": "JPL", "t_jup": "5.492", "elements": [{"name": "e", "sigma": ".00029961", "units": null, "label": "e", "value": ".1463262584502359", "title": "eccentricity"}, {"units": "au", "sigma": ".0088886", "name": "a", "value": "39.44198603788462", "title": "semi-major axis", "label": "a"}, {"name": "q", "sigma": ".0067979", "units": "au", "label": "q", "value": "33.67058779511451", "title": "perihelion distance"}, {"name": "i", "units": "deg", "sigma": ".00060648", "label": "i", "value": "10.22814560383961", "title": "inclination; angle with respect to x-y ecliptic plane"}, {"label": "node", "value": "177.2839353180356", "title": "longitude of the ascending node", "name": "om", "sigma": ".006192", "units": "deg"}, {"label": "peri", "value": "46.32369336935478", "title": "argument of perihelion", "name": "w", "units": "deg", "sigma": ".3402"}, {"title": "mean anomaly", "value": "24.29843379370568", "label": "M", "units": "deg", "sigma": ".24386", "name": "ma"}, {"value": "2453893.718661493041", "title": "time of perihelion passage", "label": "tp", "sigma": "62.235", "units": "TDB", "name": "tp"}, {"title": "sidereal orbital period", "value": "90476.66613113125", "label": "period", "units": "d", "sigma": "30.585", "name": "per"}, {"name": "n", "units": "deg/d", "sigma": "1.345E-6", "label": "n", "value": ".00397892645025446", "title": "mean motion"}, {"name": "ad", "sigma": ".010189", "units": "au", "label": "Q", "value": "45.21338428065472", "title": "aphelion distance"}], "n_dop_obs_used": null, "condition_code": "5", "soln_date": "2021-04-15 08:11:55", "not_valid_after": null, "first_obs": "2013-04-19", "sb_used": "SB441-N16", "last_obs": "2015-04-20"}, "signature": {"version": "1.3", "source": "NASA/JPL Small-Body Database (SBDB) API"}}