{"orbit": {"data_arc": "2276", "pe_used": "DE441", "n_dop_obs_used": null, "sb_used": "SB441-N16", "rms": ".14303", "model_pars": [], "comment": null, "two_body": null, "equinox": "J2000", "producer": "Otto Matic", "moid_jup": "31.5522", "n_del_obs_used": null, "elements": [{"label": "e", "title": "eccentricity", "units": null, "value": ".08216395532149307", "name": "e", "sigma": ".00022856"}, {"value": "39.86873541682743", "sigma": ".0046972", "name": "a", "title": "semi-major axis", "label": "a", "units": "au"}, {"value": "36.5929624213148", "name": "q", "sigma": ".008837", "label": "q", "title": "perihelion distance", "units": "au"}, {"sigma": ".00086114", "name": "i", "value": "17.83097945410131", "units": "deg", "title": "inclination; angle with respect to x-y ecliptic plane", "label": "i"}, {"units": "deg", "label": "node", "title": "longitude of the ascending node", "name": "om", "sigma": ".0001903", "value": "25.78849434028083"}, {"label": "peri", "title": "argument of perihelion", "units": "deg", "value": "246.6388372376182", "name": "w", "sigma": ".094339"}, {"units": "deg", "label": "M", "title": "mean anomaly", "name": "ma", "sigma": ".072435", "value": "308.7912860198416"}, {"sigma": "17.136", "name": "tp", "value": "2473079.920018367298", "units": "TDB", "title": "time of perihelion passage", "label": "tp"}, {"value": "91949.02274711759", "name": "per", "sigma": "16.25", "label": "period", "title": "sidereal orbital period", "units": "d"}, {"name": "n", "sigma": "6.9191E-7", "value": ".003915212899979247", "units": "deg/d", "label": "n", "title": "mean motion"}, {"label": "Q", "title": "aphelion distance", "units": "au", "value": "43.14450841234007", "name": "ad", "sigma": ".0050831"}], "not_valid_after": null, "first_obs": "2015-02-17", "not_valid_before": null, "moid": "35.6182", "soln_date": "2021-07-07 18:52:12", "epoch": "2460000.5", "orbit_id": "4", "n_obs_used": 34, "last_obs": "2021-05-12", "source": "JPL", "condition_code": "4", "covariance": {"elements": [{"value": ".08517137008060571", "sigma": 0.000216878476694405, "name": "e", "label": "e", "title": "eccentricity", "units": null}, {"sigma": 0.00834833303456718, "name": "q", "value": "36.86289068402529", "units": "au", "label": "q", "title": "perihelion distance"}, {"name": "tp", "sigma": 19.9720371371617, "value": "2471622.558958922002", "units": "TDB", "label": "tp", "title": "time of perihelion passage"}, {"sigma": 0.000191188057619398, "name": "om", "value": "25.76827853640853", "units": "deg", "label": "node", "title": "longitude of the ascending node"}, {"title": "argument of perihelion", "label": "peri", "units": "deg", "value": "239.839956203805", "sigma": 0.104766093263932, "name": "w"}, {"units": "deg", "label": "i", "title": "inclination", "name": "i", "sigma": 0.000857065118480814, "value": "17.74185843031754"}], "labels": ["e", "q", "tp", "node", "peri", "i"], "epoch": "2457375.5", "data": [["4.703627365328551E-8", "-1.572989439058977E-6", ".003107632937801025", "5.69501183675383E-11", "1.720672162385996E-5", "-9.346786413718686E-10"], ["-1.572989439058977E-6", "6.969466445604561E-5", "-.1611371330510775", "-7.145430196586879E-8", "-.0008571911132337744", "2.79402284055975E-7"], [".003107632937801025", "-.1611371330510775", "398.8822674081655", ".0002300269410434889", "2.088637930297863", "-.0008694656748386083"], ["5.69501183675383E-11", "-7.145430196586879E-8", ".0002300269410434889", "3.65528733762784E-8", "1.10539581712151E-6", "-1.489416995859085E-7"], ["1.720672162385996E-5", "-.0008571911132337744", "2.088637930297863", "1.10539581712151E-6", ".01097593429778697", "-4.19566472410087E-6"], ["-9.346786413718686E-10", "2.79402284055975E-7", "-.0008694656748386083", "-1.489416995859085E-7", "-4.19566472410087E-6", "7.345606173165313E-7"]]}, "t_jup": "5.383"}, "object": {"orbit_id": "4", "fullname": "(2015 GL56)", "prefix": null, "kind": "au", "des": "2015 GL56", "neo": false, "orbit_class": {"code": "TNO", "name": "TransNeptunian Object"}, "pha": false, "spkid": "3835513"}, "signature": {"version": "1.3", "source": "NASA/JPL Small-Body Database (SBDB) API"}}