{"orbit": {"n_dop_obs_used": null, "pe_used": "DE441", "data_arc": "6329", "model_pars": [], "sb_used": "SB441-N16", "rms": ".20897", "comment": null, "moid_jup": "26.9799", "n_del_obs_used": null, "elements": [{"units": null, "title": "eccentricity", "label": "e", "sigma": "5.6662E-5", "name": "e", "value": ".1946258222188465"}, {"value": "39.87172406357512", "sigma": ".0043347", "name": "a", "label": "a", "title": "semi-major axis", "units": "au"}, {"units": "au", "title": "perihelion distance", "label": "q", "name": "q", "sigma": ".0018265", "value": "32.11165698441884"}, {"label": "i", "title": "inclination; angle with respect to x-y ecliptic plane", "units": "deg", "value": "2.794216954347868", "sigma": ".0002655", "name": "i"}, {"value": "350.8993936810933", "sigma": ".0016722", "name": "om", "title": "longitude of the ascending node", "label": "node", "units": "deg"}, {"value": "309.3344027234348", "sigma": ".018749", "name": "w", "title": "argument of perihelion", "label": "peri", "units": "deg"}, {"value": "57.99372917728081", "sigma": ".020325", "name": "ma", "label": "M", "title": "mean anomaly", "units": "deg"}, {"units": "TDB", "title": "time of perihelion passage", "label": "tp", "name": "tp", "sigma": "2.8993", "value": "2445186.426848807689"}, {"sigma": "14.996", "name": "per", "value": "91959.36198768321", "units": "d", "label": "period", "title": "sidereal orbital period"}, {"sigma": "6.384E-7", "name": "n", "value": ".003914772701970436", "units": "deg/d", "title": "mean motion", "label": "n"}, {"sigma": ".0051784", "name": "ad", "value": "47.63179114273139", "units": "au", "title": "aphelion distance", "label": "Q"}], "producer": "Otto Matic", "two_body": null, "equinox": "J2000", "epoch": "2460000.5", "moid": "31.0958", "not_valid_before": null, "soln_date": "2021-04-14 20:57:30", "not_valid_after": null, "first_obs": "2000-08-25", "n_obs_used": 43, "last_obs": "2017-12-23", "orbit_id": "6", "t_jup": "5.554", "covariance": {"labels": ["e", "q", "tp", "node", "peri", "i"], "elements": [{"title": "eccentricity", "label": "e", "units": null, "value": ".1900387972460033", "name": "e", "sigma": 5.43085164458755e-05}, {"title": "perihelion distance", "label": "q", "units": "au", "value": "31.87235700987811", "sigma": 0.00191680327738911, "name": "q"}, {"name": "tp", "sigma": 2.97687709644042, "value": "2444655.623313791246", "units": "TDB", "title": "time of perihelion passage", "label": "tp"}, {"title": "longitude of the ascending node", "label": "node", "units": "deg", "value": "351.0104480280529", "sigma": 0.00166480317961653, "name": "om"}, {"title": "argument of perihelion", "label": "peri", "units": "deg", "value": "306.0657899672061", "sigma": 0.0195759017514517, "name": "w"}, {"units": "deg", "title": "inclination", "label": "i", "sigma": 0.000267001166915312, "name": "i", "value": "2.809153545160776"}], "data": [["2.94941495855193E-9", "4.31953926589987E-8", "9.760586853842751E-5", "3.582595354545027E-10", "5.815936481761706E-7", "1.190542880949722E-10"], ["4.31953926589987E-8", "3.674134804209615E-6", ".005555776031239371", "1.657320128127248E-8", "3.690761142162614E-5", "4.078164139953091E-9"], ["9.760586853842751E-5", ".005555776031239371", "8.861797247311522", "2.707001384724986E-5", ".05792351909471999", "7.059189687055009E-6"], ["3.582595354545027E-10", "1.657320128127248E-8", "2.707001384724986E-5", "2.771569626861305E-6", "-2.592512743602218E-6", "4.251332128794144E-7"], ["5.815936481761706E-7", "3.690761142162614E-5", ".05792351909471999", "-2.592512743602218E-6", ".0003832159293824878", "-3.79560741832424E-7"], ["1.190542880949722E-10", "4.078164139953091E-9", "7.059189687055009E-6", "4.251332128794144E-7", "-3.79560741832424E-7", "7.12896231341383E-8"]], "epoch": "2457391.5"}, "condition_code": "3", "source": "JPL"}, "object": {"kind": "au", "des": "2000 QH226", "prefix": null, "fullname": "(2000 QH226)", "orbit_id": "6", "pha": false, "spkid": "3046158", "orbit_class": {"name": "TransNeptunian Object", "code": "TNO"}, "neo": false}, "signature": {"version": "1.3", "source": "NASA/JPL Small-Body Database (SBDB) API"}}