{"object": {"neo": false, "prefix": null, "kind": "au", "orbit_class": {"name": "TransNeptunian Object", "code": "TNO"}, "des": "2014 TH115", "fullname": "(2014 TH115)", "orbit_id": "2", "pha": false, "spkid": "54197637"}, "orbit": {"last_obs": "2021-11-05", "elements": [{"label": "e", "value": ".1644638656764083", "title": "eccentricity", "name": "e", "sigma": ".00041464", "units": null}, {"name": "a", "sigma": ".02475", "units": "au", "label": "a", "title": "semi-major axis", "value": "39.73022703118701"}, {"title": "perihelion distance", "value": "33.19604030943667", "label": "q", "sigma": ".0042984", "units": "au", "name": "q"}, {"title": "inclination; angle with respect to x-y ecliptic plane", "value": "8.059185001598502", "label": "i", "sigma": ".00060071", "units": "deg", "name": "i"}, {"sigma": ".0022269", "units": "deg", "name": "om", "title": "longitude of the ascending node", "value": "172.3490106462666", "label": "node"}, {"name": "w", "sigma": ".053822", "units": "deg", "label": "peri", "value": "221.9099773596563", "title": "argument of perihelion"}, {"title": "mean anomaly", "value": ".4022640673018613", "label": "M", "units": "deg", "sigma": ".037704", "name": "ma"}, {"label": "tp", "title": "time of perihelion passage", "value": "2459898.291094733438", "name": "tp", "sigma": "9.6366", "units": "TDB"}, {"name": "per", "units": "d", "sigma": "85.471", "label": "period", "value": "91470.27757851177", "title": "sidereal orbital period"}, {"name": "n", "sigma": "3.6776E-6", "units": "deg/d", "label": "n", "title": "mean motion", "value": ".003935704684956278"}, {"label": "Q", "title": "aphelion distance", "value": "46.26441375293737", "name": "ad", "sigma": ".02882", "units": "au"}], "n_dop_obs_used": null, "condition_code": "4", "soln_date": "2021-11-13 01:06:26", "not_valid_after": null, "first_obs": "2013-11-08", "sb_used": "SB441-N16", "source": "JPL", "t_jup": "5.528", "producer": "Otto Matic", "rms": ".17719", "orbit_id": "2", "moid": "32.2055", "covariance": {"elements": [{"label": "e", "value": ".1548511334537859", "title": "eccentricity", "name": "e", "units": null, "sigma": 0.000410590510154914}, {"value": "33.17195967634638", "title": "perihelion distance", "label": "q", "units": "au", "sigma": 0.00436349625686841, "name": "q"}, {"sigma": 10.4877578662201, "units": "TDB", "name": "tp", "title": "time of perihelion passage", "value": "2460101.028685318548", "label": "tp"}, {"name": "om", "units": "deg", "sigma": 0.00222154434487324, "label": "node", "title": "longitude of the ascending node", "value": "172.5008769543422"}, {"name": "w", "units": "deg", "sigma": 0.0584030145185905, "label": "peri", "title": "argument of perihelion", "value": "222.8768295271332"}, {"name": "i", "units": "deg", "sigma": 0.000603753415770471, "label": "i", "value": "8.088661019181377", "title": "inclination"}], "epoch": "2457261.5", "data": [["1.685845670292724E-7", "1.734643387397937E-6", "-.002522448444729545", "-5.27575034862914E-8", "-1.395647635897995E-5", "4.872689342651927E-9"], ["1.734643387397937E-6", "1.904009958370463E-5", "-.03497056993156892", "-4.768411303033434E-7", "-.0001939708718226101", "6.979172389621584E-8"], ["-.002522448444729545", "-.03497056993156892", "109.9930650604626", ".0002431192710380038", ".6120757813378258", "-.0002288440668604845"], ["-5.27575034862914E-8", "-4.768411303033434E-7", ".0002431192710380038", "4.935259276238283E-6", "-3.545425665127073E-6", "1.321969724437092E-6"], ["-1.395647635897995E-5", "-.0001939708718226101", ".6120757813378258", "-3.545425665127073E-6", ".003410912104858692", "-2.583016388055284E-6"], ["4.872689342651927E-9", "6.979172389621584E-8", "-.0002288440668604845", "1.321969724437092E-6", "-2.583016388055284E-6", "3.645181870545115E-7"]], "labels": ["e", "q", "tp", "node", "peri", "i"]}, "epoch": "2460000.5", "not_valid_before": null, "n_obs_used": 12, "data_arc": "2919", "model_pars": [], "n_del_obs_used": null, "pe_used": "DE441", "two_body": null, "equinox": "J2000", "moid_jup": "28.2459", "comment": null}, "signature": {"version": "1.3", "source": "NASA/JPL Small-Body Database (SBDB) API"}}