{"signature": {"version": "1.3", "source": "NASA/JPL Small-Body Database (SBDB) API"}, "object": {"spkid": "20038628", "pha": false, "neo": false, "orbit_class": {"code": "TNO", "name": "TransNeptunian Object"}, "prefix": null, "shortname": "38628 Huya", "des": "38628", "kind": "an", "orbit_id": "40", "fullname": "38628 Huya (2000 EB173)"}, "orbit": {"comment": null, "model_pars": [], "rms": ".42734", "sb_used": "SB441-N16", "pe_used": "DE441", "n_dop_obs_used": null, "data_arc": "9672", "t_jup": "5.229", "condition_code": "1", "source": "JPL", "covariance": {"data": [["2.075568999874157E-11", "1.463679652786839E-10", "-3.297753693155173E-8", "7.761438772312009E-12", "-2.478697850716145E-10", "3.008868275861034E-12"], ["1.463679652786839E-10", "1.04494930312148E-9", "-1.811323683581625E-7", "5.308042836162579E-11", "-1.3692431343845E-9", "2.120508924668046E-11"], ["-3.297753693155173E-8", "-1.811323683581625E-7", ".0009242420593951891", "-4.565705989971251E-8", "6.778001757657216E-6", "-7.929585938916758E-9"], ["7.761438772312009E-12", "5.308042836162579E-11", "-4.565705989971251E-8", "1.128389474482474E-9", "-1.420152262510495E-9", "9.255023318376989E-11"], ["-2.478697850716145E-10", "-1.3692431343845E-9", "6.778001757657216E-6", "-1.420152262510495E-9", "5.075570155893587E-8", "-1.469469315896505E-10"], ["3.008868275861034E-12", "2.120508924668046E-11", "-7.929585938916758E-9", "9.255023318376989E-11", "-1.469469315896505E-10", "1.019322923821511E-11"]], "epoch": "2457684.5", "labels": ["e", "q", "tp", "node", "peri", "i"], "elements": [{"name": "e", "sigma": 4.55584130526312e-06, "value": ".2816160445984238", "units": null, "title": "eccentricity", "label": "e"}, {"value": "28.53418341363583", "name": "q", "sigma": 3.23256756019341e-05, "title": "perihelion distance", "label": "q", "units": "au"}, {"name": "tp", "sigma": 0.0304013496311461, "value": "2457032.192601189142", "units": "TDB", "title": "time of perihelion passage", "label": "tp"}, {"title": "longitude of the ascending node", "label": "node", "units": "deg", "value": "169.2304521848319", "sigma": 3.35915089640593e-05, "name": "om"}, {"sigma": 0.000225290260683714, "name": "w", "value": "67.71066240799358", "units": "deg", "label": "peri", "title": "argument of perihelion"}, {"units": "deg", "label": "i", "title": "inclination", "sigma": 3.19268370469345e-06, "name": "i", "value": "15.46390585601863"}]}, "last_obs": "2022-10-02", "n_obs_used": 813, "orbit_id": "40", "soln_date": "2023-02-13 11:14:18", "not_valid_before": null, "moid": "27.5689", "epoch": "2460000.5", "first_obs": "1996-04-09", "not_valid_after": null, "producer": "Otto Matic", "n_del_obs_used": null, "moid_jup": "23.325", "elements": [{"units": null, "label": "e", "title": "eccentricity", "sigma": "4.5343E-6", "name": "e", "value": ".2744512050060157"}, {"units": "au", "title": "semi-major axis", "label": "a", "sigma": ".0002903", "name": "a", "value": "39.34649365612194"}, {"name": "q", "sigma": "3.2374E-5", "value": "28.54780105943772", "units": "au", "label": "q", "title": "perihelion distance"}, {"label": "i", "title": "inclination; angle with respect to x-y ecliptic plane", "units": "deg", "value": "15.47499883870135", "name": "i", "sigma": "3.2211E-6"}, {"label": "node", "title": "longitude of the ascending node", "units": "deg", "value": "169.4546760085177", "sigma": "3.362E-5", "name": "om"}, {"units": "deg", "title": "argument of perihelion", "label": "peri", "name": "w", "sigma": ".00023289", "value": "68.17750972969078"}, {"title": "mean anomaly", "label": "M", "units": "deg", "value": "11.51258177954136", "sigma": ".00015348", "name": "ma"}, {"label": "tp", "title": "time of perihelion passage", "units": "TDB", "value": "2457117.612407346663", "name": "tp", "sigma": ".031565"}, {"sigma": ".99769", "name": "per", "value": "90148.28760647879", "units": "d", "title": "sidereal orbital period", "label": "period"}, {"value": ".0039934202807212", "name": "n", "sigma": "4.4196E-8", "label": "n", "title": "mean motion", "units": "deg/d"}, {"units": "au", "label": "Q", "title": "aphelion distance", "name": "ad", "sigma": ".00036998", "value": "50.14518625280616"}], "two_body": null, "equinox": "J2000"}}