{"object": {"spkid": "54198861", "pha": false, "orbit_class": {"code": "TNO", "name": "TransNeptunian Object"}, "neo": false, "des": "2014 SB404", "kind": "au", "prefix": null, "fullname": "(2014 SB404)", "orbit_id": "1"}, "orbit": {"data_arc": "1526", "pe_used": "DE441", "n_dop_obs_used": null, "sb_used": "SB441-N16", "rms": ".23989", "model_pars": [], "comment": null, "equinox": "J2000", "two_body": null, "producer": "Otto Matic", "n_del_obs_used": null, "moid_jup": "30.4118", "elements": [{"name": "e", "sigma": ".00052822", "value": ".1096543118513585", "units": null, "label": "e", "title": "eccentricity"}, {"value": "39.73868283482455", "name": "a", "sigma": ".01001", "label": "a", "title": "semi-major axis", "units": "au"}, {"value": "35.38116491469248", "sigma": ".017206", "name": "q", "title": "perihelion distance", "label": "q", "units": "au"}, {"units": "deg", "title": "inclination; angle with respect to x-y ecliptic plane", "label": "i", "name": "i", "sigma": ".00022016", "value": "21.83956298776733"}, {"title": "longitude of the ascending node", "label": "node", "units": "deg", "value": "135.0024864261469", "name": "om", "sigma": ".0026323"}, {"value": "203.6864577546428", "name": "w", "sigma": ".20898", "title": "argument of perihelion", "label": "peri", "units": "deg"}, {"title": "mean anomaly", "label": "M", "units": "deg", "value": "54.14751905622806", "name": "ma", "sigma": ".14365"}, {"units": "TDB", "title": "time of perihelion passage", "label": "tp", "name": "tp", "sigma": "36.646", "value": "2446238.083691830729"}, {"value": "91499.4806280247", "sigma": "34.573", "name": "per", "title": "sidereal orbital period", "label": "period", "units": "d"}, {"units": "deg/d", "title": "mean motion", "label": "n", "name": "n", "sigma": "1.4866E-6", "value": ".003934448562211163"}, {"units": "au", "label": "Q", "title": "aphelion distance", "name": "ad", "sigma": ".011108", "value": "44.09620075495663"}], "first_obs": "2014-09-25", "not_valid_after": null, "not_valid_before": null, "moid": "34.3816", "soln_date": "2021-09-20 15:12:06", "epoch": "2460000.5", "orbit_id": "1", "last_obs": "2018-11-29", "n_obs_used": 11, "source": "JPL", "condition_code": "4", "covariance": {"epoch": "2457495.5", "data": [["3.010748962957389E-7", "-9.094938839892284E-6", "-.01595047082143293", "4.336158498385859E-7", "-9.647771421644342E-5", "3.732972510521845E-8"], ["-9.094938839892284E-6", ".0003260591124778116", ".6193988080355241", "-1.359426849334011E-5", ".003655965521655235", "-9.793446805627062E-7"], ["-.01595047082143293", ".6193988080355241", "1215.693524137582", "-.02432489448930267", "7.107684652978177", "-.001588131711012928"], ["4.336158498385859E-7", "-1.359426849334011E-5", "-.02432489448930267", "6.982086488649248E-6", "-.0001521161332006487", "5.754206846513155E-7"], ["-9.647771421644342E-5", ".003655965521655235", "7.107684652978177", "-.0001521161332006487", ".0416757825150286", "-1.034074560861215E-5"], ["3.732972510521845E-8", "-9.793446805627062E-7", "-.001588131711012928", "5.754206846513155E-7", "-1.034074560861215E-5", "4.991594928805496E-8"]], "elements": [{"title": "eccentricity", "label": "e", "units": null, "value": ".1024577065935813", "sigma": 0.000548702921712413, "name": "e"}, {"label": "q", "title": "perihelion distance", "units": "au", "value": "35.26202973930966", "name": "q", "sigma": 0.018057106979741}, {"value": "2445373.687298273844", "sigma": 34.8667968723481, "name": "tp", "title": "time of perihelion passage", "label": "tp", "units": "TDB"}, {"value": "135.1930984736487", "sigma": 0.00264236380702, "name": "om", "label": "node", "title": "longitude of the ascending node", "units": "deg"}, {"title": "argument of perihelion", "label": "peri", "units": "deg", "value": "199.4385268378048", "name": "w", "sigma": 0.204146473187828}, {"title": "inclination", "label": "i", "units": "deg", "value": "21.85350096546169", "name": "i", "sigma": 0.000223418775594297}], "labels": ["e", "q", "tp", "node", "peri", "i"]}, "t_jup": "5.230"}, "signature": {"version": "1.3", "source": "NASA/JPL Small-Body Database (SBDB) API"}}