{"signature": {"version": "1.3", "source": "NASA/JPL Small-Body Database (SBDB) API"}, "orbit": {"pe_used": "DE441", "n_dop_obs_used": null, "data_arc": "8144", "model_pars": [], "rms": ".63178", "sb_used": "SB441-N16", "comment": null, "producer": "Otto Matic", "n_del_obs_used": null, "moid_jup": "26.2172", "elements": [{"value": ".1916239589409792", "name": "e", "sigma": "2.1953E-5", "title": "eccentricity", "label": "e", "units": null}, {"sigma": ".001317", "name": "a", "value": "39.08254759597441", "units": "au", "title": "semi-major axis", "label": "a"}, {"value": "31.59339510013454", "name": "q", "sigma": ".00021061", "label": "q", "title": "perihelion distance", "units": "au"}, {"title": "inclination; angle with respect to x-y ecliptic plane", "label": "i", "units": "deg", "value": "8.676897789357833", "sigma": "5.6827E-5", "name": "i"}, {"label": "node", "title": "longitude of the ascending node", "units": "deg", "value": "10.89558616244254", "sigma": ".00020529", "name": "om"}, {"label": "peri", "title": "argument of perihelion", "units": "deg", "value": "219.4305412700396", "sigma": ".0022414", "name": "w"}, {"sigma": ".001329", "name": "ma", "value": "4.52593199380862", "units": "deg", "label": "M", "title": "mean anomaly"}, {"label": "tp", "title": "time of perihelion passage", "units": "TDB", "value": "2458878.537740763866", "name": "tp", "sigma": ".36741"}, {"label": "period", "title": "sidereal orbital period", "units": "d", "value": "89242.70490090079", "name": "per", "sigma": "4.5111"}, {"value": ".004033943171038581", "name": "n", "sigma": "2.0391E-7", "label": "n", "title": "mean motion", "units": "deg/d"}, {"title": "aphelion distance", "label": "Q", "units": "au", "value": "46.57170009181428", "name": "ad", "sigma": ".0015694"}], "two_body": null, "equinox": "J2000", "not_valid_before": null, "soln_date": "2022-06-29 20:22:25", "moid": "30.5883", "epoch": "2460000.5", "first_obs": "2000-03-03", "not_valid_after": null, "n_obs_used": 114, "last_obs": "2022-06-20", "orbit_id": "11", "t_jup": "5.451", "condition_code": "2", "source": "JPL", "covariance": {"labels": ["e", "q", "tp", "node", "peri", "i"], "elements": [{"units": null, "title": "eccentricity", "label": "e", "sigma": 2.21346178711858e-05, "name": "e", "value": ".1971684792732517"}, {"units": "au", "title": "perihelion distance", "label": "q", "name": "q", "sigma": 0.000207318146819535, "value": "31.60581325002505"}, {"units": "TDB", "title": "time of perihelion passage", "label": "tp", "sigma": 0.34387309828647, "name": "tp", "value": "2458674.493730490602"}, {"value": "10.74034768111134", "name": "om", "sigma": 0.000206059060358696, "title": "longitude of the ascending node", "label": "node", "units": "deg"}, {"name": "w", "sigma": 0.0021018227922362, "value": "218.3157293902926", "units": "deg", "label": "peri", "title": "argument of perihelion"}, {"label": "i", "title": "inclination", "units": "deg", "value": "8.649085507092428", "sigma": 5.66291628976197e-05, "name": "i"}], "data": [["4.899413083034182E-10", "4.496407377072946E-9", "-5.007862882679127E-6", "-1.605159116855156E-12", "-3.035551204676032E-8", "3.167814238460696E-11"], ["4.496407377072946E-9", "4.298081400068633E-8", "-5.477636783318034E-5", "4.849748536512281E-11", "-3.326274405454371E-7", "3.152897774227802E-10"], ["-5.007862882679127E-6", "-5.477636783318034E-5", ".1182487077251363", "-4.829412084198054E-7", ".0007193414680434367", "-4.840602252531262E-7"], ["-1.605159116855156E-12", "4.849748536512281E-11", "-4.829412084198054E-7", "4.246033635590888E-8", "-4.491916080585855E-8", "1.138599131166221E-8"], ["-3.035551204676032E-8", "-3.326274405454371E-7", ".0007193414680434367", "-4.491916080585855E-8", "4.41765904996359E-6", "-1.419738030832692E-8"], ["3.167814238460696E-11", "3.152897774227802E-10", "-4.840602252531262E-7", "1.138599131166221E-8", "-1.419738030832692E-8", "3.206862090485145E-9"]], "epoch": "2457032.5"}}, "object": {"orbit_id": "11", "fullname": "(2002 GH166)", "prefix": null, "des": "2002 GH166", "kind": "au", "neo": false, "orbit_class": {"name": "TransNeptunian Object", "code": "TNO"}, "spkid": "3127397", "pha": false}}