{"signature": {"version": "1.3", "source": "NASA/JPL Small-Body Database (SBDB) API"}, "orbit": {"epoch": "2460000.5", "covariance": {"epoch": "2457445.5", "elements": [{"label": "e", "value": ".1011430225964117", "title": "eccentricity", "name": "e", "units": null, "sigma": 1.94537793532052e-05}, {"name": "q", "sigma": 0.000216292949101028, "units": "au", "label": "q", "value": "36.45898863664063", "title": "perihelion distance"}, {"title": "time of perihelion passage", "value": "2457650.425860643545", "label": "tp", "sigma": 4.36537628881244, "units": "TDB", "name": "tp"}, {"title": "longitude of the ascending node", "value": "159.1303658138731", "label": "node", "sigma": 0.000295377983350812, "units": "deg", "name": "om"}, {"title": "argument of perihelion", "value": "275.2869350445614", "label": "peri", "units": "deg", "sigma": 0.0205371687497124, "name": "w"}, {"label": "i", "value": "28.22305220469022", "title": "inclination", "name": "i", "units": "deg", "sigma": 1.24449103414561e-05}], "data": [["3.784495311231941E-10", "3.904356496593326E-9", "-1.815311301111469E-5", "3.969928913442354E-10", "-8.559475933184335E-8", "4.047233905779502E-11"], ["3.904356496593326E-9", "4.678263983081971E-8", "3.749729139565105E-5", "2.554282514690901E-9", "1.738933543517778E-7", "5.765874326443685E-10"], ["-1.815311301111469E-5", "3.749729139565105E-5", "19.05651014292587", "-.0001613313503935668", ".08964537883979135", "7.278192401214421E-6"], ["3.969928913442354E-10", "2.554282514690901E-9", "-.0001613313503935668", "8.724815304839236E-8", "-8.346025948866088E-7", "-3.072960989837313E-9"], ["-8.559475933184335E-8", "1.738933543517778E-7", ".08964537883979135", "-8.346025948866088E-7", ".000421775300254164", "3.689165531610959E-8"], ["4.047233905779502E-11", "5.765874326443685E-10", "7.278192401214421E-6", "-3.072960989837313E-9", "3.689165531610959E-8", "1.548757934068804E-10"]], "labels": ["e", "q", "tp", "node", "peri", "i"]}, "orbit_id": "4", "moid": "35.5801", "rms": ".66594", "producer": "Otto Matic", "comment": null, "equinox": "J2000", "two_body": null, "pe_used": "DE441", "moid_jup": "32.0285", "n_del_obs_used": null, "data_arc": "2998", "model_pars": [], "not_valid_before": null, "n_obs_used": 87, "not_valid_after": null, "sb_used": "SB441-N16", "first_obs": "2013-10-25", "n_dop_obs_used": null, "condition_code": "3", "elements": [{"label": "e", "title": "eccentricity", "value": ".104999867222884", "name": "e", "sigma": "1.9842E-5", "units": null}, {"sigma": ".0011173", "units": "au", "name": "a", "value": "40.72221254116597", "title": "semi-major axis", "label": "a"}, {"value": "36.44638563132148", "title": "perihelion distance", "label": "q", "units": "au", "sigma": ".00022329", "name": "q"}, {"units": "deg", "sigma": "1.2818E-5", "name": "i", "value": "28.24286401820895", "title": "inclination; angle with respect to x-y ecliptic plane", "label": "i"}, {"name": "om", "units": "deg", "sigma": ".00029461", "label": "node", "value": "158.8628829305512", "title": "longitude of the ascending node"}, {"units": "deg", "sigma": ".019719", "name": "w", "value": "273.284086745537", "title": "argument of perihelion", "label": "peri"}, {"title": "mean anomaly", "value": "10.69052166301784", "label": "M", "sigma": ".015792", "units": "deg", "name": "ma"}, {"title": "time of perihelion passage", "value": "2457181.845315172996", "label": "tp", "sigma": "4.1802", "units": "TDB", "name": "tp"}, {"label": "period", "title": "sidereal orbital period", "value": "94917.32195333077", "name": "per", "sigma": "3.9065", "units": "d"}, {"label": "n", "title": "mean motion", "value": ".003792774517774594", "name": "n", "units": "deg/d", "sigma": "1.561E-7"}, {"units": "au", "sigma": ".0012347", "name": "ad", "value": "44.99803945101046", "title": "aphelion distance", "label": "Q"}], "soln_date": "2022-02-02 17:05:04", "last_obs": "2022-01-09", "source": "JPL", "t_jup": "5.029"}, "object": {"des": "2014 SA365", "orbit_id": "4", "pha": false, "fullname": "(2014 SA365)", "spkid": "3841296", "prefix": null, "neo": false, "orbit_class": {"name": "TransNeptunian Object", "code": "TNO"}, "kind": "au"}}