{"signature": {"version": "1.3", "source": "NASA/JPL Small-Body Database (SBDB) API"}, "object": {"orbit_class": {"code": "TNO", "name": "TransNeptunian Object"}, "neo": false, "spkid": "3755764", "pha": false, "fullname": "(2014 WB510)", "orbit_id": "6", "des": "2014 WB510", "kind": "au", "prefix": null}, "orbit": {"orbit_id": "6", "n_obs_used": 82, "last_obs": "2021-12-01", "covariance": {"epoch": "2457131.5", "data": [["6.204563294013601E-10", "6.724489308968503E-9", "9.637997621862887E-6", "8.818249696025851E-11", "6.324905386449074E-8", "-7.516319503593227E-11"], ["6.724489308968503E-9", "2.456588965280538E-7", ".0004721749152989575", "8.35427348572882E-10", "3.217058455851968E-6", "-4.735465069651991E-10"], ["9.637997621862887E-6", ".0004721749152989575", ".9391082235987142", "1.067213773581396E-6", ".006412542776242449", "-3.989303727508536E-7"], ["8.818249696025851E-11", "8.35427348572882E-10", "1.067213773581396E-6", "7.839036868832187E-9", "-6.997609022793784E-10", "-8.546032630326878E-9"], ["6.324905386449074E-8", "3.217058455851968E-6", ".006412542776242449", "-6.997609022793784E-10", "4.381008353298429E-5", "5.929620097703665E-9"], ["-7.516319503593227E-11", "-4.735465069651991E-10", "-3.989303727508536E-7", "-8.546032630326878E-9", "5.929620097703665E-9", "1.063630546263915E-8"]], "elements": [{"units": null, "title": "eccentricity", "label": "e", "name": "e", "sigma": 2.4908960825401e-05, "value": ".2333421312481992"}, {"units": "au", "title": "perihelion distance", "label": "q", "sigma": 0.00049563988593338, "name": "q", "value": "30.35629691925909"}, {"units": "TDB", "label": "tp", "title": "time of perihelion passage", "name": "tp", "sigma": 0.969075963791649, "value": "2452391.332382943513"}, {"units": "deg", "label": "node", "title": "longitude of the ascending node", "sigma": 8.85383355887843e-05, "name": "om", "value": "82.43472622422136"}, {"title": "argument of perihelion", "label": "peri", "units": "deg", "value": "319.7095556146049", "name": "w", "sigma": 0.00661891860752074}, {"name": "i", "sigma": 0.000103132465609231, "value": "12.61703073900564", "units": "deg", "title": "inclination", "label": "i"}], "labels": ["e", "q", "tp", "node", "peri", "i"]}, "condition_code": "3", "source": "JPL", "t_jup": "5.368", "two_body": null, "equinox": "J2000", "moid_jup": "25.3539", "n_del_obs_used": null, "elements": [{"title": "eccentricity", "label": "e", "units": null, "value": ".2365495200213673", "name": "e", "sigma": "2.4834E-5"}, {"value": "39.67757805076", "name": "a", "sigma": ".0017329", "label": "a", "title": "semi-major axis", "units": "au"}, {"units": "au", "title": "perihelion distance", "label": "q", "name": "q", "sigma": ".00050229", "value": "30.29186600724238"}, {"units": "deg", "label": "i", "title": "inclination; angle with respect to x-y ecliptic plane", "sigma": ".00010304", "name": "i", "value": "12.61256682528208"}, {"name": "om", "sigma": "8.8604E-5", "value": "82.40372433230876", "units": "deg", "label": "node", "title": "longitude of the ascending node"}, {"units": "deg", "title": "argument of perihelion", "label": "peri", "name": "w", "sigma": ".0065475", "value": "318.9883646764711"}, {"label": "M", "title": "mean anomaly", "units": "deg", "value": "30.37700648020573", "sigma": ".0052968", "name": "ma"}, {"sigma": ".95175", "name": "tp", "value": "2452297.522454439713", "units": "TDB", "label": "tp", "title": "time of perihelion passage"}, {"label": "period", "title": "sidereal orbital period", "units": "d", "value": "91288.51844597302", "sigma": "5.9806", "name": "per"}, {"title": "mean motion", "label": "n", "units": "deg/d", "value": ".003943540832170012", "sigma": "2.5835E-7", "name": "n"}, {"value": "49.06329009427761", "name": "ad", "sigma": ".0021429", "title": "aphelion distance", "label": "Q", "units": "au"}], "producer": "Otto Matic", "not_valid_after": null, "first_obs": "2011-11-26", "epoch": "2460000.5", "not_valid_before": null, "soln_date": "2021-12-14 21:43:28", "moid": "29.3097", "sb_used": "SB441-N16", "rms": ".72166", "model_pars": [], "comment": null, "data_arc": "3658", "n_dop_obs_used": null, "pe_used": "DE441"}}