{"signature": {"version": "1.3", "source": "NASA/JPL Small-Body Database (SBDB) API"}, "object": {"orbit_class": {"name": "TransNeptunian Object", "code": "TNO"}, "kind": "au", "prefix": null, "neo": false, "spkid": "3126199", "des": "2002 GE32", "fullname": "(2002 GE32)", "orbit_id": "5", "pha": false}, "orbit": {"orbit_id": "5", "moid": "29.1511", "rms": ".25915", "producer": "Otto Matic", "epoch": "2460000.5", "covariance": {"data": [["1.133069282988496E-8", "9.563207241413959E-7", "-.0009879431101390622", "-6.632451562851794E-9", "-7.698417867843001E-6", "1.557179492810098E-9"], ["9.563207241413959E-7", ".0004565625735484204", "-.3150776738168965", "-2.199019102517335E-6", "-.002932485699300875", "1.313280573120753E-6"], ["-.0009879431101390622", "-.3150776738168965", "229.0326559397207", ".001588237857571665", "2.078698440412901", "-.00086398928840844"], ["-6.632451562851794E-9", "-2.199019102517335E-6", ".001588237857571665", "1.149271257371571E-7", "1.435990543848067E-5", "8.114201429830552E-8"], ["-7.698417867843001E-6", "-.002932485699300875", "2.078698440412901", "1.435990543848067E-5", ".01909594849283562", "-8.31860215050239E-6"], ["1.557179492810098E-9", "1.313280573120753E-6", "-.00086398928840844", "8.114201429830552E-8", "-8.31860215050239E-6", "2.481484667808927E-7"]], "labels": ["e", "q", "tp", "node", "peri", "i"], "elements": [{"units": null, "sigma": 0.000106445727156542, "name": "e", "title": "eccentricity", "value": ".2319101980479212", "label": "e"}, {"title": "perihelion distance", "value": "30.32857539892308", "label": "q", "units": "au", "sigma": 0.0213673249038905, "name": "q"}, {"sigma": 15.1338248945771, "units": "TDB", "name": "tp", "title": "time of perihelion passage", "value": "2472631.600048378514", "label": "tp"}, {"name": "om", "sigma": 0.000339009034890159, "units": "deg", "label": "node", "title": "longitude of the ascending node", "value": "203.7419789763204"}, {"units": "deg", "sigma": 0.138188090994975, "name": "w", "value": "103.7882217441318", "title": "argument of perihelion", "label": "peri"}, {"label": "i", "title": "inclination", "value": "15.67995468685764", "name": "i", "units": "deg", "sigma": 0.000498145025851802}], "epoch": "2454469.5"}, "model_pars": [], "data_arc": "5885", "n_del_obs_used": null, "not_valid_before": null, "n_obs_used": 16, "comment": null, "two_body": null, "pe_used": "DE441", "equinox": "J2000", "moid_jup": "25.2678", "last_obs": "2018-05-19", "not_valid_after": null, "sb_used": "SB441-N16", "first_obs": "2002-04-08", "condition_code": "4", "n_dop_obs_used": null, "elements": [{"label": "e", "title": "eccentricity", "value": ".23106390344896", "name": "e", "sigma": "9.7629E-5", "units": null}, {"label": "a", "title": "semi-major axis", "value": "39.1842928734432", "name": "a", "units": "au", "sigma": ".029974"}, {"units": "au", "sigma": ".021714", "name": "q", "title": "perihelion distance", "value": "30.13021720821814", "label": "q"}, {"sigma": ".00049908", "units": "deg", "name": "i", "value": "15.73859851581259", "title": "inclination; angle with respect to x-y ecliptic plane", "label": "i"}, {"title": "longitude of the ascending node", "value": "203.8281806509132", "label": "node", "sigma": ".00034233", "units": "deg", "name": "om"}, {"value": "105.6193480239466", "title": "argument of perihelion", "label": "peri", "units": "deg", "sigma": ".13831", "name": "w"}, {"name": "ma", "sigma": ".1184", "units": "deg", "label": "M", "title": "mean anomaly", "value": "308.1363940649791"}, {"sigma": "14.679", "units": "TDB", "name": "tp", "title": "time of perihelion passage", "value": "2472907.539989794275", "label": "tp"}, {"units": "d", "sigma": "102.8", "name": "per", "value": "89591.42567424853", "title": "sidereal orbital period", "label": "period"}, {"sigma": "4.6106E-6", "units": "deg/d", "name": "n", "title": "mean motion", "value": ".004018241670904403", "label": "n"}, {"sigma": ".0369", "units": "au", "name": "ad", "value": "48.23836853866825", "title": "aphelion distance", "label": "Q"}], "soln_date": "2021-04-14 21:21:37", "source": "JPL", "t_jup": "5.272"}}