{"orbit": {"n_dop_obs_used": null, "pe_used": "DE441", "data_arc": "1473", "model_pars": [], "sb_used": "SB441-N16", "rms": ".15682", "comment": null, "n_del_obs_used": null, "moid_jup": "29.6755", "elements": [{"sigma": ".00023081", "name": "e", "value": ".1241968636688296", "units": null, "label": "e", "title": "eccentricity"}, {"title": "semi-major axis", "label": "a", "units": "au", "value": "39.17982413047798", "sigma": ".0073855", "name": "a"}, {"value": "34.31381285437628", "sigma": ".009585", "name": "q", "title": "perihelion distance", "label": "q", "units": "au"}, {"value": "29.24950186946444", "name": "i", "sigma": "5.1359E-5", "title": "inclination; angle with respect to x-y ecliptic plane", "label": "i", "units": "deg"}, {"value": "89.62226362563752", "sigma": ".0014355", "name": "om", "label": "node", "title": "longitude of the ascending node", "units": "deg"}, {"units": "deg", "title": "argument of perihelion", "label": "peri", "sigma": ".17218", "name": "w", "value": "306.636946473182"}, {"sigma": ".12766", "name": "ma", "value": "338.7877451769511", "units": "deg", "label": "M", "title": "mean anomaly"}, {"units": "TDB", "label": "tp", "title": "time of perihelion passage", "name": "tp", "sigma": "31.121", "value": "2465278.586277588962"}, {"value": "89576.10003192099", "name": "per", "sigma": "25.328", "label": "period", "title": "sidereal orbital period", "units": "d"}, {"sigma": "1.1364E-6", "name": "n", "value": ".004018929154894127", "units": "deg/d", "label": "n", "title": "mean motion"}, {"units": "au", "label": "Q", "title": "aphelion distance", "name": "ad", "sigma": ".0083028", "value": "44.04583540657966"}], "producer": "Otto Matic", "equinox": "J2000", "two_body": null, "epoch": "2460000.5", "not_valid_before": null, "soln_date": "2021-09-21 14:12:08", "moid": "33.4006", "first_obs": "2014-11-18", "not_valid_after": null, "last_obs": "2018-11-30", "n_obs_used": 20, "orbit_id": "1", "t_jup": "4.884", "covariance": {"epoch": "2457577.5", "data": [["5.92341198947533E-8", "-1.949701743461502E-6", ".00624654550486201", "-5.421809393445625E-8", "3.496530914610002E-5", "-2.077761923954753E-9"], ["-1.949701743461502E-6", ".0001027027432515823", "-.3325904607297941", "3.35979929232396E-6", "-.001845645123449079", "2.139378541261739E-7"], [".00624654550486201", "-.3325904607297941", "1078.161191717986", "-.01089289501520116", "5.98154008379282", "-.0006963607717414164"], ["-5.421809393445625E-8", "3.35979929232396E-6", "-.01089289501520116", "2.074350951598133E-6", "-6.203890429482827E-5", "5.176211012687924E-8"], ["3.496530914610002E-5", "-.001845645123449079", "5.98154008379282", "-6.203890429482827E-5", ".03319100152549602", "-3.877292188985002E-6"], ["-2.077761923954753E-9", "2.139378541261739E-7", "-.0006963607717414164", "5.176211012687924E-8", "-3.877292188985002E-6", "2.559281766243849E-9"]], "elements": [{"units": null, "label": "e", "title": "eccentricity", "name": "e", "sigma": 0.000243380607063819, "value": ".1138560819768455"}, {"units": "au", "title": "perihelion distance", "label": "q", "sigma": 0.0101342361947797, "name": "q", "value": "34.25210602674237"}, {"label": "tp", "title": "time of perihelion passage", "units": "TDB", "value": "2465833.528940686778", "name": "tp", "sigma": 32.8353649548469}, {"units": "deg", "label": "node", "title": "longitude of the ascending node", "sigma": 0.00144026072347965, "name": "om", "value": "89.5769208119453"}, {"units": "deg", "label": "peri", "title": "argument of perihelion", "name": "w", "sigma": 0.182183977137113, "value": "309.419692578938"}, {"value": "29.26105875362915", "sigma": 5.05893443942877e-05, "name": "i", "title": "inclination", "label": "i", "units": "deg"}], "labels": ["e", "q", "tp", "node", "peri", "i"]}, "source": "JPL", "condition_code": "4"}, "object": {"orbit_class": {"name": "TransNeptunian Object", "code": "TNO"}, "neo": false, "pha": false, "spkid": "54198963", "fullname": "(2014 WC602)", "orbit_id": "1", "kind": "au", "des": "2014 WC602", "prefix": null}, "signature": {"version": "1.3", "source": "NASA/JPL Small-Body Database (SBDB) API"}}