{"orbit": {"model_pars": [], "rms": ".13271", "sb_used": "SB441-N16", "comment": null, "n_dop_obs_used": null, "pe_used": "DE441", "data_arc": "3307", "n_obs_used": 13, "last_obs": "2022-11-28", "orbit_id": "4", "t_jup": "5.415", "covariance": {"data": [["7.721185221726989E-8", "1.356785966772783E-8", ".003239159381522476", "3.537616555088607E-8", "1.510055640576223E-5", "-4.286134896040958E-9"], ["1.356785966772783E-8", ".0004311494888515936", ".2432620767981816", "3.260720854897164E-7", ".002554685201155009", "5.739195500675616E-7"], [".003239159381522476", ".2432620767981816", "272.7244637290109", ".001664349016896585", "2.070950488171828", ".0001429535152347039"], ["3.537616555088607E-8", "3.260720854897164E-7", ".001664349016896585", "1.534218922961716E-5", "-6.304131133899926E-6", "-2.625513143004353E-6"], ["1.510055640576223E-5", ".002554685201155009", "2.070950488171828", "-6.304131133899926E-6", ".01807783151740444", "5.148609507114359E-6"], ["-4.286134896040958E-9", "5.739195500675616E-7", ".0001429535152347039", "-2.625513143004353E-6", "5.148609507114359E-6", "4.542172667820197E-7"]], "epoch": "2457106.5", "labels": ["e", "q", "tp", "node", "peri", "i"], "elements": [{"units": null, "label": "e", "title": "eccentricity", "name": "e", "sigma": 0.000277870207502118, "value": ".2374503774198839"}, {"label": "q", "title": "perihelion distance", "units": "au", "value": "29.88337301789862", "sigma": 0.0207641394922013, "name": "q"}, {"title": "time of perihelion passage", "label": "tp", "units": "TDB", "value": "2439403.012223606260", "sigma": 16.5143714300306, "name": "tp"}, {"label": "node", "title": "longitude of the ascending node", "units": "deg", "value": "70.35453850127546", "sigma": 0.00391691067419429, "name": "om"}, {"label": "peri", "title": "argument of perihelion", "units": "deg", "value": "217.8158448696598", "sigma": 0.134453826711643, "name": "w"}, {"value": "9.469187544629023", "sigma": 0.000673956427955116, "name": "i", "label": "i", "title": "inclination", "units": "deg"}]}, "condition_code": "4", "source": "JPL", "n_del_obs_used": null, "moid_jup": "24.9706", "elements": [{"sigma": ".00028858", "name": "e", "value": ".239218092987372", "units": null, "label": "e", "title": "eccentricity"}, {"sigma": ".031509", "name": "a", "value": "39.59140346858369", "units": "au", "title": "semi-major axis", "label": "a"}, {"units": "au", "label": "q", "title": "perihelion distance", "sigma": ".020388", "name": "q", "value": "30.12042343213547"}, {"name": "i", "sigma": ".0006701", "value": "9.455101121239835", "units": "deg", "title": "inclination; angle with respect to x-y ecliptic plane", "label": "i"}, {"value": "70.3898805144978", "name": "om", "sigma": ".0039105", "label": "node", "title": "longitude of the ascending node", "units": "deg"}, {"label": "peri", "title": "argument of perihelion", "units": "deg", "value": "219.9555667311353", "name": "w", "sigma": ".13321"}, {"value": "80.20690616599465", "name": "ma", "sigma": ".16027", "title": "mean anomaly", "label": "M", "units": "deg"}, {"name": "tp", "sigma": "16.649", "value": "2439727.919364224676", "units": "TDB", "label": "tp", "title": "time of perihelion passage"}, {"label": "period", "title": "sidereal orbital period", "units": "d", "value": "90991.27965084517", "name": "per", "sigma": "108.62"}, {"title": "mean motion", "label": "n", "units": "deg/d", "value": ".003956423092206245", "name": "n", "sigma": "4.7231E-6"}, {"value": "49.0623835050319", "name": "ad", "sigma": ".039046", "label": "Q", "title": "aphelion distance", "units": "au"}], "producer": "Otto Matic", "equinox": "J2000", "two_body": null, "epoch": "2460000.5", "moid": "29.1092", "not_valid_before": null, "soln_date": "2022-12-21 23:46:15", "not_valid_after": null, "first_obs": "2013-11-08"}, "object": {"prefix": null, "des": "2013 VQ46", "kind": "au", "orbit_id": "4", "fullname": "(2013 VQ46)", "spkid": "3989584", "pha": false, "neo": false, "orbit_class": {"code": "TNO", "name": "TransNeptunian Object"}}, "signature": {"version": "1.3", "source": "NASA/JPL Small-Body Database (SBDB) API"}}