{"signature": {"version": "1.3", "source": "NASA/JPL Small-Body Database (SBDB) API"}, "object": {"neo": false, "prefix": null, "kind": "an", "orbit_class": {"code": "TNO", "name": "TransNeptunian Object"}, "fullname": "126155 (2001 YJ140)", "orbit_id": "7", "pha": false, "des": "126155", "spkid": "20126155"}, "orbit": {"last_obs": "2022-03-02", "soln_date": "2022-04-13 14:13:26", "n_dop_obs_used": null, "condition_code": "2", "elements": [{"sigma": "2.032E-5", "units": null, "name": "e", "value": ".2930259226121538", "title": "eccentricity", "label": "e"}, {"sigma": ".0013453", "units": "au", "name": "a", "value": "39.37831138875674", "title": "semi-major axis", "label": "a"}, {"name": "q", "sigma": ".00015364", "units": "au", "label": "q", "value": "27.83944536315761", "title": "perihelion distance"}, {"name": "i", "sigma": "3.4036E-5", "units": "deg", "label": "i", "value": "5.986167883573471", "title": "inclination; angle with respect to x-y ecliptic plane"}, {"value": "319.4219082075551", "title": "longitude of the ascending node", "label": "node", "units": "deg", "sigma": ".00017785", "name": "om"}, {"units": "deg", "sigma": ".0010289", "name": "w", "title": "argument of perihelion", "value": "128.8267500500581", "label": "peri"}, {"name": "ma", "units": "deg", "sigma": ".0015638", "label": "M", "title": "mean anomaly", "value": "21.70205316098061"}, {"label": "tp", "title": "time of perihelion passage", "value": "2454559.454189586720", "name": "tp", "units": "TDB", "sigma": ".13279"}, {"title": "sidereal orbital period", "value": "90257.65798374225", "label": "period", "units": "d", "sigma": "4.6252", "name": "per"}, {"value": ".003988581224485631", "title": "mean motion", "label": "n", "units": "deg/d", "sigma": "2.0439E-7", "name": "n"}, {"label": "Q", "value": "50.91717741435586", "title": "aphelion distance", "name": "ad", "units": "au", "sigma": ".0017395"}], "not_valid_after": null, "first_obs": "2001-12-20", "sb_used": "SB441-N16", "t_jup": "5.364", "source": "JPL", "producer": "Otto Matic", "rms": ".53042", "moid": "26.8584", "orbit_id": "7", "covariance": {"data": [["4.161665040148594E-10", "3.037237084105246E-9", "1.916632470783523E-6", "3.802283671090474E-11", "1.440305801130052E-8", "1.364891158553319E-11"], ["3.037237084105246E-9", "2.305862885475322E-8", "1.628530875913532E-5", "2.380248514030278E-10", "1.23013738051723E-7", "1.085474355680311E-10"], ["1.916632470783523E-6", "1.628530875913532E-5", ".01605402357409639", "4.800175958052559E-8", ".0001220510516338625", "8.816085424209197E-8"], ["3.802283671090474E-11", "2.380248514030278E-10", "4.800175958052559E-8", "3.184766400142077E-8", "-3.133212537828575E-8", "-5.767199895617981E-9"], ["1.440305801130052E-8", "1.23013738051723E-7", ".0001220510516338625", "-3.133212537828575E-8", "9.597815565680666E-7", "6.40516747867323E-9"], ["1.364891158553319E-11", "1.085474355680311E-10", "8.816085424209197E-8", "-5.767199895617981E-9", "6.40516747867323E-9", "1.155583973932388E-9"]], "labels": ["e", "q", "tp", "node", "peri", "i"], "elements": [{"name": "e", "units": null, "sigma": 2.04001594115061e-05, "label": "e", "value": ".2938486766146364", "title": "eccentricity"}, {"sigma": 0.000151850679467539, "units": "au", "name": "q", "value": "27.9066927559221", "title": "perihelion distance", "label": "q"}, {"units": "TDB", "sigma": 0.126704473378395, "name": "tp", "title": "time of perihelion passage", "value": "2454697.812994829945", "label": "tp"}, {"name": "om", "units": "deg", "sigma": 0.000178459138184125, "label": "node", "value": "319.4956907775736", "title": "longitude of the ascending node"}, {"name": "w", "sigma": 0.000979684416824146, "units": "deg", "label": "peri", "title": "argument of perihelion", "value": "129.8619090096998"}, {"name": "i", "units": "deg", "sigma": 3.39938814190493e-05, "label": "i", "value": "5.971845694677841", "title": "inclination"}], "epoch": "2457634.5"}, "epoch": "2460000.5", "n_obs_used": 144, "not_valid_before": null, "n_del_obs_used": null, "model_pars": [], "data_arc": "7377", "moid_jup": "22.7238", "two_body": null, "equinox": "J2000", "pe_used": "DE441", "comment": null}}