{"signature": {"version": "1.3", "source": "NASA/JPL Small-Body Database (SBDB) API"}, "object": {"fullname": "(2014 WO510)", "orbit_id": "7", "kind": "au", "des": "2014 WO510", "prefix": null, "orbit_class": {"name": "TransNeptunian Object", "code": "TNO"}, "neo": false, "pha": false, "spkid": "3755735"}, "orbit": {"first_obs": "2010-10-30", "not_valid_after": null, "soln_date": "2022-12-22 00:03:12", "not_valid_before": null, "moid": "31.1982", "epoch": "2460000.5", "two_body": null, "equinox": "J2000", "producer": "Otto Matic", "n_del_obs_used": null, "elements": [{"units": null, "label": "e", "title": "eccentricity", "name": "e", "sigma": "2.7141E-5", "value": ".1858756253623919"}, {"units": "au", "label": "a", "title": "semi-major axis", "name": "a", "sigma": ".0014582", "value": "39.52813430393235"}, {"units": "au", "title": "perihelion distance", "label": "q", "name": "q", "sigma": ".00035364", "value": "32.18081762078031"}, {"value": "6.715062182039413", "name": "i", "sigma": "8.7276E-5", "label": "i", "title": "inclination; angle with respect to x-y ecliptic plane", "units": "deg"}, {"units": "deg", "title": "longitude of the ascending node", "label": "node", "sigma": "6.7058E-5", "name": "om", "value": "69.65392702260542"}, {"units": "deg", "label": "peri", "title": "argument of perihelion", "sigma": ".0057623", "name": "w", "value": "26.58959453481232"}, {"title": "mean anomaly", "label": "M", "units": "deg", "value": "351.5149851271564", "name": "ma", "sigma": ".0038048"}, {"value": "2462139.978904855216", "name": "tp", "sigma": ".93513", "title": "time of perihelion passage", "label": "tp", "units": "TDB"}, {"units": "d", "title": "sidereal orbital period", "label": "period", "name": "per", "sigma": "5.023", "value": "90773.25346982668"}, {"sigma": "2.1946E-7", "name": "n", "value": ".003965925933454233", "units": "deg/d", "label": "n", "title": "mean motion"}, {"units": "au", "title": "aphelion distance", "label": "Q", "name": "ad", "sigma": ".0017293", "value": "46.87545098708438"}], "moid_jup": "27.0194", "source": "JPL", "condition_code": "2", "covariance": {"data": [["7.415788466768064E-10", "1.519585042807295E-9", "3.389552478090892E-6", "-3.931153397290156E-11", "2.470906465416254E-8", "6.006722913355762E-11"], ["1.519585042807295E-9", "1.314810342116642E-7", "-.0003173741283519335", "-3.251569585356519E-10", "-1.954335345243516E-6", "3.102963153419294E-10"], ["3.389552478090892E-6", "-.0003173741283519335", ".8432331920125136", "4.217129472199015E-7", ".005225445930063617", "-1.74487227519163E-7"], ["-3.931153397290156E-11", "-3.251569585356519E-10", "4.217129472199015E-7", "4.480475309252495E-9", "-2.029852679962182E-9", "-3.808749412622108E-9"], ["2.470906465416254E-8", "-1.954335345243516E-6", ".005225445930063617", "-2.029852679962182E-9", "3.240751036300147E-5", "2.991114117022298E-9"], ["6.006722913355762E-11", "3.102963153419294E-10", "-1.74487227519163E-7", "-3.808749412622108E-9", "2.991114117022298E-9", "7.62819397148984E-9"]], "epoch": "2456967.5", "labels": ["e", "q", "tp", "node", "peri", "i"], "elements": [{"sigma": 2.72319453340522e-05, "name": "e", "value": ".1869057533570123", "units": null, "label": "e", "title": "eccentricity"}, {"units": "au", "title": "perihelion distance", "label": "q", "name": "q", "sigma": 0.000362603135965016, "value": "32.14137976099561"}, {"units": "TDB", "title": "time of perihelion passage", "label": "tp", "name": "tp", "sigma": 0.918277295816745, "value": "2462333.966092220819"}, {"units": "deg", "label": "node", "title": "longitude of the ascending node", "sigma": 6.69363526736593e-05, "name": "om", "value": "69.69021200645329"}, {"sigma": 0.00569275946821939, "name": "w", "value": "27.75556195352297", "units": "deg", "title": "argument of perihelion", "label": "peri"}, {"name": "i", "sigma": 8.73395326956232e-05, "value": "6.721245597701214", "units": "deg", "title": "inclination", "label": "i"}]}, "t_jup": "5.511", "orbit_id": "7", "last_obs": "2022-11-28", "n_obs_used": 118, "data_arc": "4412", "pe_used": "DE441", "n_dop_obs_used": null, "comment": null, "rms": ".58002", "sb_used": "SB441-N16", "model_pars": []}}