{"signature": {"version": "1.3", "source": "NASA/JPL Small-Body Database (SBDB) API"}, "orbit": {"last_obs": "2019-04-05", "not_valid_after": null, "first_obs": "2013-02-08", "sb_used": "SB441-N16", "soln_date": "2021-04-15 07:59:58", "condition_code": "3", "n_dop_obs_used": null, "elements": [{"units": null, "sigma": ".00024539", "name": "e", "value": ".1558165318941164", "title": "eccentricity", "label": "e"}, {"value": "39.39194018239769", "title": "semi-major axis", "label": "a", "sigma": ".0063043", "units": "au", "name": "a"}, {"label": "q", "value": "33.254024678596", "title": "perihelion distance", "name": "q", "sigma": ".006353", "units": "au"}, {"label": "i", "title": "inclination; angle with respect to x-y ecliptic plane", "value": "14.72173615454861", "name": "i", "sigma": ".00099306", "units": "deg"}, {"label": "node", "title": "longitude of the ascending node", "value": "35.83590707711767", "name": "om", "sigma": "9.5293E-5", "units": "deg"}, {"label": "peri", "value": "100.3521482456336", "title": "argument of perihelion", "name": "w", "sigma": ".029343", "units": "deg"}, {"sigma": ".041268", "units": "deg", "name": "ma", "title": "mean anomaly", "value": "75.64494297232298", "label": "M"}, {"value": "2441025.277215892889", "title": "time of perihelion passage", "label": "tp", "units": "TDB", "sigma": "5.8619", "name": "tp"}, {"label": "period", "title": "sidereal orbital period", "value": "90304.51916366596", "name": "per", "sigma": "21.678", "units": "d"}, {"label": "n", "value": ".003986511454067363", "title": "mean motion", "name": "n", "sigma": "9.57E-7", "units": "deg/d"}, {"label": "Q", "value": "45.52985568619939", "title": "aphelion distance", "name": "ad", "sigma": ".0072866", "units": "au"}], "t_jup": "5.389", "source": "JPL", "moid": "32.3001", "orbit_id": "5", "rms": ".28614", "producer": "Otto Matic", "epoch": "2460000.5", "covariance": {"elements": [{"value": ".1598280331317653", "title": "eccentricity", "label": "e", "sigma": 0.000246007571139197, "units": null, "name": "e"}, {"label": "q", "title": "perihelion distance", "value": "33.26276510595075", "name": "q", "sigma": 0.00631076974600874, "units": "au"}, {"sigma": 5.52502154351754, "units": "TDB", "name": "tp", "title": "time of perihelion passage", "value": "2441291.378394396137", "label": "tp"}, {"units": "deg", "sigma": 9.56410192217856e-05, "name": "om", "title": "longitude of the ascending node", "value": "35.78529990977529", "label": "node"}, {"title": "argument of perihelion", "value": "101.5581861015389", "label": "peri", "sigma": 0.0286385212663902, "units": "deg", "name": "w"}, {"label": "i", "title": "inclination", "value": "14.68794214153424", "name": "i", "units": "deg", "sigma": 0.000991117500608461}], "epoch": "2456607.5", "data": [["6.051972505780731E-8", "-1.332346580497881E-6", ".0008524814347286086", "3.35202812030014E-10", "-1.065584845529523E-7", "-7.653891547206118E-9"], ["-1.332346580497881E-6", "3.982581478713921E-5", "-.005007146411970594", "1.833055325797181E-8", "9.458885043193494E-5", "1.680491158656187E-7"], [".0008524814347286086", "-.005007146411970594", "30.52586305633295", "3.644388706428133E-5", ".1215364616810243", "-.0001076249892942394"], ["3.35202812030014E-10", "1.833055325797181E-8", "3.644388706428133E-5", "9.147204557781955E-9", "2.078853872943095E-7", "-3.01571172353624E-8"], ["-1.065584845529523E-7", "9.458885043193494E-5", ".1215364616810243", "2.078853872943095E-7", ".000820164900325482", "4.205712899958047E-8"], ["-7.653891547206118E-9", "1.680491158656187E-7", "-.0001076249892942394", "-3.01571172353624E-8", "4.205712899958047E-8", "9.823139000123619E-7"]], "labels": ["e", "q", "tp", "node", "peri", "i"]}, "model_pars": [], "n_del_obs_used": null, "data_arc": "2247", "n_obs_used": 39, "not_valid_before": null, "comment": null, "moid_jup": "28.0812", "pe_used": "DE441", "two_body": null, "equinox": "J2000"}, "object": {"pha": false, "orbit_id": "5", "fullname": "(2013 GF137)", "des": "2013 GF137", "spkid": "3727196", "neo": false, "prefix": null, "kind": "au", "orbit_class": {"name": "TransNeptunian Object", "code": "TNO"}}}