{"orbit": {"soln_date": "2021-04-15 04:19:12", "n_dop_obs_used": null, "condition_code": "3", "elements": [{"name": "e", "units": null, "sigma": "2.4134E-5", "label": "e", "title": "eccentricity", "value": ".1472558171696353"}, {"label": "a", "title": "semi-major axis", "value": "39.91686080756732", "name": "a", "units": "au", "sigma": ".0027726"}, {"name": "q", "units": "au", "sigma": ".0015533", "label": "q", "value": "34.03887085050241", "title": "perihelion distance"}, {"name": "i", "units": "deg", "sigma": ".00011871", "label": "i", "title": "inclination; angle with respect to x-y ecliptic plane", "value": "13.26072358113632"}, {"label": "node", "value": "27.40766192559315", "title": "longitude of the ascending node", "name": "om", "units": "deg", "sigma": "5.2848E-5"}, {"sigma": ".01784", "units": "deg", "name": "w", "title": "argument of perihelion", "value": "285.43869141529", "label": "peri"}, {"label": "M", "value": "71.51000901133719", "title": "mean anomaly", "name": "ma", "units": "deg", "sigma": ".019455"}, {"label": "tp", "title": "time of perihelion passage", "value": "2441702.765221583082", "name": "tp", "sigma": "3.0748", "units": "TDB"}, {"label": "period", "value": "92115.55992372702", "title": "sidereal orbital period", "name": "per", "sigma": "9.5974", "units": "d"}, {"label": "n", "title": "mean motion", "value": ".003908134524700116", "name": "n", "units": "deg/d", "sigma": "4.0718E-7"}, {"title": "aphelion distance", "value": "45.79485076463223", "label": "Q", "sigma": ".0031809", "units": "au", "name": "ad"}], "sb_used": "SB441-N16", "not_valid_after": null, "first_obs": "2002-09-05", "last_obs": "2020-09-17", "t_jup": "5.463", "source": "JPL", "covariance": {"labels": ["e", "q", "tp", "node", "peri", "i"], "data": [["5.484674398236235E-10", "2.735659922098165E-8", "6.329968691230074E-5", "1.252162828868977E-10", "3.565682621859791E-7", "-5.14875206403998E-11"], ["2.735659922098165E-8", "2.484996709359647E-6", ".004824705783578687", "9.339929739722196E-9", "2.832397050096296E-5", "-1.985068764970123E-9"], ["6.329968691230074E-5", ".004824705783578687", "9.796682955548215", "1.901720737388561E-5", ".0568786622946961", "-5.06643326493118E-6"], ["1.252162828868977E-10", "9.339929739722196E-9", "1.901720737388561E-5", "2.773201723319586E-9", "1.076752060523259E-7", "-2.494034367702561E-9"], ["3.565682621859791E-7", "2.832397050096296E-5", ".0568786622946961", "1.076752060523259E-7", ".0003311298657615528", "-2.553553823857312E-8"], ["-5.14875206403998E-11", "-1.985068764970123E-9", "-5.06643326493118E-6", "-2.494034367702561E-9", "-2.553553823857312E-8", "1.413405954484751E-8"]], "epoch": "2456242.5", "elements": [{"label": "e", "value": ".145125208367759", "title": "eccentricity", "name": "e", "units": null, "sigma": 2.34193817130945e-05}, {"label": "q", "value": "34.00791735620275", "title": "perihelion distance", "name": "q", "sigma": 0.00157638723331536, "units": "au"}, {"title": "time of perihelion passage", "value": "2441510.141611350246", "label": "tp", "sigma": 3.1299653281703, "units": "TDB", "name": "tp"}, {"label": "node", "value": "27.45963140867265", "title": "longitude of the ascending node", "name": "om", "units": "deg", "sigma": 5.26611975112567e-05}, {"name": "w", "units": "deg", "sigma": 0.0181969740825653, "label": "peri", "value": "284.5082937276733", "title": "argument of perihelion"}, {"title": "inclination", "value": "13.28321042567827", "label": "i", "sigma": 0.000118886750922243, "units": "deg", "name": "i"}]}, "epoch": "2460000.5", "producer": "Otto Matic", "rms": ".5023", "moid": "33.0496", "orbit_id": "6", "moid_jup": "29.0927", "two_body": null, "pe_used": "DE441", "equinox": "J2000", "comment": null, "n_obs_used": 60, "not_valid_before": null, "model_pars": [], "data_arc": "6587", "n_del_obs_used": null}, "object": {"spkid": "3755950", "pha": false, "orbit_id": "6", "fullname": "(2010 TN182)", "des": "2010 TN182", "orbit_class": {"code": "TNO", "name": "TransNeptunian Object"}, "kind": "au", "prefix": null, "neo": false}, "signature": {"version": "1.3", "source": "NASA/JPL Small-Body Database (SBDB) API"}}