{"signature": {"version": "1.3", "source": "NASA/JPL Small-Body Database (SBDB) API"}, "orbit": {"orbit_id": "6", "n_obs_used": 36, "last_obs": "2016-05-11", "covariance": {"epoch": "2456669.5", "data": [["4.562514187931344E-8", "-8.017998301270579E-7", "-.002087135532545984", "2.754386720744456E-10", "-1.452522579833483E-5", "3.621214841650183E-9"], ["-8.017998301270579E-7", "1.94513569613378E-5", ".047940241755614", "3.661131347984093E-8", ".0003326392587050713", "9.141968131286131E-8"], ["-.002087135532545984", ".047940241755614", "119.58930295535", "7.101646178086157E-5", ".8298357335118366", ".0001460044457667907"], ["2.754386720744456E-10", "3.661131347984093E-8", "7.101646178086157E-5", "1.754882066697976E-8", "4.724029508274652E-7", "6.6702216321769E-8"], ["-1.452522579833483E-5", ".0003326392587050713", ".8298357335118366", "4.724029508274652E-7", ".005758677920928801", "9.342861132048149E-7"], ["3.621214841650183E-9", "9.141968131286131E-8", ".0001460044457667907", "6.6702216321769E-8", "9.342861132048149E-7", "5.981246233724882E-7"]], "elements": [{"value": ".2295350446413835", "name": "e", "sigma": 0.000213600425747032, "title": "eccentricity", "label": "e", "units": null}, {"value": "30.41735487529354", "sigma": 0.00441036925453389, "name": "q", "title": "perihelion distance", "label": "q", "units": "au"}, {"label": "tp", "title": "time of perihelion passage", "units": "TDB", "value": "2452089.679093358695", "sigma": 10.9356894138116, "name": "tp"}, {"sigma": 0.00013247196181449, "name": "om", "value": "35.73722732090495", "units": "deg", "title": "longitude of the ascending node", "label": "node"}, {"value": "152.1178796157882", "sigma": 0.07588595338354, "name": "w", "title": "argument of perihelion", "label": "peri", "units": "deg"}, {"units": "deg", "title": "inclination", "label": "i", "name": "i", "sigma": 0.000773385171420094, "value": "13.47185617938667"}], "labels": ["e", "q", "tp", "node", "peri", "i"]}, "source": "JPL", "condition_code": "4", "t_jup": "5.338", "equinox": "J2000", "two_body": null, "moid_jup": "25.008", "n_del_obs_used": null, "elements": [{"sigma": ".00021167", "name": "e", "value": ".2245180270082771", "units": null, "title": "eccentricity", "label": "e"}, {"label": "a", "title": "semi-major axis", "units": "au", "value": "39.26438623626835", "name": "a", "sigma": ".0066084"}, {"sigma": ".004404", "name": "q", "value": "30.44882370681043", "units": "au", "title": "perihelion distance", "label": "q"}, {"name": "i", "sigma": ".00077468", "value": "13.49941801785166", "units": "deg", "label": "i", "title": "inclination; angle with respect to x-y ecliptic plane"}, {"sigma": ".00013202", "name": "om", "value": "35.80068260517098", "units": "deg", "label": "node", "title": "longitude of the ascending node"}, {"value": "152.3112249306227", "sigma": ".07773", "name": "w", "title": "argument of perihelion", "label": "peri", "units": "deg"}, {"title": "mean anomaly", "label": "M", "units": "deg", "value": "31.62537479779175", "name": "ma", "sigma": ".040903"}, {"name": "tp", "sigma": "11.267", "value": "2452105.905514104325", "units": "TDB", "label": "tp", "title": "time of perihelion passage"}, {"value": "89866.25559678396", "name": "per", "sigma": "22.687", "label": "period", "title": "sidereal orbital period", "units": "d"}, {"value": ".004005953042210466", "name": "n", "sigma": "1.0113E-6", "label": "n", "title": "mean motion", "units": "deg/d"}, {"title": "aphelion distance", "label": "Q", "units": "au", "value": "48.07994876572627", "sigma": ".0080921", "name": "ad"}], "producer": "Otto Matic", "not_valid_after": null, "first_obs": "2013-02-08", "epoch": "2460000.5", "soln_date": "2021-04-15 08:00:01", "not_valid_before": null, "moid": "29.4563", "sb_used": "SB441-N16", "rms": ".14711", "model_pars": [], "comment": null, "data_arc": "1188", "n_dop_obs_used": null, "pe_used": "DE441"}, "object": {"des": "2013 GH137", "kind": "au", "prefix": null, "fullname": "(2013 GH137)", "orbit_id": "6", "spkid": "3727198", "pha": false, "orbit_class": {"code": "TNO", "name": "TransNeptunian Object"}, "neo": false}}