{"orbit": {"covariance": {"data": [["2.250515822019159E-8", "2.953668583450318E-7", ".0004324175237543975", "-1.135620349338653E-9", "2.935792490317181E-6", "7.791942337396373E-10"], ["2.953668583450318E-7", "4.254690392500925E-6", ".006338153430772111", "-3.382423555940359E-8", "4.322413782656668E-5", "1.036235851105811E-8"], [".0004324175237543975", ".006338153430772111", "9.492343187347224", "-5.538082508568015E-5", ".06477395688899845", "1.517841745824674E-5"], ["-1.135620349338653E-9", "-3.382423555940359E-8", "-5.538082508568015E-5", "6.315001675286154E-6", "-6.679831792256361E-6", "1.442895330310297E-7"], ["2.935792490317181E-6", "4.322413782656668E-5", ".06477395688899845", "-6.679831792256361E-6", ".0004483741447184434", "-4.075279851445497E-8"], ["7.791942337396373E-10", "1.036235851105811E-8", "1.517841745824674E-5", "1.442895330310297E-7", "-4.075279851445497E-8", "6.297213433279639E-9"]], "labels": ["e", "q", "tp", "node", "peri", "i"], "elements": [{"label": "e", "title": "eccentricity", "value": ".2356668432622095", "name": "e", "units": null, "sigma": 0.000150017193081965}, {"label": "q", "title": "perihelion distance", "value": "30.04689556647617", "name": "q", "sigma": 0.00206269008639226, "units": "au"}, {"label": "tp", "value": "2450807.386138501824", "title": "time of perihelion passage", "name": "tp", "units": "TDB", "sigma": 3.08096465207688}, {"units": "deg", "sigma": 0.0025129667079542, "name": "om", "title": "longitude of the ascending node", "value": "179.1701951485537", "label": "node"}, {"sigma": 0.0211748469821731, "units": "deg", "name": "w", "title": "argument of perihelion", "value": "226.170770817042", "label": "peri"}, {"units": "deg", "sigma": 7.93549836700861e-05, "name": "i", "value": "4.517924808214356", "title": "inclination", "label": "i"}], "epoch": "2455031.5"}, "epoch": "2460000.5", "rms": ".30049", "producer": "Otto Matic", "orbit_id": "7", "moid": "29.0356", "two_body": null, "pe_used": "DE441", "equinox": "J2000", "moid_jup": "25.0423", "comment": null, "not_valid_before": null, "n_obs_used": 27, "n_del_obs_used": null, "model_pars": [], "data_arc": "7029", "n_dop_obs_used": null, "elements": [{"sigma": ".00015081", "units": null, "name": "e", "value": ".2385756022331358", "title": "eccentricity", "label": "e"}, {"label": "a", "value": "39.43372751485514", "title": "semi-major axis", "name": "a", "sigma": ".01041", "units": "au"}, {"units": "au", "sigma": ".0020481", "name": "q", "value": "30.0258022247012", "title": "perihelion distance", "label": "q"}, {"title": "inclination; angle with respect to x-y ecliptic plane", "value": "4.521815588462141", "label": "i", "units": "deg", "sigma": "7.9188E-5", "name": "i"}, {"units": "deg", "sigma": ".0025066", "name": "om", "title": "longitude of the ascending node", "value": "179.0814083704526", "label": "node"}, {"label": "peri", "title": "argument of perihelion", "value": "226.5831358931675", "name": "w", "sigma": ".020752", "units": "deg"}, {"label": "M", "value": "36.32652694930465", "title": "mean anomaly", "name": "ma", "sigma": ".026106", "units": "deg"}, {"sigma": "3.0126", "units": "TDB", "name": "tp", "value": "2450873.636584145153", "title": "time of perihelion passage", "label": "tp"}, {"units": "d", "sigma": "35.816", "name": "per", "value": "90448.25106162917", "title": "sidereal orbital period", "label": "period"}, {"title": "mean motion", "value": ".003980176463055156", "label": "n", "sigma": "1.5761E-6", "units": "deg/d", "name": "n"}, {"units": "au", "sigma": ".012894", "name": "ad", "title": "aphelion distance", "value": "48.84165280500908", "label": "Q"}], "condition_code": "4", "soln_date": "2023-03-01 21:48:30", "first_obs": "2003-11-23", "not_valid_after": null, "sb_used": "SB441-N16", "last_obs": "2023-02-20", "source": "JPL", "t_jup": "5.462"}, "object": {"orbit_id": "7", "fullname": "(2003 WA191)", "pha": false, "des": "2003 WA191", "spkid": "3263315", "neo": false, "prefix": null, "kind": "au", "orbit_class": {"name": "TransNeptunian Object", "code": "TNO"}}, "signature": {"version": "1.3", "source": "NASA/JPL Small-Body Database (SBDB) API"}}