{"signature": {"version": "1.3", "source": "NASA/JPL Small-Body Database (SBDB) API"}, "orbit": {"last_obs": "2019-02-08", "not_valid_after": null, "sb_used": "SB441-N16", "first_obs": "2003-12-21", "condition_code": "4", "n_dop_obs_used": null, "elements": [{"label": "e", "value": ".1900231589118088", "title": "eccentricity", "name": "e", "sigma": ".00020937", "units": null}, {"label": "a", "title": "semi-major axis", "value": "39.54915968724425", "name": "a", "units": "au", "sigma": ".013004"}, {"units": "au", "sigma": ".017872", "name": "q", "title": "perihelion distance", "value": "32.03390343116653", "label": "q"}, {"value": "4.467179190053717", "title": "inclination; angle with respect to x-y ecliptic plane", "label": "i", "units": "deg", "sigma": ".0001718", "name": "i"}, {"units": "deg", "sigma": ".0079796", "name": "om", "title": "longitude of the ascending node", "value": "168.5316315432724", "label": "node"}, {"name": "w", "units": "deg", "sigma": ".070129", "label": "peri", "title": "argument of perihelion", "value": "11.89142477609955"}, {"label": "M", "title": "mean anomaly", "value": "286.9426904601321", "name": "ma", "sigma": ".051495", "units": "deg"}, {"label": "tp", "value": "2478436.448707502990", "title": "time of perihelion passage", "name": "tp", "units": "TDB", "sigma": "5.518"}, {"units": "d", "sigma": "44.805", "name": "per", "title": "sidereal orbital period", "value": "90845.68781005064", "label": "period"}, {"name": "n", "units": "deg/d", "sigma": "1.9544E-6", "label": "n", "title": "mean motion", "value": ".003962763766539193"}, {"units": "au", "sigma": ".015475", "name": "ad", "value": "47.06441594332197", "title": "aphelion distance", "label": "Q"}], "soln_date": "2021-04-14 22:27:27", "source": "JPL", "t_jup": "5.529", "orbit_id": "7", "moid": "31.0379", "rms": ".23471", "producer": "Otto Matic", "epoch": "2460000.5", "covariance": {"epoch": "2454219.5", "elements": [{"label": "e", "value": ".1942626699148466", "title": "eccentricity", "name": "e", "units": null, "sigma": 0.00021340233528953}, {"units": "au", "sigma": 0.0178182487293413, "name": "q", "title": "perihelion distance", "value": "31.69442681110436", "label": "q"}, {"sigma": 5.24529066930723, "units": "TDB", "name": "tp", "title": "time of perihelion passage", "value": "2478614.718413327791", "label": "tp"}, {"label": "node", "value": "168.7584149265205", "title": "longitude of the ascending node", "name": "om", "units": "deg", "sigma": 0.00800756527492286}, {"label": "peri", "title": "argument of perihelion", "value": "13.45510212221707", "name": "w", "sigma": 0.0667897855039135, "units": "deg"}, {"units": "deg", "sigma": 0.000174279037374142, "name": "i", "value": "4.467244926813104", "title": "inclination", "label": "i"}], "labels": ["e", "q", "tp", "node", "peri", "i"], "data": [["4.554055670702488E-8", "-3.579072625408412E-6", "-.0002245375728699947", "-4.392864286798329E-9", "1.095246418284296E-5", "-1.143915523453412E-9"], ["-3.579072625408412E-6", ".0003174899877806734", "-.0131476382234484", "-3.556163795726526E-7", "-.001113234202783413", "9.812222270741761E-8"], ["-.0002245375728699947", "-.0131476382234484", "27.51307420552152", ".0006146354853674249", ".1614796636295028", "-1.240465322711567E-6"], ["-4.392864286798329E-9", "-3.556163795726526E-7", ".0006146354853674249", "6.41211016321504E-5", "-6.009267443767758E-5", "1.321712459631348E-6"], ["1.095246418284296E-5", "-.001113234202783413", ".1614796636295028", "-6.009267443767758E-5", ".004460875447658772", "-1.649791087771938E-6"], ["-1.143915523453412E-9", "9.812222270741761E-8", "-1.240465322711567E-6", "1.321712459631348E-6", "-1.649791087771938E-6", "3.037318286805748E-8"]]}, "data_arc": "5528", "n_del_obs_used": null, "model_pars": [], "not_valid_before": null, "n_obs_used": 25, "comment": null, "two_body": null, "equinox": "J2000", "pe_used": "DE441", "moid_jup": "26.5764"}, "object": {"pha": false, "orbit_id": "7", "fullname": "(2004 VZ75)", "des": "2004 VZ75", "spkid": "3272188", "neo": false, "prefix": null, "kind": "au", "orbit_class": {"code": "TNO", "name": "TransNeptunian Object"}}}