{"signature": {"version": "1.3", "source": "NASA/JPL Small-Body Database (SBDB) API"}, "object": {"kind": "au", "orbit_class": {"code": "TNO", "name": "TransNeptunian Object"}, "neo": false, "prefix": null, "spkid": "3835522", "pha": false, "orbit_id": "2", "fullname": "(2015 GP56)", "des": "2015 GP56"}, "orbit": {"moid": "33.6412", "orbit_id": "2", "producer": "Otto Matic", "rms": ".23888", "epoch": "2460000.5", "covariance": {"labels": ["e", "q", "tp", "node", "peri", "i"], "data": [["2.066460628403667E-6", "-5.685579180006086E-5", "-.04650089108130993", "1.318301185658935E-9", "-.0003593980726692725", "3.214380607008958E-9"], ["-5.685579180006086E-5", ".001578663395159422", "1.302594187810316", "-4.514002926314052E-8", ".01002625877987107", "-1.74403767641179E-7"], ["-.04650089108130993", "1.302594187810316", "1084.857254083363", "-4.284692149985344E-5", "8.314753394318535", "-.0001999385936605867"], ["1.318301185658935E-9", "-4.514002926314052E-8", "-4.284692149985344E-5", "8.091764464781869E-9", "-3.163163083130604E-7", "1.102777243833689E-7"], ["-.0003593980726692725", ".01002625877987107", "8.314753394318535", "-3.163163083130604E-7", ".06385208399633666", "-1.429510165362583E-6"], ["3.214380607008958E-9", "-1.74403767641179E-7", "-.0001999385936605867", "1.102777243833689E-7", "-1.429510165362583E-6", "2.076553450083664E-6"]], "epoch": "2457262.5", "elements": [{"units": null, "sigma": 0.00143751891410293, "name": "e", "value": ".1752795729252511", "title": "eccentricity", "label": "e"}, {"units": "au", "sigma": 0.0397323972994258, "name": "q", "value": "34.62471914755593", "title": "perihelion distance", "label": "q"}, {"title": "time of perihelion passage", "value": "2445430.251640270004", "label": "tp", "units": "TDB", "sigma": 32.9371713127184, "name": "tp"}, {"title": "longitude of the ascending node", "value": "202.4372610929136", "label": "node", "units": "deg", "sigma": 8.99542353910135e-05, "name": "om"}, {"value": "302.6222909040237", "title": "argument of perihelion", "label": "peri", "sigma": 0.252689699030919, "units": "deg", "name": "w"}, {"sigma": 0.00144102513860226, "units": "deg", "name": "i", "title": "inclination", "value": "30.13795559030533", "label": "i"}]}, "n_del_obs_used": null, "data_arc": "821", "model_pars": [], "n_obs_used": 33, "not_valid_before": null, "comment": null, "moid_jup": "29.7279", "two_body": null, "pe_used": "DE441", "equinox": "J2000", "last_obs": "2017-05-18", "sb_used": "SB441-N16", "not_valid_after": null, "first_obs": "2015-02-17", "soln_date": "2021-04-15 13:31:12", "condition_code": "4", "n_dop_obs_used": null, "elements": [{"label": "e", "value": ".1685309143930828", "title": "eccentricity", "name": "e", "units": null, "sigma": ".0014584"}, {"title": "semi-major axis", "value": "41.52897731912513", "label": "a", "sigma": ".024713", "units": "au", "name": "a"}, {"sigma": ".040551", "units": "au", "name": "q", "title": "perihelion distance", "value": "34.53006079772337", "label": "q"}, {"title": "inclination; angle with respect to x-y ecliptic plane", "value": "30.27347776941654", "label": "i", "units": "deg", "sigma": ".0014473", "name": "i"}, {"name": "om", "sigma": "8.9649E-5", "units": "deg", "label": "node", "title": "longitude of the ascending node", "value": "202.4877245381275"}, {"name": "w", "sigma": ".2437", "units": "deg", "label": "peri", "title": "argument of perihelion", "value": "300.4227442156136"}, {"title": "mean anomaly", "value": "55.31459117596245", "label": "M", "units": "deg", "sigma": ".068123", "name": "ma"}, {"sigma": "30.144", "units": "TDB", "name": "tp", "title": "time of perihelion passage", "value": "2444980.757482024970", "label": "tp"}, {"units": "d", "sigma": "87.256", "name": "per", "title": "sidereal orbital period", "value": "97751.91665559534", "label": "period"}, {"value": ".003682792238932468", "title": "mean motion", "label": "n", "units": "deg/d", "sigma": "3.2874E-6", "name": "n"}, {"title": "aphelion distance", "value": "48.52789384052687", "label": "Q", "sigma": ".028878", "units": "au", "name": "ad"}], "t_jup": "4.935", "source": "JPL"}}