{"signature": {"version": "1.3", "source": "NASA/JPL Small-Body Database (SBDB) API"}, "object": {"fullname": "(2014 UF241)", "orbit_id": "4", "des": "2014 UF241", "kind": "au", "prefix": null, "orbit_class": {"name": "TransNeptunian Object", "code": "TNO"}, "neo": false, "spkid": "3841818", "pha": false}, "orbit": {"n_dop_obs_used": null, "pe_used": "DE441", "data_arc": "1754", "model_pars": [], "sb_used": "SB441-N16", "rms": ".15562", "comment": null, "moid_jup": "29.9794", "n_del_obs_used": null, "elements": [{"units": null, "title": "eccentricity", "label": "e", "name": "e", "sigma": ".00027136", "value": ".1523963145788345"}, {"label": "a", "title": "semi-major axis", "units": "au", "value": "41.76676129543748", "name": "a", "sigma": ".011366"}, {"name": "q", "sigma": ".020742", "value": "35.4016608021189", "units": "au", "label": "q", "title": "perihelion distance"}, {"units": "deg", "label": "i", "title": "inclination; angle with respect to x-y ecliptic plane", "name": "i", "sigma": ".0012275", "value": "26.65552949814477"}, {"sigma": ".00059436", "name": "om", "value": "191.4934293827712", "units": "deg", "label": "node", "title": "longitude of the ascending node"}, {"units": "deg", "label": "peri", "title": "argument of perihelion", "sigma": ".21565", "name": "w", "value": "18.56765470419806"}, {"value": "180.1001289168313", "name": "ma", "sigma": ".29069", "label": "M", "title": "mean anomaly", "units": "deg"}, {"value": "2509269.412757843187", "name": "tp", "sigma": "75.096", "label": "tp", "title": "time of perihelion passage", "units": "TDB"}, {"units": "d", "title": "sidereal orbital period", "label": "period", "name": "per", "sigma": "40.246", "value": "98592.66983367498"}, {"units": "deg/d", "title": "mean motion", "label": "n", "sigma": "1.4905E-6", "name": "n", "value": ".00365138707175003"}, {"units": "au", "title": "aphelion distance", "label": "Q", "name": "ad", "sigma": ".013098", "value": "48.13186178875606"}], "producer": "Otto Matic", "two_body": null, "equinox": "J2000", "epoch": "2460000.5", "not_valid_before": null, "moid": "34.4079", "soln_date": "2021-09-08 23:45:55", "first_obs": "2013-11-22", "not_valid_after": null, "n_obs_used": 37, "last_obs": "2018-09-11", "orbit_id": "4", "t_jup": "5.130", "covariance": {"data": [["7.033347060035335E-8", "-5.296956283447672E-6", ".01669506287221051", "8.511890189909474E-8", "3.137062918738953E-5", "1.688733527103557E-7"], ["-5.296956283447672E-6", ".0004051112148451905", "-1.121413721408318", "-6.526096714085461E-6", "-.001960657319372422", "-1.29708611025123E-5"], [".01669506287221051", "-1.121413721408318", "7025.257166612912", ".01798003745307357", "16.48257424883328", ".03515617097778492"], ["8.511890189909474E-8", "-6.526096714085461E-6", ".01798003745307357", "3.569115535041557E-7", "3.108399071330752E-5", "7.40890690175424E-7"], ["3.137062918738953E-5", "-.001960657319372422", "16.48257424883328", "3.108399071330752E-5", ".04066011910268758", "6.011700901967666E-5"], ["1.688733527103557E-7", "-1.29708611025123E-5", ".03515617097778492", "7.40890690175424E-7", "6.011700901967666E-5", "1.552907140535029E-6"]], "epoch": "2457556.5", "labels": ["e", "q", "tp", "node", "peri", "i"], "elements": [{"name": "e", "sigma": 0.00026520458254026, "value": ".1625477733414128", "units": null, "label": "e", "title": "eccentricity"}, {"name": "q", "sigma": 0.0201273747628743, "value": "34.65960771833725", "units": "au", "label": "q", "title": "perihelion distance"}, {"value": "2411087.574640108804", "sigma": 83.8168071845552, "name": "tp", "title": "time of perihelion passage", "label": "tp", "units": "TDB"}, {"value": "191.6018574465174", "name": "om", "sigma": 0.00059742075081483, "title": "longitude of the ascending node", "label": "node", "units": "deg"}, {"sigma": 0.201643544659103, "name": "w", "value": "17.75616809948631", "units": "deg", "label": "peri", "title": "argument of perihelion"}, {"units": "deg", "title": "inclination", "label": "i", "name": "i", "sigma": 0.00124615694859638, "value": "26.82878523991659"}]}, "source": "JPL", "condition_code": "5"}}