{"object": {"neo": false, "orbit_class": {"code": "TNO", "name": "TransNeptunian Object"}, "pha": false, "spkid": "54196379", "orbit_id": "1", "fullname": "(2013 RC157)", "prefix": null, "kind": "au", "des": "2013 RC157"}, "orbit": {"covariance": {"data": [["1.921586482438639E-8", "1.220593245853296E-7", "6.035833389867801E-5", "-6.474124338643061E-9", "4.334541095859264E-7", "1.012762089823933E-9"], ["1.220593245853296E-7", "1.862081334497781E-6", "-.00469175564476619", "1.180091712148392E-7", "-3.279577830590562E-5", "3.309458032576072E-8"], ["6.035833389867801E-5", "-.00469175564476619", "24.33993475443009", "-.000777631623994071", ".1704621997610685", "-.0001224039766465876"], ["-6.474124338643061E-9", "1.180091712148392E-7", "-.000777631623994071", "2.495568434432963E-6", "-7.85660345768374E-6", "3.48140801452589E-7"], ["4.334541095859264E-7", "-3.279577830590562E-5", ".1704621997610685", "-7.85660345768374E-6", ".00119617746183648", "-1.192616759689345E-6"], ["1.012762089823933E-9", "3.309458032576072E-8", "-.0001224039766465876", "3.48140801452589E-7", "-1.192616759689345E-6", "5.028423644477358E-8"]], "epoch": "2457545.5", "labels": ["e", "q", "tp", "node", "peri", "i"], "elements": [{"value": ".2478513636167833", "name": "e", "sigma": 0.000138621300038581, "label": "e", "title": "eccentricity", "units": null}, {"units": "au", "title": "perihelion distance", "label": "q", "name": "q", "sigma": 0.00136458101060281, "value": "29.38576173152693"}, {"label": "tp", "title": "time of perihelion passage", "units": "TDB", "value": "2459367.055966991621", "name": "tp", "sigma": 4.93355194098837}, {"units": "deg", "label": "node", "title": "longitude of the ascending node", "name": "om", "sigma": 0.00157973682442139, "value": "139.4852927820604"}, {"sigma": 0.0345857985571604, "name": "w", "value": "250.1612720629079", "units": "deg", "label": "peri", "title": "argument of perihelion"}, {"value": "12.82933502323909", "sigma": 0.000224241469056849, "name": "i", "label": "i", "title": "inclination", "units": "deg"}]}, "source": "JPL", "condition_code": "4", "t_jup": "5.332", "orbit_id": "1", "n_obs_used": 17, "last_obs": "2018-11-07", "not_valid_after": null, "first_obs": "2013-09-10", "epoch": "2460000.5", "soln_date": "2021-09-13 10:42:06", "not_valid_before": null, "moid": "28.4268", "equinox": "J2000", "two_body": null, "n_del_obs_used": null, "moid_jup": "24.5467", "elements": [{"sigma": ".00013932", "name": "e", "value": ".2588614286781802", "units": null, "title": "eccentricity", "label": "e"}, {"units": "au", "label": "a", "title": "semi-major axis", "sigma": ".0087663", "name": "a", "value": "39.66956781406581"}, {"units": "au", "label": "q", "title": "perihelion distance", "sigma": ".0013488", "name": "q", "value": "29.40064681467078"}, {"label": "i", "title": "inclination; angle with respect to x-y ecliptic plane", "units": "deg", "value": "12.81057189172343", "name": "i", "sigma": ".00022271"}, {"label": "node", "title": "longitude of the ascending node", "units": "deg", "value": "139.3329233620439", "name": "om", "sigma": ".001577"}, {"label": "peri", "title": "argument of perihelion", "units": "deg", "value": "249.9357355796665", "name": "w", "sigma": ".033309"}, {"sigma": ".018634", "name": "ma", "value": "2.714285347797969", "units": "deg", "title": "mean anomaly", "label": "M"}, {"title": "time of perihelion passage", "label": "tp", "units": "TDB", "value": "2459312.422063998091", "sigma": "4.7341", "name": "tp"}, {"sigma": "30.251", "name": "per", "value": "91260.87541298722", "units": "d", "label": "period", "title": "sidereal orbital period"}, {"value": ".003944735335606575", "name": "n", "sigma": "1.3076E-6", "label": "n", "title": "mean motion", "units": "deg/d"}, {"value": "49.93848881346085", "name": "ad", "sigma": ".011036", "label": "Q", "title": "aphelion distance", "units": "au"}], "producer": "Otto Matic", "comment": null, "sb_used": "SB441-N16", "rms": ".29501", "model_pars": [], "data_arc": "1884", "n_dop_obs_used": null, "pe_used": "DE441"}, "signature": {"version": "1.3", "source": "NASA/JPL Small-Body Database (SBDB) API"}}