{"signature": {"version": "1.3", "source": "NASA/JPL Small-Body Database (SBDB) API"}, "orbit": {"first_obs": "2015-02-17", "not_valid_after": null, "epoch": "2460000.5", "not_valid_before": null, "soln_date": "2021-04-15 13:31:03", "moid": "30.9181", "equinox": "J2000", "two_body": null, "n_del_obs_used": null, "moid_jup": "26.6797", "elements": [{"title": "eccentricity", "label": "e", "units": null, "value": ".1822577401508744", "sigma": ".00086979", "name": "e"}, {"sigma": ".013213", "name": "a", "value": "39.04809510583411", "units": "au", "title": "semi-major axis", "label": "a"}, {"sigma": ".023868", "name": "q", "value": "31.93127753464836", "units": "au", "label": "q", "title": "perihelion distance"}, {"name": "i", "sigma": ".0011054", "value": "6.327925807480434", "units": "deg", "title": "inclination; angle with respect to x-y ecliptic plane", "label": "i"}, {"label": "node", "title": "longitude of the ascending node", "units": "deg", "value": "43.42943499773049", "sigma": ".0036675", "name": "om"}, {"name": "w", "sigma": ".12931", "value": "226.0732663944353", "units": "deg", "label": "peri", "title": "argument of perihelion"}, {"units": "deg", "label": "M", "title": "mean anomaly", "name": "ma", "sigma": ".036333", "value": "322.73603521707"}, {"units": "TDB", "title": "time of perihelion passage", "label": "tp", "name": "tp", "sigma": "12.243", "value": "2469225.890650575668"}, {"title": "sidereal orbital period", "label": "period", "units": "d", "value": "89124.72555063694", "name": "per", "sigma": "45.237"}, {"value": ".004039283125707501", "sigma": "2.0502E-6", "name": "n", "label": "n", "title": "mean motion", "units": "deg/d"}, {"units": "au", "title": "aphelion distance", "label": "Q", "name": "ad", "sigma": ".015621", "value": "46.16491267701986"}], "producer": "Otto Matic", "covariance": {"labels": ["e", "q", "tp", "node", "peri", "i"], "elements": [{"sigma": 0.000851676084549979, "name": "e", "value": ".1856932603586947", "units": null, "label": "e", "title": "eccentricity"}, {"sigma": 0.0234900138687677, "name": "q", "value": "32.1361906274558", "units": "au", "title": "perihelion distance", "label": "q"}, {"units": "TDB", "label": "tp", "title": "time of perihelion passage", "sigma": 15.0313370556794, "name": "tp", "value": "2468745.029264674953"}, {"title": "longitude of the ascending node", "label": "node", "units": "deg", "value": "43.46503174338186", "sigma": 0.00367924407263868, "name": "om"}, {"value": "223.1038473831196", "name": "w", "sigma": 0.141011065445944, "label": "peri", "title": "argument of perihelion", "units": "deg"}, {"sigma": 0.00110010234277261, "name": "i", "value": "6.304092198251703", "units": "deg", "label": "i", "title": "inclination"}], "data": [["7.253521529943826E-7", "-1.981512088527505E-5", ".01224511823177129", "-1.338212282638368E-7", ".0001173135991970684", "4.163375435856375E-8"], ["-1.981512088527505E-5", ".0005517807515548979", "-.348497232865115", "3.557504638997108E-6", "-.003300977495626571", "-1.099275042302758E-6"], [".01224511823177129", "-.348497232865115", "225.9410936814407", "-.002141527097549045", "2.111631886527743", ".0006569850115911829"], ["-1.338212282638368E-7", "3.557504638997108E-6", "-.002141527097549045", "1.353683694604684E-5", "-3.423734410611361E-5", "-4.038828192796415E-6"], [".0001173135991970684", "-.003300977495626571", "2.111631886527743", "-3.423734410611361E-5", ".01988412057820026", "1.041473062787191E-5"], ["4.163375435856375E-8", "-1.099275042302758E-6", ".0006569850115911829", "-4.038828192796415E-6", "1.041473062787191E-5", "1.210225164573785E-6"]], "epoch": "2457312.5"}, "condition_code": "4", "source": "JPL", "t_jup": "5.487", "orbit_id": "2", "n_obs_used": 30, "last_obs": "2017-05-18", "data_arc": "821", "n_dop_obs_used": null, "pe_used": "DE441", "comment": null, "rms": ".2617", "sb_used": "SB441-N16", "model_pars": []}, "object": {"fullname": "(2015 GT54)", "orbit_id": "2", "kind": "au", "des": "2015 GT54", "prefix": null, "orbit_class": {"name": "TransNeptunian Object", "code": "TNO"}, "neo": false, "pha": false, "spkid": "3830907"}}