{"orbit": {"moid": "29.2542", "orbit_id": "5", "producer": "Otto Matic", "rms": ".19178", "epoch": "2460000.5", "covariance": {"epoch": "2456678.5", "elements": [{"label": "e", "value": ".2313920333325877", "title": "eccentricity", "name": "e", "sigma": 0.000137234760150229, "units": null}, {"title": "perihelion distance", "value": "30.25507715840438", "label": "q", "units": "au", "sigma": 0.0011539086459638, "name": "q"}, {"title": "time of perihelion passage", "value": "2458196.068539751504", "label": "tp", "units": "TDB", "sigma": 8.40812282840744, "name": "tp"}, {"sigma": 0.00370041046372226, "units": "deg", "name": "om", "value": "117.0694081683286", "title": "longitude of the ascending node", "label": "node"}, {"title": "argument of perihelion", "value": "130.1595359097965", "label": "peri", "units": "deg", "sigma": 0.0558128685059698, "name": "w"}, {"label": "i", "value": "10.1364788200159", "title": "inclination", "name": "i", "sigma": 0.000380285032421306, "units": "deg"}], "data": [["1.883337939349095E-8", "8.908712253318266E-8", ".0003993254111456079", "-3.628553099220207E-8", "2.677750922172066E-6", "5.336118397345946E-9"], ["8.908712253318266E-8", "1.331505163230017E-6", "-.005370721800433719", "-2.251857669184915E-8", "-3.535867640004526E-5", "1.072034335030828E-8"], [".0003993254111456079", "-.005370721800433719", "70.69652949758637", "-.002142248805407797", ".4682830390338795", ".000253440575764344"], ["-3.628553099220207E-8", "-2.251857669184915E-8", "-.002142248805407797", "1.369303760002519E-5", "-2.761301957644847E-5", "-1.402883422307013E-6"], ["2.677750922172066E-6", "-3.535867640004526E-5", ".4682830390338795", "-2.761301957644847E-5", ".00311507629086468", "3.053388058189511E-6"], ["5.336118397345946E-9", "1.072034335030828E-8", ".000253440575764344", "-1.402883422307013E-6", "3.053388058189511E-6", "1.446167058836735E-7"]], "labels": ["e", "q", "tp", "node", "peri", "i"]}, "model_pars": [], "data_arc": "1395", "n_del_obs_used": null, "n_obs_used": 33, "not_valid_before": null, "comment": null, "moid_jup": "24.9525", "two_body": null, "equinox": "J2000", "pe_used": "DE441", "last_obs": "2017-02-02", "not_valid_after": null, "sb_used": "SB441-N16", "first_obs": "2013-04-09", "soln_date": "2021-04-15 08:11:55", "elements": [{"name": "e", "units": null, "sigma": ".00013872", "label": "e", "title": "eccentricity", "value": ".2313770306317931"}, {"label": "a", "title": "semi-major axis", "value": "39.36757933571713", "name": "a", "units": "au", "sigma": ".0079899"}, {"name": "q", "units": "au", "sigma": ".0012074", "label": "q", "title": "perihelion distance", "value": "30.25882572585736"}, {"label": "i", "value": "10.12422618625542", "title": "inclination; angle with respect to x-y ecliptic plane", "name": "i", "units": "deg", "sigma": ".00037986"}, {"units": "deg", "sigma": ".0037091", "name": "om", "value": "117.1832708202439", "title": "longitude of the ascending node", "label": "node"}, {"label": "peri", "title": "argument of perihelion", "value": "131.0574780542718", "name": "w", "units": "deg", "sigma": ".05562"}, {"name": "ma", "units": "deg", "sigma": ".033875", "label": "M", "title": "mean anomaly", "value": "6.616110668743717"}, {"units": "TDB", "sigma": "8.3723", "name": "tp", "title": "time of perihelion passage", "value": "2458342.415138032979", "label": "tp"}, {"units": "d", "sigma": "27.466", "name": "per", "value": "90220.76264958706", "title": "sidereal orbital period", "label": "period"}, {"name": "n", "units": "deg/d", "sigma": "1.2148E-6", "label": "n", "title": "mean motion", "value": ".003990212335027825"}, {"label": "Q", "value": "48.4763329455769", "title": "aphelion distance", "name": "ad", "units": "au", "sigma": ".0098386"}], "n_dop_obs_used": null, "condition_code": "4", "t_jup": "5.401", "source": "JPL"}, "object": {"spkid": "3727199", "orbit_id": "5", "pha": false, "fullname": "(2013 JZ64)", "des": "2013 JZ64", "kind": "au", "orbit_class": {"name": "TransNeptunian Object", "code": "TNO"}, "neo": false, "prefix": null}, "signature": {"version": "1.3", "source": "NASA/JPL Small-Body Database (SBDB) API"}}