{"object": {"pha": false, "orbit_id": "4", "fullname": "(2013 QR99)", "des": "2013 QR99", "spkid": "54017362", "neo": false, "prefix": null, "kind": "au", "orbit_class": {"name": "TransNeptunian Object", "code": "TNO"}}, "orbit": {"last_obs": "2018-10-28", "sb_used": "SB441-N16", "not_valid_after": null, "first_obs": "2013-08-16", "condition_code": "5", "n_dop_obs_used": null, "elements": [{"sigma": ".00019138", "units": null, "name": "e", "value": ".04848578880387597", "title": "eccentricity", "label": "e"}, {"title": "semi-major axis", "value": "41.32534110714332", "label": "a", "units": "au", "sigma": ".0096907", "name": "a"}, {"title": "perihelion distance", "value": "39.32164934597423", "label": "q", "sigma": ".0040345", "units": "au", "name": "q"}, {"title": "inclination; angle with respect to x-y ecliptic plane", "value": "32.34266130024353", "label": "i", "sigma": "9.5207E-5", "units": "deg", "name": "i"}, {"label": "node", "value": "51.09728140100878", "title": "longitude of the ascending node", "name": "om", "sigma": ".0014434", "units": "deg"}, {"name": "w", "units": "deg", "sigma": ".72648", "label": "peri", "value": "267.9215945039258", "title": "argument of perihelion"}, {"name": "ma", "sigma": ".65755", "units": "deg", "label": "M", "title": "mean anomaly", "value": "17.6767780023356"}, {"name": "tp", "sigma": "177.21", "units": "TDB", "label": "tp", "value": "2455235.930082290082", "title": "time of perihelion passage"}, {"units": "d", "sigma": "34.131", "name": "per", "title": "sidereal orbital period", "value": "97033.81295782176", "label": "period"}, {"value": ".00371004693133602", "title": "mean motion", "label": "n", "units": "deg/d", "sigma": "1.305E-6", "name": "n"}, {"label": "Q", "value": "43.3290328683124", "title": "aphelion distance", "name": "ad", "sigma": ".010161", "units": "au"}], "soln_date": "2021-10-16 00:01:49", "source": "JPL", "t_jup": "4.882", "orbit_id": "4", "moid": "38.4681", "producer": "Otto Matic", "rms": ".16445", "epoch": "2460000.5", "covariance": {"data": [["4.970084882139621E-8", "-4.734914996724314E-7", "-.02972196910890981", "7.660653105693761E-8", "-.0001216825035347989", "4.747532184614474E-10"], ["-4.734914996724314E-7", "3.839440644919843E-5", "1.27243787375421", "-4.006632393733101E-6", ".00520877284987404", "3.305750325824832E-7"], ["-.02972196910890981", "1.27243787375421", "46741.8288452369", "-.1415971817712987", "191.3424943940529", ".009474244482148576"], ["7.660653105693761E-8", "-4.006632393733101E-6", "-.1415971817712987", "2.064260382112032E-6", "-.0005810162153246963", "-1.184163946775119E-7"], ["-.0001216825035347989", ".00520877284987404", "191.3424943940529", "-.0005810162153246963", ".7832814220758277", "3.885545110501151E-5"], ["4.747532184614474E-10", "3.305750325824832E-7", ".009474244482148576", "-1.184163946775119E-7", "3.885545110501151E-5", "9.181442510833426E-9"]], "labels": ["e", "q", "tp", "node", "peri", "i"], "elements": [{"title": "eccentricity", "value": ".03885842558639222", "label": "e", "units": null, "sigma": 0.000222936871830113, "name": "e"}, {"sigma": 0.00619632200980537, "units": "au", "name": "q", "title": "perihelion distance", "value": "39.27166339844845", "label": "q"}, {"value": "2453784.295942750921", "title": "time of perihelion passage", "label": "tp", "sigma": 216.198586593985, "units": "TDB", "name": "tp"}, {"units": "deg", "sigma": 0.0014367534172961, "name": "om", "title": "longitude of the ascending node", "value": "50.94513759890462", "label": "node"}, {"value": "262.1693237254165", "title": "argument of perihelion", "label": "peri", "sigma": 0.885031876304932, "units": "deg", "name": "w"}, {"title": "inclination", "value": "32.37287181213878", "label": "i", "sigma": 9.58198440346958e-05, "units": "deg", "name": "i"}], "epoch": "2457103.5"}, "data_arc": "1899", "n_del_obs_used": null, "model_pars": [], "not_valid_before": null, "n_obs_used": 28, "comment": null, "two_body": null, "equinox": "J2000", "pe_used": "DE441", "moid_jup": "35.005"}, "signature": {"version": "1.3", "source": "NASA/JPL Small-Body Database (SBDB) API"}}