{"orbit": {"last_obs": "2018-09-17", "n_dop_obs_used": null, "elements": [{"value": ".08641111205222905", "title": "eccentricity", "label": "e", "units": null, "sigma": ".00062246", "name": "e"}, {"name": "a", "sigma": ".037418", "units": "au", "label": "a", "value": "41.03296856279762", "title": "semi-major axis"}, {"name": "q", "units": "au", "sigma": ".046694", "label": "q", "value": "37.48726411848212", "title": "perihelion distance"}, {"sigma": ".00051407", "units": "deg", "name": "i", "value": "15.75748671408575", "title": "inclination; angle with respect to x-y ecliptic plane", "label": "i"}, {"title": "longitude of the ascending node", "value": "208.5472621130128", "label": "node", "units": "deg", "sigma": ".0036944", "name": "om"}, {"label": "peri", "value": "219.3496020758718", "title": "argument of perihelion", "name": "w", "units": "deg", "sigma": ".45203"}, {"label": "M", "title": "mean anomaly", "value": "277.3689266657509", "name": "ma", "units": "deg", "sigma": ".44723"}, {"title": "time of perihelion passage", "value": "2482036.802546976855", "label": "tp", "units": "TDB", "sigma": "90.343", "name": "tp"}, {"value": "96005.88007397398", "title": "sidereal orbital period", "label": "period", "units": "d", "sigma": "131.32", "name": "per"}, {"label": "n", "title": "mean motion", "value": ".003749770323678243", "name": "n", "units": "deg/d", "sigma": "5.1291E-6"}, {"title": "aphelion distance", "value": "44.57867300711312", "label": "Q", "sigma": ".040651", "units": "au", "name": "ad"}], "condition_code": "5", "soln_date": "2021-09-13 10:42:06", "sb_used": "SB441-N16", "not_valid_after": null, "first_obs": "2013-09-10", "source": "JPL", "t_jup": "5.512", "rms": ".20812", "producer": "Otto Matic", "orbit_id": "1", "moid": "36.5147", "covariance": {"labels": ["e", "q", "tp", "node", "peri", "i"], "data": [["3.974122495562261E-7", "-2.32575386974147E-5", "-.008308199182490544", "-3.090260582867627E-7", "4.021240124901488E-5", "2.776764351129363E-8"], ["-2.32575386974147E-5", ".002352920382445342", "-2.314929891553233", "2.073840097095239E-5", "-.01637780120483824", "-4.918430339897721E-7"], ["-.008308199182490544", "-2.314929891553233", "8088.154354615373", "-.001011243987728614", "38.77988959317094", "-.003779850533389612"], ["-3.090260582867627E-7", "2.073840097095239E-5", "-.001011243987728614", "1.3645421551732E-5", "-8.159939844896499E-5", "-1.899977094573237E-6"], ["4.021240124901488E-5", "-.01637780120483824", "38.77988959317094", "-8.159939844896499E-5", ".2024320821101433", "-1.139954101176665E-5"], ["2.776764351129363E-8", "-4.918430339897721E-7", "-.003779850533389612", "-1.899977094573237E-6", "-1.139954101176665E-5", "2.703757596579469E-7"]], "elements": [{"sigma": 0.000630406416176284, "units": null, "name": "e", "value": ".08492072858487396", "title": "eccentricity", "label": "e"}, {"label": "q", "title": "perihelion distance", "value": "37.14481131156096", "name": "q", "sigma": 0.0485069106668869, "units": "au"}, {"name": "tp", "sigma": 89.9341667811259, "units": "TDB", "label": "tp", "title": "time of perihelion passage", "value": "2483593.145399467292"}, {"units": "deg", "sigma": 0.00369397097332017, "name": "om", "value": "208.3071753796026", "title": "longitude of the ascending node", "label": "node"}, {"sigma": 0.449924529349249, "units": "deg", "name": "w", "value": "226.6064894526771", "title": "argument of perihelion", "label": "peri"}, {"name": "i", "units": "deg", "sigma": 0.000519976691456403, "label": "i", "value": "15.80266295399673", "title": "inclination"}], "epoch": "2457375.5"}, "epoch": "2460000.5", "not_valid_before": null, "n_obs_used": 8, "model_pars": [], "data_arc": "1833", "n_del_obs_used": null, "pe_used": "DE441", "two_body": null, "equinox": "J2000", "moid_jup": "32.5146", "comment": null}, "object": {"spkid": "54196372", "orbit_id": "1", "pha": false, "fullname": "(2013 RW156)", "des": "2013 RW156", "orbit_class": {"code": "TNO", "name": "TransNeptunian Object"}, "kind": "au", "prefix": null, "neo": false}, "signature": {"version": "1.3", "source": "NASA/JPL Small-Body Database (SBDB) API"}}