{"object": {"orbit_id": "2", "pha": false, "fullname": "(2014 UT229)", "des": "2014 UT229", "spkid": "3790109", "neo": false, "prefix": null, "kind": "au", "orbit_class": {"code": "TNO", "name": "TransNeptunian Object"}}, "orbit": {"last_obs": "2017-08-30", "n_dop_obs_used": null, "condition_code": "4", "elements": [{"title": "eccentricity", "value": ".1365693323626555", "label": "e", "units": null, "sigma": ".00031407", "name": "e"}, {"label": "a", "value": "39.72121372002795", "title": "semi-major axis", "name": "a", "units": "au", "sigma": ".0079011"}, {"label": "q", "value": "34.29651408164938", "title": "perihelion distance", "name": "q", "sigma": ".0079695", "units": "au"}, {"units": "deg", "sigma": ".0012381", "name": "i", "title": "inclination; angle with respect to x-y ecliptic plane", "value": "43.3412876132675", "label": "i"}, {"units": "deg", "sigma": ".00014732", "name": "om", "value": "208.6189535450413", "title": "longitude of the ascending node", "label": "node"}, {"name": "w", "sigma": ".20327", "units": "deg", "label": "peri", "value": "148.0769102264576", "title": "argument of perihelion"}, {"label": "M", "value": "32.26805139597941", "title": "mean anomaly", "name": "ma", "units": "deg", "sigma": ".14334"}, {"label": "tp", "value": "2451804.490906483146", "title": "time of perihelion passage", "name": "tp", "units": "TDB", "sigma": "37.517"}, {"label": "period", "value": "91439.15253691789", "title": "sidereal orbital period", "name": "per", "units": "d", "sigma": "27.283"}, {"name": "n", "units": "deg/d", "sigma": "1.1747E-6", "label": "n", "value": ".003937044362420711", "title": "mean motion"}, {"units": "au", "sigma": ".0089801", "name": "ad", "title": "aphelion distance", "value": "45.14591335840652", "label": "Q"}], "soln_date": "2021-04-15 11:41:20", "sb_used": "SB441-N16", "not_valid_after": null, "first_obs": "2014-08-23", "source": "JPL", "t_jup": "4.112", "rms": ".18882", "producer": "Otto Matic", "orbit_id": "2", "moid": "33.3579", "covariance": {"data": [["1.005091634355147E-7", "-2.253141485876153E-6", "-.01120935121613048", "1.178549952742349E-8", "-6.06799242341675E-5", "-9.635707008433256E-8"], ["-2.253141485876153E-6", "6.640199955670099E-5", ".3190592240310078", "-2.371861921792643E-7", ".001723504434622254", "2.282626497836717E-6"], ["-.01120935121613048", ".3190592240310078", "1542.824868589929", "-.00121265286675044", "8.334952037366108", ".01133085492605605"], ["1.178549952742349E-8", "-2.371861921792643E-7", "-.00121265286675044", "2.147707039802899E-8", "-6.580728419720689E-6", "-1.749461002205297E-7"], ["-6.06799242341675E-5", ".001723504434622254", "8.334952037366108", "-6.580728419720689E-6", ".04502980093030012", "6.140736589616442E-5"], ["-9.635707008433256E-8", "2.282626497836717E-6", ".01133085492605605", "-1.749461002205297E-7", "6.140736589616442E-5", "1.533711829013282E-6"]], "labels": ["e", "q", "tp", "node", "peri", "i"], "elements": [{"label": "e", "value": ".1296686717769645", "title": "eccentricity", "name": "e", "sigma": 0.000317031801930839, "units": null}, {"units": "au", "sigma": 0.00814874220703422, "name": "q", "value": "34.29193908777311", "title": "perihelion distance", "label": "q"}, {"label": "tp", "title": "time of perihelion passage", "value": "2451671.038136522010", "name": "tp", "units": "TDB", "sigma": 39.2788094090176}, {"name": "om", "units": "deg", "sigma": 0.000146550572834189, "label": "node", "value": "208.6522192232661", "title": "longitude of the ascending node"}, {"name": "w", "sigma": 0.212202264196922, "units": "deg", "label": "peri", "title": "argument of perihelion", "value": "147.4752261807521"}, {"label": "i", "title": "inclination", "value": "43.49149334946523", "name": "i", "units": "deg", "sigma": 0.0012384311967216}], "epoch": "2457097.5"}, "epoch": "2460000.5", "not_valid_before": null, "n_obs_used": 28, "n_del_obs_used": null, "data_arc": "1103", "model_pars": [], "pe_used": "DE441", "two_body": null, "equinox": "J2000", "moid_jup": "29.6266", "comment": null}, "signature": {"version": "1.3", "source": "NASA/JPL Small-Body Database (SBDB) API"}}