{"signature": {"version": "1.3", "source": "NASA/JPL Small-Body Database (SBDB) API"}, "object": {"neo": false, "orbit_class": {"name": "TransNeptunian Object", "code": "TNO"}, "spkid": "3024247", "pha": false, "orbit_id": "7", "fullname": "(1998 WV24)", "prefix": null, "des": "1998 WV24", "kind": "au"}, "orbit": {"data_arc": "8032", "pe_used": "DE441", "n_dop_obs_used": null, "comment": null, "rms": ".24477", "sb_used": "SB441-N16", "model_pars": [], "first_obs": "1998-11-18", "not_valid_after": null, "soln_date": "2021-04-14 20:49:17", "not_valid_before": null, "moid": "36.5093", "epoch": "2460000.5", "two_body": null, "equinox": "J2000", "producer": "Otto Matic", "n_del_obs_used": null, "moid_jup": "32.5389", "elements": [{"label": "e", "title": "eccentricity", "units": null, "value": ".04096100899654743", "name": "e", "sigma": "9.5226E-5"}, {"title": "semi-major axis", "label": "a", "units": "au", "value": "39.11977977348572", "sigma": ".012163", "name": "a"}, {"units": "au", "label": "q", "title": "perihelion distance", "sigma": ".0082103", "name": "q", "value": "37.51739412224101"}, {"label": "i", "title": "inclination; angle with respect to x-y ecliptic plane", "units": "deg", "value": "1.517766727946818", "name": "i", "sigma": ".00021295"}, {"sigma": ".0096597", "name": "om", "value": "183.5504066537934", "units": "deg", "label": "node", "title": "longitude of the ascending node"}, {"units": "deg", "title": "argument of perihelion", "label": "peri", "name": "w", "sigma": ".30485", "value": "164.1282162601239"}, {"label": "M", "title": "mean anomaly", "units": "deg", "value": "87.96543063778711", "sigma": ".31531", "name": "ma"}, {"value": "2438163.017945046544", "name": "tp", "sigma": "68.102", "title": "time of perihelion passage", "label": "tp", "units": "TDB"}, {"label": "period", "title": "sidereal orbital period", "units": "d", "value": "89370.26150823163", "sigma": "41.679", "name": "per"}, {"units": "deg/d", "label": "n", "title": "mean motion", "sigma": "1.8786E-6", "name": "n", "value": ".00402818559467728"}, {"value": "40.72216542473043", "name": "ad", "sigma": ".012661", "title": "aphelion distance", "label": "Q", "units": "au"}], "source": "JPL", "condition_code": "4", "covariance": {"labels": ["e", "q", "tp", "node", "peri", "i"], "elements": [{"value": ".03635292463297445", "sigma": 6.11136817019073e-05, "name": "e", "title": "eccentricity", "label": "e", "units": null}, {"value": "37.43113460256588", "sigma": 0.00955719072484427, "name": "q", "label": "q", "title": "perihelion distance", "units": "au"}, {"sigma": 79.9629423655383, "name": "tp", "value": "2435924.481715117752", "units": "TDB", "label": "tp", "title": "time of perihelion passage"}, {"units": "deg", "title": "longitude of the ascending node", "label": "node", "sigma": 0.00965560117319974, "name": "om", "value": "183.8132184134422"}, {"sigma": 0.360218082376511, "name": "w", "value": "154.3932721113841", "units": "deg", "title": "argument of perihelion", "label": "peri"}, {"units": "deg", "label": "i", "title": "inclination", "name": "i", "sigma": 0.000214574714266971, "value": "1.520538119021026"}], "data": [["3.734882091162045E-9", "4.600400833057453E-7", ".004152462362339232", "-4.428264451201758E-10", "1.860485574588389E-5", "9.680953100288494E-11"], ["4.600400833057453E-7", "9.133989455104941E-5", ".7596446090228857", "-2.699210163610988E-7", ".003423792047366465", "1.402219599042111E-8"], [".004152462362339232", ".7596446090228857", "6394.072151754393", "-.002032733153754429", "28.79278996841573", ".0001225927343810818"], ["-4.428264451201758E-10", "-2.699210163610988E-7", "-.002032733153754429", "9.323063401589615E-5", "-.0001024300840258678", "1.89849370171316E-6"], ["1.860485574588389E-5", ".003423792047366465", "28.79278996841573", "-.0001024300840258678", ".1297570668710106", "-1.347337095901318E-6"], ["9.680953100288494E-11", "1.402219599042111E-8", ".0001225927343810818", "1.89849370171316E-6", "-1.347337095901318E-6", "4.604230800275208E-8"]], "epoch": "2453730.5"}, "t_jup": "5.610", "orbit_id": "7", "n_obs_used": 26, "last_obs": "2020-11-14"}}