{"orbit": {"source": "JPL", "t_jup": "5.420", "last_obs": "2019-05-07", "first_obs": "2013-04-04", "not_valid_after": null, "sb_used": "SB441-N16", "condition_code": "3", "n_dop_obs_used": null, "elements": [{"sigma": ".00013004", "units": null, "name": "e", "value": ".19932678516127", "title": "eccentricity", "label": "e"}, {"sigma": ".0048465", "units": "au", "name": "a", "title": "semi-major axis", "value": "39.15312481710471", "label": "a"}, {"sigma": ".0043684", "units": "au", "name": "q", "title": "perihelion distance", "value": "31.34885831829329", "label": "q"}, {"title": "inclination; angle with respect to x-y ecliptic plane", "value": "10.46274630292077", "label": "i", "units": "deg", "sigma": ".00067926", "name": "i"}, {"title": "longitude of the ascending node", "value": "44.53334064098749", "label": "node", "sigma": ".00031543", "units": "deg", "name": "om"}, {"units": "deg", "sigma": ".035759", "name": "w", "title": "argument of perihelion", "value": "236.1569683784676", "label": "peri"}, {"sigma": ".021986", "units": "deg", "name": "ma", "value": "331.3775965737153", "title": "mean anomaly", "label": "M"}, {"title": "time of perihelion passage", "value": "2467115.119332787979", "label": "tp", "units": "TDB", "sigma": "4.7004", "name": "tp"}, {"units": "d", "sigma": "16.615", "name": "per", "value": "89484.55242062593", "title": "sidereal orbital period", "label": "period"}, {"name": "n", "sigma": "7.4698E-7", "units": "deg/d", "label": "n", "value": ".004023040740124672", "title": "mean motion"}, {"title": "aphelion distance", "value": "46.95739131591613", "label": "Q", "units": "au", "sigma": ".0058126", "name": "ad"}], "soln_date": "2021-04-15 08:00:00", "n_del_obs_used": null, "model_pars": [], "data_arc": "2224", "not_valid_before": null, "n_obs_used": 43, "comment": null, "equinox": "J2000", "two_body": null, "pe_used": "DE441", "moid_jup": "26.1931", "orbit_id": "7", "moid": "30.3437", "producer": "Otto Matic", "rms": ".27528", "epoch": "2460000.5", "covariance": {"labels": ["e", "q", "tp", "node", "peri", "i"], "data": [["1.654410734020304E-8", "-3.693726887863025E-7", ".0002924441745424971", "-5.200296679780927E-11", "2.58408230020944E-6", "6.867711587093336E-10"], ["-3.693726887863025E-7", "1.871028381436815E-5", "-.02043103664116104", "4.486638742195736E-9", "-.0001560044908627565", "-1.810500977822989E-10"], [".0002924441745424971", "-.02043103664116104", "23.81840979667387", "-5.262939882855907E-6", ".177218148763031", "-7.274526937766699E-6"], ["-5.200296679780927E-11", "4.486638742195736E-9", "-5.262939882855907E-6", "9.993653037454201E-8", "-1.372617704450986E-7", "-1.977496616396096E-7"], ["2.58408230020944E-6", "-.0001560044908627565", ".177218148763031", "-1.372617704450986E-7", ".001332178077014306", "1.630801322756202E-7"], ["6.867711587093336E-10", "-1.810500977822989E-10", "-7.274526937766699E-6", "-1.977496616396096E-7", "1.630801322756202E-7", "4.600903864022853E-7"]], "elements": [{"title": "eccentricity", "value": ".1982014170282245", "label": "e", "units": null, "sigma": 0.000128623898791022, "name": "e"}, {"label": "q", "value": "31.45094292809912", "title": "perihelion distance", "name": "q", "sigma": 0.00432553855772529, "units": "au"}, {"value": "2466944.768656192013", "title": "time of perihelion passage", "label": "tp", "units": "TDB", "sigma": 4.88041082253061, "name": "tp"}, {"value": "44.48719218607516", "title": "longitude of the ascending node", "label": "node", "units": "deg", "sigma": 0.000316127395798817, "name": "om"}, {"sigma": 0.0364990147403229, "units": "deg", "name": "w", "value": "234.9973985963803", "title": "argument of perihelion", "label": "peri"}, {"label": "i", "title": "inclination", "value": "10.44654433562491", "name": "i", "sigma": 0.00067829962877941, "units": "deg"}], "epoch": "2456631.5"}}, "object": {"prefix": null, "neo": false, "orbit_class": {"name": "TransNeptunian Object", "code": "TNO"}, "kind": "au", "pha": false, "orbit_id": "7", "fullname": "(2013 GL137)", "des": "2013 GL137", "spkid": "3727201"}, "signature": {"version": "1.3", "source": "NASA/JPL Small-Body Database (SBDB) API"}}