{"orbit": {"data_arc": "1533", "pe_used": "DE441", "n_dop_obs_used": null, "comment": null, "sb_used": "SB441-N16", "rms": ".21321", "model_pars": [], "not_valid_after": null, "first_obs": "2011-11-24", "not_valid_before": null, "soln_date": "2021-04-15 07:06:46", "moid": "29.515", "epoch": "2460000.5", "two_body": null, "equinox": "J2000", "producer": "Otto Matic", "elements": [{"title": "eccentricity", "label": "e", "units": null, "value": ".2313693780148756", "name": "e", "sigma": ".00011723"}, {"name": "a", "sigma": ".0071776", "value": "39.63935298144954", "units": "au", "title": "semi-major axis", "label": "a"}, {"title": "perihelion distance", "label": "q", "units": "au", "value": "30.46802053721946", "name": "q", "sigma": ".00094078"}, {"value": "21.85831211133036", "name": "i", "sigma": ".00071287", "title": "inclination; angle with respect to x-y ecliptic plane", "label": "i", "units": "deg"}, {"value": "261.8757107667086", "sigma": ".0023894", "name": "om", "title": "longitude of the ascending node", "label": "node", "units": "deg"}, {"label": "peri", "title": "argument of perihelion", "units": "deg", "value": "130.4502305401713", "sigma": ".088718", "name": "w"}, {"sigma": ".0522", "name": "ma", "value": "13.97672626370755", "units": "deg", "title": "mean anomaly", "label": "M"}, {"sigma": "13.68", "name": "tp", "value": "2456461.413143959277", "units": "TDB", "title": "time of perihelion passage", "label": "tp"}, {"units": "d", "label": "period", "title": "sidereal orbital period", "name": "per", "sigma": "24.759", "value": "91156.63025346339"}, {"label": "n", "title": "mean motion", "units": "deg/d", "value": ".003949246467305896", "name": "n", "sigma": "1.0726E-6"}, {"label": "Q", "title": "aphelion distance", "units": "au", "value": "48.81068542567962", "sigma": ".0088382", "name": "ad"}], "n_del_obs_used": null, "moid_jup": "25.7518", "condition_code": "4", "source": "JPL", "covariance": {"data": [["1.351816907314304E-8", "1.004806308205082E-7", "-.0007651103053030227", "-4.022628594610074E-8", "-4.932077709147522E-6", "1.299696969680583E-8"], ["1.004806308205082E-7", "9.071864194664006E-7", "-.007577502103692719", "-3.669744659653213E-7", "-4.889274485369184E-5", "1.181947641432847E-7"], ["-.0007651103053030227", "-.007577502103692719", "189.6856194328303", ".0038698118657198", "1.228688854149761", "-.001175538745863314"], ["-4.022628594610074E-8", "-3.669744659653213E-7", ".0038698118657198", "5.730227107227694E-6", "1.982370551950668E-5", "-1.705785235038594E-6"], ["-4.932077709147522E-6", "-4.889274485369184E-5", "1.228688854149761", "1.982370551950668E-5", ".007963700444986855", "-6.054338451273474E-6"], ["1.299696969680583E-8", "1.181947641432847E-7", "-.001175538745863314", "-1.705785235038594E-6", "-6.054338451273474E-6", "5.095363337228027E-7"]], "epoch": "2456186.5", "labels": ["e", "q", "tp", "node", "peri", "i"], "elements": [{"value": ".2299092218451585", "name": "e", "sigma": 0.000116267661338581, "label": "e", "title": "eccentricity", "units": null}, {"units": "au", "label": "q", "title": "perihelion distance", "sigma": 0.000952463342846537, "name": "q", "value": "30.47256473477609"}, {"units": "TDB", "title": "time of perihelion passage", "label": "tp", "sigma": 13.7726402491618, "name": "tp", "value": "2456481.102559411277"}, {"value": "261.9536398921104", "sigma": 0.00239378927794986, "name": "om", "label": "node", "title": "longitude of the ascending node", "units": "deg"}, {"sigma": 0.0892395677095472, "name": "w", "value": "130.5690835616193", "units": "deg", "title": "argument of perihelion", "label": "peri"}, {"value": "21.85031818212397", "name": "i", "sigma": 0.000713818137709321, "label": "i", "title": "inclination", "units": "deg"}]}, "t_jup": "5.116", "orbit_id": "5", "n_obs_used": 20, "last_obs": "2016-02-04"}, "object": {"orbit_class": {"name": "TransNeptunian Object", "code": "TNO"}, "neo": false, "spkid": "3696031", "pha": false, "fullname": "(2012 UG177)", "orbit_id": "5", "des": "2012 UG177", "kind": "au", "prefix": null}, "signature": {"version": "1.3", "source": "NASA/JPL Small-Body Database (SBDB) API"}}