{"signature": {"version": "1.3", "source": "NASA/JPL Small-Body Database (SBDB) API"}, "object": {"spkid": "3830897", "fullname": "(2015 GG54)", "orbit_id": "2", "pha": false, "des": "2015 GG54", "orbit_class": {"name": "TransNeptunian Object", "code": "TNO"}, "kind": "au", "prefix": null, "neo": false}, "orbit": {"not_valid_after": null, "sb_used": "SB441-N16", "first_obs": "2015-02-17", "n_dop_obs_used": null, "condition_code": "4", "elements": [{"name": "e", "units": null, "sigma": ".00063934", "label": "e", "value": ".2602970082853811", "title": "eccentricity"}, {"title": "semi-major axis", "value": "39.27323461274877", "label": "a", "units": "au", "sigma": ".014389", "name": "a"}, {"name": "q", "sigma": ".014969", "units": "au", "label": "q", "title": "perihelion distance", "value": "29.05052913736039"}, {"title": "inclination; angle with respect to x-y ecliptic plane", "value": ".8921918486421428", "label": "i", "units": "deg", "sigma": ".00075635", "name": "i"}, {"value": "64.81211512949255", "title": "longitude of the ascending node", "label": "node", "units": "deg", "sigma": ".041184", "name": "om"}, {"units": "deg", "sigma": ".0709", "name": "w", "title": "argument of perihelion", "value": "71.30739830733971", "label": "peri"}, {"name": "ma", "units": "deg", "sigma": ".02654", "label": "M", "title": "mean anomaly", "value": "53.50062385422476"}, {"label": "tp", "value": "2446640.705424764770", "title": "time of perihelion passage", "name": "tp", "units": "TDB", "sigma": "2.5032"}, {"label": "period", "value": "89896.63485400443", "title": "sidereal orbital period", "name": "per", "units": "d", "sigma": "49.405"}, {"sigma": "2.2008E-6", "units": "deg/d", "name": "n", "title": "mean motion", "value": ".004004599288779316", "label": "n"}, {"title": "aphelion distance", "value": "49.49594008813715", "label": "Q", "sigma": ".018134", "units": "au", "name": "ad"}], "soln_date": "2021-04-15 13:31:03", "last_obs": "2017-03-29", "source": "JPL", "t_jup": "5.437", "epoch": "2460000.5", "covariance": {"data": [["4.026241336898558E-7", "-9.263685058081118E-6", "-.00148988853636918", "2.58033516154853E-7", "-3.683086872030695E-5", "-4.76612569639884E-9"], ["-9.263685058081118E-6", ".0002193490345131701", ".03900339228682636", "-6.093229821977657E-6", ".0008907236412506676", "1.13277658311226E-7"], ["-.00148988853636918", ".03900339228682636", "9.256062916907844", "-.00106811549397897", ".1700374399506719", "2.02348286912996E-5"], ["2.58033516154853E-7", "-6.093229821977657E-6", "-.00106811549397897", ".001702837438173853", "-.00172712722648882", "-3.095764039307542E-5"], ["-3.683086872030695E-5", ".0008907236412506676", ".1700374399506719", "-.00172712722648882", ".005377811623699131", "3.141116270973498E-5"], ["-4.76612569639884E-9", "1.13277658311226E-7", "2.02348286912996E-5", "-3.095764039307542E-5", "3.141116270973498E-5", "5.638539187414532E-7"]], "labels": ["e", "q", "tp", "node", "peri", "i"], "epoch": "2457328.5", "elements": [{"title": "eccentricity", "value": ".2668406200669231", "label": "e", "units": null, "sigma": 0.000634526700533442, "name": "e"}, {"title": "perihelion distance", "value": "29.1793039141964", "label": "q", "units": "au", "sigma": 0.0148104366753033, "name": "q"}, {"value": "2446923.120320504055", "title": "time of perihelion passage", "label": "tp", "sigma": 3.04237783927438, "units": "TDB", "name": "tp"}, {"label": "node", "value": "64.94230921364884", "title": "longitude of the ascending node", "name": "om", "units": "deg", "sigma": 0.0412654509023451}, {"label": "peri", "title": "argument of perihelion", "value": "72.98796926343807", "name": "w", "sigma": 0.0733335641006158, "units": "deg"}, {"name": "i", "sigma": 0.000750902070007437, "units": "deg", "label": "i", "value": ".8895404297781293", "title": "inclination"}]}, "orbit_id": "2", "moid": "28.0645", "rms": ".18998", "producer": "Otto Matic", "comment": null, "pe_used": "DE441", "two_body": null, "equinox": "J2000", "moid_jup": "23.7074", "data_arc": "771", "n_del_obs_used": null, "model_pars": [], "not_valid_before": null, "n_obs_used": 42}}