{"object": {"fullname": "(2013 TA229)", "orbit_id": "1", "des": "2013 TA229", "kind": "au", "prefix": null, "orbit_class": {"name": "TransNeptunian Object", "code": "TNO"}, "neo": false, "spkid": "54197609", "pha": false}, "orbit": {"orbit_id": "1", "n_obs_used": 12, "last_obs": "2018-11-06", "covariance": {"elements": [{"units": null, "label": "e", "title": "eccentricity", "sigma": 0.000404916230356448, "name": "e", "value": ".1205152925873159"}, {"name": "q", "sigma": 0.0221779091629442, "value": "36.34134437453412", "units": "au", "label": "q", "title": "perihelion distance"}, {"sigma": 36.0851881080138, "name": "tp", "value": "2471659.872295752639", "units": "TDB", "label": "tp", "title": "time of perihelion passage"}, {"label": "node", "title": "longitude of the ascending node", "units": "deg", "value": "176.2378461168137", "name": "om", "sigma": 0.000533855971054292}, {"sigma": 0.206683837367906, "name": "w", "value": "258.7032324726197", "units": "deg", "label": "peri", "title": "argument of perihelion"}, {"value": "23.61042809147779", "sigma": 0.000785768999778183, "name": "i", "title": "inclination", "label": "i", "units": "deg"}], "labels": ["e", "q", "tp", "node", "peri", "i"], "epoch": "2457665.5", "data": [["1.639571536060762E-7", "-7.717110823622195E-6", ".01058761903507428", "-1.562512075409774E-8", "6.437821450374052E-5", "-2.944138657711071E-8"], ["-7.717110823622195E-6", ".0004918596548398041", "-.7802137281346746", "-3.222378135858362E-7", "-.004527337165230877", "2.001463041537336E-7"], [".01058761903507428", "-.7802137281346746", "1302.140800790741", ".001298918109639302", "7.441286691913453", ".0006849651301394886"], ["-1.562512075409774E-8", "-3.222378135858362E-7", ".001298918109639302", "2.850021978303215E-7", "5.882316939887088E-6", "4.113478281711543E-7"], ["6.437821450374052E-5", "-.004527337165230877", "7.441286691913453", "5.882316939887088E-6", ".04271820862912305", "1.82388494621172E-6"], ["-2.944138657711071E-8", "2.001463041537336E-7", ".0006849651301394886", "4.113478281711543E-7", "1.82388494621172E-6", "6.174329210124056E-7"]]}, "source": "JPL", "condition_code": "4", "t_jup": "5.283", "two_body": null, "equinox": "J2000", "moid_jup": "31.8829", "n_del_obs_used": null, "elements": [{"title": "eccentricity", "label": "e", "units": null, "value": ".1272679632233409", "name": "e", "sigma": ".00038181"}, {"value": "41.84346743154391", "name": "a", "sigma": ".013525", "title": "semi-major axis", "label": "a", "units": "au"}, {"value": "36.51813455732912", "sigma": ".021209", "name": "q", "label": "q", "title": "perihelion distance", "units": "au"}, {"units": "deg", "title": "inclination; angle with respect to x-y ecliptic plane", "label": "i", "name": "i", "sigma": ".00078046", "value": "23.49484857733382"}, {"sigma": ".00053478", "name": "om", "value": "176.1357687734738", "units": "deg", "title": "longitude of the ascending node", "label": "node"}, {"sigma": ".20702", "name": "w", "value": "254.6130048398698", "units": "deg", "label": "peri", "title": "argument of perihelion"}, {"units": "deg", "label": "M", "title": "mean anomaly", "name": "ma", "sigma": ".15062", "value": "320.8200912277813"}, {"units": "TDB", "label": "tp", "title": "time of perihelion passage", "sigma": "37.137", "name": "tp", "value": "2470760.216917292801"}, {"units": "d", "title": "sidereal orbital period", "label": "period", "name": "per", "sigma": "47.935", "value": "98864.39789191115"}, {"title": "mean motion", "label": "n", "units": "deg/d", "value": ".003641351261690679", "sigma": "1.7655E-6", "name": "n"}, {"value": "47.16880030575871", "name": "ad", "sigma": ".015247", "title": "aphelion distance", "label": "Q", "units": "au"}], "producer": "Otto Matic", "not_valid_after": null, "first_obs": "2013-10-13", "epoch": "2460000.5", "soln_date": "2021-09-15 10:42:07", "not_valid_before": null, "moid": "35.6088", "sb_used": "SB441-N16", "rms": ".18555", "model_pars": [], "comment": null, "data_arc": "1850", "n_dop_obs_used": null, "pe_used": "DE441"}, "signature": {"version": "1.3", "source": "NASA/JPL Small-Body Database (SBDB) API"}}