{"signature": {"version": "1.3", "source": "NASA/JPL Small-Body Database (SBDB) API"}, "object": {"spkid": "3351840", "pha": false, "orbit_class": {"name": "TransNeptunian Object", "code": "TNO"}, "neo": false, "des": "2006 QP180", "kind": "au", "prefix": null, "fullname": "(2006 QP180)", "orbit_id": "9"}, "orbit": {"condition_code": "3", "source": "JPL", "covariance": {"epoch": "2455958.5", "data": [["1.972839265339697E-9", "1.476350408346817E-8", "4.78586887166564E-6", "-4.306769566528371E-10", "1.442090590515225E-7", "1.909793116645737E-10"], ["1.476350408346817E-8", "1.133420538167017E-7", "3.615996936928976E-5", "-3.567731112274016E-9", "1.098338490532213E-6", "1.468777100386162E-9"], ["4.78586887166564E-6", "3.615996936928976E-5", ".01166894953209647", "-1.085492498007055E-6", ".0003523549189886301", "4.675674417443862E-7"], ["-4.306769566528371E-10", "-3.567731112274016E-9", "-1.085492498007055E-6", "2.79498190319723E-7", "-3.12098105537685E-7", "-1.934254425068436E-8"], ["1.442090590515225E-7", "1.098338490532213E-6", ".0003523549189886301", "-3.12098105537685E-7", "1.09498594941562E-5", "3.344297242411262E-8"], ["1.909793116645737E-10", "1.468777100386162E-9", "4.675674417443862E-7", "-1.934254425068436E-8", "3.344297242411262E-8", "2.228506521521068E-9"]], "elements": [{"label": "e", "title": "eccentricity", "units": null, "value": ".6558415545314425", "sigma": 4.44166552696136e-05, "name": "e"}, {"value": "13.21526409366161", "name": "q", "sigma": 0.000336663116210704, "title": "perihelion distance", "label": "q", "units": "au"}, {"units": "TDB", "title": "time of perihelion passage", "label": "tp", "sigma": 0.108022912070063, "name": "tp", "value": "2451550.551081561528"}, {"title": "longitude of the ascending node", "label": "node", "units": "deg", "value": "237.6835799199388", "sigma": 0.000528675883996729, "name": "om"}, {"units": "deg", "title": "argument of perihelion", "label": "peri", "sigma": 0.00330905719112804, "name": "w", "value": "53.07620808078826"}, {"value": "4.950558044152017", "name": "i", "sigma": 4.72070600813169e-05, "label": "i", "title": "inclination", "units": "deg"}], "labels": ["e", "q", "tp", "node", "peri", "i"]}, "t_jup": "4.227", "orbit_id": "9", "n_obs_used": 76, "last_obs": "2015-12-07", "first_obs": "2002-07-22", "not_valid_after": null, "soln_date": "2021-04-14 23:48:00", "not_valid_before": null, "moid": "12.2412", "epoch": "2460000.5", "equinox": "J2000", "two_body": null, "producer": "Otto Matic", "moid_jup": "8.10041", "n_del_obs_used": null, "elements": [{"title": "eccentricity", "label": "e", "units": null, "value": ".6554229305040808", "name": "e", "sigma": "4.4671E-5"}, {"units": "au", "label": "a", "title": "semi-major axis", "name": "a", "sigma": ".0059554", "value": "38.46928963757075"}, {"units": "au", "label": "q", "title": "perihelion distance", "name": "q", "sigma": ".00033722", "value": "13.25563508890386"}, {"value": "4.95090654018359", "name": "i", "sigma": "4.7063E-5", "title": "inclination; angle with respect to x-y ecliptic plane", "label": "i", "units": "deg"}, {"name": "om", "sigma": ".00052788", "value": "237.5869578398464", "units": "deg", "label": "node", "title": "longitude of the ascending node"}, {"units": "deg", "label": "peri", "title": "argument of perihelion", "name": "w", "sigma": ".0033096", "value": "53.30878420833837"}, {"sigma": ".0085557", "name": "ma", "value": "34.90118970527563", "units": "deg", "title": "mean anomaly", "label": "M"}, {"title": "time of perihelion passage", "label": "tp", "units": "TDB", "value": "2451551.459192133287", "name": "tp", "sigma": ".10933"}, {"sigma": "20.238", "name": "per", "value": "87150.45866680708", "units": "d", "title": "sidereal orbital period", "label": "period"}, {"title": "mean motion", "label": "n", "units": "deg/d", "value": ".004130787209925642", "sigma": "9.5923E-7", "name": "n"}, {"name": "ad", "sigma": ".0098588", "value": "63.68294418623763", "units": "au", "title": "aphelion distance", "label": "Q"}], "comment": null, "rms": ".1935", "sb_used": "SB441-N16", "model_pars": [], "data_arc": "4886", "pe_used": "DE441", "n_dop_obs_used": null}}