{"signature": {"version": "1.3", "source": "NASA/JPL Small-Body Database (SBDB) API"}, "orbit": {"n_dop_obs_used": null, "elements": [{"label": "e", "value": ".020973558900462", "title": "eccentricity", "name": "e", "sigma": ".00012903", "units": null}, {"name": "a", "sigma": ".012249", "units": "au", "label": "a", "value": "38.06673370751928", "title": "semi-major axis"}, {"sigma": ".00749", "units": "au", "name": "q", "title": "perihelion distance", "value": "37.26833882595643", "label": "q"}, {"title": "inclination; angle with respect to x-y ecliptic plane", "value": "5.312468411463036", "label": "i", "units": "deg", "sigma": ".00037785", "name": "i"}, {"value": "149.2441220703171", "title": "longitude of the ascending node", "label": "node", "units": "deg", "sigma": ".001636", "name": "om"}, {"sigma": ".58488", "units": "deg", "name": "w", "title": "argument of perihelion", "value": "326.3368846478726", "label": "peri"}, {"sigma": ".59405", "units": "deg", "name": "ma", "title": "mean anomaly", "value": "79.22555500782822", "label": "M"}, {"units": "TDB", "sigma": "132.49", "name": "tp", "title": "time of perihelion passage", "value": "2441121.471701172024", "label": "tp"}, {"label": "period", "title": "sidereal orbital period", "value": "85786.08489276622", "name": "per", "units": "d", "sigma": "41.407"}, {"name": "n", "units": "deg/d", "sigma": "2.0256E-6", "label": "n", "value": ".004196484784799364", "title": "mean motion"}, {"value": "38.86512858908214", "title": "aphelion distance", "label": "Q", "units": "au", "sigma": ".012506", "name": "ad"}], "condition_code": "4", "soln_date": "2022-03-08 22:53:26", "sb_used": "SB441-N16", "not_valid_after": null, "first_obs": "2002-03-05", "last_obs": "2022-03-02", "source": "JPL", "t_jup": "5.522", "covariance": {"data": [["3.97924060773839E-8", "8.821670448200991E-7", ".01386081021614467", "-2.297340077881028E-8", "6.050743152039244E-5", "-1.597569299458652E-9"], ["8.821670448200991E-7", "2.26849060958003E-5", ".3565122433277504", "-5.786353532927099E-7", ".001557939403870195", "-4.300680505584454E-8"], [".01386081021614467", ".3565122433277504", "5609.883358876077", "-.009085010124390829", "24.51456178367451", "-.0006756692603543496"], ["-2.297340077881028E-8", "-5.786353532927099E-7", "-.009085010124390829", "2.676883111374702E-6", "-4.234669121123643E-5", "5.663230800387933E-7"], ["6.050743152039244E-5", ".001557939403870195", "24.51456178367451", "-4.234669121123643E-5", ".1071292863114549", "-3.516338331773166E-6"], ["-1.597569299458652E-9", "-4.300680505584454E-8", "-.0006756692603543496", "5.663230800387933E-7", "-3.516338331773166E-6", "1.412894177087148E-7"]], "labels": ["e", "q", "tp", "node", "peri", "i"], "elements": [{"name": "e", "sigma": 0.000199480340077372, "units": null, "label": "e", "title": "eccentricity", "value": ".02690657911570366"}, {"units": "au", "sigma": 0.00476286742370605, "name": "q", "value": "37.47654224831832", "title": "perihelion distance", "label": "q"}, {"label": "tp", "value": "2446419.493043337799", "title": "time of perihelion passage", "name": "tp", "units": "TDB", "sigma": 74.8991545938676}, {"units": "deg", "sigma": 0.00163611830604474, "name": "om", "title": "longitude of the ascending node", "value": "149.1211794909834", "label": "node"}, {"title": "argument of perihelion", "value": "349.5050005016637", "label": "peri", "sigma": 0.327306104910151, "units": "deg", "name": "w"}, {"name": "i", "units": "deg", "sigma": 0.00037588484634089, "label": "i", "value": "5.296226756331222", "title": "inclination"}], "epoch": "2453635.5"}, "epoch": "2460000.5", "producer": "Otto Matic", "rms": ".43473", "orbit_id": "8", "moid": "36.2856", "two_body": null, "pe_used": "DE441", "equinox": "J2000", "moid_jup": "31.981", "comment": null, "not_valid_before": null, "n_obs_used": 21, "data_arc": "7302", "model_pars": [], "n_del_obs_used": null}, "object": {"orbit_id": "8", "pha": false, "fullname": "(2003 FD128)", "des": "2003 FD128", "spkid": "3153504", "neo": false, "prefix": null, "kind": "au", "orbit_class": {"name": "TransNeptunian Object", "code": "TNO"}}}