{"signature": {"version": "1.3", "source": "NASA/JPL Small-Body Database (SBDB) API"}, "orbit": {"covariance": {"labels": ["e", "q", "tp", "node", "peri", "i"], "elements": [{"label": "e", "title": "eccentricity", "units": null, "value": ".08861935650602934", "sigma": 0.000896552824464478, "name": "e"}, {"units": "au", "title": "perihelion distance", "label": "q", "sigma": 0.0335225736102095, "name": "q", "value": "35.93687475440771"}, {"sigma": 262.60806779169, "name": "tp", "value": "2463252.227669709089", "units": "TDB", "label": "tp", "title": "time of perihelion passage"}, {"sigma": 0.0036216409968723, "name": "om", "value": "48.70717287145172", "units": "deg", "title": "longitude of the ascending node", "label": "node"}, {"label": "peri", "title": "argument of perihelion", "units": "deg", "value": "31.87665118607952", "sigma": 1.27814664015486, "name": "w"}, {"units": "deg", "label": "i", "title": "inclination", "name": "i", "sigma": 0.00135660764054597, "value": "1.767812283980629"}], "data": [["8.038069670552326E-7", "-2.979916476078651E-5", ".2338655257056597", "-2.568369757467619E-8", ".001138307247305562", "-1.279132152250221E-8"], ["-2.979916476078651E-5", ".001123762941451916", "-8.801250639208767", "1.07804890414019E-6", "-.04283671629674644", "5.200569003307175E-7"], [".2338655257056597", "-8.801250639208767", "68962.99726928462", "-.008293036218914723", "335.6501976673019", "-.004021269124847547"], ["-2.568369757467619E-8", "1.07804890414019E-6", "-.008293036218914723", "1.311628351022622E-5", "-5.346811444559635E-5", "4.775186674334942E-6"], [".001138307247305562", "-.04283671629674644", "335.6501976673019", "-5.346811444559635E-5", "1.633658833739166", "-2.434301986778301E-5"], ["-1.279132152250221E-8", "5.200569003307175E-7", "-.004021269124847547", "4.775186674334942E-6", "-2.434301986778301E-5", "1.840384290387699E-6"]], "epoch": "2457497.5"}, "condition_code": "5", "source": "JPL", "t_jup": "5.631", "orbit_id": "2", "n_obs_used": 27, "last_obs": "2017-12-13", "first_obs": "2015-08-20", "not_valid_after": null, "epoch": "2460000.5", "moid": "35.0163", "not_valid_before": null, "soln_date": "2021-04-15 15:18:25", "equinox": "J2000", "two_body": null, "n_del_obs_used": null, "moid_jup": "30.9108", "elements": [{"units": null, "title": "eccentricity", "label": "e", "name": "e", "sigma": ".000765", "value": ".09412360152123622"}, {"label": "a", "title": "semi-major axis", "units": "au", "value": "39.7426802230819", "sigma": ".0052084", "name": "a"}, {"units": "au", "title": "perihelion distance", "label": "q", "name": "q", "sigma": ".029163", "value": "36.00195602637863"}, {"sigma": ".0013517", "name": "i", "value": "1.760242055822701", "units": "deg", "title": "inclination; angle with respect to x-y ecliptic plane", "label": "i"}, {"title": "longitude of the ascending node", "label": "node", "units": "deg", "value": "48.66219814204706", "sigma": ".0036292", "name": "om"}, {"value": "28.09815662640639", "name": "w", "sigma": "1.2417", "label": "peri", "title": "argument of perihelion", "units": "deg"}, {"sigma": "1.0082", "name": "ma", "value": "350.36787939723", "units": "deg", "title": "mean anomaly", "label": "M"}, {"value": "2462449.019495545662", "name": "tp", "sigma": "256.38", "title": "time of perihelion passage", "label": "tp", "units": "TDB"}, {"units": "d", "label": "period", "title": "sidereal orbital period", "sigma": "17.99", "name": "per", "value": "91513.28713045245"}, {"label": "n", "title": "mean motion", "units": "deg/d", "value": ".003933854976565523", "sigma": "7.7332E-7", "name": "n"}, {"name": "ad", "sigma": ".0056987", "value": "43.48340441978517", "units": "au", "label": "Q", "title": "aphelion distance"}], "producer": "Otto Matic", "comment": null, "rms": ".16509", "sb_used": "SB441-N16", "model_pars": [], "data_arc": "846", "n_dop_obs_used": null, "pe_used": "DE441"}, "object": {"spkid": "3830952", "pha": false, "neo": false, "orbit_class": {"name": "TransNeptunian Object", "code": "TNO"}, "prefix": null, "des": "2015 VV164", "kind": "au", "orbit_id": "2", "fullname": "(2015 VV164)"}}