{"signature": {"version": "1.3", "source": "NASA/JPL Small-Body Database (SBDB) API"}, "orbit": {"two_body": null, "equinox": "J2000", "producer": "Otto Matic", "elements": [{"value": ".1733731290740316", "sigma": "6.6456E-5", "name": "e", "title": "eccentricity", "label": "e", "units": null}, {"value": "39.04204589356281", "name": "a", "sigma": ".0089089", "title": "semi-major axis", "label": "a", "units": "au"}, {"sigma": ".0096332", "name": "q", "value": "32.27320423154389", "units": "au", "title": "perihelion distance", "label": "q"}, {"name": "i", "sigma": ".0004254", "value": "12.04764418750584", "units": "deg", "label": "i", "title": "inclination; angle with respect to x-y ecliptic plane"}, {"units": "deg", "label": "node", "title": "longitude of the ascending node", "name": "om", "sigma": ".00063553", "value": "174.8850490471124"}, {"value": "258.5502659811846", "sigma": ".055189", "name": "w", "label": "peri", "title": "argument of perihelion", "units": "deg"}, {"title": "mean anomaly", "label": "M", "units": "deg", "value": "121.7053252100165", "name": "ma", "sigma": ".064243"}, {"value": "2429877.074335165125", "name": "tp", "sigma": "5.8497", "title": "time of perihelion passage", "label": "tp", "units": "TDB"}, {"title": "sidereal orbital period", "label": "period", "units": "d", "value": "89104.01595515433", "sigma": "30.498", "name": "per"}, {"units": "deg/d", "title": "mean motion", "label": "n", "name": "n", "sigma": "1.3829E-6", "value": ".004040221937709143"}, {"name": "ad", "sigma": ".010453", "value": "45.81088755558175", "units": "au", "label": "Q", "title": "aphelion distance"}], "n_del_obs_used": null, "moid_jup": "27.3155", "first_obs": "1999-03-22", "not_valid_after": null, "moid": "31.3084", "not_valid_before": null, "soln_date": "2022-04-28 20:53:49", "epoch": "2460000.5", "orbit_id": "9", "n_obs_used": 29, "last_obs": "2022-04-26", "condition_code": "4", "source": "JPL", "covariance": {"elements": [{"label": "e", "title": "eccentricity", "units": null, "value": ".1678722062967815", "sigma": 6.2222900447064e-05, "name": "e"}, {"units": "au", "title": "perihelion distance", "label": "q", "name": "q", "sigma": 0.009606030144467, "value": "32.72104424782777"}, {"value": "2430063.776117721536", "sigma": 6.61034368254138, "name": "tp", "title": "time of perihelion passage", "label": "tp", "units": "TDB"}, {"units": "deg", "title": "longitude of the ascending node", "label": "node", "name": "om", "sigma": 0.000636618475729062, "value": "174.7699153463607"}, {"value": "260.7651212941003", "sigma": 0.0579275801697202, "name": "w", "title": "argument of perihelion", "label": "peri", "units": "deg"}, {"value": "12.00866197708744", "name": "i", "sigma": 0.00042357556151693, "title": "inclination", "label": "i", "units": "deg"}], "labels": ["e", "q", "tp", "node", "peri", "i"], "epoch": "2454391.5", "data": [["3.871689340045232E-9", "-5.274877018571683E-7", "-.0002356942854927558", "5.951578716396717E-10", "-2.744824037604058E-6", "-8.496995723506477E-10"], ["-5.274877018571683E-7", "9.227581513640864E-5", ".05652247898762054", "-5.450177639043769E-8", ".0005434391003633578", "1.950041560479805E-7"], ["-.0002356942854927558", ".05652247898762054", "43.69664360131473", "-4.008467567341454E-6", ".370344852826842", ".0001462180659430972"], ["5.951578716396717E-10", "-5.450177639043769E-8", "-4.008467567341454E-6", "4.052830836395941E-7", "-5.959403842694029E-7", "2.435353570163331E-7"], ["-2.744824037604058E-6", ".0005434391003633578", ".370344852826842", "-5.959403842694029E-7", ".00335560454431936", "1.02112909102511E-6"], ["-8.496995723506477E-10", "1.950041560479805E-7", ".0001462180659430972", "2.435353570163331E-7", "1.02112909102511E-6", "1.794162563143822E-7"]]}, "t_jup": "5.410", "data_arc": "8436", "pe_used": "DE441", "n_dop_obs_used": null, "sb_used": "SB441-N16", "rms": ".19907", "model_pars": [], "comment": null}, "object": {"orbit_class": {"name": "TransNeptunian Object", "code": "TNO"}, "neo": false, "pha": false, "spkid": "3286273", "fullname": "(2005 GV210)", "orbit_id": "9", "kind": "au", "des": "2005 GV210", "prefix": null}}