{"signature": {"version": "1.3", "source": "NASA/JPL Small-Body Database (SBDB) API"}, "object": {"des": "2015 KR173", "kind": "au", "prefix": null, "fullname": "(2015 KR173)", "orbit_id": "2", "spkid": "3830930", "pha": false, "orbit_class": {"name": "TransNeptunian Object", "code": "TNO"}, "neo": false}, "orbit": {"condition_code": "4", "source": "JPL", "covariance": {"labels": ["e", "q", "tp", "node", "peri", "i"], "elements": [{"title": "eccentricity", "label": "e", "units": null, "value": ".1153752283472065", "name": "e", "sigma": 0.000925315277573511}, {"value": "34.89178184979708", "name": "q", "sigma": 0.0301966410595297, "label": "q", "title": "perihelion distance", "units": "au"}, {"title": "time of perihelion passage", "label": "tp", "units": "TDB", "value": "2437753.531384584665", "name": "tp", "sigma": 20.9892983119655}, {"units": "deg", "label": "node", "title": "longitude of the ascending node", "name": "om", "sigma": 0.0100505188627545, "value": "123.7402207710392"}, {"units": "deg", "label": "peri", "title": "argument of perihelion", "name": "w", "sigma": 0.0499040582462524, "value": "18.64921184903019"}, {"units": "deg", "label": "i", "title": "inclination", "sigma": 0.000425164177129398, "name": "i", "value": "6.949065325375532"}], "data": [["8.562083629109429E-7", "-2.767020790364949E-5", ".01779654955347134", "8.882192888486963E-7", "-7.502484042565258E-6", "-3.805455146496322E-8"], ["-2.767020790364949E-5", ".0009118371312780777", "-.5401972796881711", "-2.903754351428582E-5", ".0004439212519013151", "1.257544585937235E-6"], [".01779654955347134", "-.5401972796881711", "440.5506436286788", ".01783590859507087", ".249074022662565", "-.0007389380643618328"], ["8.882192888486963E-7", "-2.903754351428582E-5", ".01783590859507087", ".0001010129294105835", "-.0001108013653847384", "-4.266661211616623E-6"], ["-7.502484042565258E-6", ".0004439212519013151", ".249074022662565", "-.0001108013653847384", ".002490415029445356", "4.834218165780432E-6"], ["-3.805455146496322E-8", "1.257544585937235E-6", "-.0007389380643618328", "-4.266661211616623E-6", "4.834218165780432E-6", "1.807645775141183E-7"]], "epoch": "2457206.5"}, "t_jup": "5.547", "orbit_id": "2", "n_obs_used": 39, "last_obs": "2016-07-05", "first_obs": "2014-05-29", "not_valid_after": null, "not_valid_before": null, "moid": "33.838", "soln_date": "2021-04-15 13:49:22", "epoch": "2460000.5", "two_body": null, "equinox": "J2000", "producer": "Otto Matic", "n_del_obs_used": null, "moid_jup": "29.4683", "elements": [{"label": "e", "title": "eccentricity", "units": null, "value": ".111170281819972", "name": "e", "sigma": ".00092223"}, {"sigma": ".0084198", "name": "a", "value": "39.1797003107862", "units": "au", "label": "a", "title": "semi-major axis"}, {"name": "q", "sigma": ".030224", "value": "34.82408198561406", "units": "au", "label": "q", "title": "perihelion distance"}, {"title": "inclination; angle with respect to x-y ecliptic plane", "label": "i", "units": "deg", "value": "6.942009951683297", "sigma": ".00042397", "name": "i"}, {"label": "node", "title": "longitude of the ascending node", "units": "deg", "value": "123.9010286788032", "sigma": ".010099", "name": "om"}, {"value": "15.43772664559214", "name": "w", "sigma": ".053434", "title": "argument of perihelion", "label": "peri", "units": "deg"}, {"title": "mean anomaly", "label": "M", "units": "deg", "value": "92.17028080565106", "sigma": ".13629", "name": "ma"}, {"units": "TDB", "label": "tp", "title": "time of perihelion passage", "sigma": "26.728", "name": "tp", "value": "2437066.569013376775"}, {"value": "89575.67540228395", "name": "per", "sigma": "28.875", "label": "period", "title": "sidereal orbital period", "units": "d"}, {"units": "deg/d", "title": "mean motion", "label": "n", "sigma": "1.2955E-6", "name": "n", "value": ".004018948206454952"}, {"value": "43.53531863595835", "sigma": ".0093559", "name": "ad", "label": "Q", "title": "aphelion distance", "units": "au"}], "comment": null, "rms": ".17263", "sb_used": "SB441-N16", "model_pars": [], "data_arc": "768", "pe_used": "DE441", "n_dop_obs_used": null}}