{"signature": {"version": "1.3", "source": "NASA/JPL Small-Body Database (SBDB) API"}, "orbit": {"n_dop_obs_used": null, "pe_used": "DE441", "data_arc": "8091", "comment": null, "model_pars": [], "sb_used": "SB441-N16", "rms": ".19126", "epoch": "2460000.5", "not_valid_before": null, "soln_date": "2021-10-15 22:51:13", "moid": "36.8373", "first_obs": "1999-07-19", "not_valid_after": null, "n_del_obs_used": null, "elements": [{"value": ".09357257963454614", "name": "e", "sigma": ".00015975", "title": "eccentricity", "label": "e", "units": null}, {"label": "a", "title": "semi-major axis", "units": "au", "value": "41.71404408448872", "sigma": ".015366", "name": "a"}, {"value": "37.81075337251393", "name": "q", "sigma": ".020383", "label": "q", "title": "perihelion distance", "units": "au"}, {"name": "i", "sigma": ".00026241", "value": "14.37898399627155", "units": "deg", "title": "inclination; angle with respect to x-y ecliptic plane", "label": "i"}, {"sigma": ".00028418", "name": "om", "value": "301.4684628794602", "units": "deg", "title": "longitude of the ascending node", "label": "node"}, {"name": "w", "sigma": ".14822", "value": "142.945698062724", "units": "deg", "title": "argument of perihelion", "label": "peri"}, {"title": "mean anomaly", "label": "M", "units": "deg", "value": "258.55202913933", "sigma": ".14088", "name": "ma"}, {"name": "tp", "sigma": "23.594", "value": "2487731.321450556436", "units": "TDB", "label": "tp", "title": "time of perihelion passage"}, {"value": "98406.06606031806", "sigma": "54.373", "name": "per", "title": "sidereal orbital period", "label": "period", "units": "d"}, {"units": "deg/d", "title": "mean motion", "label": "n", "name": "n", "sigma": "2.0214E-6", "value": ".003658311061630467"}, {"value": "45.61733479646351", "sigma": ".016804", "name": "ad", "title": "aphelion distance", "label": "Q", "units": "au"}], "moid_jup": "32.7344", "producer": "Otto Matic", "two_body": null, "equinox": "J2000", "t_jup": "5.586", "covariance": {"data": [["3.132907507843232E-8", "-3.663113215991105E-6", ".003139888884693145", "2.463026640033071E-9", "2.334588216211034E-5", "-4.997564217192918E-9"], ["-3.663113215991105E-6", ".000440598353355502", "-.4110905260963263", "-3.153886417233419E-7", "-.002928971641259949", "5.850385012941125E-7"], [".003139888884693145", "-.4110905260963263", "472.228561702625", ".0003447503665181797", "3.053510224439062", "-.0005028992480418604"], ["2.463026640033071E-9", "-3.153886417233419E-7", ".0003447503665181797", "8.114252723463021E-8", "2.20094802346654E-6", "5.317484253008371E-8"], ["2.334588216211034E-5", "-.002928971641259949", "3.053510224439062", "2.20094802346654E-6", ".02063097450304842", "-3.785805510635894E-6"], ["-4.997564217192918E-9", "5.850385012941125E-7", "-.0005028992480418604", "5.317484253008371E-8", "-3.785805510635894E-6", "6.89502401685564E-8"]], "epoch": "2454073.5", "labels": ["e", "q", "tp", "node", "peri", "i"], "elements": [{"sigma": 0.00017700021208584, "name": "e", "value": ".09118889041501482", "units": null, "title": "eccentricity", "label": "e"}, {"sigma": 0.0209904348062517, "name": "q", "value": "37.69937306977938", "units": "au", "title": "perihelion distance", "label": "q"}, {"name": "tp", "sigma": 21.7308205483048, "value": "2488890.157406447070", "units": "TDB", "title": "time of perihelion passage", "label": "tp"}, {"name": "om", "sigma": 0.000284855274191352, "value": "301.4831516912076", "units": "deg", "label": "node", "title": "longitude of the ascending node"}, {"units": "deg", "title": "argument of perihelion", "label": "peri", "name": "w", "sigma": 0.143634865207053, "value": "147.4714856454113"}, {"value": "14.38461049020504", "sigma": 0.000262583777428379, "name": "i", "label": "i", "title": "inclination", "units": "deg"}]}, "condition_code": "4", "source": "JPL", "n_obs_used": 44, "last_obs": "2021-09-12", "orbit_id": "8"}, "object": {"prefix": null, "kind": "au", "des": "1999 OD4", "orbit_id": "8", "fullname": "(1999 OD4)", "pha": false, "spkid": "3031894", "neo": false, "orbit_class": {"code": "TNO", "name": "TransNeptunian Object"}}}