{"signature": {"version": "1.3", "source": "NASA/JPL Small-Body Database (SBDB) API"}, "orbit": {"t_jup": "4.990", "source": "JPL", "last_obs": "2021-11-26", "soln_date": "2021-12-03 22:25:49", "n_dop_obs_used": null, "condition_code": "3", "elements": [{"name": "e", "sigma": "6.6865E-5", "units": null, "label": "e", "title": "eccentricity", "value": ".2456400658678145"}, {"sigma": ".0050188", "units": "au", "name": "a", "value": "39.73622730347743", "title": "semi-major axis", "label": "a"}, {"units": "au", "sigma": ".0022059", "name": "q", "value": "29.97541781131278", "title": "perihelion distance", "label": "q"}, {"name": "i", "units": "deg", "sigma": ".00015487", "label": "i", "title": "inclination; angle with respect to x-y ecliptic plane", "value": "24.90568652980513"}, {"sigma": ".00024238", "units": "deg", "name": "om", "title": "longitude of the ascending node", "value": "58.84621253097857", "label": "node"}, {"title": "argument of perihelion", "value": "249.2052224680326", "label": "peri", "units": "deg", "sigma": ".016592", "name": "w"}, {"label": "M", "title": "mean anomaly", "value": "59.42649410967627", "name": "ma", "units": "deg", "sigma": ".019864"}, {"label": "tp", "title": "time of perihelion passage", "value": "2444897.751765950776", "name": "tp", "units": "TDB", "sigma": "2.1927"}, {"name": "per", "sigma": "17.333", "units": "d", "label": "period", "title": "sidereal orbital period", "value": "91490.99985981554"}, {"name": "n", "sigma": "7.4546E-7", "units": "deg/d", "label": "n", "value": ".003934813266349692", "title": "mean motion"}, {"name": "ad", "sigma": ".0062516", "units": "au", "label": "Q", "value": "49.49703679564207", "title": "aphelion distance"}], "not_valid_after": null, "first_obs": "2013-10-04", "sb_used": "SB441-N16", "n_obs_used": 68, "not_valid_before": null, "model_pars": [], "data_arc": "2975", "n_del_obs_used": null, "moid_jup": "25.3109", "equinox": "J2000", "two_body": null, "pe_used": "DE441", "comment": null, "rms": ".19266", "producer": "Otto Matic", "moid": "29.0437", "orbit_id": "5", "covariance": {"labels": ["e", "q", "tp", "node", "peri", "i"], "data": [["4.18779651439698E-9", "2.703009493618359E-8", ".0001112382164632066", "-1.420881148823412E-9", "6.365895294934579E-7", "1.181999713454743E-9"], ["2.703009493618359E-8", "5.122166853136601E-6", ".00387619171486092", "-8.286330302029735E-8", "3.513923443593385E-5", "6.943690177615405E-8"], [".0001112382164632066", ".00387619171486092", "4.977816533217054", "-8.456602566364575E-5", ".03675047957705734", "7.066903626462867E-5"], ["-1.420881148823412E-9", "-8.286330302029735E-8", "-8.456602566364575E-5", "5.834076601470072E-8", "-7.285763097768052E-7", "-3.684625348462041E-8"], ["6.365895294934579E-7", "3.513923443593385E-5", ".03675047957705734", "-7.285763097768052E-7", ".0002915886703832997", "5.986457070932021E-7"], ["1.181999713454743E-9", "6.943690177615405E-8", "7.066903626462867E-5", "-3.684625348462041E-8", "5.986457070932021E-7", "2.415505134672335E-8"]], "elements": [{"units": null, "sigma": 6.47131865572773e-05, "name": "e", "title": "eccentricity", "value": ".242393467855475", "label": "e"}, {"sigma": 0.00226322046056866, "units": "au", "name": "q", "title": "perihelion distance", "value": "29.73448181803041", "label": "q"}, {"units": "TDB", "sigma": 2.2311020893758, "name": "tp", "value": "2444542.941318471827", "title": "time of perihelion passage", "label": "tp"}, {"value": "58.73533729030145", "title": "longitude of the ascending node", "label": "node", "sigma": 0.000241538332391984, "units": "deg", "name": "om"}, {"title": "argument of perihelion", "value": "246.8611584467029", "label": "peri", "units": "deg", "sigma": 0.0170759676265593, "name": "w"}, {"name": "i", "sigma": 0.000155418954271103, "units": "deg", "label": "i", "title": "inclination", "value": "25.0001937726569"}], "epoch": "2457925.5"}, "epoch": "2460000.5"}, "object": {"des": "2013 TY171", "fullname": "(2013 TY171)", "orbit_id": "5", "pha": false, "spkid": "3841649", "neo": false, "prefix": null, "kind": "au", "orbit_class": {"name": "TransNeptunian Object", "code": "TNO"}}}