{"signature": {"version": "1.3", "source": "NASA/JPL Small-Body Database (SBDB) API"}, "object": {"neo": false, "orbit_class": {"name": "TransNeptunian Object", "code": "TNO"}, "spkid": "20119951", "pha": false, "orbit_id": "17", "fullname": "119951 (2002 KX14)", "prefix": null, "des": "119951", "kind": "an"}, "orbit": {"source": "JPL", "condition_code": "2", "covariance": {"epoch": "2456747.5", "data": [["1.162942953019639E-10", "-9.483183513353132E-9", "1.350000238277778E-5", "-4.481359166860483E-11", "8.693115294191715E-8", "1.137999114874597E-13"], ["-9.483183513353132E-9", "1.187783524131567E-6", "-.003687577182433732", "3.306934107976135E-9", "-1.911078833459156E-5", "1.712107496629388E-11"], ["1.350000238277778E-5", "-.003687577182433732", "17.77340333984296", "-2.939000391868329E-6", ".0853691021647007", "-1.509342527358834E-7"], ["-4.481359166860483E-11", "3.306934107976135E-9", "-2.939000391868329E-6", "4.230341775278224E-5", "-4.232538392866E-5", "-4.380539778636444E-7"], ["8.693115294191715E-8", "-1.911078833459156E-5", ".0853691021647007", "-4.232538392866E-5", ".0004569748253858035", "4.373647055463737E-7"], ["1.137999114874597E-13", "1.712107496629388E-11", "-1.509342527358834E-7", "-4.380539778636444E-7", "4.373647055463737E-7", "4.604182195469124E-9"]], "elements": [{"sigma": 1.07839832762279e-05, "name": "e", "value": ".04363998870618298", "units": null, "label": "e", "title": "eccentricity"}, {"value": "37.01857760664176", "name": "q", "sigma": 0.00108985481791455, "title": "perihelion distance", "label": "q", "units": "au"}, {"name": "tp", "sigma": 4.21585143711718, "value": "2482738.305450570209", "units": "TDB", "title": "time of perihelion passage", "label": "tp"}, {"units": "deg", "label": "node", "title": "longitude of the ascending node", "name": "om", "sigma": 0.00650410775993005, "value": "286.4908015936088"}, {"name": "w", "sigma": 0.0213769695089319, "value": "76.98344342274348", "units": "deg", "label": "peri", "title": "argument of perihelion"}, {"units": "deg", "label": "i", "title": "inclination", "sigma": 6.78541243806824e-05, "name": "i", "value": ".405687923186939"}], "labels": ["e", "q", "tp", "node", "peri", "i"]}, "t_jup": "5.588", "orbit_id": "17", "n_obs_used": 245, "last_obs": "2018-08-03", "not_valid_after": null, "first_obs": "1984-05-31", "not_valid_before": null, "soln_date": "2021-04-13 17:04:16", "moid": "35.9323", "epoch": "2460000.5", "equinox": "J2000", "two_body": null, "producer": "Otto Matic", "moid_jup": "31.9805", "n_del_obs_used": null, "elements": [{"value": ".04755211750422254", "sigma": "1.0467E-5", "name": "e", "title": "eccentricity", "label": "e", "units": null}, {"value": "38.78096522093358", "sigma": ".00083072", "name": "a", "label": "a", "title": "semi-major axis", "units": "au"}, {"sigma": ".0010604", "name": "q", "value": "36.93684820582058", "units": "au", "label": "q", "title": "perihelion distance"}, {"units": "deg", "title": "inclination; angle with respect to x-y ecliptic plane", "label": "i", "name": "i", "sigma": "6.7546E-5", "value": ".4021448386508202"}, {"sigma": ".0066224", "name": "om", "value": "286.8961417802374", "units": "deg", "label": "node", "title": "longitude of the ascending node"}, {"name": "w", "sigma": ".020081", "value": "73.71529850320289", "units": "deg", "title": "argument of perihelion", "label": "peri"}, {"name": "ma", "sigma": ".018668", "value": "270.3151870472151", "units": "deg", "title": "mean anomaly", "label": "M"}, {"value": "2481976.201830746242", "name": "tp", "sigma": "3.8934", "label": "tp", "title": "time of perihelion passage", "units": "TDB"}, {"label": "period", "title": "sidereal orbital period", "units": "d", "value": "88211.73171463903", "name": "per", "sigma": "2.8344"}, {"label": "n", "title": "mean motion", "units": "deg/d", "value": ".004081089816540318", "name": "n", "sigma": "1.3113E-7"}, {"units": "au", "title": "aphelion distance", "label": "Q", "sigma": ".00087023", "name": "ad", "value": "40.62508223604659"}], "comment": null, "rms": ".33208", "sb_used": "SB441-N16", "model_pars": [], "data_arc": "12482", "pe_used": "DE441", "n_dop_obs_used": null}}