{"signature": {"version": "1.3", "source": "NASA/JPL Small-Body Database (SBDB) API"}, "object": {"fullname": "(2015 KF173)", "orbit_id": "2", "des": "2015 KF173", "kind": "au", "prefix": null, "orbit_class": {"name": "TransNeptunian Object", "code": "TNO"}, "neo": false, "spkid": "3830919", "pha": false}, "orbit": {"data_arc": "1092", "pe_used": "DE441", "n_dop_obs_used": null, "sb_used": "SB441-N16", "rms": ".1159", "model_pars": [], "comment": null, "equinox": "J2000", "two_body": null, "producer": "Otto Matic", "n_del_obs_used": null, "moid_jup": "23.8873", "elements": [{"value": ".2553364146260014", "name": "e", "sigma": ".0001119", "title": "eccentricity", "label": "e", "units": null}, {"value": "39.27961710563817", "name": "a", "sigma": ".0069341", "label": "a", "title": "semi-major axis", "units": "au"}, {"value": "29.25010050600237", "sigma": ".00082931", "name": "q", "title": "perihelion distance", "label": "q", "units": "au"}, {"value": "15.34960287355777", "name": "i", "sigma": ".00054753", "title": "inclination; angle with respect to x-y ecliptic plane", "label": "i", "units": "deg"}, {"units": "deg", "title": "longitude of the ascending node", "label": "node", "name": "om", "sigma": ".00099623", "value": "80.61642941786805"}, {"value": "157.014862998746", "name": "w", "sigma": ".060776", "title": "argument of perihelion", "label": "peri", "units": "deg"}, {"name": "ma", "sigma": ".034557", "value": "9.641106933162616", "units": "deg", "label": "M", "title": "mean anomaly"}, {"sigma": "8.6992", "name": "tp", "value": "2457592.404564940221", "units": "TDB", "title": "time of perihelion passage", "label": "tp"}, {"title": "sidereal orbital period", "label": "period", "units": "d", "value": "89918.55008262444", "sigma": "23.81", "name": "per"}, {"value": ".004003623275388703", "sigma": "1.0602E-6", "name": "n", "title": "mean motion", "label": "n", "units": "deg/d"}, {"value": "49.30913370527398", "sigma": ".0087047", "name": "ad", "label": "Q", "title": "aphelion distance", "units": "au"}], "first_obs": "2014-05-29", "not_valid_after": null, "soln_date": "2021-04-15 13:49:20", "not_valid_before": null, "moid": "28.2437", "epoch": "2460000.5", "orbit_id": "2", "last_obs": "2017-05-25", "n_obs_used": 26, "condition_code": "4", "source": "JPL", "covariance": {"elements": [{"value": ".2601513793218306", "name": "e", "sigma": 0.000112707847012717, "title": "eccentricity", "label": "e", "units": null}, {"name": "q", "sigma": 0.000791808667878902, "value": "29.24138691354256", "units": "au", "title": "perihelion distance", "label": "q"}, {"label": "tp", "title": "time of perihelion passage", "units": "TDB", "value": "2457459.460717897277", "sigma": 8.52849012357961, "name": "tp"}, {"sigma": 0.000996237052774002, "name": "om", "value": "80.59502607671268", "units": "deg", "title": "longitude of the ascending node", "label": "node"}, {"label": "peri", "title": "argument of perihelion", "units": "deg", "value": "156.0591085164781", "sigma": 0.0597180509116357, "name": "w"}, {"value": "15.33841019857539", "name": "i", "sigma": 0.000546342553112615, "title": "inclination", "label": "i", "units": "deg"}], "labels": ["e", "q", "tp", "node", "peri", "i"], "epoch": "2457219.5", "data": [["1.270305877824197E-8", "8.519984435967891E-8", "-.0001194037892485699", "9.915087527340231E-9", "-8.440972872287078E-7", "-4.614021946540427E-9"], ["8.519984435967891E-8", "6.269609665281621E-7", "-.002095799183454088", "7.821240836763427E-8", "-1.473279450703065E-5", "-3.688065245123326E-8"], ["-.0001194037892485699", "-.002095799183454088", "72.73514378799496", "-.0005459620090553227", ".5092391028657661", ".0002818454751029298"], ["9.915087527340231E-9", "7.821240836763427E-8", "-.0005459620090553227", "9.924882653198302E-7", "-4.775533020159641E-6", "-5.408206342676969E-7"], ["-8.440972872287078E-7", "-1.473279450703065E-5", ".5092391028657661", "-4.775533020159641E-6", ".003566245604684716", "2.492757019260639E-6"], ["-4.614021946540427E-9", "-3.688065245123326E-8", ".0002818454751029298", "-5.408206342676969E-7", "2.492757019260639E-6", "2.984901853416102E-7"]]}, "t_jup": "5.256"}}