{"object": {"spkid": "3989644", "des": "2014 YR72", "orbit_id": "3", "pha": false, "fullname": "(2014 YR72)", "kind": "au", "orbit_class": {"name": "TransNeptunian Object", "code": "TNO"}, "neo": false, "prefix": null}, "orbit": {"not_valid_after": null, "sb_used": "SB441-N16", "first_obs": "2014-12-20", "condition_code": "4", "n_dop_obs_used": null, "elements": [{"sigma": ".0002528", "units": null, "name": "e", "value": ".136975827101952", "title": "eccentricity", "label": "e"}, {"name": "a", "sigma": ".0065712", "units": "au", "label": "a", "value": "39.62995378885654", "title": "semi-major axis"}, {"sigma": ".01268", "units": "au", "name": "q", "value": "34.20160809061578", "title": "perihelion distance", "label": "q"}, {"label": "i", "title": "inclination; angle with respect to x-y ecliptic plane", "value": "26.7787873411583", "name": "i", "units": "deg", "sigma": ".00018456"}, {"sigma": ".0023701", "units": "deg", "name": "om", "value": "88.76626189929522", "title": "longitude of the ascending node", "label": "node"}, {"name": "w", "units": "deg", "sigma": ".16847", "label": "peri", "title": "argument of perihelion", "value": "127.080725678836"}, {"units": "deg", "sigma": ".22651", "name": "ma", "value": "154.3451533208922", "title": "mean anomaly", "label": "M"}, {"label": "tp", "title": "time of perihelion passage", "value": "2420932.221811060743", "name": "tp", "sigma": "54.68", "units": "TDB"}, {"name": "per", "sigma": "22.664", "units": "d", "label": "period", "value": "91124.20989842867", "title": "sidereal orbital period"}, {"units": "deg/d", "sigma": "9.8261E-7", "name": "n", "value": ".003950651538172709", "title": "mean motion", "label": "n"}, {"name": "ad", "sigma": ".0074713", "units": "au", "label": "Q", "title": "aphelion distance", "value": "45.05829948709731"}], "soln_date": "2021-09-08 23:48:02", "last_obs": "2018-10-01", "source": "JPL", "t_jup": "5.012", "epoch": "2460000.5", "covariance": {"labels": ["e", "q", "tp", "node", "peri", "i"], "data": [["5.756195356747336E-8", "-2.622577976338962E-6", ".01104244240349664", "1.330777198102624E-8", "2.984408126705397E-5", "-2.661506552601253E-9"], ["-2.622577976338962E-6", ".0001470571769316493", "-.3842165158632636", "2.128999046375788E-6", "-.0008509438336859935", "-3.523483201838039E-8"], [".01104244240349664", "-.3842165158632636", "2635.216635336159", ".01420308951771979", "7.932397998899104", "-.001179102772727172"], ["1.330777198102624E-8", "2.128999046375788E-6", ".01420308951771979", "5.678937758968455E-6", "5.210097722250848E-5", "-4.411752266483299E-7"], ["2.984408126705397E-5", "-.0008509438336859935", "7.932397998899104", "5.210097722250848E-5", ".02490841840307845", "-3.868821530603651E-6"], ["-2.661506552601253E-9", "-3.523483201838039E-8", "-.001179102772727172", "-4.411752266483299E-7", "-3.868821530603651E-6", "3.509154471673596E-8"]], "epoch": "2457592.5", "elements": [{"name": "e", "sigma": 0.000239920723505648, "units": null, "label": "e", "value": ".1476231522275838", "title": "eccentricity"}, {"sigma": 0.0121267133606616, "units": "au", "name": "q", "title": "perihelion distance", "value": "33.4205357242044", "label": "q"}, {"label": "tp", "value": "2421036.782820872511", "title": "time of perihelion passage", "name": "tp", "sigma": 51.3343611564044, "units": "TDB"}, {"units": "deg", "sigma": 0.00238305219392452, "name": "om", "title": "longitude of the ascending node", "value": "88.69732655191902", "label": "node"}, {"name": "w", "units": "deg", "sigma": 0.157824010857279, "label": "peri", "value": "125.1448702971115", "title": "argument of perihelion"}, {"sigma": 0.000187327373111182, "units": "deg", "name": "i", "title": "inclination", "value": "26.79380021515875", "label": "i"}]}, "orbit_id": "3", "moid": "33.2619", "rms": ".17945", "producer": "Otto Matic", "comment": null, "two_body": null, "equinox": "J2000", "pe_used": "DE441", "moid_jup": "29.1158", "model_pars": [], "data_arc": "1381", "n_del_obs_used": null, "not_valid_before": null, "n_obs_used": 32}, "signature": {"version": "1.3", "source": "NASA/JPL Small-Body Database (SBDB) API"}}