{"signature": {"version": "1.3", "source": "NASA/JPL Small-Body Database (SBDB) API"}, "object": {"orbit_id": "8", "fullname": "(2001 PK47)", "prefix": null, "des": "2001 PK47", "kind": "au", "neo": false, "orbit_class": {"code": "TNO", "name": "TransNeptunian Object"}, "spkid": "3080652", "pha": false}, "orbit": {"data_arc": "7059", "n_dop_obs_used": null, "pe_used": "DE441", "rms": ".3804", "sb_used": "SB441-N16", "model_pars": [], "comment": null, "two_body": null, "equinox": "J2000", "n_del_obs_used": null, "moid_jup": "32.1956", "elements": [{"label": "e", "title": "eccentricity", "units": null, "value": ".07187209826079524", "name": "e", "sigma": ".00017322"}, {"title": "semi-major axis", "label": "a", "units": "au", "value": "40.08828909616532", "name": "a", "sigma": ".011089"}, {"name": "q", "sigma": ".0035014", "value": "37.20705964313856", "units": "au", "title": "perihelion distance", "label": "q"}, {"name": "i", "sigma": ".00019853", "value": "8.7181541643836", "units": "deg", "label": "i", "title": "inclination; angle with respect to x-y ecliptic plane"}, {"name": "om", "sigma": ".0016426", "value": "248.039163630666", "units": "deg", "title": "longitude of the ascending node", "label": "node"}, {"units": "deg", "label": "peri", "title": "argument of perihelion", "name": "w", "sigma": ".088781", "value": "166.6178920337463"}, {"value": "347.243397625839", "name": "ma", "sigma": ".081093", "title": "mean anomaly", "label": "M", "units": "deg"}, {"units": "TDB", "label": "tp", "title": "time of perihelion passage", "sigma": "19.582", "name": "tp", "value": "2463285.665302967729"}, {"name": "per", "sigma": "38.469", "value": "92709.60043905619", "units": "d", "label": "period", "title": "sidereal orbital period"}, {"title": "mean motion", "label": "n", "units": "deg/d", "value": ".003883092994631667", "sigma": "1.6112E-6", "name": "n"}, {"title": "aphelion distance", "label": "Q", "units": "au", "value": "42.96951854919208", "name": "ad", "sigma": ".011886"}], "producer": "Otto Matic", "first_obs": "2001-08-12", "not_valid_after": null, "epoch": "2460000.5", "soln_date": "2021-04-14 21:07:37", "not_valid_before": null, "moid": "36.218", "orbit_id": "8", "n_obs_used": 34, "last_obs": "2020-12-09", "covariance": {"epoch": "2454638.5", "data": [["2.919235870199525E-8", "5.677078599104018E-7", "-.003464989568245425", "-5.212629065958445E-9", "-1.559331313807406E-5", "2.668556912069714E-9"], ["5.677078599104018E-7", "1.269302798308611E-5", "-.07916834821480556", "-7.179436605605377E-8", "-.0003570606424276045", "4.948991265899552E-8"], ["-.003464989568245425", "-.07916834821480556", "496.3218622919702", ".0004042047937578703", "2.23900539563073", "-.0002985869491767221"], ["-5.212629065958445E-9", "-7.179436605605377E-8", ".0004042047937578703", "2.685349445686895E-6", "-8.471548257832649E-7", "-3.029929896146809E-7"], ["-1.559331313807406E-5", "-.0003570606424276045", "2.23900539563073", "-8.471548257832649E-7", ".01010355286186859", "-1.043768259378186E-6"], ["2.668556912069714E-9", "4.948991265899552E-8", "-.0002985869491767221", "-3.029929896146809E-7", "-1.043768259378186E-6", "3.991626546284858E-8"]], "elements": [{"value": ".06456375610182009", "sigma": 0.000170857714786296, "name": "e", "title": "eccentricity", "label": "e", "units": null}, {"label": "q", "title": "perihelion distance", "units": "au", "value": "37.23182341354725", "sigma": 0.00356272760439051, "name": "q"}, {"label": "tp", "title": "time of perihelion passage", "units": "TDB", "value": "2463494.601328807652", "name": "tp", "sigma": 22.2782823012002}, {"label": "node", "title": "longitude of the ascending node", "units": "deg", "value": "247.9132907232455", "sigma": 0.00163870358689023, "name": "om"}, {"units": "deg", "title": "argument of perihelion", "label": "peri", "name": "w", "sigma": 0.100516430805459, "value": "167.5854390649936"}, {"sigma": 0.000199790553988042, "name": "i", "value": "8.741939917974767", "units": "deg", "label": "i", "title": "inclination"}], "labels": ["e", "q", "tp", "node", "peri", "i"]}, "condition_code": "4", "source": "JPL", "t_jup": "5.603"}}