{"signature": {"version": "1.3", "source": "NASA/JPL Small-Body Database (SBDB) API"}, "object": {"kind": "an", "orbit_class": {"name": "TransNeptunian Object", "code": "TNO"}, "neo": false, "prefix": null, "spkid": "20120348", "orbit_id": "21", "fullname": "120348 (2004 TY364)", "pha": false, "des": "120348"}, "orbit": {"source": "JPL", "t_jup": "5.099", "condition_code": "2", "n_dop_obs_used": null, "elements": [{"sigma": "4.9207E-6", "units": null, "name": "e", "value": ".06430678458521712", "title": "eccentricity", "label": "e"}, {"label": "a", "value": "39.10516899422082", "title": "semi-major axis", "name": "a", "sigma": ".00051406", "units": "au"}, {"sigma": ".00049794", "units": "au", "name": "q", "value": "36.59044131554095", "title": "perihelion distance", "label": "q"}, {"name": "i", "units": "deg", "sigma": "5.8713E-6", "label": "i", "title": "inclination; angle with respect to x-y ecliptic plane", "value": "24.83276272704623"}, {"label": "node", "title": "longitude of the ascending node", "value": "140.3768621548163", "name": "om", "units": "deg", "sigma": "8.0175E-5"}, {"name": "w", "units": "deg", "sigma": ".0088236", "label": "peri", "value": "352.5756088442358", "title": "argument of perihelion"}, {"sigma": ".0087134", "units": "deg", "name": "ma", "value": "283.4804809997707", "title": "mean anomaly", "label": "M"}, {"title": "time of perihelion passage", "value": "2478985.884980512456", "label": "tp", "units": "TDB", "sigma": "1.7881", "name": "tp"}, {"label": "period", "value": "89320.19806559432", "title": "sidereal orbital period", "name": "per", "units": "d", "sigma": "1.7612"}, {"value": ".004030443368874146", "title": "mean motion", "label": "n", "units": "deg/d", "sigma": "7.9473E-8", "name": "n"}, {"name": "ad", "units": "au", "sigma": ".00054711", "label": "Q", "value": "41.61989667290069", "title": "aphelion distance"}], "soln_date": "2023-02-10 11:13:36", "not_valid_after": null, "sb_used": "SB441-N16", "first_obs": "1983-07-16", "last_obs": "2023-01-14", "two_body": null, "pe_used": "DE441", "equinox": "J2000", "moid_jup": "31.2538", "comment": null, "not_valid_before": null, "n_obs_used": 413, "data_arc": "14427", "model_pars": [], "n_del_obs_used": null, "covariance": {"elements": [{"title": "eccentricity", "value": ".06491606552733784", "label": "e", "units": null, "sigma": 4.95745130946276e-06, "name": "e"}, {"units": "au", "sigma": 0.000544735696413401, "name": "q", "title": "perihelion distance", "value": "36.16970436193379", "label": "q"}, {"value": "2480989.108919064813", "title": "time of perihelion passage", "label": "tp", "units": "TDB", "sigma": 1.69190667876469, "name": "tp"}, {"label": "node", "value": "140.4614552534695", "title": "longitude of the ascending node", "name": "om", "units": "deg", "sigma": 8.05732297959698e-05}, {"name": "w", "units": "deg", "sigma": 0.00864877123508544, "label": "peri", "value": "2.112162491392797", "title": "argument of perihelion"}, {"name": "i", "units": "deg", "sigma": 5.9141115823868e-06, "label": "i", "title": "inclination", "value": "24.83874778360501"}], "epoch": "2458324.5", "labels": ["e", "q", "tp", "node", "peri", "i"], "data": [["2.457632348569399E-11", "-1.467225695113909E-9", "5.70035688954529E-7", "-2.592162577664928E-11", "7.031658539772779E-9", "-4.005995004078513E-12"], ["-1.467225695113909E-9", "2.967369789469929E-7", "-.0008054075260384957", "1.574776219536716E-9", "-4.319505432402755E-6", "8.845704360296579E-10"], ["5.70035688954529E-7", "-.0008054075260384957", "2.862548209648567", "-6.869037261778621E-7", ".01456353416529044", "-2.463561844122391E-6"], ["-2.592162577664928E-11", "1.574776219536716E-9", "-6.869037261778621E-7", "6.492045359754162E-9", "-1.373149129860968E-8", "3.850966921799854E-10"], ["7.031658539772779E-9", "-4.319505432402755E-6", ".01456353416529044", "-1.373149129860968E-8", "7.480124387684128E-5", "-1.348665262901814E-8"], ["-4.005995004078513E-12", "8.845704360296579E-10", "-2.463561844122391E-6", "3.850966921799854E-10", "-1.348665262901814E-8", "3.497671580892167E-11"]]}, "epoch": "2460000.5", "producer": "Otto Matic", "rms": ".41422", "orbit_id": "21", "moid": "35.606"}}