{"orbit": {"epoch": "2460000.5", "covariance": {"labels": ["e", "q", "tp", "node", "peri", "i"], "data": [["3.244106787501895E-8", "-3.197612907630253E-7", ".004013517559648166", "2.976751461747304E-8", "1.490784080755832E-5", "3.582997003241179E-9"], ["-3.197612907630253E-7", ".0001047900746815187", ".1196812075691311", "-4.233472709435392E-7", ".0008348416158257432", "1.845621980391457E-8"], [".004013517559648166", ".1196812075691311", "746.9667224424425", ".003495107075808805", "3.385806185202126", ".0005285405425813921"], ["2.976751461747304E-8", "-4.233472709435392E-7", ".003495107075808805", "4.797358118760094E-5", "-3.536817998168833E-5", "5.546124616973789E-6"], ["1.490784080755832E-5", ".0008348416158257432", "3.385806185202126", "-3.536817998168833E-5", ".01639333001896209", "-3.362071970416778E-6"], ["3.582997003241179E-9", "1.845621980391457E-8", ".0005285405425813921", "5.546124616973789E-6", "-3.362071970416778E-6", "6.524994207816506E-7"]], "epoch": "2453384.5", "elements": [{"sigma": 0.000180114041304444, "units": null, "name": "e", "value": ".1529347923467732", "title": "eccentricity", "label": "e"}, {"label": "q", "title": "perihelion distance", "value": "33.31868501554025", "name": "q", "units": "au", "sigma": 0.0102367023343223}, {"title": "time of perihelion passage", "value": "2426543.637321742957", "label": "tp", "sigma": 27.3306919495728, "units": "TDB", "name": "tp"}, {"label": "node", "title": "longitude of the ascending node", "value": "286.8071125255245", "name": "om", "units": "deg", "sigma": 0.00692629635430083}, {"units": "deg", "sigma": 0.128036440199508, "name": "w", "value": "265.8107008446533", "title": "argument of perihelion", "label": "peri"}, {"value": "3.668606006743639", "title": "inclination", "label": "i", "sigma": 0.000807774362542938, "units": "deg", "name": "i"}]}, "moid": "32.9608", "orbit_id": "6", "rms": ".26059", "producer": "Otto Matic", "comment": null, "moid_jup": "28.5183", "two_body": null, "equinox": "J2000", "pe_used": "DE441", "model_pars": [], "data_arc": "3697", "n_del_obs_used": null, "n_obs_used": 20, "not_valid_before": null, "sb_used": "SB441-N16", "not_valid_after": null, "first_obs": "2003-08-24", "soln_date": "2021-04-14 11:05:25", "elements": [{"label": "e", "value": ".1437708237197292", "title": "eccentricity", "name": "e", "sigma": ".00018769", "units": null}, {"label": "a", "title": "semi-major axis", "value": "39.66087623777953", "name": "a", "units": "au", "sigma": ".013586"}, {"value": "33.95879939162774", "title": "perihelion distance", "label": "q", "units": "au", "sigma": ".010245", "name": "q"}, {"label": "i", "title": "inclination; angle with respect to x-y ecliptic plane", "value": "3.660572731816491", "name": "i", "units": "deg", "sigma": ".00080419"}, {"title": "longitude of the ascending node", "value": "286.7447174222806", "label": "node", "sigma": ".0069184", "units": "deg", "name": "om"}, {"title": "argument of perihelion", "value": "267.5980383712259", "label": "peri", "sigma": ".13546", "units": "deg", "name": "w"}, {"title": "mean anomaly", "value": "132.3404441890502", "label": "M", "units": "deg", "sigma": ".18033", "name": "ma"}, {"label": "tp", "title": "time of perihelion passage", "value": "2426462.900703904372", "name": "tp", "units": "TDB", "sigma": "29.551"}, {"sigma": "46.876", "units": "d", "name": "per", "value": "91230.88425898895", "title": "sidereal orbital period", "label": "period"}, {"name": "n", "sigma": "2.0275E-6", "units": "deg/d", "label": "n", "title": "mean motion", "value": ".003946032124143631"}, {"name": "ad", "units": "au", "sigma": ".015539", "label": "Q", "title": "aphelion distance", "value": "45.36295308393133"}], "n_dop_obs_used": null, "condition_code": "4", "last_obs": "2013-10-07", "t_jup": "5.584", "source": "JPL"}, "object": {"orbit_id": "6", "fullname": "385445 (2003 QH91)", "pha": false, "des": "385445", "spkid": "20385445", "neo": false, "prefix": null, "kind": "an", "orbit_class": {"name": "TransNeptunian Object", "code": "TNO"}}, "signature": {"version": "1.3", "source": "NASA/JPL Small-Body Database (SBDB) API"}}