{"orbit": {"moid": "31.1003", "orbit_id": "2", "rms": ".23744", "producer": "Otto Matic", "epoch": "2460000.5", "covariance": {"epoch": "2457388.5", "elements": [{"name": "e", "sigma": 0.000920814195427345, "units": null, "label": "e", "value": ".1742373171871423", "title": "eccentricity"}, {"label": "q", "title": "perihelion distance", "value": "32.68472364250371", "name": "q", "units": "au", "sigma": 0.0261323703796314}, {"value": "2425276.434473040150", "title": "time of perihelion passage", "label": "tp", "sigma": 126.09114052885, "units": "TDB", "name": "tp"}, {"name": "om", "units": "deg", "sigma": 0.00150839621198442, "label": "node", "value": "191.6521910837203", "title": "longitude of the ascending node"}, {"units": "deg", "sigma": 0.376879957123883, "name": "w", "title": "argument of perihelion", "value": "229.1562566844439", "label": "peri"}, {"label": "i", "title": "inclination", "value": "10.69466250101079", "name": "i", "sigma": 0.00155320668426054, "units": "deg"}], "data": [["8.478987825005084E-7", "-2.379462428014783E-5", ".1158501695023952", "7.608598345041021E-8", ".0003447200677412634", "7.746413205130129E-8"], ["-2.379462428014783E-5", ".0006829007816582365", "-3.219309605182653", "-2.094828789638545E-6", "-.009506247776711876", "-2.097768888736185E-6"], [".1158501695023952", "-3.219309605182653", "15898.97571986619", ".01047709315993397", "47.46217898636871", ".0107317545099618"], ["7.608598345041021E-8", "-2.094828789638545E-6", ".01047709315993397", "2.275259132328947E-6", "2.914056252387779E-5", "2.334277193964104E-6"], [".0003447200677412634", "-.009506247776711876", "47.46217898636871", "2.914056252387779E-5", ".1420385020816999", "3.001171333797189E-5"], ["7.746413205130129E-8", "-2.097768888736185E-6", ".0107317545099618", "2.334277193964104E-6", "3.001171333797189E-5", "2.412451004031617E-6"]], "labels": ["e", "q", "tp", "node", "peri", "i"]}, "data_arc": "891", "model_pars": [], "n_del_obs_used": null, "n_obs_used": 34, "not_valid_before": null, "comment": null, "moid_jup": "27.1044", "two_body": null, "pe_used": "DE441", "equinox": "J2000", "last_obs": "2017-07-27", "not_valid_after": null, "first_obs": "2015-02-17", "sb_used": "SB441-N16", "soln_date": "2021-04-15 13:31:03", "n_dop_obs_used": null, "condition_code": "5", "elements": [{"label": "e", "title": "eccentricity", "value": ".1813761868810302", "name": "e", "sigma": ".00086283", "units": null}, {"label": "a", "value": "39.18779220120589", "title": "semi-major axis", "name": "a", "sigma": ".013181", "units": "au"}, {"name": "q", "sigma": ".024031", "units": "au", "label": "q", "value": "32.08005987946499", "title": "perihelion distance"}, {"units": "deg", "sigma": ".0015636", "name": "i", "value": "10.76057426515849", "title": "inclination; angle with respect to x-y ecliptic plane", "label": "i"}, {"value": "191.7492445300489", "title": "longitude of the ascending node", "label": "node", "units": "deg", "sigma": ".0014999", "name": "om"}, {"label": "peri", "value": "226.4333094523583", "title": "argument of perihelion", "name": "w", "units": "deg", "sigma": ".37237"}, {"label": "M", "value": "140.4075493554516", "title": "mean anomaly", "name": "ma", "units": "deg", "sigma": ".56373"}, {"label": "tp", "title": "time of perihelion passage", "value": "2425053.284331180868", "name": "tp", "units": "TDB", "sigma": "123.35"}, {"title": "sidereal orbital period", "value": "89603.42729809495", "label": "period", "sigma": "45.207", "units": "d", "name": "per"}, {"name": "n", "units": "deg/d", "sigma": "2.027E-6", "label": "n", "value": ".004017703461301128", "title": "mean motion"}, {"name": "ad", "units": "au", "sigma": ".015571", "label": "Q", "value": "46.29552452294678", "title": "aphelion distance"}], "t_jup": "5.435", "source": "JPL"}, "object": {"spkid": "3830909", "pha": false, "orbit_id": "2", "fullname": "(2015 GQ54)", "des": "2015 GQ54", "orbit_class": {"code": "TNO", "name": "TransNeptunian Object"}, "kind": "au", "prefix": null, "neo": false}, "signature": {"version": "1.3", "source": "NASA/JPL Small-Body Database (SBDB) API"}}