{"signature": {"version": "1.3", "source": "NASA/JPL Small-Body Database (SBDB) API"}, "object": {"orbit_class": {"name": "TransNeptunian Object", "code": "TNO"}, "neo": false, "spkid": "20084719", "pha": false, "fullname": "84719 (2002 VR128)", "orbit_id": "16", "des": "84719", "kind": "an", "prefix": null}, "orbit": {"first_obs": "1983-10-01", "not_valid_after": null, "epoch": "2460000.5", "not_valid_before": null, "soln_date": "2023-02-09 18:43:37", "moid": "28.1574", "two_body": null, "equinox": "J2000", "elements": [{"units": null, "label": "e", "title": "eccentricity", "name": "e", "sigma": "4.0417E-6", "value": ".2655012755547378"}, {"title": "semi-major axis", "label": "a", "units": "au", "value": "39.68013489583968", "name": "a", "sigma": ".00072365"}, {"units": "au", "label": "q", "title": "perihelion distance", "sigma": ".00046271", "name": "q", "value": "29.14500846681018"}, {"sigma": "3.2345E-5", "name": "i", "value": "13.97648501541195", "units": "deg", "title": "inclination; angle with respect to x-y ecliptic plane", "label": "i"}, {"label": "node", "title": "longitude of the ascending node", "units": "deg", "value": "22.94751444680867", "sigma": "8.5532E-5", "name": "om"}, {"units": "deg", "label": "peri", "title": "argument of perihelion", "name": "w", "sigma": ".0027775", "value": "289.7170343325353"}, {"label": "M", "title": "mean anomaly", "units": "deg", "value": "81.64782559146443", "name": "ma", "sigma": ".0033338"}, {"units": "TDB", "label": "tp", "title": "time of perihelion passage", "name": "tp", "sigma": ".28315", "value": "2439294.306926236801"}, {"sigma": "2.4975", "name": "per", "value": "91297.34261207351", "units": "d", "title": "sidereal orbital period", "label": "period"}, {"title": "mean motion", "label": "n", "units": "deg/d", "value": ".003943159676943239", "name": "n", "sigma": "1.0787E-7"}, {"label": "Q", "title": "aphelion distance", "units": "au", "value": "50.21526132486918", "sigma": ".00091578", "name": "ad"}], "n_del_obs_used": null, "moid_jup": "24.2122", "producer": "Otto Matic", "covariance": {"epoch": "2457538.5", "data": [["1.469665508351171E-11", "3.618824717007065E-10", "6.979427897289006E-7", "2.64265693030939E-12", "4.528904761685076E-9", "2.914475733329933E-12"], ["3.618824717007065E-10", "2.211966201795599E-7", ".0001140801241970337", "-3.797854170123998E-10", "1.279999105315212E-6", "4.033352642665713E-10"], ["6.979427897289006E-7", ".0001140801241970337", ".07767935093456155", "-7.555758653203843E-8", ".0007496112417336941", "2.889294537529445E-7"], ["2.64265693030939E-12", "-3.797854170123998E-10", "-7.555758653203843E-8", "7.240271301624967E-9", "-8.649049883592945E-9", "2.693762368691788E-9"], ["4.528904761685076E-9", "1.279999105315212E-6", ".0007496112417336941", "-8.649049883592945E-9", "7.838777240434955E-6", "1.065576407674981E-10"], ["2.914475733329933E-12", "4.033352642665713E-10", "2.889294537529445E-7", "2.693762368691788E-9", "1.065576407674981E-10", "1.058033264380036E-9"]], "elements": [{"label": "e", "title": "eccentricity", "units": null, "value": ".2630699433552476", "sigma": 3.83362166671565e-06, "name": "e"}, {"units": "au", "label": "q", "title": "perihelion distance", "name": "q", "sigma": 0.000470315447523851, "value": "28.97471032924435"}, {"title": "time of perihelion passage", "label": "tp", "units": "TDB", "value": "2439017.417132045539", "name": "tp", "sigma": 0.278710155779372}, {"value": "23.15760092586865", "name": "om", "sigma": 8.50897837676473e-05, "label": "node", "title": "longitude of the ascending node", "units": "deg"}, {"value": "287.7665413733278", "sigma": 0.00279978164156331, "name": "w", "label": "peri", "title": "argument of perihelion", "units": "deg"}, {"value": "14.042070686259", "sigma": 3.2527423266838e-05, "name": "i", "title": "inclination", "label": "i", "units": "deg"}], "labels": ["e", "q", "tp", "node", "peri", "i"]}, "source": "JPL", "condition_code": "2", "t_jup": "5.298", "orbit_id": "16", "last_obs": "2023-01-08", "n_obs_used": 292, "data_arc": "14344", "n_dop_obs_used": null, "pe_used": "DE441", "comment": null, "rms": ".4363", "sb_used": "SB441-N16", "model_pars": []}}