{"object": {"kind": "au", "orbit_class": {"code": "TNO", "name": "TransNeptunian Object"}, "neo": false, "prefix": null, "spkid": "3756039", "fullname": "(2013 PX74)", "orbit_id": "7", "pha": false, "des": "2013 PX74"}, "orbit": {"t_jup": "5.555", "source": "JPL", "last_obs": "2021-08-16", "soln_date": "2021-09-08 23:28:02", "elements": [{"label": "e", "value": ".1455937656573187", "title": "eccentricity", "name": "e", "sigma": "2.5555E-5", "units": null}, {"name": "a", "units": "au", "sigma": ".001282", "label": "a", "value": "39.84500635639107", "title": "semi-major axis"}, {"label": "q", "title": "perihelion distance", "value": "34.0438218383243", "name": "q", "sigma": ".0021095", "units": "au"}, {"label": "i", "value": "7.816147796732744", "title": "inclination; angle with respect to x-y ecliptic plane", "name": "i", "units": "deg", "sigma": "6.8065E-5"}, {"label": "node", "value": "43.26502359770253", "title": "longitude of the ascending node", "name": "om", "units": "deg", "sigma": ".00080695"}, {"label": "peri", "title": "argument of perihelion", "value": "126.2794842629131", "name": "w", "sigma": ".013192", "units": "deg"}, {"name": "ma", "units": "deg", "sigma": ".017536", "label": "M", "value": "183.8939596543501", "title": "mean anomaly"}, {"label": "tp", "title": "time of perihelion passage", "value": "2504940.289006779247", "name": "tp", "sigma": "5.1512", "units": "TDB"}, {"sigma": "4.4338", "units": "d", "name": "per", "title": "sidereal orbital period", "value": "91866.94568049302", "label": "period"}, {"units": "deg/d", "sigma": "1.8913E-7", "name": "n", "title": "mean motion", "value": ".00391871088489276", "label": "n"}, {"value": "45.64619087445785", "title": "aphelion distance", "label": "Q", "sigma": ".0014687", "units": "au", "name": "ad"}], "n_dop_obs_used": null, "condition_code": "3", "not_valid_after": null, "first_obs": "2011-08-24", "sb_used": "SB441-N16", "n_obs_used": 67, "not_valid_before": null, "data_arc": "3645", "model_pars": [], "n_del_obs_used": null, "moid_jup": "28.6253", "two_body": null, "pe_used": "DE441", "equinox": "J2000", "comment": null, "rms": ".58415", "producer": "Otto Matic", "moid": "33.0567", "orbit_id": "7", "covariance": {"elements": [{"name": "e", "units": null, "sigma": 2.53448340196785e-05, "label": "e", "value": ".1567949911870627", "title": "eccentricity"}, {"name": "q", "units": "au", "sigma": 0.00205164945870751, "label": "q", "value": "33.26285179920283", "title": "perihelion distance"}, {"value": "2413965.095320841894", "title": "time of perihelion passage", "label": "tp", "sigma": 4.48880997790445, "units": "TDB", "name": "tp"}, {"units": "deg", "sigma": 0.000807025518519228, "name": "om", "title": "longitude of the ascending node", "value": "43.01869144196071", "label": "node"}, {"sigma": 0.0121659408637494, "units": "deg", "name": "w", "title": "argument of perihelion", "value": "127.1231119897128", "label": "peri"}, {"value": "7.841769625685447", "title": "inclination", "label": "i", "sigma": 6.89818768570409e-05, "units": "deg", "name": "i"}], "epoch": "2457465.5", "data": [["6.423606114850518E-10", "-5.185729355540741E-8", "5.823754825793367E-5", "3.625892146666124E-10", "1.168714237452881E-8", "-6.970292086890303E-11"], ["-5.185729355540741E-8", "4.209265501414815E-6", "-.004156516935607518", "-2.470583794796988E-8", "7.870688729697681E-7", "5.262179415755252E-9"], ["5.823754825793367E-5", "-.004156516935607518", "20.14941501773456", ".0001586340930244843", ".04782224055456553", "-1.672203232644137E-5"], ["3.625892146666124E-10", "-2.470583794796988E-8", ".0001586340930244843", "6.512901875412286E-7", "-2.420939208751035E-7", "-5.529291044890479E-8"], ["1.168714237452881E-8", "7.870688729697681E-7", ".04782224055456553", "-2.420939208751035E-7", ".0001480101171002477", "2.076103361888253E-8"], ["-6.970292086890303E-11", "5.262179415755252E-9", "-1.672203232644137E-5", "-5.529291044890479E-8", "2.076103361888253E-8", "4.758499334719959E-9"]], "labels": ["e", "q", "tp", "node", "peri", "i"]}, "epoch": "2460000.5"}, "signature": {"version": "1.3", "source": "NASA/JPL Small-Body Database (SBDB) API"}}