{"signature": {"source": "NASA/JPL Small-Body Database (SBDB) API", "version": "1.3"}, "orbit": {"source": "JPL", "t_jup": "5.435", "last_obs": "2017-09-22", "sb_used": "SB441-N16", "not_valid_after": null, "first_obs": "2015-08-20", "condition_code": "4", "n_dop_obs_used": null, "elements": [{"label": "e", "title": "eccentricity", "value": ".2570017447430147", "name": "e", "sigma": ".00070764", "units": null}, {"units": "au", "sigma": ".016044", "name": "a", "value": "39.50658662408328", "title": "semi-major axis", "label": "a"}, {"name": "q", "units": "au", "sigma": ".016704", "label": "q", "value": "29.35332493285283", "title": "perihelion distance"}, {"name": "i", "units": "deg", "sigma": ".0011513", "label": "i", "title": "inclination; angle with respect to x-y ecliptic plane", "value": "5.284701967385437"}, {"label": "node", "value": "223.5610855954624", "title": "longitude of the ascending node", "name": "om", "sigma": ".0022911", "units": "deg"}, {"name": "w", "sigma": ".082132", "units": "deg", "label": "peri", "value": "127.7778260708289", "title": "argument of perihelion"}, {"name": "ma", "units": "deg", "sigma": ".019629", "label": "M", "title": "mean anomaly", "value": "48.59664244636713"}, {"label": "tp", "value": "2447756.975540919249", "title": "time of perihelion passage", "name": "tp", "sigma": "5.9006", "units": "TDB"}, {"name": "per", "sigma": "55.252", "units": "d", "label": "period", "value": "90699.03975636835", "title": "sidereal orbital period"}, {"title": "mean motion", "value": ".003969171018425506", "label": "n", "units": "deg/d", "sigma": "2.4179E-6", "name": "n"}, {"label": "Q", "title": "aphelion distance", "value": "49.65984831531372", "name": "ad", "sigma": ".020168", "units": "au"}], "soln_date": "2021-04-15 15:18:23", "data_arc": "764", "model_pars": [], "n_del_obs_used": null, "not_valid_before": null, "n_obs_used": 29, "comment": null, "pe_used": "DE441", "two_body": null, "equinox": "J2000", "moid_jup": "24.4099", "orbit_id": "2", "moid": "28.349", "rms": ".17726", "producer": "Otto Matic", "epoch": "2460000.5", "covariance": {"elements": [{"units": null, "sigma": 0.000711623076013227, "name": "e", "title": "eccentricity", "value": ".2501981118368181", "label": "e"}, {"title": "perihelion distance", "value": "29.31500605502617", "label": "q", "units": "au", "sigma": 0.0169027669445022, "name": "q"}, {"sigma": 5.58324870811713, "units": "TDB", "name": "tp", "title": "time of perihelion passage", "value": "2447556.665565976931", "label": "tp"}, {"units": "deg", "sigma": 0.00228003149971926, "name": "om", "value": "223.6508526496366", "title": "longitude of the ascending node", "label": "node"}, {"label": "peri", "value": "126.5692633950112", "title": "argument of perihelion", "name": "w", "units": "deg", "sigma": 0.0811559407436218}, {"label": "i", "title": "inclination", "value": "5.304972975604279", "name": "i", "sigma": 0.00115548517132548, "units": "deg"}], "epoch": "2457525.5", "labels": ["e", "q", "tp", "node", "peri", "i"], "data": [["5.064074023145267E-7", "-1.183288866552351E-5", "-.003476332514763044", "-3.195717888675228E-8", "-5.531458190023977E-5", "-1.656120085212624E-8"], ["-1.183288866552351E-5", ".0002857035303801572", ".08930349163579161", "7.480810325870365E-7", ".001362519441851853", "3.90268325287517E-7"], ["-.003476332514763044", ".08930349163579161", "31.17266613669161", ".0002212111466808349", ".4423577487614926", ".0001167304325940326"], ["-3.195717888675228E-8", "7.480810325870365E-7", ".0002212111466808349", "5.198543639712064E-6", "-1.669749508796527E-6", "2.614979746875859E-6"], ["-5.531458190023977E-5", ".001362519441851853", ".4423577487614926", "-1.669749508796527E-6", ".006586286717982251", "-7.678787369290706E-7"], ["-1.656120085212624E-8", "3.90268325287517E-7", ".0001167304325940326", "2.614979746875859E-6", "-7.678787369290706E-7", "1.335145981153066E-6"]]}}, "object": {"orbit_class": {"code": "TNO", "name": "TransNeptunian Object"}, "kind": "au", "prefix": null, "neo": false, "spkid": "3830942", "orbit_id": "2", "fullname": "(2015 VP164)", "pha": false, "des": "2015 VP164"}}