{"object": {"spkid": "3016737", "des": "1998 FS144", "orbit_id": "5", "pha": false, "fullname": "(1998 FS144)", "orbit_class": {"code": "TNO", "name": "TransNeptunian Object"}, "kind": "au", "prefix": null, "neo": false}, "orbit": {"comment": null, "two_body": null, "equinox": "J2000", "pe_used": "DE441", "moid_jup": "35.4583", "n_del_obs_used": null, "model_pars": [], "data_arc": "8800", "not_valid_before": null, "n_obs_used": 22, "epoch": "2460000.5", "covariance": {"elements": [{"units": null, "sigma": 5.41265647278246e-05, "name": "e", "value": ".02368228237263943", "title": "eccentricity", "label": "e"}, {"value": "40.97088698581037", "title": "perihelion distance", "label": "q", "sigma": 0.0110040877141717, "units": "au", "name": "q"}, {"label": "tp", "value": "2428678.042672652617", "title": "time of perihelion passage", "name": "tp", "sigma": 111.382359905302, "units": "TDB"}, {"name": "om", "units": "deg", "sigma": 0.00170526300358797, "label": "node", "value": "228.8060698052777", "title": "longitude of the ascending node"}, {"sigma": 0.438018618884862, "units": "deg", "name": "w", "value": "214.9612084412124", "title": "argument of perihelion", "label": "peri"}, {"sigma": 0.000202078832557202, "units": "deg", "name": "i", "title": "inclination", "value": "9.874549675716784", "label": "i"}], "epoch": "2452582.5", "labels": ["e", "q", "tp", "node", "peri", "i"], "data": [["2.929685009235384E-9", "-3.500859949460894E-7", "-.002320581567558068", "9.247290424017029E-10", "-9.478979436826517E-6", "-3.238385642402344E-10"], ["-3.500859949460894E-7", ".0001210899464211835", "1.192308514218091", "6.091312133901906E-8", ".004706323560220995", "7.373289084787028E-8"], ["-.002320581567558068", "1.192308514218091", "12406.03009807416", ".001245568533584837", "48.78074867128733", ".0006603931690332134"], ["9.247290424017029E-10", "6.091312133901906E-8", ".001245568533584837", "2.907921911405856E-6", "1.869470976741716E-6", "-3.244127306636745E-7"], ["-9.478979436826517E-6", ".004706323560220995", "48.78074867128733", "1.869470976741716E-6", ".1918603104898019", "2.944914436029028E-6"], ["-3.238385642402344E-10", "7.373289084787028E-8", ".0006603931690332134", "-3.244127306636745E-7", "2.944914436029028E-6", "4.083585456768156E-8"]]}, "orbit_id": "5", "moid": "39.5082", "producer": "Otto Matic", "rms": ".70841", "source": "JPL", "t_jup": "5.690", "not_valid_after": null, "first_obs": "1998-03-23", "sb_used": "SB441-N16", "n_dop_obs_used": null, "elements": [{"label": "e", "value": ".02494092010419049", "title": "eccentricity", "name": "e", "units": null, "sigma": ".00010115"}, {"sigma": ".0098568", "units": "au", "name": "a", "value": "41.53200908676234", "title": "semi-major axis", "label": "a"}, {"name": "q", "sigma": ".013536", "units": "au", "label": "q", "value": "40.49616256636288", "title": "perihelion distance"}, {"label": "i", "value": "9.889336805745842", "title": "inclination; angle with respect to x-y ecliptic plane", "name": "i", "sigma": ".00020326", "units": "deg"}, {"value": "228.8255073572295", "title": "longitude of the ascending node", "label": "node", "units": "deg", "sigma": ".001709", "name": "om"}, {"name": "w", "sigma": ".36331", "units": "deg", "label": "peri", "value": "191.9347272879232", "title": "argument of perihelion"}, {"label": "M", "title": "mean anomaly", "value": "137.1334524507203", "name": "ma", "sigma": ".37063", "units": "deg"}, {"name": "tp", "units": "TDB", "sigma": "87.6", "label": "tp", "title": "time of perihelion passage", "value": "2422760.150641622902"}, {"sigma": "34.803", "units": "d", "name": "per", "title": "sidereal orbital period", "value": "97762.6212235375", "label": "period"}, {"units": "deg/d", "sigma": "1.3109E-6", "name": "n", "value": ".003682388989722851", "title": "mean motion", "label": "n"}, {"label": "Q", "title": "aphelion distance", "value": "42.5678556071618", "name": "ad", "sigma": ".010103", "units": "au"}], "condition_code": "4", "soln_date": "2022-04-28 20:44:59", "last_obs": "2022-04-26"}, "signature": {"version": "1.3", "source": "NASA/JPL Small-Body Database (SBDB) API"}}