{"orbit": {"first_obs": "2013-04-09", "not_valid_after": null, "epoch": "2460000.5", "not_valid_before": null, "soln_date": "2021-04-15 08:11:55", "moid": "26.8372", "equinox": "J2000", "two_body": null, "n_del_obs_used": null, "moid_jup": "22.5122", "elements": [{"label": "e", "title": "eccentricity", "units": null, "value": ".2920915531582274", "name": "e", "sigma": ".00015422"}, {"sigma": ".0075795", "name": "a", "value": "39.29510116629497", "units": "au", "label": "a", "title": "semi-major axis"}, {"units": "au", "title": "perihelion distance", "label": "q", "sigma": ".0023348", "name": "q", "value": "27.8173340351222"}, {"value": "16.42103229301002", "name": "i", "sigma": ".00056151", "label": "i", "title": "inclination; angle with respect to x-y ecliptic plane", "units": "deg"}, {"title": "longitude of the ascending node", "label": "node", "units": "deg", "value": "87.18903046756081", "sigma": ".0010974", "name": "om"}, {"value": "127.654067415697", "name": "w", "sigma": ".044699", "label": "peri", "title": "argument of perihelion", "units": "deg"}, {"label": "M", "title": "mean anomaly", "units": "deg", "value": "25.60228874209345", "name": "ma", "sigma": ".021189"}, {"units": "TDB", "title": "time of perihelion passage", "label": "tp", "sigma": "5.5714", "name": "tp", "value": "2453601.938711897672"}, {"units": "d", "title": "sidereal orbital period", "label": "period", "sigma": "26.032", "name": "per", "value": "89971.72428297858"}, {"label": "n", "title": "mean motion", "units": "deg/d", "value": ".004001257093481169", "sigma": "1.1577E-6", "name": "n"}, {"name": "ad", "sigma": ".0097934", "value": "50.77286829746774", "units": "au", "title": "aphelion distance", "label": "Q"}], "producer": "Otto Matic", "covariance": {"epoch": "2456718.5", "data": [["2.440655295249139E-8", "-1.806182837448459E-7", "-.0005591378523611789", "1.926866906869916E-8", "-4.562977555948296E-6", "-8.226634789785295E-9"], ["-1.806182837448459E-7", "5.639746027295164E-6", ".01263258423240837", "-2.551643455646498E-7", ".0001018799926464725", "1.487297363047353E-7"], ["-.0005591378523611789", ".01263258423240837", "29.75132619546401", "-.0006695498882328306", ".240268997631478", ".0003634225086337258"], ["1.926866906869916E-8", "-2.551643455646498E-7", "-.0006695498882328306", "1.203124666682607E-6", "-6.564189338030142E-6", "-6.130714360958727E-7"], ["-4.562977555948296E-6", ".0001018799926464725", ".240268997631478", "-6.564189338030142E-6", ".001941710071266562", "3.519444605165001E-6"], ["-8.226634789785295E-9", "1.487297363047353E-7", ".0003634225086337258", "-6.130714360958727E-7", "3.519444605165001E-6", "3.150853612563221E-7"]], "elements": [{"label": "e", "title": "eccentricity", "units": null, "value": ".2946065129495891", "name": "e", "sigma": 0.000156225967599792}, {"value": "27.76533065753637", "name": "q", "sigma": 0.00237481494590529, "title": "perihelion distance", "label": "q", "units": "au"}, {"units": "TDB", "title": "time of perihelion passage", "label": "tp", "sigma": 5.45447762810189, "name": "tp", "value": "2453532.056630690253"}, {"units": "deg", "title": "longitude of the ascending node", "label": "node", "name": "om", "sigma": 0.00109687039648384, "value": "87.13685241399826"}, {"value": "127.0459116588871", "name": "w", "sigma": 0.0440648393990783, "label": "peri", "title": "argument of perihelion", "units": "deg"}, {"name": "i", "sigma": 0.000561324648716161, "value": "16.42901399254228", "units": "deg", "title": "inclination", "label": "i"}], "labels": ["e", "q", "tp", "node", "peri", "i"]}, "condition_code": "4", "source": "JPL", "t_jup": "5.174", "orbit_id": "5", "n_obs_used": 33, "last_obs": "2016-05-06", "data_arc": "1123", "n_dop_obs_used": null, "pe_used": "DE441", "comment": null, "sb_used": "SB441-N16", "rms": ".18124", "model_pars": []}, "object": {"fullname": "(2013 JC65)", "orbit_id": "5", "kind": "au", "des": "2013 JC65", "prefix": null, "orbit_class": {"name": "TransNeptunian Object", "code": "TNO"}, "neo": false, "pha": false, "spkid": "3727207"}, "signature": {"version": "1.3", "source": "NASA/JPL Small-Body Database (SBDB) API"}}