{"orbit": {"soln_date": "2021-04-14 20:49:19", "condition_code": "3", "n_dop_obs_used": null, "elements": [{"value": ".204690042050429", "title": "eccentricity", "label": "e", "sigma": ".0001596", "units": null, "name": "e"}, {"sigma": ".0097172", "units": "au", "name": "a", "value": "39.5228877462925", "title": "semi-major axis", "label": "a"}, {"value": "31.43294619154951", "title": "perihelion distance", "label": "q", "sigma": ".0014307", "units": "au", "name": "q"}, {"name": "i", "sigma": ".0001623", "units": "deg", "label": "i", "value": "6.735859302746063", "title": "inclination; angle with respect to x-y ecliptic plane"}, {"units": "deg", "sigma": ".0011842", "name": "om", "value": "15.80642759328636", "title": "longitude of the ascending node", "label": "node"}, {"sigma": ".011037", "units": "deg", "name": "w", "value": "28.50015158394779", "title": "argument of perihelion", "label": "peri"}, {"title": "mean anomaly", "value": "31.24403559269835", "label": "M", "units": "deg", "sigma": ".018197", "name": "ma"}, {"name": "tp", "units": "TDB", "sigma": "1.7921", "label": "tp", "title": "time of perihelion passage", "value": "2452123.949654435270"}, {"label": "period", "title": "sidereal orbital period", "value": "90755.18160867687", "name": "per", "sigma": "33.47", "units": "d"}, {"label": "n", "value": ".003966715658751779", "title": "mean motion", "name": "n", "sigma": "1.4629E-6", "units": "deg/d"}, {"label": "Q", "value": "47.6128293010355", "title": "aphelion distance", "name": "ad", "sigma": ".011706", "units": "au"}], "sb_used": "SB441-N16", "not_valid_after": null, "first_obs": "1998-11-18", "last_obs": "2021-01-11", "t_jup": "5.490", "source": "JPL", "covariance": {"epoch": "2454086.5", "elements": [{"units": null, "sigma": 0.000158783927799718, "name": "e", "title": "eccentricity", "value": ".1973385974637951", "label": "e"}, {"label": "q", "title": "perihelion distance", "value": "31.45991638662387", "name": "q", "sigma": 0.00143358297759728, "units": "au"}, {"label": "tp", "title": "time of perihelion passage", "value": "2452090.986610272477", "name": "tp", "sigma": 1.87810837297813, "units": "TDB"}, {"label": "node", "title": "longitude of the ascending node", "value": "16.01536111630223", "name": "om", "sigma": 0.00118304381676088, "units": "deg"}, {"name": "w", "units": "deg", "sigma": 0.0115164790211019, "label": "peri", "title": "argument of perihelion", "value": "28.21652871354707"}, {"name": "i", "units": "deg", "sigma": 0.000163072702529358, "label": "i", "title": "inclination", "value": "6.748783773144989"}], "labels": ["e", "q", "tp", "node", "peri", "i"], "data": [["2.521233572750595E-8", "2.256063697798469E-7", ".0002666884047385948", "-5.054851787408596E-9", "1.625245113712689E-6", "1.136425074211269E-9"], ["2.256063697798469E-7", "2.055160153656683E-6", ".002533479130318094", "-4.832021600198512E-8", "1.544686351784414E-5", "9.883148446327798E-9"], [".0002666884047385948", ".002533479130318094", "3.527291060650548", "-6.753402244083467E-5", ".02151600434404088", "1.054599591465117E-5"], ["-5.054851787408596E-9", "-4.832021600198512E-8", "-6.753402244083467E-5", "1.399592672376157E-6", "-1.800656925719109E-6", "1.616015122223707E-7"], ["1.625245113712689E-6", "1.544686351784414E-5", ".02151600434404088", "-1.800656925719109E-6", ".0001326292890434796", "-9.644036954565102E-8"], ["1.136425074211269E-9", "9.883148446327798E-9", "1.054599591465117E-5", "1.616015122223707E-7", "-9.644036954565102E-8", "2.659270631022835E-8"]]}, "epoch": "2460000.5", "rms": ".25672", "producer": "Otto Matic", "moid": "30.4423", "orbit_id": "6", "moid_jup": "26.465", "pe_used": "DE441", "two_body": null, "equinox": "J2000", "comment": null, "n_obs_used": 33, "not_valid_before": null, "data_arc": "8090", "model_pars": [], "n_del_obs_used": null}, "object": {"des": "1998 WS31", "orbit_id": "6", "fullname": "(1998 WS31)", "pha": false, "spkid": "3027724", "neo": false, "prefix": null, "kind": "au", "orbit_class": {"code": "TNO", "name": "TransNeptunian Object"}}, "signature": {"version": "1.3", "source": "NASA/JPL Small-Body Database (SBDB) API"}}