{"signature": {"version": "1.3", "source": "NASA/JPL Small-Body Database (SBDB) API"}, "orbit": {"n_obs_used": 27, "last_obs": "2022-12-26", "orbit_id": "7", "t_jup": "5.492", "condition_code": "4", "source": "JPL", "covariance": {"data": [["7.43741174353801E-9", "2.538842762905613E-7", ".0007130647713597082", "-2.035519486430229E-13", "3.884707246754612E-6", "9.575405130085957E-10"], ["2.538842762905613E-7", "1.038942743264911E-5", ".027791396034706", "-6.678905055057026E-9", ".000152814767345347", "3.165693052098335E-8"], [".0007130647713597082", ".027791396034706", "75.338867520587", "-1.340336759627891E-5", ".4132198112303562", "8.95953050568511E-5"], ["-2.035519486430229E-13", "-6.678905055057026E-9", "-1.340336759627891E-5", "1.750750311808347E-7", "-2.505219903951743E-7", "8.036299046409648E-8"], ["3.884707246754612E-6", ".000152814767345347", ".4132198112303562", "-2.505219903951743E-7", ".002267685457871339", "4.083759676858453E-7"], ["9.575405130085957E-10", "3.165693052098335E-8", "8.95953050568511E-5", "8.036299046409648E-8", "4.083759676858453E-7", "6.309518371749608E-8"]], "epoch": "2453031.5", "labels": ["e", "q", "tp", "node", "peri", "i"], "elements": [{"value": ".1312338205468332", "sigma": 8.624042986638e-05, "name": "e", "label": "e", "title": "eccentricity", "units": null}, {"units": "au", "label": "q", "title": "perihelion distance", "name": "q", "sigma": 0.00322326347552432, "value": "34.14551995737898"}, {"name": "tp", "sigma": 8.67979651377767, "value": "2442721.758718666882", "units": "TDB", "label": "tp", "title": "time of perihelion passage"}, {"units": "deg", "title": "longitude of the ascending node", "label": "node", "name": "om", "sigma": 0.00041841968307052, "value": "223.8630711712901"}, {"value": "141.9400585076689", "sigma": 0.0476202211027137, "name": "w", "label": "peri", "title": "argument of perihelion", "units": "deg"}, {"name": "i", "sigma": 0.000251187546899714, "value": "10.60905425339106", "units": "deg", "label": "i", "title": "inclination"}]}, "producer": "Otto Matic", "n_del_obs_used": null, "moid_jup": "29.1517", "elements": [{"value": ".1357968935082189", "name": "e", "sigma": "8.6433E-5", "label": "e", "title": "eccentricity", "units": null}, {"label": "a", "title": "semi-major axis", "units": "au", "value": "39.40291694309422", "name": "a", "sigma": ".0074974"}, {"value": "34.05212322705966", "sigma": ".0032181", "name": "q", "title": "perihelion distance", "label": "q", "units": "au"}, {"value": "10.5871855297526", "name": "i", "sigma": ".00025071", "label": "i", "title": "inclination; angle with respect to x-y ecliptic plane", "units": "deg"}, {"value": "223.7337711187095", "sigma": ".00041991", "name": "om", "title": "longitude of the ascending node", "label": "node", "units": "deg"}, {"units": "deg", "title": "argument of perihelion", "label": "peri", "sigma": ".046096", "name": "w", "value": "141.8910919757979"}, {"label": "M", "title": "mean anomaly", "units": "deg", "value": "68.72386496645582", "sigma": ".052762", "name": "ma"}, {"units": "TDB", "title": "time of perihelion passage", "label": "tp", "name": "tp", "sigma": "8.336", "value": "2442754.195020946783"}, {"value": "90342.26750037435", "sigma": "25.785", "name": "per", "title": "sidereal orbital period", "label": "period", "units": "d"}, {"value": ".003984845742315559", "name": "n", "sigma": "1.1373E-6", "label": "n", "title": "mean motion", "units": "deg/d"}, {"value": "44.75371065912877", "sigma": ".0085155", "name": "ad", "title": "aphelion distance", "label": "Q", "units": "au"}], "equinox": "J2000", "two_body": null, "not_valid_before": null, "moid": "33.0558", "soln_date": "2023-02-09 10:48:35", "epoch": "2460000.5", "not_valid_after": null, "first_obs": "1998-10-22", "model_pars": [], "sb_used": "SB441-N16", "rms": ".23809", "comment": null, "pe_used": "DE441", "n_dop_obs_used": null, "data_arc": "8831"}, "object": {"pha": false, "spkid": "20091205", "orbit_class": {"code": "TNO", "name": "TransNeptunian Object"}, "neo": false, "kind": "an", "des": "91205", "prefix": null, "fullname": "91205 (1998 US43)", "orbit_id": "7"}}