{"orbit": {"moid": "35.0898", "not_valid_before": null, "soln_date": "2021-10-16 00:21:21", "epoch": "2460000.5", "not_valid_after": null, "first_obs": "2014-12-12", "producer": "Otto Matic", "elements": [{"sigma": "9.4254E-5", "name": "e", "value": ".136626178371187", "units": null, "title": "eccentricity", "label": "e"}, {"value": "41.66459638158805", "sigma": ".0057401", "name": "a", "title": "semi-major axis", "label": "a", "units": "au"}, {"units": "au", "label": "q", "title": "perihelion distance", "sigma": ".0023133", "name": "q", "value": "35.97212180459369"}, {"value": "28.17847007968279", "name": "i", "sigma": "9.488E-5", "label": "i", "title": "inclination; angle with respect to x-y ecliptic plane", "units": "deg"}, {"value": "132.7273069207511", "name": "om", "sigma": ".000445", "title": "longitude of the ascending node", "label": "node", "units": "deg"}, {"value": "289.5300413174983", "name": "w", "sigma": ".033825", "title": "argument of perihelion", "label": "peri", "units": "deg"}, {"value": "333.4994120419763", "name": "ma", "sigma": ".028101", "title": "mean anomaly", "label": "M", "units": "deg"}, {"units": "TDB", "title": "time of perihelion passage", "label": "tp", "sigma": "6.5958", "name": "tp", "value": "2467231.563980865937"}, {"sigma": "20.3", "name": "per", "value": "98231.14254050178", "units": "d", "title": "sidereal orbital period", "label": "period"}, {"title": "mean motion", "label": "n", "units": "deg/d", "value": ".003664825539940839", "sigma": "7.5735E-7", "name": "n"}, {"sigma": ".0065244", "name": "ad", "value": "47.35707095858242", "units": "au", "title": "aphelion distance", "label": "Q"}], "n_del_obs_used": null, "moid_jup": "31.4551", "equinox": "J2000", "two_body": null, "t_jup": "5.067", "condition_code": "3", "source": "JPL", "covariance": {"epoch": "2458143.5", "data": [["8.611299920617533E-9", "3.850053282772503E-8", "-.0001745892414360602", "-5.0826886231459E-9", "-7.567261711047363E-7", "3.877696042276002E-10"], ["3.850053282772503E-8", "5.959146875427049E-6", "-.01734666291593363", "1.217358928815302E-7", "-8.92367437072792E-5", "5.643252002948134E-8"], ["-.0001745892414360602", "-.01734666291593363", "51.04365803187377", "-.0003111808302523256", ".2614784039586505", "-.0001642216990168741"], ["-5.0826886231459E-9", "1.217358928815302E-7", "-.0003111808302523256", "1.996903128732404E-7", "-1.869813746860996E-6", "4.09776894076917E-8"], ["-7.567261711047363E-7", "-8.92367437072792E-5", ".2614784039586505", "-1.869813746860996E-6", ".001342007796146253", "-8.796666178140741E-7"], ["3.877696042276002E-10", "5.643252002948134E-8", "-.0001642216990168741", "4.09776894076917E-8", "-8.796666178140741E-7", "9.095257971968885E-9"]], "elements": [{"sigma": 9.279709004391e-05, "name": "e", "value": ".1268951662679358", "units": null, "label": "e", "title": "eccentricity"}, {"title": "perihelion distance", "label": "q", "units": "au", "value": "35.89788135465048", "sigma": 0.00244113639017304, "name": "q"}, {"units": "TDB", "title": "time of perihelion passage", "label": "tp", "name": "tp", "sigma": 7.14448444829113, "value": "2467833.452650893625"}, {"label": "node", "title": "longitude of the ascending node", "units": "deg", "value": "132.7962033699736", "name": "om", "sigma": 0.000446867220629619}, {"label": "peri", "title": "argument of perihelion", "units": "deg", "value": "292.2415165804701", "sigma": 0.0366334245757376, "name": "w"}, {"label": "i", "title": "inclination", "units": "deg", "value": "28.19504974250515", "name": "i", "sigma": 9.53690619224541e-05}], "labels": ["e", "q", "tp", "node", "peri", "i"]}, "n_obs_used": 54, "last_obs": "2021-09-30", "orbit_id": "4", "pe_used": "DE441", "n_dop_obs_used": null, "data_arc": "2484", "comment": null, "model_pars": [], "rms": ".28238", "sb_used": "SB441-N16"}, "object": {"neo": false, "orbit_class": {"code": "TNO", "name": "TransNeptunian Object"}, "spkid": "3989638", "pha": false, "orbit_id": "4", "fullname": "(2014 XC48)", "prefix": null, "des": "2014 XC48", "kind": "au"}, "signature": {"version": "1.3", "source": "NASA/JPL Small-Body Database (SBDB) API"}}