{"signature": {"source": "NASA/JPL Small-Body Database (SBDB) API", "version": "1.3"}, "object": {"pha": false, "orbit_id": "2", "fullname": "(2015 RO280)", "des": "2015 RO280", "spkid": "3835647", "prefix": null, "neo": false, "orbit_class": {"name": "TransNeptunian Object", "code": "TNO"}, "kind": "au"}, "orbit": {"source": "JPL", "t_jup": "4.767", "elements": [{"name": "e", "units": null, "sigma": "9.6862E-5", "label": "e", "value": ".05224477889430758", "title": "eccentricity"}, {"units": "au", "sigma": ".0051602", "name": "a", "value": "41.71556222941269", "title": "semi-major axis", "label": "a"}, {"sigma": ".0019003", "units": "au", "name": "q", "value": "39.53614190428529", "title": "perihelion distance", "label": "q"}, {"name": "i", "sigma": ".0014042", "units": "deg", "label": "i", "value": "34.82626462956198", "title": "inclination; angle with respect to x-y ecliptic plane"}, {"title": "longitude of the ascending node", "value": "190.5221538708044", "label": "node", "sigma": ".00014539", "units": "deg", "name": "om"}, {"value": "178.6894410892479", "title": "argument of perihelion", "label": "peri", "sigma": "1.4835", "units": "deg", "name": "w"}, {"units": "deg", "sigma": "1.3343", "name": "ma", "value": "7.347438587610923", "title": "mean anomaly", "label": "M"}, {"value": "2457991.966670670912", "title": "time of perihelion passage", "label": "tp", "sigma": "364.76", "units": "TDB", "name": "tp"}, {"value": "98411.43820891522", "title": "sidereal orbital period", "label": "period", "sigma": "18.26", "units": "d", "name": "per"}, {"title": "mean motion", "value": ".003658111359329643", "label": "n", "sigma": "6.7876E-7", "units": "deg/d", "name": "n"}, {"name": "ad", "units": "au", "sigma": ".0054298", "label": "Q", "title": "aphelion distance", "value": "43.89498255454009"}], "n_dop_obs_used": null, "condition_code": "5", "soln_date": "2021-04-15 14:37:06", "not_valid_after": null, "first_obs": "2015-06-23", "sb_used": "SB441-N16", "last_obs": "2017-12-23", "two_body": null, "equinox": "J2000", "pe_used": "DE441", "moid_jup": "34.5866", "comment": null, "not_valid_before": null, "n_obs_used": 30, "model_pars": [], "data_arc": "914", "n_del_obs_used": null, "covariance": {"labels": ["e", "q", "tp", "node", "peri", "i"], "data": [["8.671465695859949E-9", "7.235713829282621E-8", ".01081657979349058", "-3.411274331185438E-9", "4.380818917171254E-5", "4.035267004854662E-8"], ["7.235713829282621E-8", "2.573667925725953E-6", "-.4469448285558712", "-5.215222468982449E-8", "-.001810012145227988", "4.412173776029206E-7"], [".01081657979349058", "-.4469448285558712", "203442.9129422258", "-.001406150826018856", "823.9034027007048", ".07370132029244249"], ["-3.411274331185438E-9", "-5.215222468982449E-8", "-.001406150826018856", "2.100932927901032E-8", "-5.711152336505135E-6", "-1.935505145747772E-7"], ["4.380818917171254E-5", "-.001810012145227988", "823.9034027007048", "-5.711152336505135E-6", "3.336645205370221", ".0002986264153510746"], ["4.035267004854662E-8", "4.412173776029206E-7", ".07370132029244249", "-1.935505145747772E-7", ".0002986264153510746", "1.978834440523319E-6"]], "epoch": "2457505.5", "elements": [{"title": "eccentricity", "value": ".04222554458145342", "label": "e", "sigma": 9.31207049793973e-05, "units": null, "name": "e"}, {"name": "q", "sigma": 0.00160426554090211, "units": "au", "label": "q", "value": "39.52169303836387", "title": "perihelion distance"}, {"label": "tp", "title": "time of perihelion passage", "value": "2457872.702393742328", "name": "tp", "sigma": 451.046464283034, "units": "TDB"}, {"name": "om", "units": "deg", "sigma": 0.000144945952958371, "label": "node", "title": "longitude of the ascending node", "value": "190.5361507808032"}, {"units": "deg", "sigma": 1.82664862668501, "name": "w", "value": "178.2111079551329", "title": "argument of perihelion", "label": "peri"}, {"label": "i", "value": "35.01015229435968", "title": "inclination", "name": "i", "sigma": 0.00140671050345241, "units": "deg"}]}, "epoch": "2460000.5", "producer": "Otto Matic", "rms": ".2606", "orbit_id": "2", "moid": "38.5342"}}