{"orbit": {"last_obs": "2019-10-26", "first_obs": "2008-10-02", "not_valid_after": null, "sb_used": "SB441-N16", "elements": [{"value": ".09834980875954183", "title": "eccentricity", "label": "e", "units": null, "sigma": ".00011913", "name": "e"}, {"label": "a", "title": "semi-major axis", "value": "41.03650932713624", "name": "a", "units": "au", "sigma": ".00571"}, {"units": "au", "sigma": ".0016142", "name": "q", "title": "perihelion distance", "value": "37.00057648265324", "label": "q"}, {"title": "inclination; angle with respect to x-y ecliptic plane", "value": "26.29743730476732", "label": "i", "units": "deg", "sigma": ".00064637", "name": "i"}, {"name": "om", "units": "deg", "sigma": ".00026239", "label": "node", "title": "longitude of the ascending node", "value": "218.8929060194772"}, {"units": "deg", "sigma": ".064897", "name": "w", "value": "152.9432622639198", "title": "argument of perihelion", "label": "peri"}, {"label": "M", "title": "mean anomaly", "value": "28.86286604568437", "name": "ma", "units": "deg", "sigma": ".051578"}, {"sigma": "13.951", "units": "TDB", "name": "tp", "value": "2452302.267966915583", "title": "time of perihelion passage", "label": "tp"}, {"name": "per", "units": "d", "sigma": "20.04", "label": "period", "title": "sidereal orbital period", "value": "96018.3069666004"}, {"label": "n", "title": "mean motion", "value": ".003749285020462031", "name": "n", "sigma": "7.8253E-7", "units": "deg/d"}, {"title": "aphelion distance", "value": "45.07244217161924", "label": "Q", "sigma": ".0062715", "units": "au", "name": "ad"}], "n_dop_obs_used": null, "condition_code": "4", "soln_date": "2021-04-15 05:41:10", "source": "JPL", "t_jup": "5.138", "orbit_id": "7", "moid": "36.0204", "producer": "Otto Matic", "rms": ".17143", "epoch": "2460000.5", "covariance": {"elements": [{"name": "e", "units": null, "sigma": 0.000118740678444249, "label": "e", "value": ".09671060109611525", "title": "eccentricity"}, {"value": "37.00962494902907", "title": "perihelion distance", "label": "q", "sigma": 0.0016089601813807, "units": "au", "name": "q"}, {"units": "TDB", "sigma": 14.2237974182938, "name": "tp", "value": "2452324.410905433407", "title": "time of perihelion passage", "label": "tp"}, {"title": "longitude of the ascending node", "value": "218.9429805736956", "label": "node", "units": "deg", "sigma": 0.00026224199003189, "name": "om"}, {"units": "deg", "sigma": 0.0660637279600603, "name": "w", "value": "153.0682671653317", "title": "argument of perihelion", "label": "peri"}, {"units": "deg", "sigma": 0.000646862177479915, "name": "i", "value": "26.31206647690535", "title": "inclination", "label": "i"}], "epoch": "2456046.5", "data": [["1.409934871740057E-8", "8.879317540098751E-10", "-.0007989068284552761", "7.329300188955352E-10", "-3.736283179264076E-6", "-7.206513715446617E-10"], ["8.879317540098751E-10", "2.588752865268607E-6", ".01982112073131589", "-2.576018411731838E-11", "9.192390585964753E-5", "1.466325201655573E-8"], ["-.0007989068284552761", ".01982112073131589", "202.31641299666", "-4.475750133670416E-5", ".9396608097670244", ".0001558078716310423"], ["7.329300188955352E-10", "-2.576018411731838E-11", "-4.475750133670416E-5", "6.877086133588593E-8", "-2.705656929510688E-7", "-1.648857259784358E-7"], ["-3.736283179264076E-6", "9.192390585964753E-5", ".9396608097670244", "-2.705656929510688E-7", ".004364416151980853", "8.717766613706394E-7"], ["-7.206513715446617E-10", "1.466325201655573E-8", ".0001558078716310423", "-1.648857259784358E-7", "8.717766613706394E-7", "4.184306766540569E-7"]], "labels": ["e", "q", "tp", "node", "peri", "i"]}, "model_pars": [], "data_arc": "4041", "n_del_obs_used": null, "not_valid_before": null, "n_obs_used": 35, "comment": null, "equinox": "J2000", "two_body": null, "pe_used": "DE441", "moid_jup": "32.1595"}, "object": {"orbit_id": "7", "pha": false, "fullname": "(2011 UK412)", "des": "2011 UK412", "spkid": "3696064", "prefix": null, "neo": false, "orbit_class": {"name": "TransNeptunian Object", "code": "TNO"}, "kind": "au"}, "signature": {"version": "1.3", "source": "NASA/JPL Small-Body Database (SBDB) API"}}