{"signature": {"version": "1.3", "source": "NASA/JPL Small-Body Database (SBDB) API"}, "object": {"orbit_id": "2", "fullname": "(2015 GR55)", "pha": false, "des": "2015 GR55", "spkid": "3831088", "prefix": null, "neo": false, "orbit_class": {"name": "TransNeptunian Object", "code": "TNO"}, "kind": "au"}, "orbit": {"orbit_id": "2", "moid": "33.6558", "producer": "Otto Matic", "rms": ".16806", "epoch": "2460000.5", "covariance": {"labels": ["e", "q", "tp", "node", "peri", "i"], "data": [["1.129030378864511E-6", "-3.632663070261773E-5", ".1081530195156444", "3.553140315129982E-8", ".000326999187007705", "1.392616740783066E-7"], ["-3.632663070261773E-5", ".001185299323922646", "-3.435288227536844", "-1.165178973645775E-6", "-.01028273800121373", "-4.447456059459427E-6"], [".1081530195156444", "-3.435288227536844", "10484.36155557736", ".003350898119141901", "31.98265635109655", ".0134274038575849"], ["3.553140315129982E-8", "-1.165178973645775E-6", ".003350898119141901", "1.363101636292293E-7", "9.874276568519677E-6", "5.427680961322405E-7"], [".000326999187007705", "-.01028273800121373", "31.98265635109655", "9.874276568519677E-6", ".09821171737624806", "4.03112890848792E-5"], ["1.392616740783066E-7", "-4.447456059459427E-6", ".0134274038575849", "5.427680961322405E-7", "4.03112890848792E-5", "2.222700775320121E-6"]], "elements": [{"label": "e", "value": ".09674583354891841", "title": "eccentricity", "name": "e", "sigma": 0.00106255841197767, "units": null}, {"units": "au", "sigma": 0.0344281763084054, "name": "q", "value": "35.02778192547717", "title": "perihelion distance", "label": "q"}, {"name": "tp", "sigma": 102.39317143041, "units": "TDB", "label": "tp", "title": "time of perihelion passage", "value": "2431442.432541015904"}, {"units": "deg", "sigma": 0.0003692020634141, "name": "om", "title": "longitude of the ascending node", "value": "199.2372206516666", "label": "node"}, {"name": "w", "sigma": 0.313387487587249, "units": "deg", "label": "peri", "title": "argument of perihelion", "value": "249.3927781533048"}, {"sigma": 0.00149087248794795, "units": "deg", "name": "i", "title": "inclination", "value": "23.50396766158135", "label": "i"}], "epoch": "2457392.5"}, "data_arc": "829", "n_del_obs_used": null, "model_pars": [], "not_valid_before": null, "n_obs_used": 32, "comment": null, "pe_used": "DE441", "two_body": null, "equinox": "J2000", "moid_jup": "29.8464", "last_obs": "2017-06-24", "not_valid_after": null, "sb_used": "SB441-N16", "first_obs": "2015-03-18", "n_dop_obs_used": null, "elements": [{"value": ".09961407139763427", "title": "eccentricity", "label": "e", "units": null, "sigma": ".0010023", "name": "e"}, {"name": "a", "sigma": ".0086129", "units": "au", "label": "a", "title": "semi-major axis", "value": "38.39929168773952"}, {"units": "au", "sigma": ".032105", "name": "q", "title": "perihelion distance", "value": "34.57418190393845", "label": "q"}, {"sigma": ".0015002", "units": "deg", "name": "i", "title": "inclination; angle with respect to x-y ecliptic plane", "value": "23.63124459766274", "label": "i"}, {"sigma": ".00036781", "units": "deg", "name": "om", "title": "longitude of the ascending node", "value": "199.3055995479194", "label": "node"}, {"name": "w", "units": "deg", "sigma": ".3591", "label": "peri", "title": "argument of perihelion", "value": "243.7618216446101"}, {"name": "ma", "units": "deg", "sigma": ".50156", "label": "M", "value": "122.4923575975065", "title": "mean anomaly"}, {"value": "2430427.884284348584", "title": "time of perihelion passage", "label": "tp", "units": "TDB", "sigma": "112.03", "name": "tp"}, {"name": "per", "units": "d", "sigma": "29.242", "label": "period", "value": "86912.70105696149", "title": "sidereal orbital period"}, {"title": "mean motion", "value": ".004142087354575029", "label": "n", "units": "deg/d", "sigma": "1.3936E-6", "name": "n"}, {"label": "Q", "title": "aphelion distance", "value": "42.22440147154059", "name": "ad", "units": "au", "sigma": ".0094709"}], "condition_code": "5", "soln_date": "2021-04-15 13:31:08", "source": "JPL", "t_jup": "5.088"}}