{"signature": {"source": "NASA/JPL Small-Body Database (SBDB) API", "version": "1.3"}, "object": {"prefix": null, "neo": false, "orbit_class": {"name": "TransNeptunian Object", "code": "TNO"}, "kind": "au", "fullname": "(2015 VZ164)", "orbit_id": "2", "pha": false, "des": "2015 VZ164", "spkid": "3830956"}, "orbit": {"source": "JPL", "t_jup": "5.514", "last_obs": "2017-09-20", "sb_used": "SB441-N16", "not_valid_after": null, "first_obs": "2015-10-09", "n_dop_obs_used": null, "elements": [{"sigma": ".00099329", "units": null, "name": "e", "title": "eccentricity", "value": ".2196813568568311", "label": "e"}, {"label": "a", "value": "39.63915488039851", "title": "semi-major axis", "name": "a", "units": "au", "sigma": ".018841"}, {"sigma": ".025841", "units": "au", "name": "q", "value": "30.93117155161449", "title": "perihelion distance", "label": "q"}, {"title": "inclination; angle with respect to x-y ecliptic plane", "value": "1.7507495112995", "label": "i", "units": "deg", "sigma": ".0013862", "name": "i"}, {"label": "node", "value": "208.4591910318245", "title": "longitude of the ascending node", "name": "om", "units": "deg", "sigma": ".021009"}, {"name": "w", "units": "deg", "sigma": ".08175", "label": "peri", "value": "280.5194039554447", "title": "argument of perihelion"}, {"name": "ma", "sigma": ".043174", "units": "deg", "label": "M", "value": "317.3872779008842", "title": "mean anomaly"}, {"value": "2470790.508425964026", "title": "time of perihelion passage", "label": "tp", "sigma": "4.6177", "units": "TDB", "name": "tp"}, {"label": "period", "value": "91155.94690975285", "title": "sidereal orbital period", "name": "per", "units": "d", "sigma": "64.991"}, {"name": "n", "units": "deg/d", "sigma": "2.8157E-6", "label": "n", "title": "mean motion", "value": ".003949276072535464"}, {"name": "ad", "sigma": ".02298", "units": "au", "label": "Q", "title": "aphelion distance", "value": "48.34713820918253"}], "condition_code": "4", "soln_date": "2021-04-15 15:18:25", "n_del_obs_used": null, "model_pars": [], "data_arc": "712", "not_valid_before": null, "n_obs_used": 26, "comment": null, "pe_used": "DE441", "two_body": null, "equinox": "J2000", "moid_jup": "25.6217", "orbit_id": "2", "moid": "29.9465", "producer": "Otto Matic", "rms": ".17165", "epoch": "2460000.5", "covariance": {"elements": [{"sigma": 0.00099910276293733, "units": null, "name": "e", "value": ".2203389464699595", "title": "eccentricity", "label": "e"}, {"name": "q", "units": "au", "sigma": 0.0257652517693044, "label": "q", "title": "perihelion distance", "value": "30.70616550484658"}, {"units": "TDB", "sigma": 5.39768620715106, "name": "tp", "value": "2471062.747224215069", "title": "time of perihelion passage", "label": "tp"}, {"units": "deg", "sigma": 0.0209177665262304, "name": "om", "value": "208.6135352890533", "title": "longitude of the ascending node", "label": "node"}, {"title": "argument of perihelion", "value": "282.3813805792456", "label": "peri", "units": "deg", "sigma": 0.0733168114941856, "name": "w"}, {"value": "1.756992068142383", "title": "inclination", "label": "i", "units": "deg", "sigma": 0.00139236091201582, "name": "i"}], "epoch": "2457515.5", "data": [["9.982063309090058E-7", "-2.532701873833133E-5", "-.003263272241122924", "-9.258348755492063E-8", "6.130145710404038E-5", "-5.289671084940537E-9"], ["-2.532701873833133E-5", ".0006638481987356459", ".06319674681670841", "1.073977540672926E-6", "-.001712647811875074", "5.401181705969466E-8"], ["-.003263272241122924", ".06319674681670841", "29.13501639086882", ".001413575973554937", "-.05340888169053033", "8.717309153464392E-5"], ["-9.258348755492063E-8", "1.073977540672926E-6", ".001413575973554937", ".0004375529564458843", "-.0004338155761418509", "2.909447021464379E-5"], ["6.130145710404038E-5", "-.001712647811875074", "-.05340888169053033", "-.0004338155761418509", ".005375354847673948", "-2.882590564417102E-5"], ["-5.289671084940537E-9", "5.401181705969466E-8", "8.717309153464392E-5", "2.909447021464379E-5", "-2.882590564417102E-5", "1.938668909309524E-6"]], "labels": ["e", "q", "tp", "node", "peri", "i"]}}}