{"signature": {"version": "1.3", "source": "NASA/JPL Small-Body Database (SBDB) API"}, "orbit": {"n_obs_used": 31, "not_valid_before": null, "n_del_obs_used": null, "data_arc": "1184", "model_pars": [], "moid_jup": "26.8275", "two_body": null, "equinox": "J2000", "pe_used": "DE441", "comment": null, "rms": ".25973", "producer": "Otto Matic", "moid": "31.1974", "orbit_id": "2", "covariance": {"data": [["1.037851965877482E-7", "-2.393271731219984E-6", "-.00654988418503232", "2.221086942348356E-8", "-4.137835138352009E-5", "4.874063015384239E-8"], ["-2.393271731219984E-6", "6.408879791012693E-5", ".1735375672161034", "-6.737309857944468E-7", ".001093498675422072", "-1.427819642843961E-6"], ["-.00654988418503232", ".1735375672161034", "470.9905581869994", "-.001800972462572861", "2.967778830257852", "-.003829000565189654"], ["2.221086942348356E-8", "-6.737309857944468E-7", "-.001800972462572861", "1.926551184266986E-7", "-1.149149153752154E-5", "4.112479531186901E-7"], ["-4.137835138352009E-5", ".001093498675422072", "2.967778830257852", "-1.149149153752154E-5", ".01870171285903965", "-2.444289941611932E-5"], ["4.874063015384239E-8", "-1.427819642843961E-6", "-.003829000565189654", "4.112479531186901E-7", "-2.444289941611932E-5", "8.890077460668074E-7"]], "labels": ["e", "q", "tp", "node", "peri", "i"], "epoch": "2457229.5", "elements": [{"label": "e", "title": "eccentricity", "value": ".1863028090245663", "name": "e", "sigma": 0.00032215709923537, "units": null}, {"label": "q", "value": "32.13439054018306", "title": "perihelion distance", "name": "q", "units": "au", "sigma": 0.00800554794565162}, {"value": "2451415.734540573838", "title": "time of perihelion passage", "label": "tp", "units": "TDB", "sigma": 21.7023168852314, "name": "tp"}, {"name": "om", "sigma": 0.000438924957625673, "units": "deg", "label": "node", "title": "longitude of the ascending node", "value": "221.9631313418079"}, {"sigma": 0.136754206001277, "units": "deg", "name": "w", "title": "argument of perihelion", "value": "339.8038074411418", "label": "peri"}, {"name": "i", "units": "deg", "sigma": 0.000942872073012457, "label": "i", "title": "inclination", "value": "31.12397096935857"}]}, "epoch": "2460000.5", "t_jup": "4.754", "source": "JPL", "last_obs": "2017-08-25", "soln_date": "2021-04-15 13:49:22", "condition_code": "4", "n_dop_obs_used": null, "elements": [{"value": ".1802394723910104", "title": "eccentricity", "label": "e", "sigma": ".00031838", "units": null, "name": "e"}, {"name": "a", "sigma": ".0072203", "units": "au", "label": "a", "value": "39.26194357955488", "title": "semi-major axis"}, {"sigma": ".0079759", "units": "au", "name": "q", "value": "32.18539158373029", "title": "perihelion distance", "label": "q"}, {"sigma": ".00094734", "units": "deg", "name": "i", "value": "31.21282634182491", "title": "inclination; angle with respect to x-y ecliptic plane", "label": "i"}, {"units": "deg", "sigma": ".00043865", "name": "om", "title": "longitude of the ascending node", "value": "222.055898013858", "label": "node"}, {"label": "peri", "title": "argument of perihelion", "value": "340.1135480720031", "name": "w", "sigma": ".14182", "units": "deg"}, {"name": "ma", "sigma": ".085293", "units": "deg", "label": "M", "title": "mean anomaly", "value": "34.24599082792445"}, {"label": "tp", "value": "2451452.522820287893", "title": "time of perihelion passage", "name": "tp", "sigma": "22.701", "units": "TDB"}, {"value": "89857.86979149473", "title": "sidereal orbital period", "label": "period", "sigma": "24.787", "units": "d", "name": "per"}, {"label": "n", "title": "mean motion", "value": ".004006326889735315", "name": "n", "units": "deg/d", "sigma": "1.1052E-6"}, {"title": "aphelion distance", "value": "46.33849557537947", "label": "Q", "sigma": ".0085217", "units": "au", "name": "ad"}], "not_valid_after": null, "first_obs": "2014-05-29", "sb_used": "SB441-N16"}, "object": {"spkid": "3830927", "pha": false, "orbit_id": "2", "fullname": "(2015 KS173)", "des": "2015 KS173", "orbit_class": {"name": "TransNeptunian Object", "code": "TNO"}, "kind": "au", "prefix": null, "neo": false}}