{"orbit": {"covariance": {"elements": [{"label": "e", "title": "eccentricity", "value": ".2814972409325198", "name": "e", "sigma": 0.000565925894256151, "units": null}, {"name": "q", "sigma": 0.0124698536827069, "units": "au", "label": "q", "value": "28.18770026133844", "title": "perihelion distance"}, {"label": "tp", "value": "2475133.075060902931", "title": "time of perihelion passage", "name": "tp", "units": "TDB", "sigma": 14.5271415077802}, {"title": "longitude of the ascending node", "value": "224.435348352826", "label": "node", "sigma": 0.000353569911257715, "units": "deg", "name": "om"}, {"name": "w", "sigma": 0.0320326656504262, "units": "deg", "label": "peri", "value": "289.4306836136418", "title": "argument of perihelion"}, {"units": "deg", "sigma": 0.00109844440620347, "name": "i", "title": "inclination", "value": "19.13674280925839", "label": "i"}], "epoch": "2457443.5", "labels": ["e", "q", "tp", "node", "peri", "i"], "data": [["3.202721177896243E-7", "-6.89599805416838E-6", "-.008190573745699892", "-2.299903067052293E-9", "-1.61217976555004E-5", "-6.162433014621608E-9"], ["-6.89599805416838E-6", ".0001554972508681184", ".1732400664404846", "4.70775283610575E-8", ".0003086135948354892", "1.533419502883792E-7"], ["-.008190573745699892", ".1732400664404846", "211.0378403870696", "5.97478272180831E-5", ".4301573751772826", ".0001500264492539379"], ["-2.299903067052293E-9", "4.70775283610575E-8", "5.97478272180831E-5", "1.250116821467886E-7", "1.048611751702853E-8", "3.816486007993665E-7"], ["-1.61217976555004E-5", ".0003086135948354892", ".4301573751772826", "1.048611751702853E-8", ".001026091668671995", "-1.573618582154596E-7"], ["-6.162433014621608E-9", "1.533419502883792E-7", ".0001500264492539379", "3.816486007993665E-7", "-1.573618582154596E-7", "1.206580113519699E-6"]]}, "epoch": "2460000.5", "rms": ".14497", "producer": "Otto Matic", "moid": "27.5282", "orbit_id": "2", "moid_jup": "23.4202", "pe_used": "DE441", "two_body": null, "equinox": "J2000", "comment": null, "n_obs_used": 41, "not_valid_before": null, "data_arc": "1125", "n_del_obs_used": null, "model_pars": [], "soln_date": "2021-04-15 15:18:27", "n_dop_obs_used": null, "elements": [{"label": "e", "value": ".2779058905034514", "title": "eccentricity", "name": "e", "sigma": ".0005709", "units": null}, {"value": "39.42304434918491", "title": "semi-major axis", "label": "a", "units": "au", "sigma": ".014384", "name": "a"}, {"name": "q", "sigma": ".012751", "units": "au", "label": "q", "value": "28.46714810296762", "title": "perihelion distance"}, {"label": "i", "title": "inclination; angle with respect to x-y ecliptic plane", "value": "19.05908615784877", "name": "i", "units": "deg", "sigma": ".0010943"}, {"label": "node", "title": "longitude of the ascending node", "value": "224.3704554267836", "name": "om", "sigma": ".00035515", "units": "deg"}, {"value": "288.2144077939291", "title": "argument of perihelion", "label": "peri", "units": "deg", "sigma": ".030193", "name": "w"}, {"label": "M", "value": "300.0534994938516", "title": "mean anomaly", "name": "ma", "units": "deg", "sigma": ".089256"}, {"label": "tp", "value": "2475055.646965126092", "title": "time of perihelion passage", "name": "tp", "sigma": "14.258", "units": "TDB"}, {"label": "period", "title": "sidereal orbital period", "value": "90411.49794706549", "name": "per", "units": "d", "sigma": "49.483"}, {"sigma": "2.1793E-6", "units": "deg/d", "name": "n", "value": ".003981794441795161", "title": "mean motion", "label": "n"}, {"label": "Q", "value": "50.37894059540221", "title": "aphelion distance", "name": "ad", "units": "au", "sigma": ".018382"}], "condition_code": "4", "sb_used": "SB441-N16", "not_valid_after": null, "first_obs": "2014-11-17", "last_obs": "2017-12-16", "t_jup": "5.130", "source": "JPL"}, "object": {"prefix": null, "neo": false, "orbit_class": {"code": "TNO", "name": "TransNeptunian Object"}, "kind": "au", "orbit_id": "2", "fullname": "(2015 VQ165)", "pha": false, "des": "2015 VQ165", "spkid": "3830974"}, "signature": {"source": "NASA/JPL Small-Body Database (SBDB) API", "version": "1.3"}}