{"signature": {"version": "1.3", "source": "NASA/JPL Small-Body Database (SBDB) API"}, "orbit": {"orbit_id": "5", "n_obs_used": 22, "last_obs": "2020-12-09", "condition_code": "4", "source": "JPL", "covariance": {"elements": [{"sigma": 0.000157311159115028, "name": "e", "value": ".2060873994943839", "units": null, "title": "eccentricity", "label": "e"}, {"units": "au", "label": "q", "title": "perihelion distance", "sigma": 0.00549798564511165, "name": "q", "value": "31.19455386779245"}, {"value": "2441799.085007637443", "name": "tp", "sigma": 8.81557249868063, "label": "tp", "title": "time of perihelion passage", "units": "TDB"}, {"name": "om", "sigma": 0.000360112964594288, "value": "44.42925109893863", "units": "deg", "label": "node", "title": "longitude of the ascending node"}, {"value": "290.4459380115389", "name": "w", "sigma": 0.0581906645598551, "title": "argument of perihelion", "label": "peri", "units": "deg"}, {"units": "deg", "title": "inclination", "label": "i", "name": "i", "sigma": 0.000350633754134995, "value": "5.757313490887812"}], "labels": ["e", "q", "tp", "node", "peri", "i"], "epoch": "2453866.5", "data": [["2.47468007821138E-8", "7.303844285205088E-7", ".001325805948324508", "-1.92240985114539E-9", "8.530513434614594E-6", "8.51239414734709E-10"], ["7.303844285205088E-7", "3.02278461538538E-5", ".04672297298148207", "-7.277771516071087E-8", ".0003138607998313583", "2.002138470874947E-8"], [".001325805948324508", ".04672297298148207", "77.71431847949428", "-.0001169349518597637", ".5115654896126597", "4.113819546204234E-5"], ["-1.92240985114539E-9", "-7.277771516071087E-8", "-.0001169349518597637", "1.296813472688871E-7", "-9.058688325226534E-7", "-1.648031852851215E-8"], ["8.530513434614594E-6", ".0003138607998313583", ".5115654896126597", "-9.058688325226534E-7", ".003386153441917573", "2.73242906247507E-7"], ["8.51239414734709E-10", "2.002138470874947E-8", "4.113819546204234E-5", "-1.648031852851215E-8", "2.73242906247507E-7", "1.229440295387999E-7"]]}, "t_jup": "5.504", "equinox": "J2000", "two_body": null, "producer": "Otto Matic", "n_del_obs_used": null, "moid_jup": "26.3437", "elements": [{"label": "e", "title": "eccentricity", "units": null, "value": ".2106910839157433", "sigma": ".00016569", "name": "e"}, {"units": "au", "title": "semi-major axis", "label": "a", "name": "a", "sigma": ".014472", "value": "39.69169329866171"}, {"units": "au", "label": "q", "title": "perihelion distance", "name": "q", "sigma": ".0052957", "value": "31.32900741511543"}, {"units": "deg", "label": "i", "title": "inclination; angle with respect to x-y ecliptic plane", "name": "i", "sigma": ".00034905", "value": "5.730685894885982"}, {"units": "deg", "label": "node", "title": "longitude of the ascending node", "sigma": ".00036186", "name": "om", "value": "44.35200189882617"}, {"name": "w", "sigma": ".055698", "value": "292.6746403732139", "units": "deg", "title": "argument of perihelion", "label": "peri"}, {"units": "deg", "label": "M", "title": "mean anomaly", "sigma": ".07197", "name": "ma", "value": "70.24424977317904"}, {"units": "TDB", "title": "time of perihelion passage", "label": "tp", "name": "tp", "sigma": "8.5182", "value": "2442178.512083183923"}, {"value": "91337.23643958029", "name": "per", "sigma": "49.953", "label": "period", "title": "sidereal orbital period", "units": "d"}, {"title": "mean motion", "label": "n", "units": "deg/d", "value": ".003941437403113686", "name": "n", "sigma": "2.1556E-6"}, {"value": "48.05437918220799", "name": "ad", "sigma": ".017521", "label": "Q", "title": "aphelion distance", "units": "au"}], "first_obs": "2004-11-09", "not_valid_after": null, "moid": "30.3228", "not_valid_before": null, "soln_date": "2021-04-14 22:27:56", "epoch": "2460000.5", "sb_used": "SB441-N16", "rms": ".46551", "model_pars": [], "comment": null, "data_arc": "5874", "pe_used": "DE441", "n_dop_obs_used": null}, "object": {"pha": false, "spkid": "3563288", "neo": false, "orbit_class": {"code": "TNO", "name": "TransNeptunian Object"}, "prefix": null, "kind": "au", "des": "2004 VX130", "orbit_id": "5", "fullname": "(2004 VX130)"}}