{"orbit": {"moid_jup": "33.9871", "two_body": null, "equinox": "J2000", "pe_used": "DE441", "comment": null, "n_obs_used": 25, "not_valid_before": null, "data_arc": "1456", "model_pars": [], "n_del_obs_used": null, "covariance": {"labels": ["e", "q", "tp", "node", "peri", "i"], "data": [["2.36907290714787E-7", "-7.397003476631532E-6", "-.008669203696807085", "1.864204709243541E-7", "-5.359238239469639E-5", "-1.554472647829277E-8"], ["-7.397003476631532E-6", ".0002774727099977275", ".4608405206776923", "-3.811291154426442E-6", ".002530850105729317", "3.565913819343777E-7"], ["-.008669203696807085", ".4608405206776923", "1097.629353818685", ".001290988194703324", "5.478558109638252", "4.92538174487232E-5"], ["1.864204709243541E-7", "-3.811291154426442E-6", ".001290988194703324", "4.546507256242096E-6", "-9.451156221428595E-6", "-4.499641894765726E-7"], ["-5.359238239469639E-5", ".002530850105729317", "5.478558109638252", "-9.451156221428595E-6", ".02798206848622911", "1.56268597440665E-6"], ["-1.554472647829277E-8", "3.565913819343777E-7", "4.92538174487232E-5", "-4.499641894765726E-7", "1.56268597440665E-6", "4.54802207579434E-8"]], "epoch": "2457589.5", "elements": [{"name": "e", "sigma": 0.000486731230469945, "units": null, "label": "e", "title": "eccentricity", "value": ".0673756096562626"}, {"units": "au", "sigma": 0.0166575121190929, "name": "q", "value": "38.65961416912168", "title": "perihelion distance", "label": "q"}, {"title": "time of perihelion passage", "value": "2440584.971510244821", "label": "tp", "units": "TDB", "sigma": 33.1304897914094, "name": "tp"}, {"label": "node", "title": "longitude of the ascending node", "value": "84.87251864347915", "name": "om", "sigma": 0.00213225403182691, "units": "deg"}, {"name": "w", "sigma": 0.167278416079987, "units": "deg", "label": "peri", "title": "argument of perihelion", "value": "213.7002396487866"}, {"label": "i", "value": "24.44373595471814", "title": "inclination", "name": "i", "sigma": 0.0002132609217788, "units": "deg"}]}, "epoch": "2460000.5", "producer": "Otto Matic", "rms": ".21605", "moid": "37.9848", "orbit_id": "1", "t_jup": "5.283", "source": "JPL", "soln_date": "2021-09-21 14:12:08", "n_dop_obs_used": null, "elements": [{"label": "e", "title": "eccentricity", "value": ".07212186204507313", "name": "e", "units": null, "sigma": ".00046335"}, {"name": "a", "units": "au", "sigma": ".0093067", "label": "a", "title": "semi-major axis", "value": "41.98893739712337"}, {"sigma": ".015546", "units": "au", "name": "q", "value": "38.96061704674882", "title": "perihelion distance", "label": "q"}, {"label": "i", "title": "inclination; angle with respect to x-y ecliptic plane", "value": "24.42567326183975", "name": "i", "sigma": ".00021063", "units": "deg"}, {"units": "deg", "sigma": ".0021238", "name": "om", "title": "longitude of the ascending node", "value": "84.94901459916245", "label": "node"}, {"name": "w", "sigma": ".20175", "units": "deg", "label": "peri", "value": "222.8676908020739", "title": "argument of perihelion"}, {"label": "M", "value": "62.37596603919364", "title": "mean anomaly", "name": "ma", "units": "deg", "sigma": ".15529"}, {"value": "2442781.198229489746", "title": "time of perihelion passage", "label": "tp", "sigma": "42.183", "units": "TDB", "name": "tp"}, {"label": "period", "value": "99380.40291814659", "title": "sidereal orbital period", "name": "per", "sigma": "33.041", "units": "d"}, {"label": "n", "value": ".003622444560790415", "title": "mean motion", "name": "n", "sigma": "1.2044E-6", "units": "deg/d"}, {"name": "ad", "units": "au", "sigma": ".0099779", "label": "Q", "value": "45.01725774749791", "title": "aphelion distance"}], "condition_code": "4", "not_valid_after": null, "first_obs": "2014-11-21", "sb_used": "SB441-N16", "last_obs": "2018-11-16"}, "object": {"neo": false, "prefix": null, "kind": "au", "orbit_class": {"name": "TransNeptunian Object", "code": "TNO"}, "des": "2014 WG602", "orbit_id": "1", "fullname": "(2014 WG602)", "pha": false, "spkid": "54198965"}, "signature": {"version": "1.3", "source": "NASA/JPL Small-Body Database (SBDB) API"}}