{"signature": {"version": "1.3", "source": "NASA/JPL Small-Body Database (SBDB) API"}, "orbit": {"comment": null, "model_pars": [], "rms": ".33666", "sb_used": "SB441-N16", "pe_used": "DE441", "n_dop_obs_used": null, "data_arc": "8093", "t_jup": "4.924", "source": "JPL", "condition_code": "2", "covariance": {"data": [["2.739052985181285E-10", "2.16876811804584E-9", "-8.992243694639102E-6", "-6.388014125015216E-11", "-4.207068932017216E-8", "1.528985923579361E-10"], ["2.16876811804584E-9", "3.861966206859527E-7", "-.000792755985264982", "-2.272928717321533E-9", "-4.350830809894837E-6", "6.010128257097605E-9"], ["-8.992243694639102E-6", "-.000792755985264982", "1.719010568910232", "5.463323791814906E-6", ".009295470990537709", "-1.418115221148857E-5"], ["-6.388014125015216E-11", "-2.272928717321533E-9", "5.463323791814906E-6", "4.73498579288755E-9", "2.460529823129592E-8", "-7.334571950014058E-9"], ["-4.207068932017216E-8", "-4.350830809894837E-6", ".009295470990537709", "2.460529823129592E-8", "5.047185158656086E-5", "-6.848809568400757E-8"], ["1.528985923579361E-10", "6.010128257097605E-9", "-1.418115221148857E-5", "-7.334571950014058E-9", "-6.848809568400757E-8", "1.172789052852668E-8"]], "epoch": "2456844.5", "labels": ["e", "q", "tp", "node", "peri", "i"], "elements": [{"value": ".1479933208850124", "sigma": 1.65500845471595e-05, "name": "e", "label": "e", "title": "eccentricity", "units": null}, {"units": "au", "label": "q", "title": "perihelion distance", "name": "q", "sigma": 0.000621447198630706, "value": "35.45481383895522"}, {"units": "TDB", "title": "time of perihelion passage", "label": "tp", "sigma": 1.31111043352962, "name": "tp", "value": "2467717.970617212308"}, {"value": "86.7289778388223", "sigma": 6.88112330429237e-05, "name": "om", "label": "node", "title": "longitude of the ascending node", "units": "deg"}, {"name": "w", "sigma": 0.0071043544102586, "value": "34.46616742291747", "units": "deg", "label": "peri", "title": "argument of perihelion"}, {"units": "deg", "title": "inclination", "label": "i", "name": "i", "sigma": 0.000108295385536627, "value": "30.87869293941104"}]}, "last_obs": "2022-11-28", "n_obs_used": 195, "orbit_id": "12", "soln_date": "2022-12-21 23:11:07", "not_valid_before": null, "moid": "34.5911", "epoch": "2460000.5", "not_valid_after": null, "first_obs": "2000-10-01", "producer": "Otto Matic", "moid_jup": "30.4958", "n_del_obs_used": null, "elements": [{"value": ".1450106184767642", "name": "e", "sigma": "1.6636E-5", "label": "e", "title": "eccentricity", "units": null}, {"name": "a", "sigma": ".0011958", "value": "41.5625783051769", "units": "au", "label": "a", "title": "semi-major axis"}, {"sigma": ".00061362", "name": "q", "value": "35.53556311965426", "units": "au", "label": "q", "title": "perihelion distance"}, {"value": "30.90150375986584", "sigma": ".00010823", "name": "i", "label": "i", "title": "inclination; angle with respect to x-y ecliptic plane", "units": "deg"}, {"sigma": "6.8714E-5", "name": "om", "value": "86.68691979729871", "units": "deg", "label": "node", "title": "longitude of the ascending node"}, {"name": "w", "sigma": ".0072241", "value": "33.42745511898205", "units": "deg", "title": "argument of perihelion", "label": "peri"}, {"name": "ma", "sigma": ".0060111", "value": "332.2983033532211", "units": "deg", "title": "mean anomaly", "label": "M"}, {"title": "time of perihelion passage", "label": "tp", "units": "TDB", "value": "2467531.558420214404", "name": "tp", "sigma": "1.3448"}, {"label": "period", "title": "sidereal orbital period", "units": "d", "value": "97870.57687646851", "sigma": "4.2238", "name": "per"}, {"value": ".003678327148867113", "name": "n", "sigma": "1.5875E-7", "label": "n", "title": "mean motion", "units": "deg/d"}, {"name": "ad", "sigma": ".0013692", "value": "47.58959349069954", "units": "au", "title": "aphelion distance", "label": "Q"}], "two_body": null, "equinox": "J2000"}, "object": {"fullname": "(2010 VR11)", "orbit_id": "12", "kind": "au", "des": "2010 VR11", "prefix": null, "orbit_class": {"name": "TransNeptunian Object", "code": "TNO"}, "neo": false, "pha": false, "spkid": "3550605"}}