{"signature": {"version": "1.3", "source": "NASA/JPL Small-Body Database (SBDB) API"}, "orbit": {"first_obs": "2014-11-21", "not_valid_after": null, "not_valid_before": null, "soln_date": "2021-09-21 14:12:08", "moid": "32.0447", "epoch": "2460000.5", "two_body": null, "equinox": "J2000", "producer": "Otto Matic", "n_del_obs_used": null, "elements": [{"units": null, "label": "e", "title": "eccentricity", "name": "e", "sigma": ".00026328", "value": ".1403467017846996"}, {"units": "au", "label": "a", "title": "semi-major axis", "sigma": ".014061", "name": "a", "value": "38.37592921432618"}, {"title": "perihelion distance", "label": "q", "units": "au", "value": "32.9899941211724", "name": "q", "sigma": ".0045081"}, {"value": "26.70982863892235", "sigma": ".00029033", "name": "i", "label": "i", "title": "inclination; angle with respect to x-y ecliptic plane", "units": "deg"}, {"label": "node", "title": "longitude of the ascending node", "units": "deg", "value": "125.2601256872306", "sigma": ".0016333", "name": "om"}, {"value": "230.0224015729812", "sigma": ".1475", "name": "w", "label": "peri", "title": "argument of perihelion", "units": "deg"}, {"value": "24.17712037284698", "sigma": ".11175", "name": "ma", "label": "M", "title": "mean anomaly", "units": "deg"}, {"value": "2454168.884851353358", "sigma": "26.152", "name": "tp", "label": "tp", "title": "time of perihelion passage", "units": "TDB"}, {"name": "per", "sigma": "47.725", "value": "86833.39542249955", "units": "d", "title": "sidereal orbital period", "label": "period"}, {"name": "n", "sigma": "2.2786E-6", "value": ".004145870356080994", "units": "deg/d", "title": "mean motion", "label": "n"}, {"units": "au", "title": "aphelion distance", "label": "Q", "sigma": ".016035", "name": "ad", "value": "43.76186430747996"}], "moid_jup": "28.2812", "condition_code": "4", "source": "JPL", "covariance": {"data": [["6.950352060618351E-8", "2.394433905175242E-7", "-.001422003248690942", "6.394398753310639E-8", "-8.188862376706656E-6", "2.343551001389986E-8"], ["2.394433905175242E-7", "2.341769174394744E-5", ".1255745203339874", "-1.609757425011802E-6", ".000706225194924578", "-1.228705485434471E-7"], ["-.001422003248690942", ".1255745203339874", "785.3151535555828", "-.01192522008070405", "4.423897689205909", "-.001671628407859554"], ["6.394398753310639E-8", "-1.609757425011802E-6", "-.01192522008070405", "2.685598582685308E-6", "-6.950222429310677E-5", "4.670154553728408E-7"], ["-8.188862376706656E-6", ".000706225194924578", "4.423897689205909", "-6.950222429310677E-5", ".02492355825256843", "-9.852125429788102E-6"], ["2.343551001389986E-8", "-1.228705485434471E-7", "-.001671628407859554", "4.670154553728408E-7", "-9.852125429788102E-6", "8.533945416626513E-8"]], "epoch": "2457596.5", "labels": ["e", "q", "tp", "node", "peri", "i"], "elements": [{"units": null, "label": "e", "title": "eccentricity", "sigma": 0.000263635203654943, "name": "e", "value": ".1298359043553069"}, {"label": "q", "title": "perihelion distance", "units": "au", "value": "32.94838621535406", "name": "q", "sigma": 0.00483918296243771}, {"name": "tp", "sigma": 28.0234750442479, "value": "2453808.095219875874", "units": "TDB", "label": "tp", "title": "time of perihelion passage"}, {"units": "deg", "title": "longitude of the ascending node", "label": "node", "name": "om", "sigma": 0.00163877960161985, "value": "125.3764804150343"}, {"name": "w", "sigma": 0.15787196791251, "value": "228.0294385595809", "units": "deg", "title": "argument of perihelion", "label": "peri"}, {"value": "26.73190017708789", "name": "i", "sigma": 0.000292129173767813, "title": "inclination", "label": "i", "units": "deg"}]}, "t_jup": "4.939", "orbit_id": "1", "n_obs_used": 16, "last_obs": "2018-10-18", "data_arc": "1427", "pe_used": "DE441", "n_dop_obs_used": null, "comment": null, "sb_used": "SB441-N16", "rms": ".19419", "model_pars": []}, "object": {"spkid": "54198967", "pha": false, "neo": false, "orbit_class": {"name": "TransNeptunian Object", "code": "TNO"}, "prefix": null, "des": "2014 WH602", "kind": "au", "orbit_id": "1", "fullname": "(2014 WH602)"}}