{"object": {"orbit_class": {"code": "TNO", "name": "TransNeptunian Object"}, "neo": false, "spkid": "3830968", "pha": false, "fullname": "(2015 VL165)", "orbit_id": "2", "des": "2015 VL165", "kind": "au", "prefix": null}, "orbit": {"t_jup": "5.161", "condition_code": "4", "source": "JPL", "covariance": {"epoch": "2457412.5", "data": [["1.483480218225103E-8", "-9.754921721814745E-8", ".002134697615086196", "-9.257590960044856E-10", "1.190302456531834E-5", "-1.649463075617474E-9"], ["-9.754921721814745E-8", "4.234740051491474E-6", "-.05073730148394553", "-1.416512433053366E-8", "-.00028265430194529", "-4.469010649831182E-8"], [".002134697615086196", "-.05073730148394553", "691.7700005751875", "6.199752790616757E-5", "3.85418699775361", ".0003050191434239167"], ["-9.257590960044856E-10", "-1.416512433053366E-8", "6.199752790616757E-5", "9.24036501580201E-8", "2.597776155817122E-7", "2.622669791537677E-7"], ["1.190302456531834E-5", "-.00028265430194529", "3.85418699775361", "2.597776155817122E-7", ".0214736579380649", "1.456564908372798E-6"], ["-1.649463075617474E-9", "-4.469010649831182E-8", ".0003050191434239167", "2.622669791537677E-7", "1.456564908372798E-6", "7.746437845249451E-7"]], "elements": [{"value": ".1580030737673798", "sigma": 0.00012179820270534, "name": "e", "label": "e", "title": "eccentricity", "units": null}, {"label": "q", "title": "perihelion distance", "units": "au", "value": "33.18145322453191", "name": "q", "sigma": 0.00205784840342807}, {"units": "TDB", "title": "time of perihelion passage", "label": "tp", "name": "tp", "sigma": 26.3015208795079, "value": "2459273.040326906890"}, {"value": "223.7111121438903", "name": "om", "sigma": 0.000303979687081259, "title": "longitude of the ascending node", "label": "node", "units": "deg"}, {"title": "argument of perihelion", "label": "peri", "units": "deg", "value": "197.7677621908763", "name": "w", "sigma": 0.146538929769754}, {"value": "22.71013590218929", "sigma": 0.000880138503035144, "name": "i", "title": "inclination", "label": "i", "units": "deg"}], "labels": ["e", "q", "tp", "node", "peri", "i"]}, "last_obs": "2017-09-20", "n_obs_used": 35, "orbit_id": "2", "moid": "32.2113", "not_valid_before": null, "soln_date": "2021-04-15 15:18:27", "epoch": "2460000.5", "first_obs": "2014-11-17", "not_valid_after": null, "producer": "Otto Matic", "elements": [{"units": null, "title": "eccentricity", "label": "e", "name": "e", "sigma": ".00011526", "value": ".1639882512307433"}, {"value": "39.70564623645917", "sigma": ".0053046", "name": "a", "label": "a", "title": "semi-major axis", "units": "au"}, {"units": "au", "label": "q", "title": "perihelion distance", "name": "q", "sigma": ".0017857", "value": "33.19438674615569"}, {"title": "inclination; angle with respect to x-y ecliptic plane", "label": "i", "units": "deg", "value": "22.63330527278038", "sigma": ".00087755", "name": "i"}, {"units": "deg", "label": "node", "title": "longitude of the ascending node", "sigma": ".0003051", "name": "om", "value": "223.6377691679417"}, {"title": "argument of perihelion", "label": "peri", "units": "deg", "value": "196.3626451473462", "sigma": ".14228", "name": "w"}, {"value": "3.89868873967249", "sigma": ".10072", "name": "ma", "title": "mean anomaly", "label": "M", "units": "deg"}, {"value": "2459010.824331538486", "sigma": "25.513", "name": "tp", "title": "time of perihelion passage", "label": "tp", "units": "TDB"}, {"value": "91385.40274340411", "name": "per", "sigma": "18.313", "title": "sidereal orbital period", "label": "period", "units": "d"}, {"value": ".003939359998344851", "name": "n", "sigma": "7.8943E-7", "title": "mean motion", "label": "n", "units": "deg/d"}, {"units": "au", "label": "Q", "title": "aphelion distance", "name": "ad", "sigma": ".0061745", "value": "46.21690572676266"}], "n_del_obs_used": null, "moid_jup": "28.1983", "equinox": "J2000", "two_body": null, "comment": null, "model_pars": [], "sb_used": "SB441-N16", "rms": ".081009", "pe_used": "DE441", "n_dop_obs_used": null, "data_arc": "1038"}, "signature": {"version": "1.3", "source": "NASA/JPL Small-Body Database (SBDB) API"}}