{"object": {"des": "2013 VS71", "orbit_id": "2", "pha": false, "fullname": "(2013 VS71)", "spkid": "54197624", "prefix": null, "neo": false, "orbit_class": {"code": "TNO", "name": "TransNeptunian Object"}, "kind": "au"}, "orbit": {"not_valid_before": null, "n_obs_used": 12, "n_del_obs_used": null, "model_pars": [], "data_arc": "2919", "two_body": null, "pe_used": "DE441", "equinox": "J2000", "moid_jup": "26.2791", "comment": null, "producer": "Otto Matic", "rms": ".082687", "orbit_id": "2", "moid": "30.1393", "covariance": {"data": [["5.133397607325991E-8", "4.447591624495422E-7", ".0003866266857869747", "1.597725260022769E-8", "2.389703375559344E-6", "3.322612110753965E-9"], ["4.447591624495422E-7", "5.040943307189568E-6", ".008687728520667688", "5.378257631693647E-10", "5.456765676322147E-5", "4.646927725049678E-8"], [".0003866266857869747", ".008687728520667688", "27.6247504116323", "-.0005214283013430447", ".1747033111707147", ".0001054500960692828"], ["1.597725260022769E-8", "5.378257631693647E-10", "-.0005214283013430447", "4.423237176825625E-6", "-7.603148157480568E-6", "-3.448569577528424E-7"], ["2.389703375559344E-6", "5.456765676322147E-5", ".1747033111707147", "-7.603148157480568E-6", ".001109084040311592", "9.989291292419789E-7"], ["3.322612110753965E-9", "4.646927725049678E-8", ".0001054500960692828", "-3.448569577528424E-7", "9.989291292419789E-7", "2.943249848522396E-8"]], "labels": ["e", "q", "tp", "node", "peri", "i"], "elements": [{"label": "e", "title": "eccentricity", "value": ".214167881354665", "name": "e", "units": null, "sigma": 0.000226570024657411}, {"label": "q", "value": "31.11766978487659", "title": "perihelion distance", "name": "q", "units": "au", "sigma": 0.00224520451344406}, {"name": "tp", "units": "TDB", "sigma": 5.25592526693753, "label": "tp", "value": "2455459.223919709267", "title": "time of perihelion passage"}, {"label": "node", "title": "longitude of the ascending node", "value": "111.9140011610031", "name": "om", "sigma": 0.00210314934724703, "units": "deg"}, {"name": "w", "sigma": 0.0333029133907469, "units": "deg", "label": "peri", "title": "argument of perihelion", "value": "278.7411765580003"}, {"sigma": 0.000171559023327903, "units": "deg", "name": "i", "value": "13.62041366433824", "title": "inclination", "label": "i"}], "epoch": "2457030.5"}, "epoch": "2460000.5", "source": "JPL", "t_jup": "5.381", "last_obs": "2021-11-05", "condition_code": "4", "n_dop_obs_used": null, "elements": [{"units": null, "sigma": ".0002272", "name": "e", "value": ".2205911442507338", "title": "eccentricity", "label": "e"}, {"value": "39.91089888031954", "title": "semi-major axis", "label": "a", "sigma": ".014226", "units": "au", "name": "a"}, {"units": "au", "sigma": ".0022575", "name": "q", "value": "31.10690802823452", "title": "perihelion distance", "label": "q"}, {"name": "i", "units": "deg", "sigma": ".00017158", "label": "i", "title": "inclination; angle with respect to x-y ecliptic plane", "value": "13.62789332041965"}, {"sigma": ".0020962", "units": "deg", "name": "om", "value": "111.7966353471333", "title": "longitude of the ascending node", "label": "node"}, {"sigma": ".032486", "units": "deg", "name": "w", "value": "278.4604312744539", "title": "argument of perihelion", "label": "peri"}, {"title": "mean anomaly", "value": "17.94546719399365", "label": "M", "units": "deg", "sigma": ".025532", "name": "ma"}, {"sigma": "5.1066", "units": "TDB", "name": "tp", "title": "time of perihelion passage", "value": "2455409.704374772143", "label": "tp"}, {"value": "92094.92331496293", "title": "sidereal orbital period", "label": "period", "sigma": "49.242", "units": "d", "name": "per"}, {"label": "n", "title": "mean motion", "value": ".003909010258565574", "name": "n", "units": "deg/d", "sigma": "2.0901E-6"}, {"name": "ad", "units": "au", "sigma": ".017365", "label": "Q", "title": "aphelion distance", "value": "48.71488973240455"}], "soln_date": "2021-11-13 00:50:50", "not_valid_after": null, "first_obs": "2013-11-08", "sb_used": "SB441-N16"}, "signature": {"version": "1.3", "source": "NASA/JPL Small-Body Database (SBDB) API"}}