{"signature": {"version": "1.3", "source": "NASA/JPL Small-Body Database (SBDB) API"}, "orbit": {"model_pars": [], "rms": ".38665", "sb_used": "SB441-N16", "comment": null, "n_dop_obs_used": null, "pe_used": "DE441", "data_arc": "6976", "n_obs_used": 22, "last_obs": "2021-05-12", "orbit_id": "5", "t_jup": "5.444", "covariance": {"epoch": "2453408.5", "data": [["6.414544483268643E-9", "-8.584261834501023E-7", "-.0001174876921007043", "-4.825732445114411E-10", "-3.419079354460365E-6", "-9.075360807393813E-11"], ["-8.584261834501023E-7", ".0003330687017666029", ".1492817888982998", "3.806928172270147E-7", ".001772278648502378", "2.813126105648315E-8"], ["-.0001174876921007043", ".1492817888982998", "83.96084425186106", ".0002022584299319881", ".8675924779369312", "1.143595370962466E-5"], ["-4.825732445114411E-10", "3.806928172270147E-7", ".0002022584299319881", "4.292485210544716E-5", "-4.071696457358035E-5", "-1.612684874547438E-6"], ["-3.419079354460365E-6", ".001772278648502378", ".8675924779369312", "-4.071696457358035E-5", ".009787951357421595", "1.755654189562174E-6"], ["-9.075360807393813E-11", "2.813126105648315E-8", "1.143595370962466E-5", "-1.612684874547438E-6", "1.755654189562174E-6", "6.409893388096926E-8"]], "elements": [{"units": null, "label": "e", "title": "eccentricity", "sigma": 8.0090851433036e-05, "name": "e", "value": ".2412916259532165"}, {"sigma": 0.0182501699106228, "name": "q", "value": "30.0310370759954", "units": "au", "title": "perihelion distance", "label": "q"}, {"units": "TDB", "label": "tp", "title": "time of perihelion passage", "sigma": 9.16301501973346, "name": "tp", "value": "2432336.253093485389"}, {"label": "node", "title": "longitude of the ascending node", "units": "deg", "value": "227.1548525768938", "sigma": 0.00655170604540887, "name": "om"}, {"label": "peri", "title": "argument of perihelion", "units": "deg", "value": "199.3696603434265", "sigma": 0.09893407581527, "name": "w"}, {"sigma": 0.00025317767255619, "name": "i", "value": "2.644200138523258", "units": "deg", "label": "i", "title": "inclination"}], "labels": ["e", "q", "tp", "node", "peri", "i"]}, "condition_code": "4", "source": "JPL", "n_del_obs_used": null, "moid_jup": "24.4699", "elements": [{"label": "e", "title": "eccentricity", "units": null, "value": ".2458778696286753", "sigma": "8.8542E-5", "name": "e"}, {"value": "39.13330515302915", "name": "a", "sigma": ".021314", "title": "semi-major axis", "label": "a", "units": "au"}, {"value": "29.51129145047348", "name": "q", "sigma": ".018386", "label": "q", "title": "perihelion distance", "units": "au"}, {"label": "i", "title": "inclination; angle with respect to x-y ecliptic plane", "units": "deg", "value": "2.653678821921392", "sigma": ".00025575", "name": "i"}, {"units": "deg", "label": "node", "title": "longitude of the ascending node", "sigma": ".0065503", "name": "om", "value": "227.0373791566686"}, {"title": "argument of perihelion", "label": "peri", "units": "deg", "value": "196.9578410367722", "sigma": ".095819", "name": "w"}, {"label": "M", "title": "mean anomaly", "units": "deg", "value": "112.2777097635192", "name": "ma", "sigma": ".1228"}, {"label": "tp", "title": "time of perihelion passage", "units": "TDB", "value": "2432113.020399276684", "sigma": "8.1255", "name": "tp"}, {"label": "period", "title": "sidereal orbital period", "units": "d", "value": "89416.61419177242", "sigma": "73.05", "name": "per"}, {"sigma": "3.2892E-6", "name": "n", "value": ".004026097423325665", "units": "deg/d", "title": "mean motion", "label": "n"}, {"label": "Q", "title": "aphelion distance", "units": "au", "value": "48.75531885558482", "sigma": ".026554", "name": "ad"}], "producer": "Otto Matic", "equinox": "J2000", "two_body": null, "epoch": "2460000.5", "not_valid_before": null, "moid": "28.5236", "soln_date": "2021-07-07 18:31:39", "not_valid_after": null, "first_obs": "2002-04-06"}, "object": {"fullname": "(2002 GW31)", "orbit_id": "5", "kind": "au", "des": "2002 GW31", "prefix": null, "orbit_class": {"name": "TransNeptunian Object", "code": "TNO"}, "neo": false, "pha": false, "spkid": "3126191"}}