{"signature": {"version": "1.3", "source": "NASA/JPL Small-Body Database (SBDB) API"}, "object": {"spkid": "54017361", "des": "2013 RT128", "orbit_id": "3", "pha": false, "fullname": "(2013 RT128)", "kind": "au", "orbit_class": {"code": "TNO", "name": "TransNeptunian Object"}, "neo": false, "prefix": null}, "orbit": {"soln_date": "2021-09-08 23:29:12", "condition_code": "4", "n_dop_obs_used": null, "elements": [{"title": "eccentricity", "value": ".1038320822462222", "label": "e", "units": null, "sigma": ".00064512", "name": "e"}, {"name": "a", "units": "au", "sigma": ".0060719", "label": "a", "title": "semi-major axis", "value": "40.61705940719245"}, {"title": "perihelion distance", "value": "36.39970555422515", "label": "q", "sigma": ".028284", "units": "au", "name": "q"}, {"title": "inclination; angle with respect to x-y ecliptic plane", "value": "24.09374575069405", "label": "i", "sigma": ".00067866", "units": "deg", "name": "i"}, {"label": "node", "value": "32.75496658245506", "title": "longitude of the ascending node", "name": "om", "sigma": ".00070896", "units": "deg"}, {"sigma": ".13908", "units": "deg", "name": "w", "value": "216.8165774923515", "title": "argument of perihelion", "label": "peri"}, {"title": "mean anomaly", "value": "119.5847440410194", "label": "M", "units": "deg", "sigma": ".21588", "name": "ma"}, {"name": "tp", "sigma": "56.792", "units": "TDB", "label": "tp", "title": "time of perihelion passage", "value": "2428592.923833340217"}, {"name": "per", "sigma": "21.201", "units": "d", "label": "period", "value": "94549.91529788397", "title": "sidereal orbital period"}, {"units": "deg/d", "sigma": "8.5378E-7", "name": "n", "title": "mean motion", "value": ".003807512665302798", "label": "n"}, {"title": "aphelion distance", "value": "44.83441326015975", "label": "Q", "units": "au", "sigma": ".0067023", "name": "ad"}], "first_obs": "2013-09-10", "not_valid_after": null, "sb_used": "SB441-N16", "last_obs": "2017-09-18", "t_jup": "5.202", "source": "JPL", "covariance": {"data": [["3.843866422234798E-7", "-1.648774028808382E-5", ".03742558256299031", "1.373167425521713E-7", "8.963292355386142E-5", "-1.453031816414029E-7"], ["-1.648774028808382E-5", ".0007324764363619716", "-1.543883352579631", "-5.91254532870737E-6", "-.003523830428934034", "6.33001886290047E-6"], [".03742558256299031", "-1.543883352579631", "3794.441230547937", ".01332022197125512", "9.51124729640533", "-.01391816724034072"], ["1.373167425521713E-7", "-5.91254532870737E-6", ".01332022197125512", "4.93013116508549E-7", "3.134720598539381E-5", "-4.730767487193796E-7"], ["8.963292355386142E-5", "-.003523830428934034", "9.51124729640533", "3.134720598539381E-5", ".02499020473033032", "-3.228764704426054E-5"], ["-1.453031816414029E-7", "6.33001886290047E-6", "-.01391816724034072", "-4.730767487193796E-7", "-3.228764704426054E-5", "4.586585666424146E-7"]], "labels": ["e", "q", "tp", "node", "peri", "i"], "elements": [{"name": "e", "units": null, "sigma": 0.000619989227505994, "label": "e", "value": ".1086753492318497", "title": "eccentricity"}, {"sigma": 0.0270643018820359, "units": "au", "name": "q", "value": "35.83043482110087", "title": "perihelion distance", "label": "q"}, {"name": "tp", "sigma": 61.599035954696, "units": "TDB", "label": "tp", "value": "2427731.868455922584", "title": "time of perihelion passage"}, {"name": "om", "units": "deg", "sigma": 0.000702148927584846, "label": "node", "title": "longitude of the ascending node", "value": "32.67696688018089"}, {"units": "deg", "sigma": 0.158082904611252, "name": "w", "title": "argument of perihelion", "value": "211.9022977917586", "label": "peri"}, {"name": "i", "units": "deg", "sigma": 0.000677243358507424, "label": "i", "title": "inclination", "value": "24.20697804800037"}], "epoch": "2457265.5"}, "epoch": "2460000.5", "rms": ".20575", "producer": "Otto Matic", "moid": "35.417", "orbit_id": "3", "moid_jup": "31.1882", "equinox": "J2000", "two_body": null, "pe_used": "DE441", "comment": null, "n_obs_used": 35, "not_valid_before": null, "data_arc": "1469", "model_pars": [], "n_del_obs_used": null}}