{"signature": {"version": "1.3", "source": "NASA/JPL Small-Body Database (SBDB) API"}, "orbit": {"sb_used": "SB441-N16", "not_valid_after": null, "first_obs": "2013-09-10", "soln_date": "2021-09-08 23:29:08", "n_dop_obs_used": null, "condition_code": "3", "elements": [{"label": "e", "value": ".187429321411641", "title": "eccentricity", "name": "e", "sigma": ".0002834", "units": null}, {"value": "39.87460577489767", "title": "semi-major axis", "label": "a", "sigma": ".0063116", "units": "au", "name": "a"}, {"name": "q", "sigma": ".0093919", "units": "au", "label": "q", "title": "perihelion distance", "value": "32.4009354729519"}, {"label": "i", "title": "inclination; angle with respect to x-y ecliptic plane", "value": "7.053790048929176", "name": "i", "units": "deg", "sigma": ".00017041"}, {"name": "om", "sigma": ".0040339", "units": "deg", "label": "node", "value": "92.49431000511947", "title": "longitude of the ascending node"}, {"name": "w", "units": "deg", "sigma": ".040673", "label": "peri", "value": "210.8649932521107", "title": "argument of perihelion"}, {"sigma": ".032553", "units": "deg", "name": "ma", "title": "mean anomaly", "value": "68.47459244711054", "label": "M"}, {"label": "tp", "value": "2442507.270826475800", "title": "time of perihelion passage", "name": "tp", "units": "TDB", "sigma": "4.4792"}, {"value": "91969.33165148695", "title": "sidereal orbital period", "label": "period", "units": "d", "sigma": "21.836", "name": "per"}, {"value": ".003914348332596364", "title": "mean motion", "label": "n", "sigma": "9.2938E-7", "units": "deg/d", "name": "n"}, {"label": "Q", "value": "47.34827607684344", "title": "aphelion distance", "name": "ad", "units": "au", "sigma": ".0074946"}], "last_obs": "2017-08-27", "t_jup": "5.528", "source": "JPL", "epoch": "2460000.5", "covariance": {"epoch": "2457249.5", "elements": [{"sigma": 0.000285518387667347, "units": null, "name": "e", "title": "eccentricity", "value": ".1836314325179423", "label": "e"}, {"value": "32.17510616503341", "title": "perihelion distance", "label": "q", "units": "au", "sigma": 0.00948843305426485, "name": "q"}, {"name": "tp", "units": "TDB", "sigma": 4.57616961895223, "label": "tp", "title": "time of perihelion passage", "value": "2441989.248523272681"}, {"label": "node", "title": "longitude of the ascending node", "value": "92.50932358532279", "name": "om", "units": "deg", "sigma": 0.00405140365305898}, {"label": "peri", "title": "argument of perihelion", "value": "207.8725748451078", "name": "w", "sigma": 0.0387530848958865, "units": "deg"}, {"value": "7.055845315708821", "title": "inclination", "label": "i", "units": "deg", "sigma": 0.000171446931256176, "name": "i"}], "labels": ["e", "q", "tp", "node", "peri", "i"], "data": [["8.152074969616155E-8", "-2.430400214495573E-6", ".0003447917444887959", "9.936932507948624E-8", "-5.775415526653224E-6", "-4.42674454775635E-9"], ["-2.430400214495573E-6", "9.003036182526577E-5", ".008179058476967923", "-2.999380326048934E-6", ".000309608303244041", "1.544965674173593E-7"], [".0003447917444887959", ".008179058476967923", "20.94132838142143", ".0003802395757212991", ".120344928072812", "4.772814893900308E-6"], ["9.936932507948624E-8", "-2.999380326048934E-6", ".0003802395757212991", "1.641387156001967E-5", "-2.350332006507506E-5", "-6.88312900639098E-7"], ["-5.775415526653224E-6", ".000309608303244041", ".120344928072812", "-2.350332006507506E-5", ".001501801588947789", "1.166726672327599E-6"], ["-4.42674454775635E-9", "1.544965674173593E-7", "4.772814893900308E-6", "-6.88312900639098E-7", "1.166726672327599E-6", "2.939405023715993E-8"]]}, "moid": "31.3867", "orbit_id": "3", "rms": ".16817", "producer": "Otto Matic", "comment": null, "moid_jup": "27.286", "equinox": "J2000", "two_body": null, "pe_used": "DE441", "n_del_obs_used": null, "model_pars": [], "data_arc": "1447", "n_obs_used": 42, "not_valid_before": null}, "object": {"pha": false, "orbit_id": "3", "fullname": "(2013 RK124)", "des": "2013 RK124", "spkid": "3989528", "prefix": null, "neo": false, "orbit_class": {"code": "TNO", "name": "TransNeptunian Object"}, "kind": "au"}}