{"orbit": {"epoch": "2460000.5", "moid": "36.6995", "not_valid_before": null, "soln_date": "2021-04-15 15:18:27", "first_obs": "2014-11-17", "not_valid_after": null, "n_del_obs_used": null, "moid_jup": "32.7944", "elements": [{"sigma": ".00068295", "name": "e", "value": ".05168898320386834", "units": null, "title": "eccentricity", "label": "e"}, {"label": "a", "title": "semi-major axis", "units": "au", "value": "39.74009635167739", "sigma": ".0060292", "name": "a"}, {"name": "q", "sigma": ".024876", "value": "37.68597117883543", "units": "au", "label": "q", "title": "perihelion distance"}, {"sigma": ".001329", "name": "i", "value": "12.70192283394617", "units": "deg", "label": "i", "title": "inclination; angle with respect to x-y ecliptic plane"}, {"units": "deg", "title": "longitude of the ascending node", "label": "node", "name": "om", "sigma": ".0012204", "value": "61.03714763834191"}, {"units": "deg", "title": "argument of perihelion", "label": "peri", "name": "w", "sigma": ".92843", "value": "308.8977710907614"}, {"label": "M", "title": "mean anomaly", "units": "deg", "value": "46.34629089089574", "name": "ma", "sigma": ".80858"}, {"sigma": "206.3", "name": "tp", "value": "2448220.256083425931", "units": "TDB", "label": "tp", "title": "time of perihelion passage"}, {"value": "91504.36266734226", "name": "per", "sigma": "20.824", "label": "period", "title": "sidereal orbital period", "units": "d"}, {"units": "deg/d", "title": "mean motion", "label": "n", "name": "n", "sigma": "8.9533E-7", "value": ".003934238647273628"}, {"value": "41.79422152451935", "name": "ad", "sigma": ".0063409", "title": "aphelion distance", "label": "Q", "units": "au"}], "producer": "Otto Matic", "two_body": null, "equinox": "J2000", "t_jup": "5.516", "covariance": {"epoch": "2457386.5", "data": [["5.156962474412439E-7", "-1.863041181334296E-5", "-.164418650549213", "1.357086553567312E-8", "-.0007373046582272675", "-1.569755923491929E-8"], ["-1.863041181334296E-5", ".0006982447113297348", "6.174734165631982", "-5.7387775740478E-7", ".02767749282876908", "7.088987251995225E-7"], ["-.164418650549213", "6.174734165631982", "54638.32567584542", "-.005077910396608497", "244.8975537025232", ".006275935632198239"], ["1.357086553567312E-8", "-5.7387775740478E-7", "-.005077910396608497", "1.481361875869877E-6", "-2.418207012834243E-5", "-1.615825902620986E-6"], ["-.0007373046582272675", ".02767749282876908", "244.8975537025232", "-2.418207012834243E-5", "1.097677587644408", "2.966288213170827E-5"], ["-1.569755923491929E-8", "7.088987251995225E-7", ".006275935632198239", "-1.615825902620986E-6", "2.966288213170827E-5", "1.778992895345956E-6"]], "elements": [{"units": null, "title": "eccentricity", "label": "e", "sigma": 0.00071811993945388, "name": "e", "value": ".04388594746297692"}, {"units": "au", "label": "q", "title": "perihelion distance", "name": "q", "sigma": 0.0264243204516168, "value": "37.7020674364977"}, {"title": "time of perihelion passage", "label": "tp", "units": "TDB", "value": "2447540.938875593400", "sigma": 233.748423900238, "name": "tp"}, {"units": "deg", "label": "node", "title": "longitude of the ascending node", "name": "om", "sigma": 0.00121711210489005, "value": "61.03872803379804"}, {"label": "peri", "title": "argument of perihelion", "units": "deg", "value": "306.1676661124498", "name": "w", "sigma": 1.04770109651771}, {"value": "12.73998283382504", "sigma": 0.00133378892458513, "name": "i", "title": "inclination", "label": "i", "units": "deg"}], "labels": ["e", "q", "tp", "node", "peri", "i"]}, "source": "JPL", "condition_code": "5", "last_obs": "2017-01-26", "n_obs_used": 29, "orbit_id": "2", "n_dop_obs_used": null, "pe_used": "DE441", "data_arc": "801", "comment": null, "model_pars": [], "sb_used": "SB441-N16", "rms": ".15039"}, "object": {"orbit_class": {"name": "TransNeptunian Object", "code": "TNO"}, "neo": false, "pha": false, "spkid": "3830973", "fullname": "(2015 VR165)", "orbit_id": "2", "kind": "au", "des": "2015 VR165", "prefix": null}, "signature": {"version": "1.3", "source": "NASA/JPL Small-Body Database (SBDB) API"}}