{"signature": {"version": "1.3", "source": "NASA/JPL Small-Body Database (SBDB) API"}, "orbit": {"first_obs": "2013-12-14", "not_valid_after": null, "sb_used": "SB441-N16", "n_dop_obs_used": null, "condition_code": "5", "elements": [{"label": "e", "title": "eccentricity", "value": ".06016707307455189", "name": "e", "units": null, "sigma": ".00028395"}, {"sigma": ".0099928", "units": "au", "name": "a", "value": "39.9688003562594", "title": "semi-major axis", "label": "a"}, {"label": "q", "value": "37.56399462452217", "title": "perihelion distance", "name": "q", "units": "au", "sigma": ".010025"}, {"sigma": ".00065325", "units": "deg", "name": "i", "title": "inclination; angle with respect to x-y ecliptic plane", "value": "44.59499204725659", "label": "i"}, {"title": "longitude of the ascending node", "value": "146.7286852951156", "label": "node", "sigma": ".0026489", "units": "deg", "name": "om"}, {"sigma": ".75656", "units": "deg", "name": "w", "title": "argument of perihelion", "value": "271.428036322702", "label": "peri"}, {"label": "M", "title": "mean anomaly", "value": "26.81321092057358", "name": "ma", "sigma": ".66637", "units": "deg"}, {"label": "tp", "title": "time of perihelion passage", "value": "2453126.232616520856", "name": "tp", "sigma": "170.45", "units": "TDB"}, {"label": "period", "value": "92295.40860970311", "title": "sidereal orbital period", "name": "per", "units": "d", "sigma": "34.613"}, {"name": "n", "units": "deg/d", "sigma": "1.4628E-6", "label": "n", "value": ".003900519055312497", "title": "mean motion"}, {"title": "aphelion distance", "value": "42.37360608799663", "label": "Q", "sigma": ".010594", "units": "au", "name": "ad"}], "soln_date": "2021-09-08 23:47:46", "last_obs": "2017-12-20", "source": "JPL", "t_jup": "4.070", "epoch": "2460000.5", "covariance": {"labels": ["e", "q", "tp", "node", "peri", "i"], "data": [["6.611334224193324E-8", "-1.182999586807813E-6", "-.03195756562967467", "1.065517543192663E-7", "-.0001411538967055434", "-2.229716360282861E-8"], ["-1.182999586807813E-6", "7.747879390071363E-5", "1.547789149130511", "-9.68149509254558E-6", ".00683765748331966", "2.56715864329365E-6"], ["-.03195756562967467", "1.547789149130511", "32563.93274608354", "-.185261337138099", "143.8447223862613", ".04797262169763449"], ["1.065517543192663E-7", "-9.68149509254558E-6", "-.185261337138099", "7.098666623431602E-6", "-.000822660492299849", "-1.729803438315053E-6"], ["-.0001411538967055434", ".00683765748331966", "143.8447223862613", "-.000822660492299849", ".6354089027912757", ".0002129459822529952"], ["-2.229716360282861E-8", "2.56715864329365E-6", ".04797262169763449", "-1.729803438315053E-6", ".0002129459822529952", "4.249466936839843E-7"]], "epoch": "2457097.5", "elements": [{"units": null, "sigma": 0.000257125148987673, "name": "e", "value": ".05772665089450067", "title": "eccentricity", "label": "e"}, {"name": "q", "sigma": 0.00880220392292258, "units": "au", "label": "q", "title": "perihelion distance", "value": "37.60990135673212"}, {"value": "2453704.116992899929", "title": "time of perihelion passage", "label": "tp", "sigma": 180.454794189801, "units": "TDB", "name": "tp"}, {"sigma": 0.00266433230349212, "units": "deg", "name": "om", "title": "longitude of the ascending node", "value": "146.9677777209964", "label": "node"}, {"sigma": 0.797125399665119, "units": "deg", "name": "w", "title": "argument of perihelion", "value": "273.8728340376953", "label": "peri"}, {"label": "i", "value": "44.52363933436801", "title": "inclination", "name": "i", "units": "deg", "sigma": 0.000651879355160128}]}, "orbit_id": "8", "moid": "36.8661", "producer": "Otto Matic", "rms": ".1159", "comment": null, "two_body": null, "pe_used": "DE441", "equinox": "J2000", "moid_jup": "33.7098", "data_arc": "1467", "n_del_obs_used": null, "model_pars": [], "not_valid_before": null, "n_obs_used": 35}, "object": {"kind": "au", "orbit_class": {"code": "TNO", "name": "TransNeptunian Object"}, "neo": false, "prefix": null, "spkid": "3760544", "des": "2014 XZ40", "pha": false, "orbit_id": "8", "fullname": "(2014 XZ40)"}}