{"object": {"orbit_class": {"code": "TNO", "name": "TransNeptunian Object"}, "neo": false, "pha": false, "spkid": "3835651", "fullname": "(2015 RS280)", "orbit_id": "2", "kind": "au", "des": "2015 RS280", "prefix": null}, "orbit": {"orbit_id": "2", "n_obs_used": 33, "last_obs": "2017-11-22", "covariance": {"epoch": "2457473.5", "data": [["1.005351264867908E-7", "-3.352568796369653E-6", "-.2348134394196515", "-4.95774141065675E-9", "-.0009306252989836384", "6.962940309662045E-9"], ["-3.352568796369653E-6", ".0001295700031946518", "8.735942305735792", "-9.695328244004951E-8", ".03462297917552667", "1.712032312285876E-6"], ["-.2348134394196515", "8.735942305735792", "596040.5581772187", "-.0006300037687166162", "2362.259212597672", ".07486457955480021"], ["-4.95774141065675E-9", "-9.695328244004951E-8", "-.0006300037687166162", "5.370868873281481E-8", "-2.551003214356393E-6", "-3.376391701885617E-7"], ["-.0009306252989836384", ".03462297917552667", "2362.259212597672", "-2.551003214356393E-6", "9.362229791728272", ".0002970538997456979"], ["6.962940309662045E-9", "1.712032312285876E-6", ".07486457955480021", "-3.376391701885617E-7", ".0002970538997456979", "2.21476653750466E-6"]], "elements": [{"sigma": 0.000317072746363971, "name": "e", "value": ".02904210156650865", "units": null, "label": "e", "title": "eccentricity"}, {"label": "q", "title": "perihelion distance", "units": "au", "value": "39.9518291616502", "name": "q", "sigma": 0.0113828820249817}, {"units": "TDB", "title": "time of perihelion passage", "label": "tp", "name": "tp", "sigma": 772.036630074777, "value": "2454850.832536657455"}, {"units": "deg", "title": "longitude of the ascending node", "label": "node", "sigma": 0.000231751351091671, "name": "om", "value": "192.0043864357986"}, {"sigma": 3.05977610156826, "name": "w", "value": "164.9274816682043", "units": "deg", "label": "peri", "title": "argument of perihelion"}, {"value": "32.11833516695464", "sigma": 0.00148820917128765, "name": "i", "title": "inclination", "label": "i", "units": "deg"}], "labels": ["e", "q", "tp", "node", "peri", "i"]}, "condition_code": "5", "source": "JPL", "t_jup": "4.920", "two_body": null, "equinox": "J2000", "elements": [{"value": ".03914560895693263", "sigma": ".00022925", "name": "e", "label": "e", "title": "eccentricity", "units": null}, {"units": "au", "label": "a", "title": "semi-major axis", "sigma": ".0051525", "name": "a", "value": "41.60308064264265"}, {"name": "q", "sigma": ".0076662", "value": "39.97450271640203", "units": "au", "label": "q", "title": "perihelion distance"}, {"value": "31.9469233034454", "sigma": ".0014838", "name": "i", "title": "inclination; angle with respect to x-y ecliptic plane", "label": "i", "units": "deg"}, {"value": "191.9975966952849", "sigma": ".0002326", "name": "om", "label": "node", "title": "longitude of the ascending node", "units": "deg"}, {"sigma": "2.3048", "name": "w", "value": "168.4296862424429", "units": "deg", "title": "argument of perihelion", "label": "peri"}, {"units": "deg", "label": "M", "title": "mean anomaly", "name": "ma", "sigma": "2.1276", "value": "15.61963801163405"}, {"title": "time of perihelion passage", "label": "tp", "units": "TDB", "value": "2455747.894203087296", "name": "tp", "sigma": "579.45"}, {"name": "per", "sigma": "18.208", "value": "98013.6726439036", "units": "d", "title": "sidereal orbital period", "label": "period"}, {"units": "deg/d", "label": "n", "title": "mean motion", "sigma": "6.8233E-7", "name": "n", "value": ".003672956948648652"}, {"value": "43.23165856888328", "sigma": ".0053542", "name": "ad", "label": "Q", "title": "aphelion distance", "units": "au"}], "n_del_obs_used": null, "moid_jup": "35.0453", "producer": "Otto Matic", "first_obs": "2015-07-14", "not_valid_after": null, "epoch": "2460000.5", "not_valid_before": null, "moid": "38.9757", "soln_date": "2021-04-15 14:37:07", "sb_used": "SB441-N16", "rms": ".24435", "model_pars": [], "comment": null, "data_arc": "862", "n_dop_obs_used": null, "pe_used": "DE441"}, "signature": {"version": "1.3", "source": "NASA/JPL Small-Body Database (SBDB) API"}}