{"orbit": {"model_pars": [], "rms": ".20407", "sb_used": "SB441-N16", "comment": null, "n_dop_obs_used": null, "pe_used": "DE441", "data_arc": "1541", "n_obs_used": 20, "last_obs": "2017-05-26", "orbit_id": "1", "t_jup": "5.411", "covariance": {"labels": ["e", "q", "tp", "node", "peri", "i"], "elements": [{"name": "e", "sigma": 0.000780265353996664, "value": ".2067658911578172", "units": null, "label": "e", "title": "eccentricity"}, {"label": "q", "title": "perihelion distance", "units": "au", "value": "31.2657677495687", "name": "q", "sigma": 0.0170841540586056}, {"sigma": 18.9431403294372, "name": "tp", "value": "2439707.522158304098", "units": "TDB", "label": "tp", "title": "time of perihelion passage"}, {"units": "deg", "title": "longitude of the ascending node", "label": "node", "sigma": 0.000976431954526577, "name": "om", "value": "205.3920989130839"}, {"label": "peri", "title": "argument of perihelion", "units": "deg", "value": "281.644068285319", "name": "w", "sigma": 0.0450852567919578}, {"units": "deg", "label": "i", "title": "inclination", "name": "i", "sigma": 0.000789058853842874, "value": "10.78174697918086"}], "data": [["6.088140226475397E-7", "-1.286241226377971E-5", ".01455428413339212", "1.161688038649789E-7", "2.680732255831031E-5", "1.036380474848261E-7"], ["-1.286241226377971E-5", ".0002918683198981691", "-.2928319736584616", "-2.13157380226565E-6", "-.0004357864966903358", "-1.8977510129495E-6"], [".01455428413339212", "-.2928319736584616", "358.842565540749", ".003005234782839175", ".7369434311608734", ".002683826816088241"], ["1.161688038649789E-7", "-2.13157380226565E-6", ".003005234782839175", "9.534193618205922E-7", "6.270152774650006E-6", "7.590424482776487E-7"], ["2.680732255831031E-5", "-.0004357864966903358", ".7369434311608734", "6.270152774650006E-6", ".002032680379996773", "5.708733895844977E-6"], ["1.036380474848261E-7", "-1.8977510129495E-6", ".002683826816088241", "7.590424482776487E-7", "5.708733895844977E-6", "6.226138748278299E-7"]], "epoch": "2456700.5"}, "source": "JPL", "condition_code": "4", "n_del_obs_used": null, "elements": [{"name": "e", "sigma": ".0007754", "value": ".2032456638094017", "units": null, "label": "e", "title": "eccentricity"}, {"value": "39.18510097922358", "name": "a", "sigma": ".018383", "title": "semi-major axis", "label": "a", "units": "au"}, {"title": "perihelion distance", "label": "q", "units": "au", "value": "31.22089911926285", "sigma": ".017049", "name": "q"}, {"name": "i", "sigma": ".00079206", "value": "10.80958800475667", "units": "deg", "title": "inclination; angle with respect to x-y ecliptic plane", "label": "i"}, {"units": "deg", "title": "longitude of the ascending node", "label": "node", "name": "om", "sigma": ".0009744", "value": "205.4808209334734"}, {"units": "deg", "label": "peri", "title": "argument of perihelion", "name": "w", "sigma": ".049329", "value": "280.3034040705441"}, {"sigma": ".13832", "name": "ma", "value": "82.57961194761278", "units": "deg", "title": "mean anomaly", "label": "M"}, {"sigma": "20.053", "name": "tp", "value": "2439448.683233131716", "units": "TDB", "title": "time of perihelion passage", "label": "tp"}, {"sigma": "63.046", "name": "per", "value": "89594.19718230418", "units": "d", "label": "period", "title": "sidereal orbital period"}, {"title": "mean motion", "label": "n", "units": "deg/d", "value": ".004018117370564529", "sigma": "2.8275E-6", "name": "n"}, {"name": "ad", "sigma": ".022119", "value": "47.14930283918432", "units": "au", "title": "aphelion distance", "label": "Q"}], "moid_jup": "26.0389", "producer": "Otto Matic", "equinox": "J2000", "two_body": null, "epoch": "2460000.5", "moid": "30.2535", "not_valid_before": null, "soln_date": "2021-05-09 21:42:04", "first_obs": "2013-03-07", "not_valid_after": null}, "object": {"neo": false, "orbit_class": {"code": "TNO", "name": "TransNeptunian Object"}, "pha": false, "spkid": "54144281", "orbit_id": "1", "fullname": "(2013 GN158)", "prefix": null, "kind": "au", "des": "2013 GN158"}, "signature": {"version": "1.3", "source": "NASA/JPL Small-Body Database (SBDB) API"}}