{"object": {"orbit_class": {"name": "TransNeptunian Object", "code": "TNO"}, "kind": "au", "prefix": null, "neo": false, "spkid": "3830898", "pha": false, "orbit_id": "2", "fullname": "(2015 GF54)", "des": "2015 GF54"}, "orbit": {"first_obs": "2015-02-20", "not_valid_after": null, "sb_used": "SB441-N16", "n_dop_obs_used": null, "condition_code": "5", "elements": [{"units": null, "sigma": ".0010181", "name": "e", "title": "eccentricity", "value": ".2771262194745967", "label": "e"}, {"units": "au", "sigma": ".02381", "name": "a", "title": "semi-major axis", "value": "39.12503837435113", "label": "a"}, {"label": "q", "title": "perihelion distance", "value": "28.28246440286868", "name": "q", "units": "au", "sigma": ".023209"}, {"label": "i", "title": "inclination; angle with respect to x-y ecliptic plane", "value": "10.7460096283254", "name": "i", "sigma": ".0015087", "units": "deg"}, {"sigma": ".00033526", "units": "deg", "name": "om", "title": "longitude of the ascending node", "value": "201.089659519631", "label": "node"}, {"sigma": ".090981", "units": "deg", "name": "w", "value": "248.9981829518858", "title": "argument of perihelion", "label": "peri"}, {"value": "92.39378924287652", "title": "mean anomaly", "label": "M", "units": "deg", "sigma": ".23276", "name": "ma"}, {"name": "tp", "units": "TDB", "sigma": "37.007", "label": "tp", "value": "2437059.049691420445", "title": "time of perihelion passage"}, {"units": "d", "sigma": "81.598", "name": "per", "value": "89388.28225107561", "title": "sidereal orbital period", "label": "period"}, {"units": "deg/d", "sigma": "3.6764E-6", "name": "n", "value": ".004027373509525832", "title": "mean motion", "label": "n"}, {"value": "49.96761234583359", "title": "aphelion distance", "label": "Q", "units": "au", "sigma": ".030408", "name": "ad"}], "soln_date": "2021-04-15 13:31:01", "last_obs": "2017-03-29", "source": "JPL", "t_jup": "5.310", "epoch": "2460000.5", "covariance": {"epoch": "2457373.5", "elements": [{"value": ".2760648044795126", "title": "eccentricity", "label": "e", "units": null, "sigma": 0.00104000063173781, "name": "e"}, {"name": "q", "sigma": 0.0239514939137715, "units": "au", "label": "q", "title": "perihelion distance", "value": "28.64315864868491"}, {"units": "TDB", "sigma": 35.8714497709631, "name": "tp", "value": "2437310.744018208847", "title": "time of perihelion passage", "label": "tp"}, {"name": "om", "sigma": 0.000337286210268136, "units": "deg", "label": "node", "value": "201.037952077773", "title": "longitude of the ascending node"}, {"name": "w", "sigma": 0.0839513318081289, "units": "deg", "label": "peri", "title": "argument of perihelion", "value": "251.2632310446876"}, {"name": "i", "sigma": 0.00149995975241346, "units": "deg", "label": "i", "value": "10.68457161579133", "title": "inclination"}], "labels": ["e", "q", "tp", "node", "peri", "i"], "data": [["1.081601314015035E-6", "-2.465332558815404E-5", ".03725727516708022", "4.259829721633399E-9", "8.493585330278577E-5", "6.230234172082713E-9"], ["-2.465332558815404E-5", ".0005736740607014353", "-.8432982148480579", "-1.275849283173257E-7", "-.001869821684578714", "-1.892681000473407E-7"], [".03725727516708022", "-.8432982148480579", "1286.76090867073", ".0001341074504116873", "2.960524358934269", ".0001950000061857136"], ["4.259829721633399E-9", "-1.275849283173257E-7", ".0001341074504116873", "1.137619876370415E-7", "6.10036806258518E-8", "4.710731151210272E-7"], ["8.493585330278577E-5", "-.001869821684578714", "2.960524358934269", "6.10036806258518E-8", ".007047826112358552", "-2.244651925341721E-7"], ["6.230234172082713E-9", "-1.892681000473407E-7", ".0001950000061857136", "4.710731151210272E-7", "-2.244651925341721E-7", "2.249879258860256E-6"]]}, "orbit_id": "2", "moid": "27.3137", "producer": "Otto Matic", "rms": ".30079", "comment": null, "pe_used": "DE441", "two_body": null, "equinox": "J2000", "moid_jup": "23.2352", "model_pars": [], "data_arc": "768", "n_del_obs_used": null, "not_valid_before": null, "n_obs_used": 36}, "signature": {"version": "1.3", "source": "NASA/JPL Small-Body Database (SBDB) API"}}