{"signature": {"version": "1.3", "source": "NASA/JPL Small-Body Database (SBDB) API"}, "orbit": {"t_jup": "5.619", "source": "JPL", "first_obs": "2000-04-02", "not_valid_after": null, "sb_used": "SB441-N16", "soln_date": "2021-08-25 22:21:22", "n_dop_obs_used": null, "elements": [{"name": "e", "units": null, "sigma": "1.3731E-5", "label": "e", "title": "eccentricity", "value": ".07264139378529265"}, {"name": "a", "units": "au", "sigma": ".00079247", "label": "a", "value": "39.67263010147391", "title": "semi-major axis"}, {"label": "q", "value": "36.79075495577449", "title": "perihelion distance", "name": "q", "sigma": ".00019554", "units": "au"}, {"value": "4.928192566102572", "title": "inclination; angle with respect to x-y ecliptic plane", "label": "i", "sigma": "3.1187E-5", "units": "deg", "name": "i"}, {"title": "longitude of the ascending node", "value": "23.48845426502407", "label": "node", "sigma": ".00020866", "units": "deg", "name": "om"}, {"sigma": ".0049523", "units": "deg", "name": "w", "value": "222.4803804168516", "title": "argument of perihelion", "label": "peri"}, {"label": "M", "title": "mean anomaly", "value": "358.5546333133389", "name": "ma", "units": "deg", "sigma": ".0042868"}, {"label": "tp", "title": "time of perihelion passage", "value": "2460366.946397353567", "name": "tp", "units": "TDB", "sigma": "1.0782"}, {"title": "sidereal orbital period", "value": "91271.4429249989", "label": "period", "sigma": "2.7348", "units": "d", "name": "per"}, {"name": "n", "units": "deg/d", "sigma": "1.1818E-7", "label": "n", "value": ".003944278609639438", "title": "mean motion"}, {"sigma": ".00085004", "units": "au", "name": "ad", "value": "42.55450524717333", "title": "aphelion distance", "label": "Q"}], "condition_code": "2", "last_obs": "2021-07-09", "comment": null, "moid_jup": "31.4346", "two_body": null, "equinox": "J2000", "pe_used": "DE441", "model_pars": [], "data_arc": "7768", "n_del_obs_used": null, "n_obs_used": 310, "not_valid_before": null, "epoch": "2460000.5", "covariance": {"data": [["1.983082439418457E-10", "2.525568319515652E-9", "-8.445103873674996E-6", "3.413598389123935E-11", "-3.879249664439015E-8", "1.349629491369142E-11"], ["2.525568319515652E-9", "3.378042656454961E-8", "-.0001317421264042226", "4.919027223737934E-10", "-6.0531532069849E-7", "1.838097473054732E-10"], ["-8.445103873674996E-6", "-.0001317421264042226", ".7840234993149181", "-2.406346603467094E-6", ".003602592132821335", "-7.618173381664165E-7"], ["3.413598389123935E-11", "4.919027223737934E-10", "-2.406346603467094E-6", "4.39627712357382E-8", "-5.48509207769578E-8", "6.319029972002983E-9"], ["-3.879249664439015E-8", "-6.0531532069849E-7", ".003602592132821335", "-5.48509207769578E-8", "1.659761348231197E-5", "-9.793533505240714E-9"], ["1.349629491369142E-11", "1.838097473054732E-10", "-7.618173381664165E-7", "6.319029972002983E-9", "-9.793533505240714E-9", "9.629478627516639E-10"]], "labels": ["e", "q", "tp", "node", "peri", "i"], "elements": [{"title": "eccentricity", "value": ".07968885287200136", "label": "e", "sigma": 1.40821959914584e-05, "units": null, "name": "e"}, {"label": "q", "value": "36.81403283132363", "title": "perihelion distance", "name": "q", "sigma": 0.000183794522672874, "units": "au"}, {"sigma": 0.885451014633174, "units": "TDB", "name": "tp", "value": "2459518.655564014743", "title": "time of perihelion passage", "label": "tp"}, {"name": "om", "units": "deg", "sigma": 0.00020967301027013, "label": "node", "value": "23.31137280396082", "title": "longitude of the ascending node"}, {"value": "218.7686107063559", "title": "argument of perihelion", "label": "peri", "sigma": 0.00407401687310104, "units": "deg", "name": "w"}, {"title": "inclination", "value": "4.906992633669089", "label": "i", "sigma": 3.10314012373219e-05, "units": "deg", "name": "i"}], "epoch": "2457526.5"}, "moid": "35.7792", "orbit_id": "16", "rms": ".5439", "producer": "Otto Matic"}, "object": {"des": "168703", "orbit_id": "16", "fullname": "168703 (2000 GP183)", "pha": false, "spkid": "20168703", "prefix": null, "neo": false, "orbit_class": {"name": "TransNeptunian Object", "code": "TNO"}, "kind": "an"}}