{"object": {"orbit_class": {"code": "TNO", "name": "TransNeptunian Object"}, "neo": false, "spkid": "3830923", "pha": false, "fullname": "(2015 KL173)", "orbit_id": "2", "des": "2015 KL173", "kind": "au", "prefix": null}, "orbit": {"producer": "Otto Matic", "elements": [{"name": "e", "sigma": ".0005737", "value": ".3236126919830296", "units": null, "title": "eccentricity", "label": "e"}, {"units": "au", "title": "semi-major axis", "label": "a", "name": "a", "sigma": ".017548", "value": "39.29359314538313"}, {"units": "au", "label": "q", "title": "perihelion distance", "sigma": ".011683", "name": "q", "value": "26.57768768991978"}, {"title": "inclination; angle with respect to x-y ecliptic plane", "label": "i", "units": "deg", "value": "10.38018876300281", "name": "i", "sigma": ".00069887"}, {"name": "om", "sigma": ".0043239", "value": "106.128295834162", "units": "deg", "title": "longitude of the ascending node", "label": "node"}, {"title": "argument of perihelion", "label": "peri", "units": "deg", "value": "77.27598876104935", "sigma": ".073632", "name": "w"}, {"sigma": ".018311", "name": "ma", "value": "38.86344258047683", "units": "deg", "label": "M", "title": "mean anomaly"}, {"sigma": "5.6332", "name": "tp", "value": "2450288.250946468894", "units": "TDB", "title": "time of perihelion passage", "label": "tp"}, {"value": "89966.54509005412", "sigma": "60.267", "name": "per", "label": "period", "title": "sidereal orbital period", "units": "d"}, {"value": ".004001487437798679", "name": "n", "sigma": "2.6805E-6", "title": "mean motion", "label": "n", "units": "deg/d"}, {"units": "au", "title": "aphelion distance", "label": "Q", "sigma": ".023227", "name": "ad", "value": "52.00949860084648"}], "n_del_obs_used": null, "moid_jup": "21.1989", "two_body": null, "equinox": "J2000", "not_valid_before": null, "soln_date": "2021-04-15 13:49:20", "moid": "25.5969", "epoch": "2460000.5", "first_obs": "2015-05-21", "not_valid_after": null, "n_obs_used": 20, "last_obs": "2017-08-25", "orbit_id": "2", "t_jup": "5.248", "source": "JPL", "condition_code": "4", "covariance": {"labels": ["e", "q", "tp", "node", "peri", "i"], "elements": [{"value": ".3309686131902117", "sigma": 0.000572985572258214, "name": "e", "label": "e", "title": "eccentricity", "units": null}, {"sigma": 0.0115666806862056, "name": "q", "value": "26.56022029494214", "units": "au", "title": "perihelion distance", "label": "q"}, {"value": "2450368.458838883706", "name": "tp", "sigma": 5.55100181133671, "title": "time of perihelion passage", "label": "tp", "units": "TDB"}, {"sigma": 0.00431093047355663, "name": "om", "value": "106.0798998895243", "units": "deg", "title": "longitude of the ascending node", "label": "node"}, {"sigma": 0.0727068697597035, "name": "w", "value": "77.69643207691938", "units": "deg", "title": "argument of perihelion", "label": "peri"}, {"sigma": 0.000697017362182086, "name": "i", "value": "10.38391860434663", "units": "deg", "title": "inclination", "label": "i"}], "data": [["3.283124660160724E-7", "-6.334823069236583E-6", "-.002840453976411291", "1.227266648651907E-7", "-3.887905933865695E-5", "-2.032859363963619E-8"], ["-6.334823069236583E-6", ".0001337881020966421", ".06323531923927636", "-2.784169120695643E-6", ".0008375283689824372", "4.815491981004743E-7"], ["-.002840453976411291", ".06323531923927636", "30.81362110946339", "-.001357934999380965", ".4006837891216564", ".0002392628735181339"], ["1.227266648651907E-7", "-2.784169120695643E-6", "-.001357934999380965", "1.85841215478392E-5", "-3.58495349267183E-5", "-2.999529721231472E-6"], ["-3.887905933865695E-5", ".0008375283689824372", ".4006837891216564", "-3.58495349267183E-5", ".005286288910254493", "6.010446455174545E-6"], ["-2.032859363963619E-8", "4.815491981004743E-7", ".0002392628735181339", "-2.999529721231472E-6", "6.010446455174545E-6", "4.858332031832734E-7"]], "epoch": "2457407.5"}, "pe_used": "DE441", "n_dop_obs_used": null, "data_arc": "827", "model_pars": [], "sb_used": "SB441-N16", "rms": ".16598", "comment": null}, "signature": {"version": "1.3", "source": "NASA/JPL Small-Body Database (SBDB) API"}}