{"signature": {"version": "1.3", "source": "NASA/JPL Small-Body Database (SBDB) API"}, "orbit": {"model_pars": [], "rms": ".42882", "sb_used": "SB441-N16", "comment": null, "pe_used": "DE441", "n_dop_obs_used": null, "data_arc": "4394", "n_obs_used": 21, "last_obs": "2015-09-04", "orbit_id": "5", "t_jup": "4.218", "condition_code": "4", "source": "JPL", "covariance": {"elements": [{"name": "e", "sigma": 0.000166771599211867, "value": ".47888267786135", "units": null, "label": "e", "title": "eccentricity"}, {"units": "au", "label": "q", "title": "perihelion distance", "sigma": 0.00211993420143621, "name": "q", "value": "21.70167691120939"}, {"name": "tp", "sigma": 1.23613906505135, "value": "2448442.594860654818", "units": "TDB", "title": "time of perihelion passage", "label": "tp"}, {"name": "om", "sigma": 0.000156335397421021, "value": "130.8307954871825", "units": "deg", "label": "node", "title": "longitude of the ascending node"}, {"label": "peri", "title": "argument of perihelion", "units": "deg", "value": "137.2257890348588", "sigma": 0.0161524554977018, "name": "w"}, {"value": "34.82221619437744", "name": "i", "sigma": 0.00026672120773678, "title": "inclination", "label": "i", "units": "deg"}], "labels": ["e", "q", "tp", "node", "peri", "i"], "epoch": "2453922.5", "data": [["2.781276630368356E-8", "3.221275733166375E-7", ".0002021548941299049", "-7.544533871993411E-9", "2.571347358514106E-6", "-3.051956096476619E-10"], ["3.221275733166375E-7", "4.49412101841898E-6", ".002549010768713407", "-1.080770064872641E-7", "3.397084733564029E-5", "-2.201702308989559E-8"], [".0002021548941299049", ".002549010768713407", "1.528039788146025", "-6.035948755833513E-5", ".0198482861354811", "-7.212426844863848E-6"], ["-7.544533871993411E-9", "-1.080770064872641E-7", "-6.035948755833513E-5", "2.444075648678873E-8", "-8.281015193777104E-7", "2.971078730979244E-8"], ["2.571347358514106E-6", "3.397084733564029E-5", ".0198482861354811", "-8.281015193777104E-7", ".0002609018186052375", "-1.532820947206234E-7"], ["-3.051956096476619E-10", "-2.201702308989559E-8", "-7.212426844863848E-6", "2.971078730979244E-8", "-1.532820947206234E-7", "7.114020265656644E-8"]]}, "producer": "Otto Matic", "n_del_obs_used": null, "moid_jup": "17.0826", "elements": [{"value": ".4773597410194039", "sigma": ".0001691", "name": "e", "label": "e", "title": "eccentricity", "units": null}, {"label": "a", "title": "semi-major axis", "units": "au", "value": "41.85752170088445", "name": "a", "sigma": ".017273"}, {"label": "q", "title": "perihelion distance", "units": "au", "value": "21.87642598203617", "sigma": ".0020946", "name": "q"}, {"name": "i", "sigma": ".00026623", "value": "34.7776555202238", "units": "deg", "title": "inclination; angle with respect to x-y ecliptic plane", "label": "i"}, {"units": "deg", "title": "longitude of the ascending node", "label": "node", "sigma": ".00015512", "name": "om", "value": "130.7675836371644"}, {"title": "argument of perihelion", "label": "peri", "units": "deg", "value": "138.1986888452427", "sigma": ".015986", "name": "w"}, {"name": "ma", "sigma": ".030454", "value": "41.9000484364172", "units": "deg", "title": "mean anomaly", "label": "M"}, {"value": "2448487.971516313106", "sigma": "1.2475", "name": "tp", "label": "tp", "title": "time of perihelion passage", "units": "TDB"}, {"units": "d", "label": "period", "title": "sidereal orbital period", "name": "per", "sigma": "61.229", "value": "98914.21152929033"}, {"value": ".003639517460980794", "sigma": "2.2529E-6", "name": "n", "label": "n", "title": "mean motion", "units": "deg/d"}, {"title": "aphelion distance", "label": "Q", "units": "au", "value": "61.83861741973273", "sigma": ".025519", "name": "ad"}], "equinox": "J2000", "two_body": null, "soln_date": "2022-09-23 05:20:09", "not_valid_before": null, "moid": "20.937", "epoch": "2460000.5", "first_obs": "2003-08-24", "not_valid_after": null}, "object": {"orbit_class": {"name": "TransNeptunian Object", "code": "TNO"}, "neo": false, "pha": false, "spkid": "20149560", "fullname": "149560 (2003 QZ91)", "orbit_id": "5", "kind": "an", "des": "149560", "prefix": null}}