{"signature": {"version": "1.3", "source": "NASA/JPL Small-Body Database (SBDB) API"}, "object": {"fullname": "(2001 KY76)", "orbit_id": "7", "des": "2001 KY76", "kind": "au", "prefix": null, "orbit_class": {"code": "TNO", "name": "TransNeptunian Object"}, "neo": false, "spkid": "3078914", "pha": false}, "orbit": {"pe_used": "DE441", "n_dop_obs_used": null, "data_arc": "7713", "comment": null, "model_pars": [], "sb_used": "SB441-N16", "rms": ".3063", "moid": "29.0716", "not_valid_before": null, "soln_date": "2022-07-14 20:20:10", "epoch": "2460000.5", "first_obs": "2001-05-22", "not_valid_after": null, "producer": "Otto Matic", "elements": [{"sigma": "7.7872E-5", "name": "e", "value": ".2382108674322427", "units": null, "title": "eccentricity", "label": "e"}, {"sigma": ".0098541", "name": "a", "value": "39.48054375637957", "units": "au", "label": "a", "title": "semi-major axis"}, {"value": "30.07584918147578", "name": "q", "sigma": ".0074044", "label": "q", "title": "perihelion distance", "units": "au"}, {"title": "inclination; angle with respect to x-y ecliptic plane", "label": "i", "units": "deg", "value": "3.971722971842131", "name": "i", "sigma": ".00049428"}, {"title": "longitude of the ascending node", "label": "node", "units": "deg", "value": "90.08922625751491", "sigma": ".0021919", "name": "om"}, {"value": "262.84028190269", "name": "w", "sigma": ".045689", "label": "peri", "title": "argument of perihelion", "units": "deg"}, {"units": "deg", "title": "mean anomaly", "label": "M", "sigma": ".035579", "name": "ma", "value": "317.4678452415511"}, {"units": "TDB", "title": "time of perihelion passage", "label": "tp", "sigma": "4.9496", "name": "tp", "value": "2470705.532737326888"}, {"title": "sidereal orbital period", "label": "period", "units": "d", "value": "90609.37089419695", "name": "per", "sigma": "33.923"}, {"units": "deg/d", "title": "mean motion", "label": "n", "name": "n", "sigma": "1.4875E-6", "value": ".00397309899017361"}, {"name": "ad", "sigma": ".012202", "value": "48.88523833128337", "units": "au", "label": "Q", "title": "aphelion distance"}], "n_del_obs_used": null, "moid_jup": "25.1144", "two_body": null, "equinox": "J2000", "t_jup": "5.469", "source": "JPL", "condition_code": "4", "covariance": {"epoch": "2452602.5", "data": [["6.010430059084811E-9", "-1.289104028866977E-7", "-7.887136600738897E-5", "8.238088660850631E-10", "-7.924431930081587E-9", "4.154022607235339E-11"], ["-1.289104028866977E-7", "5.630388553805431E-5", "-.03440347257110896", "7.879727555571161E-9", "-.0003407861763891632", "4.01748970037529E-8"], ["-7.887136600738897E-5", "-.03440347257110896", "25.42708377866535", "-2.787325747804336E-5", ".2302012371659606", "-2.814269727910724E-5"], ["8.238088660850631E-10", "7.879727555571161E-9", "-2.787325747804336E-5", "4.810872832811329E-6", "-4.962310984997339E-6", "-1.047223742448141E-6"], ["-7.924431930081587E-9", "-.0003407861763891632", ".2302012371659606", "-4.962310984997339E-6", ".002177058304579736", "7.835067044710752E-7"], ["4.154022607235339E-11", "4.01748970037529E-8", "-2.814269727910724E-5", "-1.047223742448141E-6", "7.835067044710752E-7", "2.449530027626558E-7"]], "elements": [{"sigma": 7.7526963432633e-05, "name": "e", "value": ".2326811415771745", "units": null, "label": "e", "title": "eccentricity"}, {"sigma": 0.00750359150927436, "name": "q", "value": "30.0406821681425", "units": "au", "label": "q", "title": "perihelion distance"}, {"title": "time of perihelion passage", "label": "tp", "units": "TDB", "value": "2470912.299854411416", "name": "tp", "sigma": 5.04252751888032}, {"sigma": 0.00219337019967249, "name": "om", "value": "90.04041615138414", "units": "deg", "title": "longitude of the ascending node", "label": "node"}, {"units": "deg", "label": "peri", "title": "argument of perihelion", "sigma": 0.0466589573884773, "name": "w", "value": "263.9241811007022"}, {"name": "i", "sigma": 0.000494927270174776, "value": "3.975668476650003", "units": "deg", "label": "i", "title": "inclination"}], "labels": ["e", "q", "tp", "node", "peri", "i"]}, "n_obs_used": 35, "last_obs": "2022-07-04", "orbit_id": "7"}}