{"orbit": {"pe_used": "DE441", "n_dop_obs_used": null, "data_arc": "914", "comment": null, "model_pars": [], "rms": ".16315", "sb_used": "SB441-N16", "moid": "34.5551", "not_valid_before": null, "soln_date": "2021-04-15 14:37:02", "epoch": "2460000.5", "not_valid_after": null, "first_obs": "2015-06-23", "producer": "Otto Matic", "n_del_obs_used": null, "elements": [{"value": ".06645979283101537", "name": "e", "sigma": ".001383", "label": "e", "title": "eccentricity", "units": null}, {"value": "38.01454074527461", "name": "a", "sigma": ".0086722", "label": "a", "title": "semi-major axis", "units": "au"}, {"sigma": ".045439", "name": "q", "value": "35.48810224277747", "units": "au", "label": "q", "title": "perihelion distance"}, {"sigma": ".0013744", "name": "i", "value": "23.49517043615174", "units": "deg", "title": "inclination; angle with respect to x-y ecliptic plane", "label": "i"}, {"label": "node", "title": "longitude of the ascending node", "units": "deg", "value": "191.8892036947987", "name": "om", "sigma": ".00021144"}, {"title": "argument of perihelion", "label": "peri", "units": "deg", "value": "79.80073342942819", "name": "w", "sigma": ".17982"}, {"units": "deg", "title": "mean anomaly", "label": "M", "sigma": ".33817", "name": "ma", "value": "100.0034342326678"}, {"units": "TDB", "title": "time of perihelion passage", "label": "tp", "name": "tp", "sigma": "72.586", "value": "2436219.207054299910"}, {"label": "period", "title": "sidereal orbital period", "units": "d", "value": "85609.71456773581", "sigma": "29.295", "name": "per"}, {"value": ".004205130245063042", "sigma": "1.439E-6", "name": "n", "title": "mean motion", "label": "n", "units": "deg/d"}, {"units": "au", "label": "Q", "title": "aphelion distance", "name": "ad", "sigma": ".0092486", "value": "40.54097924777175"}], "moid_jup": "30.6287", "two_body": null, "equinox": "J2000", "t_jup": "5.084", "condition_code": "5", "source": "JPL", "covariance": {"elements": [{"value": ".06860950266081918", "name": "e", "sigma": 0.00132988485861746, "label": "e", "title": "eccentricity", "units": null}, {"title": "perihelion distance", "label": "q", "units": "au", "value": "35.02510731758004", "name": "q", "sigma": 0.0430970493235332}, {"value": "2434516.891717192688", "sigma": 109.464373036166, "name": "tp", "label": "tp", "title": "time of perihelion passage", "units": "TDB"}, {"units": "deg", "title": "longitude of the ascending node", "label": "node", "name": "om", "sigma": 0.000210840046796411, "value": "191.9062626857231"}, {"label": "peri", "title": "argument of perihelion", "units": "deg", "value": "71.00837970684211", "name": "w", "sigma": 0.339933995950669}, {"title": "inclination", "label": "i", "units": "deg", "value": "23.62389694930652", "sigma": 0.00138102924801818, "name": "i"}], "labels": ["e", "q", "tp", "node", "peri", "i"], "epoch": "2457433.5", "data": [["1.768593737179993E-6", "-5.712272279578431E-5", ".144675984014812", "-2.180765387907669E-8", ".0004438793737530132", "1.134738025808003E-9"], ["-5.712272279578431E-5", ".001857355660395053", "-4.631220774426661", "5.488068294379684E-7", "-.0141136071938809", "1.153806832266874E-6"], [".144675984014812", "-4.631220774426661", "11982.44896420101", "-.002241490201255812", "37.09210595238483", ".003591499738828987"], ["-2.180765387907669E-8", "5.488068294379684E-7", "-.002241490201255812", "4.445352533311265E-8", "-8.04440584485763E-6", "-2.787069575192425E-7"], [".0004438793737530132", "-.0141136071938809", "37.09210595238483", "-8.04440584485763E-6", ".1155551216029896", "1.989497210951566E-5"], ["1.134738025808003E-9", "1.153806832266874E-6", ".003591499738828987", "-2.787069575192425E-7", "1.989497210951566E-5", "1.907241783881668E-6"]]}, "n_obs_used": 34, "last_obs": "2017-12-23", "orbit_id": "2"}, "object": {"orbit_class": {"code": "TNO", "name": "TransNeptunian Object"}, "neo": false, "spkid": "3831114", "pha": false, "fullname": "(2015 RX278)", "orbit_id": "2", "des": "2015 RX278", "kind": "au", "prefix": null}, "signature": {"version": "1.3", "source": "NASA/JPL Small-Body Database (SBDB) API"}}