{"object": {"prefix": null, "neo": false, "orbit_class": {"name": "TransNeptunian Object", "code": "TNO"}, "kind": "an", "des": "90568", "pha": false, "orbit_id": "16", "fullname": "90568 (2004 GV9)", "spkid": "20090568"}, "orbit": {"producer": "Otto Matic", "rms": ".37997", "orbit_id": "16", "moid": "37.806", "covariance": {"elements": [{"label": "e", "value": ".08167545410048947", "title": "eccentricity", "name": "e", "sigma": 1.07738687743321e-05, "units": null}, {"name": "q", "units": "au", "sigma": 0.000171207164369311, "label": "q", "title": "perihelion distance", "value": "38.72799490264846"}, {"name": "tp", "units": "TDB", "sigma": 0.851176157768472, "label": "tp", "value": "2447784.444135381345", "title": "time of perihelion passage"}, {"label": "node", "title": "longitude of the ascending node", "value": "250.6142819625471", "name": "om", "units": "deg", "sigma": 4.7952237606846e-05}, {"title": "argument of perihelion", "value": "293.1960839899226", "label": "peri", "units": "deg", "sigma": 0.00366010791367922, "name": "w"}, {"sigma": 3.55324943781373e-05, "units": "deg", "name": "i", "value": "21.97181761427769", "title": "inclination", "label": "i"}], "epoch": "2457398.5", "data": [["1.160762483665276E-10", "1.323944916995965E-9", "6.233255339618974E-6", "-8.138479317425181E-12", "2.614455220535812E-8", "2.034598140808267E-11"], ["1.323944916995965E-9", "2.931189313138044E-8", ".0001445678864598645", "-1.898884939804418E-10", "6.211495907717929E-7", "3.460972711912894E-10"], ["6.233255339618974E-6", ".0001445678864598645", ".7245008515534993", "-9.323923982919035E-7", ".003114281030368027", "1.663377719925053E-6"], ["-8.138479317425181E-12", "-1.898884939804418E-10", "-9.323923982919035E-7", "2.299417091503412E-9", "-6.143609052878828E-9", "-1.652021299943603E-9"], ["2.614455220535812E-8", "6.211495907717929E-7", ".003114281030368027", "-6.143609052878828E-9", "1.339638993977727E-5", "8.627175060207967E-9"], ["2.034598140808267E-11", "3.460972711912894E-10", "1.663377719925053E-6", "-1.652021299943603E-9", "8.627175060207967E-9", "1.262558156732358E-9"]], "labels": ["e", "q", "tp", "node", "peri", "i"]}, "epoch": "2460000.5", "not_valid_before": null, "n_obs_used": 315, "data_arc": "24653", "n_del_obs_used": null, "model_pars": [], "two_body": null, "pe_used": "DE441", "equinox": "J2000", "moid_jup": "33.6963", "comment": null, "last_obs": "2022-06-20", "n_dop_obs_used": null, "condition_code": "2", "elements": [{"label": "e", "title": "eccentricity", "value": ".07280745741064741", "name": "e", "units": null, "sigma": "1.057E-5"}, {"title": "semi-major axis", "value": "41.78127196667555", "label": "a", "units": "au", "sigma": ".00062745", "name": "a"}, {"title": "perihelion distance", "value": "38.73928378739914", "label": "q", "units": "au", "sigma": ".00017871", "name": "q"}, {"value": "22.01731059201543", "title": "inclination; angle with respect to x-y ecliptic plane", "label": "i", "units": "deg", "sigma": "3.5687E-5", "name": "i"}, {"label": "node", "title": "longitude of the ascending node", "value": "250.5921908179194", "name": "om", "sigma": "4.7955E-5", "units": "deg"}, {"name": "w", "units": "deg", "sigma": ".0043001", "label": "peri", "value": "291.1617178220234", "title": "argument of perihelion"}, {"title": "mean anomaly", "value": "46.56379400482229", "label": "M", "sigma": ".0045891", "units": "deg", "name": "ma"}, {"sigma": "1.0058", "units": "TDB", "name": "tp", "title": "time of perihelion passage", "value": "2447241.496067457012", "label": "tp"}, {"name": "per", "sigma": "2.2221", "units": "d", "label": "period", "title": "sidereal orbital period", "value": "98644.05411723505"}, {"sigma": "8.2209E-8", "units": "deg/d", "name": "n", "value": ".003649485042171446", "title": "mean motion", "label": "n"}, {"label": "Q", "value": "44.82326014595196", "title": "aphelion distance", "name": "ad", "units": "au", "sigma": ".00067313"}], "soln_date": "2022-08-02 11:00:24", "not_valid_after": null, "first_obs": "1954-12-21", "sb_used": "SB441-N16", "source": "JPL", "t_jup": "5.365"}, "signature": {"version": "1.3", "source": "NASA/JPL Small-Body Database (SBDB) API"}}