{"orbit": {"covariance": {"data": [["2.70916783833124E-8", "-2.36170921089422E-6", ".0005521719276440492", "9.357865199533934E-9", "-5.95990814841162E-6", "1.30910400615948E-9"], ["-2.36170921089422E-6", ".0003117749957082894", "-.004201515732141047", "-1.217150067334031E-6", ".001081483129666833", "-1.510405321763743E-7"], [".0005521719276440492", "-.004201515732141047", "29.61757630276849", "2.545187229038056E-5", ".1121173532997308", "1.152771868504362E-5"], ["9.357865199533934E-9", "-1.217150067334031E-6", "2.545187229038056E-5", "2.38866276805308E-6", "-6.560737485307832E-6", "8.238943491842261E-7"], ["-5.95990814841162E-6", ".001081483129666833", ".1121173532997308", "-6.560737485307832E-6", ".004296912370414958", "-1.304045332911648E-6"], ["1.30910400615948E-9", "-1.510405321763743E-7", "1.152771868504362E-5", "8.238943491842261E-7", "-1.304045332911648E-6", "4.987333444744358E-7"]], "epoch": "2452994.5", "labels": ["e", "q", "tp", "node", "peri", "i"], "elements": [{"label": "e", "title": "eccentricity", "units": null, "value": ".2960336547944201", "sigma": 0.000164595499280243, "name": "e"}, {"units": "au", "label": "q", "title": "perihelion distance", "name": "q", "sigma": 0.0176571514041277, "value": "27.81336106351823"}, {"value": "2431092.495686677405", "name": "tp", "sigma": 5.44220325812703, "title": "time of perihelion passage", "label": "tp", "units": "TDB"}, {"units": "deg", "label": "node", "title": "longitude of the ascending node", "sigma": 0.00154552993114112, "name": "om", "value": "1.711315107330657"}, {"value": "68.19794981085684", "sigma": 0.0655508380603556, "name": "w", "title": "argument of perihelion", "label": "peri", "units": "deg"}, {"name": "i", "sigma": 0.000706210552508553, "value": "4.569445886298532", "units": "deg", "label": "i", "title": "inclination"}]}, "source": "JPL", "condition_code": "4", "t_jup": "5.347", "orbit_id": "6", "n_obs_used": 18, "last_obs": "2015-03-23", "first_obs": "2000-03-27", "not_valid_after": null, "epoch": "2460000.5", "moid": "26.4103", "not_valid_before": null, "soln_date": "2021-04-14 20:55:40", "equinox": "J2000", "two_body": null, "moid_jup": "22.3624", "n_del_obs_used": null, "elements": [{"value": ".2992442014969868", "name": "e", "sigma": ".00017001", "title": "eccentricity", "label": "e", "units": null}, {"name": "a", "sigma": ".017944", "value": "39.0930076468025", "units": "au", "label": "a", "title": "semi-major axis"}, {"name": "q", "sigma": ".017633", "value": "27.39465178941949", "units": "au", "label": "q", "title": "perihelion distance"}, {"sigma": ".00071065", "name": "i", "value": "4.601465012594924", "units": "deg", "title": "inclination; angle with respect to x-y ecliptic plane", "label": "i"}, {"units": "deg", "label": "node", "title": "longitude of the ascending node", "sigma": ".0015354", "name": "om", "value": "1.852172122129549"}, {"sigma": ".063685", "name": "w", "value": "66.14118612326676", "units": "deg", "title": "argument of perihelion", "label": "peri"}, {"name": "ma", "sigma": ".086404", "value": "117.2110105330679", "units": "deg", "title": "mean anomaly", "label": "M"}, {"units": "TDB", "label": "tp", "title": "time of perihelion passage", "name": "tp", "sigma": "5.4522", "value": "2430932.646479999363"}, {"sigma": "61.47", "name": "per", "value": "89278.53466674083", "units": "d", "title": "sidereal orbital period", "label": "period"}, {"label": "n", "title": "mean motion", "units": "deg/d", "value": ".004032324246178648", "name": "n", "sigma": "2.7763E-6"}, {"units": "au", "title": "aphelion distance", "label": "Q", "name": "ad", "sigma": ".023314", "value": "50.79136350418552"}], "producer": "Otto Matic", "comment": null, "rms": ".13929", "sb_used": "SB441-N16", "model_pars": [], "data_arc": "5474", "n_dop_obs_used": null, "pe_used": "DE441"}, "object": {"des": "2000 FB8", "kind": "au", "prefix": null, "fullname": "(2000 FB8)", "orbit_id": "6", "spkid": "3031948", "pha": false, "orbit_class": {"name": "TransNeptunian Object", "code": "TNO"}, "neo": false}, "signature": {"version": "1.3", "source": "NASA/JPL Small-Body Database (SBDB) API"}}