{"signature": {"version": "1.3", "source": "NASA/JPL Small-Body Database (SBDB) API"}, "orbit": {"comment": null, "rms": ".1447", "sb_used": "SB441-N16", "model_pars": [], "data_arc": "4726", "pe_used": "DE441", "n_dop_obs_used": null, "condition_code": "3", "source": "JPL", "covariance": {"labels": ["e", "q", "tp", "node", "peri", "i"], "elements": [{"units": null, "title": "eccentricity", "label": "e", "name": "e", "sigma": 7.47487849568727e-05, "value": ".1217628127200858"}, {"value": "35.92351807100133", "name": "q", "sigma": 0.00152989998833064, "label": "q", "title": "perihelion distance", "units": "au"}, {"title": "time of perihelion passage", "label": "tp", "units": "TDB", "value": "2462204.035374910478", "name": "tp", "sigma": 8.31987403124679}, {"value": "272.2715837227224", "name": "om", "sigma": 0.00130735618462434, "label": "node", "title": "longitude of the ascending node", "units": "deg"}, {"title": "argument of perihelion", "label": "peri", "units": "deg", "value": "147.0297005670688", "name": "w", "sigma": 0.0410266323736137}, {"name": "i", "sigma": 0.000232525562955296, "value": "19.21687076707997", "units": "deg", "title": "inclination", "label": "i"}], "data": [["5.587380852528799E-9", "4.109586175558914E-8", "-2.237973837552311E-5", "-1.197747449246914E-9", "-9.371204509168362E-8", "6.106771448923163E-10"], ["4.109586175558914E-8", "2.340593974294078E-6", "-.011919745246072", "1.298658524139416E-7", "-5.868643759189668E-5", "-1.921447305715572E-8"], ["-2.237973837552311E-5", "-.011919745246072", "69.22030389581469", "-.000806564707140035", ".3411719097017216", ".0001377512126288873"], ["-1.197747449246914E-9", "1.298658524139416E-7", "-.000806564707140035", "1.70918019347551E-6", "-5.585267735133326E-6", "-3.017329015933094E-7"], ["-9.371204509168362E-8", "-5.868643759189668E-5", ".3411719097017216", "-5.585267735133326E-6", ".001683184563919646", "9.639792726246478E-7"], ["6.106771448923163E-10", "-1.921447305715572E-8", ".0001377512126288873", "-3.017329015933094E-7", "9.639792726246478E-7", "5.406813742767726E-8"]], "epoch": "2456223.5"}, "t_jup": "5.387", "orbit_id": "7", "n_obs_used": 37, "last_obs": "2021-10-03", "first_obs": "2008-10-25", "not_valid_after": null, "not_valid_before": null, "soln_date": "2021-10-15 23:54:27", "moid": "34.9711", "epoch": "2460000.5", "equinox": "J2000", "two_body": null, "producer": "Otto Matic", "moid_jup": "31.0005", "n_del_obs_used": null, "elements": [{"name": "e", "sigma": "7.4821E-5", "value": ".1230464412402896", "units": null, "title": "eccentricity", "label": "e"}, {"value": "40.98587971970353", "sigma": ".0044391", "name": "a", "label": "a", "title": "semi-major axis", "units": "au"}, {"value": "35.94271307909145", "sigma": ".0014909", "name": "q", "title": "perihelion distance", "label": "q", "units": "au"}, {"sigma": ".00023261", "name": "i", "value": "19.22812382607784", "units": "deg", "title": "inclination; angle with respect to x-y ecliptic plane", "label": "i"}, {"title": "longitude of the ascending node", "label": "node", "units": "deg", "value": "272.1695582971936", "name": "om", "sigma": ".001305"}, {"units": "deg", "title": "argument of perihelion", "label": "peri", "sigma": ".04066", "name": "w", "value": "146.2051967297696"}, {"units": "deg", "label": "M", "title": "mean anomaly", "name": "ma", "sigma": ".031511", "value": "352.4039235637604"}, {"label": "tp", "title": "time of perihelion passage", "units": "TDB", "value": "2462022.758381735681", "name": "tp", "sigma": "8.2558"}, {"label": "period", "title": "sidereal orbital period", "units": "d", "value": "95840.66505065953", "name": "per", "sigma": "15.57"}, {"sigma": "6.1024E-7", "name": "n", "value": ".003756234368884136", "units": "deg/d", "label": "n", "title": "mean motion"}, {"value": "46.0290463603156", "name": "ad", "sigma": ".0049853", "label": "Q", "title": "aphelion distance", "units": "au"}]}, "object": {"fullname": "(2012 UL177)", "orbit_id": "7", "kind": "au", "des": "2012 UL177", "prefix": null, "orbit_class": {"name": "TransNeptunian Object", "code": "TNO"}, "neo": false, "pha": false, "spkid": "3696066"}}