{"signature": {"version": "1.3", "source": "NASA/JPL Small-Body Database (SBDB) API"}, "orbit": {"source": "JPL", "t_jup": "5.579", "not_valid_after": null, "first_obs": "2013-09-08", "sb_used": "SB441-N16", "n_dop_obs_used": null, "elements": [{"label": "e", "title": "eccentricity", "value": ".06050023635170697", "name": "e", "sigma": ".00028907", "units": null}, {"name": "a", "sigma": ".013983", "units": "au", "label": "a", "title": "semi-major axis", "value": "39.71618332457319"}, {"name": "q", "sigma": ".015519", "units": "au", "label": "q", "value": "37.31334484644879", "title": "perihelion distance"}, {"value": "8.979407686680075", "title": "inclination; angle with respect to x-y ecliptic plane", "label": "i", "sigma": ".00079832", "units": "deg", "name": "i"}, {"sigma": ".00053865", "units": "deg", "name": "om", "value": "185.8798469511841", "title": "longitude of the ascending node", "label": "node"}, {"name": "w", "sigma": ".40189", "units": "deg", "label": "peri", "title": "argument of perihelion", "value": "126.4299157157812"}, {"value": "53.50415772469444", "title": "mean anomaly", "label": "M", "sigma": ".36215", "units": "deg", "name": "ma"}, {"label": "tp", "value": "2446413.151403339501", "title": "time of perihelion passage", "name": "tp", "sigma": "86.544", "units": "TDB"}, {"name": "per", "sigma": "48.282", "units": "d", "label": "period", "title": "sidereal orbital period", "value": "91421.78295688168"}, {"label": "n", "value": ".003937792376788265", "title": "mean motion", "name": "n", "units": "deg/d", "sigma": "2.0796E-6"}, {"name": "ad", "units": "au", "sigma": ".014829", "label": "Q", "value": "42.11902180269759", "title": "aphelion distance"}], "condition_code": "4", "soln_date": "2021-09-10 14:12:04", "last_obs": "2018-09-10", "comment": null, "two_body": null, "equinox": "J2000", "pe_used": "DE441", "moid_jup": "32.2827", "data_arc": "1828", "model_pars": [], "n_del_obs_used": null, "not_valid_before": null, "n_obs_used": 12, "epoch": "2460000.5", "covariance": {"elements": [{"label": "e", "value": ".05425043469894161", "title": "eccentricity", "name": "e", "units": null, "sigma": 0.000325849382280773}, {"label": "q", "title": "perihelion distance", "value": "37.09837431153785", "name": "q", "units": "au", "sigma": 0.017916679449665}, {"sigma": 87.4028176219838, "units": "TDB", "name": "tp", "title": "time of perihelion passage", "value": "2444202.093718380860", "label": "tp"}, {"sigma": 0.000536303533570868, "units": "deg", "name": "om", "value": "185.8880327672966", "title": "longitude of the ascending node", "label": "node"}, {"name": "w", "units": "deg", "sigma": 0.41469358634548, "label": "peri", "value": "116.6254728824727", "title": "argument of perihelion"}, {"label": "i", "value": "9.027366719239266", "title": "inclination", "name": "i", "sigma": 0.000802667614943937, "units": "deg"}], "epoch": "2457391.5", "labels": ["e", "q", "tp", "node", "peri", "i"], "data": [["1.061778199327613E-7", "-4.066578524611841E-6", "-.01613161593515864", "7.555911613425441E-10", "-7.905095288340881E-5", "-8.55240824244459E-10"], ["-4.066578524611841E-6", ".0003210074025020479", "1.543422521340289", "-1.561689396933478E-7", ".007349711721686223", "2.472860998139784E-8"], ["-.01613161593515864", "1.543422521340289", "7639.252528261754", "-.0008258493024312098", "36.23590986306626", "8.533632206757816E-5"], ["7.555911613425441E-10", "-1.561689396933478E-7", "-.0008258493024312098", "2.876214801205995E-7", "-4.167432488780086E-6", "-3.80432307639989E-7"], ["-7.905095288340881E-5", ".007349711721686223", "36.23590986306626", "-4.167432488780086E-6", ".1719707705560757", "8.040499657136932E-7"], ["-8.55240824244459E-10", "2.472860998139784E-8", "8.533632206757816E-5", "-3.80432307639989E-7", "8.040499657136932E-7", "6.442753000797882E-7"]]}, "orbit_id": "1", "moid": "36.3063", "producer": "Otto Matic", "rms": ".20683"}, "object": {"kind": "au", "orbit_class": {"name": "TransNeptunian Object", "code": "TNO"}, "neo": false, "prefix": null, "spkid": "54194334", "pha": false, "orbit_id": "1", "fullname": "(2013 RH156)", "des": "2013 RH156"}}