{"signature": {"version": "1.3", "source": "NASA/JPL Small-Body Database (SBDB) API"}, "orbit": {"t_jup": "4.284", "covariance": {"epoch": "2457164.5", "data": [["5.286677499800003E-7", "-1.165454656358063E-5", ".003186782156361377", "3.250660614611319E-8", "5.323522938956657E-5", "-1.497206063119445E-7"], ["-1.165454656358063E-5", ".0002834411173668669", "-.09209970838476962", "-7.240291594229933E-7", "-.001367111681715823", "3.054258158108132E-6"], [".003186782156361377", "-.09209970838476962", "37.45382551279603", ".000202652076102379", ".4816913143384923", "-.0007086122285939915"], ["3.250660614611319E-8", "-7.240291594229933E-7", ".000202652076102379", "7.691819067362435E-8", "3.272106738552687E-6", "-3.264750784181858E-7"], ["5.323522938956657E-5", "-.001367111681715823", ".4816913143384923", "3.272106738552687E-6", ".006780565410861548", "-1.307977188963527E-5"], ["-1.497206063119445E-7", "3.054258158108132E-6", "-.0007086122285939915", "-3.264750784181858E-7", "-1.307977188963527E-5", "1.425982413869107E-6"]], "elements": [{"title": "eccentricity", "label": "e", "units": null, "value": ".2566728579995089", "sigma": 0.000727095420134112, "name": "e"}, {"sigma": 0.0168357095890511, "name": "q", "value": "29.30034814886061", "units": "au", "label": "q", "title": "perihelion distance"}, {"units": "TDB", "title": "time of perihelion passage", "label": "tp", "sigma": 6.11995306459094, "name": "tp", "value": "2467092.577846250389"}, {"title": "longitude of the ascending node", "label": "node", "units": "deg", "value": "63.71374201785006", "name": "om", "sigma": 0.00027734128916125}, {"units": "deg", "label": "peri", "title": "argument of perihelion", "name": "w", "sigma": 0.0823441886890723, "value": "235.4106667354816"}, {"units": "deg", "label": "i", "title": "inclination", "name": "i", "sigma": 0.0011941450556231, "value": "38.55351900787458"}], "labels": ["e", "q", "tp", "node", "peri", "i"]}, "condition_code": "4", "source": "JPL", "n_obs_used": 25, "last_obs": "2016-07-05", "orbit_id": "2", "epoch": "2460000.5", "soln_date": "2021-04-15 13:49:22", "not_valid_before": null, "moid": "28.3022", "first_obs": "2014-05-30", "not_valid_after": null, "moid_jup": "24.7165", "n_del_obs_used": null, "elements": [{"units": null, "title": "eccentricity", "label": "e", "name": "e", "sigma": ".00073298", "value": ".2588016425066825"}, {"sigma": ".018591", "name": "a", "value": "39.35490900117664", "units": "au", "label": "a", "title": "semi-major axis"}, {"label": "q", "title": "perihelion distance", "units": "au", "value": "29.1697939109711", "sigma": ".016856", "name": "q"}, {"value": "38.61165682159717", "name": "i", "sigma": ".0012", "label": "i", "title": "inclination; angle with respect to x-y ecliptic plane", "units": "deg"}, {"units": "deg", "title": "longitude of the ascending node", "label": "node", "sigma": ".00027773", "name": "om", "value": "63.74469614272407"}, {"name": "w", "sigma": ".078592", "value": "236.5284755212069", "units": "deg", "label": "peri", "title": "argument of perihelion"}, {"units": "deg", "label": "M", "title": "mean anomaly", "sigma": ".024426", "name": "ma", "value": "331.1592286659396"}, {"value": "2467224.889722525452", "sigma": "5.4723", "name": "tp", "label": "tp", "title": "time of perihelion passage", "units": "TDB"}, {"value": "90177.21024117297", "name": "per", "sigma": "63.899", "title": "sidereal orbital period", "label": "period", "units": "d"}, {"label": "n", "title": "mean motion", "units": "deg/d", "value": ".003992139466692348", "sigma": "2.8288E-6", "name": "n"}, {"units": "au", "label": "Q", "title": "aphelion distance", "sigma": ".023402", "name": "ad", "value": "49.54002409138218"}], "producer": "Otto Matic", "equinox": "J2000", "two_body": null, "comment": null, "model_pars": [], "sb_used": "SB441-N16", "rms": ".18895", "n_dop_obs_used": null, "pe_used": "DE441", "data_arc": "767"}, "object": {"orbit_id": "2", "fullname": "(2015 KQ173)", "prefix": null, "des": "2015 KQ173", "kind": "au", "neo": false, "orbit_class": {"name": "TransNeptunian Object", "code": "TNO"}, "spkid": "3830926", "pha": false}}