{"signature": {"version": "1.3", "source": "NASA/JPL Small-Body Database (SBDB) API"}, "object": {"prefix": null, "neo": false, "orbit_class": {"name": "TransNeptunian Object", "code": "TNO"}, "kind": "au", "des": "2013 RL109", "pha": false, "orbit_id": "5", "fullname": "(2013 RL109)", "spkid": "3841793"}, "orbit": {"source": "JPL", "t_jup": "5.428", "last_obs": "2018-09-17", "n_dop_obs_used": null, "condition_code": "4", "elements": [{"label": "e", "title": "eccentricity", "value": ".2018452287612588", "name": "e", "units": null, "sigma": ".00031408"}, {"sigma": ".014245", "units": "au", "name": "a", "value": "40.49987557242908", "title": "semi-major axis", "label": "a"}, {"name": "q", "units": "au", "sigma": ".008332", "label": "q", "title": "perihelion distance", "value": "32.32516892270961"}, {"name": "i", "units": "deg", "sigma": ".00038126", "label": "i", "value": "14.14831616294637", "title": "inclination; angle with respect to x-y ecliptic plane"}, {"name": "om", "sigma": ".0011274", "units": "deg", "label": "node", "title": "longitude of the ascending node", "value": "193.6530391290695"}, {"units": "deg", "sigma": ".054034", "name": "w", "value": "71.64015959483424", "title": "argument of perihelion", "label": "peri"}, {"units": "deg", "sigma": ".063317", "name": "ma", "value": "62.83963574720591", "title": "mean anomaly", "label": "M"}, {"name": "tp", "sigma": "8.1853", "units": "TDB", "label": "tp", "value": "2443567.754906657894", "title": "time of perihelion passage"}, {"sigma": "49.667", "units": "d", "name": "per", "value": "94141.03317532671", "title": "sidereal orbital period", "label": "period"}, {"name": "n", "units": "deg/d", "sigma": "2.0175E-6", "label": "n", "value": ".003824049809709884", "title": "mean motion"}, {"units": "au", "sigma": ".01712", "name": "ad", "title": "aphelion distance", "value": "48.67458222214854", "label": "Q"}], "soln_date": "2021-09-08 23:28:59", "sb_used": "SB441-N16", "not_valid_after": null, "first_obs": "2013-09-10", "not_valid_before": null, "n_obs_used": 37, "model_pars": [], "data_arc": "1833", "n_del_obs_used": null, "equinox": "J2000", "two_body": null, "pe_used": "DE441", "moid_jup": "27.1864", "comment": null, "producer": "Otto Matic", "rms": ".12991", "orbit_id": "5", "moid": "31.3376", "covariance": {"data": [["9.667282612802776E-8", "-1.282128485678493E-6", ".001428493442908903", "3.551867128976499E-8", "2.746967131687634E-6", "-1.087040222165529E-8"], ["-1.282128485678493E-6", "7.168169046765272E-5", ".03315204813110845", "2.863934422771745E-7", ".0003630536584883053", "-6.991145059582256E-8"], [".001428493442908903", ".03315204813110845", "70.81915972339715", ".001244363408484643", ".4215559493469182", "-.0003639717459804134"], ["3.551867128976499E-8", "2.863934422771745E-7", ".001244363408484643", "1.264052680290863E-6", "5.330798481886144E-6", "-4.285338331341165E-7"], ["2.746967131687634E-6", ".0003630536584883053", ".4215559493469182", "5.330798481886144E-6", ".002999464918706816", "-1.461415680766028E-6"], ["-1.087040222165529E-8", "-6.991145059582256E-8", "-.0003639717459804134", "-4.285338331341165E-7", "-1.461415680766028E-6", "1.470494291260241E-7"]], "labels": ["e", "q", "tp", "node", "peri", "i"], "elements": [{"name": "e", "units": null, "sigma": 0.000310922540398775, "label": "e", "title": "eccentricity", "value": ".2001276938950696"}, {"label": "q", "title": "perihelion distance", "value": "32.01941719369642", "name": "q", "sigma": 0.00846650402867988, "units": "au"}, {"label": "tp", "value": "2443096.221253322543", "title": "time of perihelion passage", "name": "tp", "units": "TDB", "sigma": 8.41541203527178}, {"label": "node", "title": "longitude of the ascending node", "value": "193.5502505587727", "name": "om", "units": "deg", "sigma": 0.00112430097406827}, {"name": "w", "units": "deg", "sigma": 0.0547673709311193, "label": "peri", "value": "68.71850731758617", "title": "argument of perihelion"}, {"name": "i", "sigma": 0.000383470245424628, "units": "deg", "label": "i", "title": "inclination", "value": "14.20218267741248"}], "epoch": "2457075.5"}, "epoch": "2460000.5"}}