{"object": {"prefix": null, "kind": "an", "des": "15820", "orbit_id": "14", "fullname": "15820 (1994 TB)", "pha": false, "spkid": "20015820", "neo": false, "orbit_class": {"code": "TNO", "name": "TransNeptunian Object"}}, "orbit": {"not_valid_before": null, "moid": "25.9972", "soln_date": "2021-04-13 01:10:17", "epoch": "2460000.5", "first_obs": "1994-10-13", "not_valid_after": null, "producer": "Otto Matic", "moid_jup": "22.0996", "n_del_obs_used": null, "elements": [{"value": ".3221749418040444", "sigma": "1.5667E-5", "name": "e", "label": "e", "title": "eccentricity", "units": null}, {"value": "39.78039402848233", "name": "a", "sigma": ".0010997", "label": "a", "title": "semi-major axis", "units": "au"}, {"units": "au", "title": "perihelion distance", "label": "q", "sigma": ".00012364", "name": "q", "value": "26.96414789741408"}, {"units": "deg", "label": "i", "title": "inclination; angle with respect to x-y ecliptic plane", "sigma": "6.9138E-6", "name": "i", "value": "12.14048424434024"}, {"value": "317.3066583958806", "sigma": ".00013747", "name": "om", "label": "node", "title": "longitude of the ascending node", "units": "deg"}, {"sigma": ".0010457", "name": "w", "value": "98.83472297540878", "units": "deg", "label": "peri", "title": "argument of perihelion"}, {"sigma": ".00026882", "name": "ma", "value": "5.977518961085159", "units": "deg", "title": "mean anomaly", "label": "M"}, {"value": "2458478.829892073396", "sigma": ".12788", "name": "tp", "title": "time of perihelion passage", "label": "tp", "units": "TDB"}, {"label": "period", "title": "sidereal orbital period", "units": "d", "value": "91643.58029140062", "sigma": "3.8001", "name": "per"}, {"value": ".003928262065442031", "sigma": "1.6289E-7", "name": "n", "title": "mean motion", "label": "n", "units": "deg/d"}, {"name": "ad", "sigma": ".001454", "value": "52.59664015955059", "units": "au", "label": "Q", "title": "aphelion distance"}], "equinox": "J2000", "two_body": null, "t_jup": "5.249", "condition_code": "2", "source": "JPL", "covariance": {"elements": [{"value": ".3167469687559635", "name": "e", "sigma": 1.55565527626765e-05, "label": "e", "title": "eccentricity", "units": null}, {"name": "q", "sigma": 0.000124819266368554, "value": "26.95786640244943", "units": "au", "label": "q", "title": "perihelion distance"}, {"units": "TDB", "label": "tp", "title": "time of perihelion passage", "sigma": 0.132597440188801, "name": "tp", "value": "2458548.683885328109"}, {"value": "317.4938334656358", "name": "om", "sigma": 0.000137807726419805, "label": "node", "title": "longitude of the ascending node", "units": "deg"}, {"units": "deg", "label": "peri", "title": "argument of perihelion", "name": "w", "sigma": 0.00108172104905362, "value": "99.2528817010583"}, {"label": "i", "title": "inclination", "units": "deg", "value": "12.13904701617108", "sigma": 6.91273459021402e-06, "name": "i"}], "labels": ["e", "q", "tp", "node", "peri", "i"], "epoch": "2457201.5", "data": [["2.420063338579386E-10", "1.912902872876452E-9", "-1.990301048986905E-6", "-1.367057159833175E-11", "-1.608514404243334E-8", "2.499071516906488E-11"], ["1.912902872876452E-9", "1.557984925678402E-8", "-1.640106460137863E-5", "-7.572971472377342E-11", "-1.327182288684112E-7", "2.026569885287284E-10"], ["-1.990301048986905E-6", "-1.640106460137863E-5", ".01758208114462274", "5.512433360904053E-8", ".0001423102842161575", "-2.125289755350393E-7"], ["-1.367057159833175E-11", "-7.572971472377342E-11", "5.512433360904053E-8", "1.89909694609957E-8", "-1.812801284449154E-8", "-2.900594535410955E-11"], ["-1.608514404243334E-8", "-1.327182288684112E-7", ".0001423102842161575", "-1.812801284449154E-8", "1.170120427965656E-6", "-1.692235463799522E-9"], ["2.499071516906488E-11", "2.026569885287284E-10", "-2.125289755350393E-7", "-2.900594535410955E-11", "-1.692235463799522E-9", "4.778589951474135E-11"]]}, "n_obs_used": 165, "last_obs": "2021-01-11", "orbit_id": "14", "pe_used": "DE441", "n_dop_obs_used": null, "data_arc": "9587", "comment": null, "model_pars": [], "sb_used": "SB441-N16", "rms": ".68191"}, "signature": {"version": "1.3", "source": "NASA/JPL Small-Body Database (SBDB) API"}}