{"signature": {"version": "1.3", "source": "NASA/JPL Small-Body Database (SBDB) API"}, "object": {"prefix": null, "des": "2015 VN164", "kind": "au", "orbit_id": "2", "fullname": "(2015 VN164)", "spkid": "3830945", "pha": false, "neo": false, "orbit_class": {"code": "TNO", "name": "TransNeptunian Object"}}, "orbit": {"pe_used": "DE441", "n_dop_obs_used": null, "data_arc": "1125", "comment": null, "model_pars": [], "sb_used": "SB441-N16", "rms": ".14911", "moid": "29.155", "not_valid_before": null, "soln_date": "2021-04-15 15:18:22", "epoch": "2460000.5", "first_obs": "2014-11-17", "not_valid_after": null, "producer": "Otto Matic", "n_del_obs_used": null, "moid_jup": "24.8049", "elements": [{"name": "e", "sigma": ".00060033", "value": ".239931704158696", "units": null, "title": "eccentricity", "label": "e"}, {"sigma": ".013076", "name": "a", "value": "39.64123162701959", "units": "au", "title": "semi-major axis", "label": "a"}, {"sigma": ".014732", "name": "q", "value": "30.13004336779918", "units": "au", "label": "q", "title": "perihelion distance"}, {"name": "i", "sigma": ".0010376", "value": "9.410810952996812", "units": "deg", "title": "inclination; angle with respect to x-y ecliptic plane", "label": "i"}, {"value": "62.02531132183017", "sigma": ".0015185", "name": "om", "label": "node", "title": "longitude of the ascending node", "units": "deg"}, {"title": "argument of perihelion", "label": "peri", "units": "deg", "value": "88.93636853423527", "sigma": ".037336", "name": "w"}, {"value": "295.3273130638305", "name": "ma", "sigma": ".1001", "label": "M", "title": "mean anomaly", "units": "deg"}, {"value": "2476377.620323689100", "name": "tp", "sigma": "17.375", "label": "tp", "title": "time of perihelion passage", "units": "TDB"}, {"name": "per", "sigma": "45.105", "value": "91163.11067061528", "units": "d", "label": "period", "title": "sidereal orbital period"}, {"sigma": "1.9538E-6", "name": "n", "value": ".003948965731333247", "units": "deg/d", "title": "mean motion", "label": "n"}, {"value": "49.15241988624", "sigma": ".016213", "name": "ad", "title": "aphelion distance", "label": "Q", "units": "au"}], "two_body": null, "equinox": "J2000", "t_jup": "5.418", "condition_code": "4", "source": "JPL", "covariance": {"data": [["3.525707782157987E-7", "-8.31962109353022E-6", "-.01056486465348235", "-1.73819032801403E-8", "-2.108714646574459E-5", "1.270570173559438E-8"], ["-8.31962109353022E-6", ".0002062812569694181", ".2434906114454668", "3.716375049823904E-7", ".0004381940509243878", "-2.626012443986855E-7"], ["-.01056486465348235", ".2434906114454668", "320.2340233587045", ".0005410096968711937", ".6675550413367464", "-.0004001835004827732"], ["-1.73819032801403E-8", "3.716375049823904E-7", ".0005410096968711937", "2.293574218156013E-6", "-1.00113751440509E-6", "-1.571419493011158E-6"], ["-2.108714646574459E-5", ".0004381940509243878", ".6675550413367464", "-1.00113751440509E-6", ".001621630803823511", "5.762469825666258E-7"], ["1.270570173559438E-8", "-2.626012443986855E-7", "-.0004001835004827732", "-1.571419493011158E-6", "5.762469825666258E-7", "1.085748706304121E-6"]], "epoch": "2457465.5", "labels": ["e", "q", "tp", "node", "peri", "i"], "elements": [{"sigma": 0.000593776707370539, "name": "e", "value": ".2436807423547134", "units": null, "title": "eccentricity", "label": "e"}, {"name": "q", "sigma": 0.014362494803112, "value": "29.8009311905011", "units": "au", "title": "perihelion distance", "label": "q"}, {"title": "time of perihelion passage", "label": "tp", "units": "TDB", "value": "2476517.628263272924", "name": "tp", "sigma": 17.8950837762416}, {"units": "deg", "label": "node", "title": "longitude of the ascending node", "sigma": 0.00151445508951438, "name": "om", "value": "62.01458559807795"}, {"units": "deg", "title": "argument of perihelion", "label": "peri", "name": "w", "sigma": 0.0402694773224524, "value": "90.62511371895248"}, {"units": "deg", "label": "i", "title": "inclination", "sigma": 0.0010419926613485, "name": "i", "value": "9.441181467366397"}]}, "last_obs": "2017-12-16", "n_obs_used": 38, "orbit_id": "2"}}