{"object": {"orbit_id": "6", "fullname": "(2013 JB65)", "pha": false, "des": "2013 JB65", "spkid": "3727195", "prefix": null, "neo": false, "orbit_class": {"name": "TransNeptunian Object", "code": "TNO"}, "kind": "au"}, "orbit": {"not_valid_before": null, "n_obs_used": 32, "n_del_obs_used": null, "data_arc": "1508", "model_pars": [], "equinox": "J2000", "two_body": null, "pe_used": "DE441", "moid_jup": "26.6203", "comment": null, "producer": "Otto Matic", "rms": ".1439", "orbit_id": "6", "moid": "30.9724", "covariance": {"data": [["1.663879839619811E-8", "1.331755863447958E-7", "-.0003636448239943207", "1.846630904656913E-9", "-2.162962641182512E-6", "2.371277025209754E-10"], ["1.331755863447958E-7", "1.199517087893621E-6", ".001128319831502526", "6.055732254974349E-9", "6.701526346640812E-6", "1.9907849828931E-8"], ["-.0003636448239943207", ".001128319831502526", "282.1780982302288", "-.0006675819525547711", "1.677859029224188", ".001150349736175267"], ["1.846630904656913E-9", "6.055732254974349E-9", "-.0006675819525547711", "2.086205645459337E-7", "-4.157254118020936E-6", "-3.351971441706169E-7"], ["-2.162962641182512E-6", "6.701526346640812E-6", "1.677859029224188", "-4.157254118020936E-6", ".009976887494937484", "7.14159207357711E-6"], ["2.371277025209754E-10", "1.9907849828931E-8", ".001150349736175267", "-3.351971441706169E-7", "7.14159207357711E-6", "5.488215883416674E-7"]], "labels": ["e", "q", "tp", "node", "peri", "i"], "elements": [{"label": "e", "value": ".1878710604452608", "title": "eccentricity", "name": "e", "sigma": 0.000128991466369672, "units": null}, {"title": "perihelion distance", "value": "31.96036321570472", "label": "q", "sigma": 0.00109522467461869, "units": "au", "name": "q"}, {"value": "2456723.366308465898", "title": "time of perihelion passage", "label": "tp", "units": "TDB", "sigma": 16.7981575843968, "name": "tp"}, {"units": "deg", "sigma": 0.000456750002239665, "name": "om", "title": "longitude of the ascending node", "value": "72.43985238747639", "label": "node"}, {"value": "165.9165601718129", "title": "argument of perihelion", "label": "peri", "units": "deg", "sigma": 0.0998843706239244, "name": "w"}, {"label": "i", "title": "inclination", "value": "24.93089860047412", "name": "i", "units": "deg", "sigma": 0.000740824937715833}], "epoch": "2456658.5"}, "epoch": "2460000.5", "source": "JPL", "t_jup": "5.032", "last_obs": "2017-05-26", "n_dop_obs_used": null, "condition_code": "4", "elements": [{"units": null, "sigma": ".00012787", "name": "e", "title": "eccentricity", "value": ".1873284740077539", "label": "e"}, {"units": "au", "sigma": ".0075106", "name": "a", "value": "39.35211853750191", "title": "semi-major axis", "label": "a"}, {"name": "q", "sigma": ".0010998", "units": "au", "label": "q", "title": "perihelion distance", "value": "31.98034622289943"}, {"sigma": ".00074077", "units": "deg", "name": "i", "title": "inclination; angle with respect to x-y ecliptic plane", "value": "24.9286863158726", "label": "i"}, {"title": "longitude of the ascending node", "value": "72.48395567859204", "label": "node", "units": "deg", "sigma": ".00045651", "name": "om"}, {"units": "deg", "sigma": ".10031", "name": "w", "title": "argument of perihelion", "value": "167.1216519585101", "label": "peri"}, {"sigma": ".067113", "units": "deg", "name": "ma", "value": "12.27990226384481", "title": "mean anomaly", "label": "M"}, {"label": "tp", "title": "time of perihelion passage", "value": "2456924.806796410077", "name": "tp", "units": "TDB", "sigma": "16.891"}, {"value": "90167.61937531046", "title": "sidereal orbital period", "label": "period", "sigma": "25.814", "units": "d", "name": "per"}, {"title": "mean motion", "value": ".003992564098887306", "label": "n", "sigma": "1.143E-6", "units": "deg/d", "name": "n"}, {"name": "ad", "sigma": ".0089176", "units": "au", "label": "Q", "value": "46.72389085210438", "title": "aphelion distance"}], "soln_date": "2021-04-15 08:11:55", "not_valid_after": null, "sb_used": "SB441-N16", "first_obs": "2013-04-09"}, "signature": {"version": "1.3", "source": "NASA/JPL Small-Body Database (SBDB) API"}}