{"orbit": {"orbit_id": "6", "n_obs_used": 51, "last_obs": "2016-01-07", "condition_code": "3", "source": "JPL", "covariance": {"data": [["3.9877247875689E-9", "3.189132941975227E-8", "1.974396655148039E-6", "1.425975406253202E-10", "1.166258670059593E-8", "4.88246500004996E-10"], ["3.189132941975227E-8", "2.700159047244847E-7", "-9.674082402840559E-5", "1.495824826729273E-9", "-6.138840538217689E-7", "4.446308405285216E-9"], ["1.974396655148039E-6", "-9.674082402840559E-5", "4.14024374796827", "-1.062191684297467E-5", ".02614910696619874", "-1.283989276259551E-5"], ["1.425975406253202E-10", "1.495824826729273E-9", "-1.062191684297467E-5", "1.925588259160951E-7", "-2.565226521982102E-7", "1.258456405524775E-7"], ["1.166258670059593E-8", "-6.138840538217689E-7", ".02614910696619874", "-2.565226521982102E-7", ".0001653415922738558", "-2.049069842783265E-7"], ["4.88246500004996E-10", "4.446308405285216E-9", "-1.283989276259551E-5", "1.258456405524775E-7", "-2.049069842783265E-7", "8.948294307491846E-8"]], "epoch": "2456728.5", "labels": ["e", "q", "tp", "node", "peri", "i"], "elements": [{"value": ".220315746891038", "name": "e", "sigma": 6.31484345615067e-05, "title": "eccentricity", "label": "e", "units": null}, {"sigma": 0.00051963054637356, "name": "q", "value": "30.89155257972436", "units": "au", "label": "q", "title": "perihelion distance"}, {"units": "TDB", "label": "tp", "title": "time of perihelion passage", "sigma": 2.03475889185138, "name": "tp", "value": "2455710.882065158829"}, {"sigma": 0.000438815252601929, "name": "om", "value": "14.11179230138434", "units": "deg", "title": "longitude of the ascending node", "label": "node"}, {"value": "7.685989126045714", "name": "w", "sigma": 0.0128585221652356, "title": "argument of perihelion", "label": "peri", "units": "deg"}, {"name": "i", "sigma": 0.000299136997168385, "value": "10.29505785654854", "units": "deg", "label": "i", "title": "inclination"}]}, "t_jup": "5.439", "equinox": "J2000", "two_body": null, "producer": "Otto Matic", "n_del_obs_used": null, "moid_jup": "25.9432", "elements": [{"sigma": "6.3382E-5", "name": "e", "value": ".2259013315395275", "units": null, "label": "e", "title": "eccentricity"}, {"value": "39.90464648216197", "name": "a", "sigma": ".003923", "label": "a", "title": "semi-major axis", "units": "au"}, {"name": "q", "sigma": ".00051906", "value": "30.89013370722745", "units": "au", "title": "perihelion distance", "label": "q"}, {"value": "10.2651833104094", "sigma": ".00029839", "name": "i", "title": "inclination; angle with respect to x-y ecliptic plane", "label": "i", "units": "deg"}, {"value": "14.00822351090484", "sigma": ".00044029", "name": "om", "title": "longitude of the ascending node", "label": "node", "units": "deg"}, {"title": "argument of perihelion", "label": "peri", "units": "deg", "value": "7.499177322799091", "name": "w", "sigma": ".012573"}, {"name": "ma", "sigma": ".0081477", "value": "16.90378934168395", "units": "deg", "label": "M", "title": "mean anomaly"}, {"units": "TDB", "label": "tp", "title": "time of perihelion passage", "name": "tp", "sigma": "1.9851", "value": "2455677.201726158683"}, {"value": "92073.28292626649", "sigma": "13.578", "name": "per", "title": "sidereal orbital period", "label": "period", "units": "d"}, {"units": "deg/d", "label": "n", "title": "mean motion", "sigma": "5.7658E-7", "name": "n", "value": ".003909929010441528"}, {"name": "ad", "sigma": ".0048093", "value": "48.91915925709647", "units": "au", "label": "Q", "title": "aphelion distance"}], "not_valid_after": null, "first_obs": "2004-10-17", "not_valid_before": null, "moid": "29.8919", "soln_date": "2021-04-14 22:26:55", "epoch": "2460000.5", "sb_used": "SB441-N16", "rms": ".22222", "model_pars": [], "comment": null, "data_arc": "4099", "pe_used": "DE441", "n_dop_obs_used": null}, "object": {"pha": false, "spkid": "3285403", "orbit_class": {"name": "TransNeptunian Object", "code": "TNO"}, "neo": false, "kind": "au", "des": "2004 US10", "prefix": null, "fullname": "(2004 US10)", "orbit_id": "6"}, "signature": {"version": "1.3", "source": "NASA/JPL Small-Body Database (SBDB) API"}}