{"orbit": {"t_jup": "5.241", "covariance": {"elements": [{"label": "e", "title": "eccentricity", "units": null, "value": ".09241285602037148", "name": "e", "sigma": 0.000792619489927023}, {"units": "au", "title": "perihelion distance", "label": "q", "name": "q", "sigma": 0.0281330307638499, "value": "34.64931585668273"}, {"units": "TDB", "title": "time of perihelion passage", "label": "tp", "name": "tp", "sigma": 514.558748727642, "value": "2495807.374307669568"}, {"title": "longitude of the ascending node", "label": "node", "units": "deg", "value": "217.9802786267408", "name": "om", "sigma": 0.000988188886489277}, {"title": "argument of perihelion", "label": "peri", "units": "deg", "value": "336.7432636463151", "name": "w", "sigma": 1.80059072850336}, {"sigma": 0.00209047881222873, "name": "i", "value": "19.45246547253891", "units": "deg", "title": "inclination", "label": "i"}], "labels": ["e", "q", "tp", "node", "peri", "i"], "epoch": "2456828.5", "data": [["6.282456558121738E-7", "-2.207234322912406E-5", "-.4054472362625323", "-3.514665744444746E-8", "-.001416601257488187", "7.450317172212345E-8"], ["-2.207234322912406E-5", ".0007914674199597263", "14.02608529511031", "1.048205150364818E-6", ".0489083995070587", "-2.150181050154936E-6"], ["-.4054472362625323", "14.02608529511031", "264770.7058921567", ".0249121328290933", "926.4253403180228", "-.05364695407303345"], ["-3.514665744444746E-8", "1.048205150364818E-6", ".0249121328290933", "9.765172753809181E-7", "8.725893103177712E-5", "-2.059371535200692E-6"], ["-.001416601257488187", ".0489083995070587", "926.4253403180228", "8.725893103177712E-5", "3.242126971572255", "-.0001883471578736028"], ["7.450317172212345E-8", "-2.150181050154936E-6", "-.05364695407303345", "-2.059371535200692E-6", "-.0001883471578736028", "4.370101664377241E-6"]]}, "condition_code": "6", "source": "JPL", "n_obs_used": 29, "last_obs": "2015-12-07", "orbit_id": "2", "epoch": "2460000.5", "not_valid_before": null, "moid": "34.1009", "soln_date": "2021-04-15 11:41:18", "first_obs": "2013-08-09", "not_valid_after": null, "moid_jup": "29.6911", "n_del_obs_used": null, "elements": [{"sigma": ".0007768", "name": "e", "value": ".0858926911539221", "units": null, "title": "eccentricity", "label": "e"}, {"label": "a", "title": "semi-major axis", "units": "au", "value": "38.39104263417465", "name": "a", "sigma": ".0048077"}, {"units": "au", "label": "q", "title": "perihelion distance", "name": "q", "sigma": ".028317", "value": "35.09353266612043"}, {"title": "inclination; angle with respect to x-y ecliptic plane", "label": "i", "units": "deg", "value": "19.39843885469523", "name": "i", "sigma": ".0020865"}, {"value": "217.9593635565992", "sigma": ".00099147", "name": "om", "title": "longitude of the ascending node", "label": "node", "units": "deg"}, {"name": "w", "sigma": "1.9473", "value": "337.1782367540277", "units": "deg", "title": "argument of perihelion", "label": "peri"}, {"value": "209.5292381363148", "name": "ma", "sigma": "2.315", "label": "M", "title": "mean anomaly", "units": "deg"}, {"sigma": "555.24", "name": "tp", "value": "2496316.073455034442", "units": "TDB", "title": "time of perihelion passage", "label": "tp"}, {"name": "per", "sigma": "16.321", "value": "86884.69628176716", "units": "d", "title": "sidereal orbital period", "label": "period"}, {"units": "deg/d", "label": "n", "title": "mean motion", "name": "n", "sigma": "7.7831E-7", "value": ".004143422436933193"}, {"title": "aphelion distance", "label": "Q", "units": "au", "value": "41.68855260222887", "name": "ad", "sigma": ".0052206"}], "producer": "Otto Matic", "two_body": null, "equinox": "J2000", "comment": null, "model_pars": [], "sb_used": "SB441-N16", "rms": ".21381", "n_dop_obs_used": null, "pe_used": "DE441", "data_arc": "850"}, "object": {"orbit_id": "2", "fullname": "(2014 UF229)", "prefix": null, "kind": "au", "des": "2014 UF229", "neo": false, "orbit_class": {"code": "TNO", "name": "TransNeptunian Object"}, "pha": false, "spkid": "3790105"}, "signature": {"version": "1.3", "source": "NASA/JPL Small-Body Database (SBDB) API"}}