{"object": {"spkid": "3989604", "orbit_id": "5", "pha": false, "fullname": "(2014 RN74)", "des": "2014 RN74", "orbit_class": {"code": "TNO", "name": "TransNeptunian Object"}, "kind": "au", "prefix": null, "neo": false}, "orbit": {"source": "JPL", "t_jup": "4.941", "n_dop_obs_used": null, "condition_code": "3", "elements": [{"label": "e", "title": "eccentricity", "value": ".2932739557945709", "name": "e", "sigma": "6.5749E-5", "units": null}, {"label": "a", "value": "39.67653256832991", "title": "semi-major axis", "name": "a", "sigma": ".004356", "units": "au"}, {"label": "q", "title": "perihelion distance", "value": "28.04043890980367", "name": "q", "units": "au", "sigma": ".00085038"}, {"name": "i", "units": "deg", "sigma": "3.7531E-5", "label": "i", "title": "inclination; angle with respect to x-y ecliptic plane", "value": "24.36223558529718"}, {"units": "deg", "sigma": ".00038964", "name": "om", "value": "115.24034204", "title": "longitude of the ascending node", "label": "node"}, {"units": "deg", "sigma": ".0095797", "name": "w", "value": "317.0295107135091", "title": "argument of perihelion", "label": "peri"}, {"title": "mean anomaly", "value": "349.3392176875091", "label": "M", "sigma": ".0057851", "units": "deg", "name": "ma"}, {"title": "time of perihelion passage", "value": "2462703.745993967831", "label": "tp", "units": "TDB", "sigma": "1.1874", "name": "tp"}, {"name": "per", "units": "d", "sigma": "15.033", "label": "period", "title": "sidereal orbital period", "value": "91284.91036611704"}, {"label": "n", "title": "mean motion", "value": ".003943696702512447", "name": "n", "sigma": "6.4946E-7", "units": "deg/d"}, {"label": "Q", "title": "aphelion distance", "value": "51.31262622685615", "name": "ad", "sigma": ".0056335", "units": "au"}], "soln_date": "2021-09-08 23:43:30", "not_valid_after": null, "sb_used": "SB441-N16", "first_obs": "2014-09-04", "last_obs": "2021-01-11", "two_body": null, "pe_used": "DE441", "equinox": "J2000", "moid_jup": "23.1586", "comment": null, "not_valid_before": null, "n_obs_used": 57, "model_pars": [], "data_arc": "2321", "n_del_obs_used": null, "covariance": {"labels": ["e", "q", "tp", "node", "peri", "i"], "data": [["4.249503935796947E-9", "2.39692551613545E-8", "-2.378419620353794E-5", "3.547388632148086E-10", "-1.647708457914392E-7", "5.983533841967522E-10"], ["2.39692551613545E-8", "7.613546255210242E-7", "-.001055189771944589", "4.889349425209493E-8", "-8.467225663211928E-6", "2.311966615216475E-9"], ["-2.378419620353794E-5", "-.001055189771944589", "1.494789561049834", "-7.097001482459154E-5", ".01205733646081161", "-1.713790753854147E-6"], ["3.547388632148086E-10", "4.889349425209493E-8", "-7.097001482459154E-5", "1.529361715597478E-7", "-7.14407816357387E-7", "-1.253995904294251E-8"], ["-1.647708457914392E-7", "-8.467225663211928E-6", ".01205733646081161", "-7.14407816357387E-7", "9.758254308856276E-5", "1.485015981010085E-9"], ["5.983533841967522E-10", "2.311966615216475E-9", "-1.713790753854147E-6", "-1.253995904294251E-8", "1.485015981010085E-9", "1.417970070903494E-9"]], "epoch": "2457865.5", "elements": [{"units": null, "sigma": 6.51882193022401e-05, "name": "e", "title": "eccentricity", "value": ".2846407353585714", "label": "e"}, {"value": "27.98607533667577", "title": "perihelion distance", "label": "q", "units": "au", "sigma": 0.000872556373835539, "name": "q"}, {"title": "time of perihelion passage", "value": "2462871.985190024797", "label": "tp", "units": "TDB", "sigma": 1.22261586814904, "name": "tp"}, {"label": "node", "title": "longitude of the ascending node", "value": "115.27801625012", "name": "om", "sigma": 0.00039107054550266, "units": "deg"}, {"value": "318.2057971122749", "title": "argument of perihelion", "label": "peri", "sigma": 0.00987838767656761, "units": "deg", "name": "w"}, {"label": "i", "title": "inclination", "value": "24.36490451460471", "name": "i", "units": "deg", "sigma": 3.76559433675946e-05}]}, "epoch": "2460000.5", "rms": ".23584", "producer": "Otto Matic", "orbit_id": "5", "moid": "27.0951"}, "signature": {"version": "1.3", "source": "NASA/JPL Small-Body Database (SBDB) API"}}