{"signature": {"version": "1.3", "source": "NASA/JPL Small-Body Database (SBDB) API"}, "orbit": {"data_arc": "25324", "n_dop_obs_used": null, "pe_used": "DE441", "sb_used": "SB441-N16", "rms": ".39908", "model_pars": [], "comment": null, "two_body": null, "equinox": "J2000", "n_del_obs_used": null, "elements": [{"sigma": "3.5029E-6", "name": "e", "value": ".04200262937601934", "units": null, "title": "eccentricity", "label": "e"}, {"title": "semi-major axis", "label": "a", "units": "au", "value": "39.26394789155724", "name": "a", "sigma": ".00035677"}, {"value": "37.61475884042882", "name": "q", "sigma": ".00026284", "title": "perihelion distance", "label": "q", "units": "au"}, {"value": "9.528291987330157", "name": "i", "sigma": "7.7367E-6", "label": "i", "title": "inclination; angle with respect to x-y ecliptic plane", "units": "deg"}, {"sigma": ".00015721", "name": "om", "value": "147.8233273957462", "units": "deg", "label": "node", "title": "longitude of the ascending node"}, {"value": "162.2969164302828", "sigma": ".0091851", "name": "w", "title": "argument of perihelion", "label": "peri", "units": "deg"}, {"units": "deg", "title": "mean anomaly", "label": "M", "sigma": ".0095745", "name": "ma", "value": "94.86287872291275"}, {"title": "time of perihelion passage", "label": "tp", "units": "TDB", "value": "2436320.419588539804", "sigma": "2.0675", "name": "tp"}, {"value": "89864.75071061302", "sigma": "1.2248", "name": "per", "title": "sidereal orbital period", "label": "period", "units": "d"}, {"title": "mean motion", "label": "n", "units": "deg/d", "value": ".00400602012639294", "name": "n", "sigma": "5.4601E-8"}, {"label": "Q", "title": "aphelion distance", "units": "au", "value": "40.91313694268565", "sigma": ".00037176", "name": "ad"}], "moid_jup": "32.5274", "producer": "Otto Matic", "not_valid_after": null, "first_obs": "1953-08-15", "epoch": "2460000.5", "soln_date": "2023-02-10 09:11:04", "not_valid_before": null, "moid": "36.6005", "orbit_id": "20", "n_obs_used": 612, "last_obs": "2022-12-15", "covariance": {"labels": ["e", "q", "tp", "node", "peri", "i"], "elements": [{"title": "eccentricity", "label": "e", "units": null, "value": ".04289295716793518", "name": "e", "sigma": 2.50270748683429e-06}, {"name": "q", "sigma": 0.000321493549492925, "value": "37.16180357230223", "units": "au", "title": "perihelion distance", "label": "q"}, {"sigma": 2.07065379341124, "name": "tp", "value": "2432980.783951421472", "units": "TDB", "title": "time of perihelion passage", "label": "tp"}, {"label": "node", "title": "longitude of the ascending node", "units": "deg", "value": "147.9962958170928", "name": "om", "sigma": 0.000157846390445562}, {"name": "w", "sigma": 0.0094914267700202, "value": "147.1418482042608", "units": "deg", "title": "argument of perihelion", "label": "peri"}, {"name": "i", "sigma": 7.83561490760909e-06, "value": "9.535599978782733", "units": "deg", "label": "i", "title": "inclination"}], "data": [["6.263544764656433E-12", "-2.617776935623231E-11", "1.885864194995009E-6", "7.563009577030199E-12", "7.701856498506961E-9", "6.332938498685884E-13"], ["-2.617776935623231E-11", "1.033581023655596E-7", ".0006113133095020452", "7.121364263537361E-10", "2.850616812248565E-6", "1.505746396102811E-10"], ["1.885864194995009E-6", ".0006113133095020452", "4.287607132168347", "6.735006876418554E-6", ".01963299591986786", "1.106362280401507E-6"], ["7.563009577030199E-12", "7.121364263537361E-10", "6.735006876418554E-6", "2.491548297669275E-8", "5.499179983743731E-9", "1.148728346848678E-9"], ["7.701856498506961E-9", "2.850616812248565E-6", ".01963299591986786", "5.499179983743731E-9", "9.0087182130656E-5", "3.913050387529861E-9"], ["6.332938498685884E-13", "1.505746396102811E-10", "1.106362280401507E-6", "1.148728346848678E-9", "3.913050387529861E-9", "6.139686098034581E-11"]], "epoch": "2458110.5"}, "source": "JPL", "condition_code": "2", "t_jup": "5.546"}, "object": {"spkid": "20144897", "pha": false, "orbit_class": {"code": "TNO", "name": "TransNeptunian Object"}, "neo": false, "des": "144897", "kind": "an", "prefix": null, "fullname": "144897 (2004 UX10)", "orbit_id": "20"}}