{"object": {"spkid": "3830925", "pha": false, "neo": false, "orbit_class": {"name": "TransNeptunian Object", "code": "TNO"}, "prefix": null, "des": "2015 KM173", "kind": "au", "orbit_id": "2", "fullname": "(2015 KM173)"}, "orbit": {"comment": null, "rms": ".25873", "sb_used": "SB441-N16", "model_pars": [], "data_arc": "1036", "pe_used": "DE441", "n_dop_obs_used": null, "condition_code": "4", "source": "JPL", "covariance": {"epoch": "2457218.5", "data": [["3.368293569147872E-7", "-8.403389391562962E-6", ".005361738174082266", "2.024290422622348E-7", "-1.116882801974E-6", "3.070140568091362E-8"], ["-8.403389391562962E-6", ".0002223968706790215", "-.1243083771981304", "-6.011411516070312E-6", ".0001128195788005737", "-9.00485916265738E-7"], [".005361738174082266", "-.1243083771981304", "92.59102697702414", ".002553082195291944", ".04618129138112537", ".0003950174299755745"], ["2.024290422622348E-7", "-6.011411516070312E-6", ".002553082195291944", "2.93669081489395E-5", "-3.575881144168991E-5", "4.522431953749502E-6"], ["-1.116882801974E-6", ".0001128195788005737", ".04618129138112537", "-3.575881144168991E-5", ".0006022912258468961", "-5.419397598642503E-6"], ["3.070140568091362E-8", "-9.00485916265738E-7", ".0003950174299755745", "4.522431953749502E-6", "-5.419397598642503E-6", "6.974342842592792E-7"]], "elements": [{"value": ".2305867398557496", "sigma": 0.000580370017243127, "name": "e", "label": "e", "title": "eccentricity", "units": null}, {"value": "30.4920075078362", "name": "q", "sigma": 0.0149129765868193, "label": "q", "title": "perihelion distance", "units": "au"}, {"name": "tp", "sigma": 9.62242313437858, "value": "2441163.060512457603", "units": "TDB", "title": "time of perihelion passage", "label": "tp"}, {"value": "191.6309284485334", "name": "om", "sigma": 0.00541912429724024, "label": "node", "title": "longitude of the ascending node", "units": "deg"}, {"value": "313.3827063406951", "sigma": 0.0245416223148939, "name": "w", "label": "peri", "title": "argument of perihelion", "units": "deg"}, {"value": "8.252863044565974", "sigma": 0.000835125310512907, "name": "i", "label": "i", "title": "inclination", "units": "deg"}], "labels": ["e", "q", "tp", "node", "peri", "i"]}, "t_jup": "5.433", "orbit_id": "2", "n_obs_used": 41, "last_obs": "2017-03-30", "not_valid_after": null, "first_obs": "2014-05-29", "not_valid_before": null, "moid": "29.4606", "soln_date": "2021-04-15 13:49:20", "epoch": "2460000.5", "two_body": null, "equinox": "J2000", "producer": "Otto Matic", "moid_jup": "25.1174", "n_del_obs_used": null, "elements": [{"sigma": ".00057874", "name": "e", "value": ".2259133302475836", "units": null, "title": "eccentricity", "label": "e"}, {"units": "au", "label": "a", "title": "semi-major axis", "name": "a", "sigma": ".01161", "value": "39.32646254540492"}, {"title": "perihelion distance", "label": "q", "units": "au", "value": "30.44209042491563", "sigma": ".014945", "name": "q"}, {"units": "deg", "title": "inclination; angle with respect to x-y ecliptic plane", "label": "i", "sigma": ".00084035", "name": "i", "value": "8.27920554903125"}, {"name": "om", "sigma": ".0054008", "value": "191.8603576826245", "units": "deg", "title": "longitude of the ascending node", "label": "node"}, {"units": "deg", "title": "argument of perihelion", "label": "peri", "sigma": ".024903", "name": "w", "value": "311.7558419027234"}, {"title": "mean anomaly", "label": "M", "units": "deg", "value": "76.40294711905601", "sigma": ".075183", "name": "ma"}, {"units": "TDB", "label": "tp", "title": "time of perihelion passage", "sigma": "10.4", "name": "tp", "value": "2440882.900393840660"}, {"title": "sidereal orbital period", "label": "period", "units": "d", "value": "90079.45527929522", "sigma": "39.891", "name": "per"}, {"value": ".003996471769104338", "name": "n", "sigma": "1.7698E-6", "title": "mean motion", "label": "n", "units": "deg/d"}, {"units": "au", "label": "Q", "title": "aphelion distance", "name": "ad", "sigma": ".014233", "value": "48.21083466589422"}]}, "signature": {"version": "1.3", "source": "NASA/JPL Small-Body Database (SBDB) API"}}