{"signature": {"version": "1.3", "source": "NASA/JPL Small-Body Database (SBDB) API"}, "object": {"spkid": "3696025", "des": "2011 UZ410", "pha": false, "orbit_id": "7", "fullname": "(2011 UZ410)", "kind": "au", "orbit_class": {"name": "TransNeptunian Object", "code": "TNO"}, "neo": false, "prefix": null}, "orbit": {"orbit_id": "7", "moid": "33.7805", "producer": "Otto Matic", "rms": ".18419", "epoch": "2460000.5", "covariance": {"epoch": "2456072.5", "elements": [{"label": "e", "title": "eccentricity", "value": ".124890060973834", "name": "e", "sigma": 0.000143328105271562, "units": null}, {"title": "perihelion distance", "value": "34.77939480088965", "label": "q", "sigma": 0.00521324272279695, "units": "au", "name": "q"}, {"name": "tp", "sigma": 7.22588495605661, "units": "TDB", "label": "tp", "title": "time of perihelion passage", "value": "2438650.154595634125"}, {"title": "longitude of the ascending node", "value": "298.5538516611708", "label": "node", "sigma": 0.0116345390781407, "units": "deg", "name": "om"}, {"name": "w", "sigma": 0.0430687169213904, "units": "deg", "label": "peri", "value": "10.86696598333127", "title": "argument of perihelion"}, {"label": "i", "title": "inclination", "value": "3.832068294006986", "name": "i", "units": "deg", "sigma": 5.25749041911919e-05}], "data": [["2.054294576073593E-8", "-4.679254964796488E-7", ".0003109584495744739", "1.089053391268885E-8", "-1.777140015491957E-8", "1.114044230571802E-10"], ["-4.679254964796488E-7", "2.717789968679534E-5", ".02072781847836618", "-9.575313873650468E-7", ".0001684051126672645", "9.083740539597075E-9"], [".0003109584495744739", ".02072781847836618", "52.21341339816522", "-.0009999924399657903", ".2853894311663454", "2.068714614294196E-5"], ["1.089053391268885E-8", "-9.575313873650468E-7", "-.0009999924399657903", ".0001353624995607822", "-.000142125270026586", "-5.330473611276339E-7"], ["-1.777140015491957E-8", ".0001684051126672645", ".2853894311663454", "-.000142125270026586", ".001854914377254861", "6.471602595597455E-7"], ["1.114044230571802E-10", "9.083740539597075E-9", "2.068714614294196E-5", "-5.330473611276339E-7", "6.471602595597455E-7", "2.764120550713005E-9"]], "labels": ["e", "q", "tp", "node", "peri", "i"]}, "n_del_obs_used": null, "data_arc": "3387", "model_pars": [], "not_valid_before": null, "n_obs_used": 33, "comment": null, "pe_used": "DE441", "two_body": null, "equinox": "J2000", "moid_jup": "29.7009", "last_obs": "2013-12-24", "first_obs": "2004-09-15", "not_valid_after": null, "sb_used": "SB441-N16", "n_dop_obs_used": null, "condition_code": "3", "elements": [{"name": "e", "units": null, "sigma": ".00014354", "label": "e", "title": "eccentricity", "value": ".125991946038832"}, {"label": "a", "title": "semi-major axis", "value": "39.81198100691929", "name": "a", "sigma": ".0054435", "units": "au"}, {"units": "au", "sigma": ".0051815", "name": "q", "value": "34.79599204419652", "title": "perihelion distance", "label": "q"}, {"label": "i", "value": "3.833233351237162", "title": "inclination; angle with respect to x-y ecliptic plane", "name": "i", "sigma": "5.3826E-5", "units": "deg"}, {"sigma": ".011619", "units": "deg", "name": "om", "title": "longitude of the ascending node", "value": "298.3899397832084", "label": "node"}, {"units": "deg", "sigma": ".042749", "name": "w", "value": "11.66586804225919", "title": "argument of perihelion", "label": "peri"}, {"name": "ma", "sigma": ".044676", "units": "deg", "label": "M", "value": "83.17635152762303", "title": "mean anomaly"}, {"units": "TDB", "sigma": "7.1441", "name": "tp", "title": "time of perihelion passage", "value": "2438801.446306980055", "label": "tp"}, {"name": "per", "units": "d", "sigma": "18.818", "label": "period", "value": "91752.75411007529", "title": "sidereal orbital period"}, {"name": "n", "units": "deg/d", "sigma": "8.047E-7", "label": "n", "title": "mean motion", "value": ".003923587945579377"}, {"name": "ad", "sigma": ".0061293", "units": "au", "label": "Q", "value": "44.82796996964206", "title": "aphelion distance"}], "soln_date": "2021-04-15 05:41:06", "source": "JPL", "t_jup": "5.606"}}