{"object": {"fullname": "(2015 TC361)", "orbit_id": "2", "kind": "au", "des": "2015 TC361", "prefix": null, "orbit_class": {"name": "TransNeptunian Object", "code": "TNO"}, "neo": false, "pha": false, "spkid": "54197623"}, "orbit": {"data_arc": "1768", "n_dop_obs_used": null, "pe_used": "DE441", "comment": null, "rms": ".22266", "sb_used": "SB441-N16", "model_pars": [], "not_valid_after": null, "first_obs": "2013-11-08", "epoch": "2460000.5", "soln_date": "2021-09-16 06:34:09", "not_valid_before": null, "moid": "34.407", "equinox": "J2000", "two_body": null, "moid_jup": "30.0366", "n_del_obs_used": null, "elements": [{"value": ".105239375524514", "name": "e", "sigma": ".00032405", "label": "e", "title": "eccentricity", "units": null}, {"units": "au", "label": "a", "title": "semi-major axis", "sigma": ".012003", "name": "a", "value": "39.57907922332605"}, {"title": "perihelion distance", "label": "q", "units": "au", "value": "35.41380164202796", "name": "q", "sigma": ".019788"}, {"name": "i", "sigma": ".00043325", "value": "5.715436434644135", "units": "deg", "label": "i", "title": "inclination; angle with respect to x-y ecliptic plane"}, {"sigma": ".011362", "name": "om", "value": "130.8422801713084", "units": "deg", "title": "longitude of the ascending node", "label": "node"}, {"name": "w", "sigma": ".20723", "value": "105.9421944825269", "units": "deg", "label": "peri", "title": "argument of perihelion"}, {"value": "144.6795289573028", "name": "ma", "sigma": ".2589", "title": "mean anomaly", "label": "M", "units": "deg"}, {"value": "2423449.308228873204", "name": "tp", "sigma": "58.544", "label": "tp", "title": "time of perihelion passage", "units": "TDB"}, {"value": "90948.7965051981", "sigma": "41.373", "name": "per", "title": "sidereal orbital period", "label": "period", "units": "d"}, {"sigma": "1.8006E-6", "name": "n", "value": ".003958271179315985", "units": "deg/d", "title": "mean motion", "label": "n"}, {"label": "Q", "title": "aphelion distance", "units": "au", "value": "43.74435680462415", "name": "ad", "sigma": ".013266"}], "producer": "Otto Matic", "covariance": {"elements": [{"units": null, "title": "eccentricity", "label": "e", "sigma": 0.00030959780144287, "name": "e", "value": ".1145786352521829"}, {"units": "au", "title": "perihelion distance", "label": "q", "sigma": 0.0192634089617363, "name": "q", "value": "34.65975211183627"}, {"units": "TDB", "label": "tp", "title": "time of perihelion passage", "sigma": 55.1988534993512, "name": "tp", "value": "2423098.083294238328"}, {"units": "deg", "title": "longitude of the ascending node", "label": "node", "name": "om", "sigma": 0.0114126587019067, "value": "131.0070494737599"}, {"units": "deg", "title": "argument of perihelion", "label": "peri", "name": "w", "sigma": 0.194034805308251, "value": "102.1163097199583"}, {"label": "i", "title": "inclination", "units": "deg", "value": "5.721487441651647", "sigma": 0.000438680726282866, "name": "i"}], "labels": ["e", "q", "tp", "node", "peri", "i"], "epoch": "2457670.5", "data": [["9.5850798658259E-8", "-5.244779450469041E-6", ".0128071762499879", "1.937556422835491E-7", "2.949437626508068E-5", "6.086723874107161E-9"], ["-5.244779450469041E-6", ".0003710789248271023", "-.3662610908180667", "-1.09138928100065E-5", "-6.873180548634791E-5", "-2.897549878137352E-7"], [".0128071762499879", "-.3662610908180667", "3046.913427642839", ".02479466175851436", "10.10390324403923", ".0009890912556659909"], ["1.937556422835491E-7", "-1.09138928100065E-5", ".02479466175851436", ".0001302487786462073", "-7.48275772206939E-5", "4.983829271690571E-6"], ["2.949437626508068E-5", "-6.873180548634791E-5", "10.10390324403923", "-7.48275772206939E-5", ".0376495056710108", "-2.266421563423378E-6"], ["6.086723874107161E-9", "-2.897549878137352E-7", ".0009890912556659909", "4.983829271690571E-6", "-2.266421563423378E-6", "1.924407796120627E-7"]]}, "source": "JPL", "condition_code": "4", "t_jup": "5.590", "orbit_id": "2", "n_obs_used": 18, "last_obs": "2018-09-11"}, "signature": {"version": "1.3", "source": "NASA/JPL Small-Body Database (SBDB) API"}}