{"signature": {"version": "1.3", "source": "NASA/JPL Small-Body Database (SBDB) API"}, "orbit": {"orbit_id": "2", "n_obs_used": 30, "last_obs": "2017-05-24", "condition_code": "5", "source": "JPL", "covariance": {"labels": ["e", "q", "tp", "node", "peri", "i"], "elements": [{"label": "e", "title": "eccentricity", "units": null, "value": ".1242155618275969", "name": "e", "sigma": 0.000525175953269234}, {"value": "34.64163776806393", "name": "q", "sigma": 0.0156553678279176, "label": "q", "title": "perihelion distance", "units": "au"}, {"label": "tp", "title": "time of perihelion passage", "units": "TDB", "value": "2452022.011960340402", "sigma": 86.1798185003714, "name": "tp"}, {"value": "70.34471499260175", "name": "om", "sigma": 0.0139526235198153, "label": "node", "title": "longitude of the ascending node", "units": "deg"}, {"name": "w", "sigma": 0.455140401432109, "value": "109.5139828185274", "units": "deg", "title": "argument of perihelion", "label": "peri"}, {"name": "i", "sigma": 0.000915757981263873, "value": "3.570760959400558", "units": "deg", "title": "inclination", "label": "i"}], "data": [["2.758097818922482E-7", "-8.013599033399288E-6", "-.04437565949460823", "2.684181917032418E-7", "-.0002343052647640385", "-1.775636679303218E-8"], ["-8.013599033399288E-6", ".0002450905418273988", "1.348073925361725", "-8.46056866192798E-6", ".007116325560003362", "5.643679745557752E-7"], ["-.04437565949460823", "1.348073925361725", "7426.961116756961", "-.04626492411224069", "39.20551794987639", ".003081515270437543"], ["2.684181917032418E-7", "-8.46056866192798E-6", "-.04626492411224069", ".0001946757030857018", "-.0004382236349575298", "-1.276693580961501E-5"], ["-.0002343052647640385", ".007116325560003362", "39.20551794987639", "-.0004382236349575298", ".2071527850157811", "2.898875832431922E-5"], ["-1.775636679303218E-8", "5.643679745557752E-7", ".003081515270437543", "-1.276693580961501E-5", "2.898875832431922E-5", "8.386126802484844E-7"]], "epoch": "2457331.5"}, "t_jup": "5.569", "two_body": null, "equinox": "J2000", "producer": "Otto Matic", "moid_jup": "29.1774", "n_del_obs_used": null, "elements": [{"title": "eccentricity", "label": "e", "units": null, "value": ".1142354831006007", "name": "e", "sigma": ".00054365"}, {"units": "au", "title": "semi-major axis", "label": "a", "name": "a", "sigma": ".007094", "value": "39.09482085357774"}, {"value": "34.62880510663784", "name": "q", "sigma": ".016433", "title": "perihelion distance", "label": "q", "units": "au"}, {"label": "i", "title": "inclination; angle with respect to x-y ecliptic plane", "units": "deg", "value": "3.577610703350043", "sigma": ".00092144", "name": "i"}, {"value": "70.28284861805523", "name": "om", "sigma": ".013961", "title": "longitude of the ascending node", "label": "node", "units": "deg"}, {"label": "peri", "title": "argument of perihelion", "units": "deg", "value": "108.2764309671787", "name": "w", "sigma": ".48677"}, {"name": "ma", "sigma": ".36647", "value": "33.32727851380805", "units": "deg", "title": "mean anomaly", "label": "M"}, {"sigma": "92.466", "name": "tp", "value": "2451734.895554995590", "units": "TDB", "title": "time of perihelion passage", "label": "tp"}, {"label": "period", "title": "sidereal orbital period", "units": "d", "value": "89284.74609676692", "name": "per", "sigma": "24.302"}, {"sigma": "1.0975E-6", "name": "n", "value": ".004032043722337873", "units": "deg/d", "label": "n", "title": "mean motion"}, {"sigma": ".0079044", "name": "ad", "value": "43.56083660051763", "units": "au", "label": "Q", "title": "aphelion distance"}], "first_obs": "2015-02-20", "not_valid_after": null, "not_valid_before": null, "soln_date": "2021-04-15 13:31:05", "moid": "33.635", "epoch": "2460000.5", "rms": ".17379", "sb_used": "SB441-N16", "model_pars": [], "comment": null, "data_arc": "824", "pe_used": "DE441", "n_dop_obs_used": null}, "object": {"pha": false, "spkid": "3830915", "orbit_class": {"code": "TNO", "name": "TransNeptunian Object"}, "neo": false, "kind": "au", "des": "2015 GY54", "prefix": null, "fullname": "(2015 GY54)", "orbit_id": "2"}}