{"signature": {"version": "1.3", "source": "NASA/JPL Small-Body Database (SBDB) API"}, "orbit": {"covariance": {"data": [["1.816057682701301E-7", "-5.026888968039484E-6", "-.01859303276678212", "1.442987725537087E-7", "-9.312255499148697E-5", "-9.912181003277211E-9"], ["-5.026888968039484E-6", ".0001539146879324596", ".5722701085521231", "-4.72933217032678E-6", ".002857993031227849", "3.926859970668409E-7"], ["-.01859303276678212", ".5722701085521231", "2131.284276513897", "-.01759015131662896", "10.64059649720985", ".001465296741900987"], ["1.442987725537087E-7", "-4.72933217032678E-6", "-.01759015131662896", "3.684403308788188E-6", "-9.091479174971496E-5", "-3.315471001743243E-7"], ["-9.312255499148697E-5", ".002857993031227849", "10.64059649720985", "-9.091479174971496E-5", ".05313205309907763", "7.567065663850433E-6"], ["-9.912181003277211E-9", "3.926859970668409E-7", ".001465296741900987", "-3.315471001743243E-7", "7.567065663850433E-6", "3.08044572069493E-8"]], "epoch": "2457655.5", "labels": ["e", "q", "tp", "node", "peri", "i"], "elements": [{"sigma": 0.000426152282957783, "name": "e", "value": ".08953069325925316", "units": null, "title": "eccentricity", "label": "e"}, {"units": "au", "title": "perihelion distance", "label": "q", "sigma": 0.0124062358486553, "name": "q", "value": "36.7454752277904"}, {"label": "tp", "title": "time of perihelion passage", "units": "TDB", "value": "2447644.311837998926", "name": "tp", "sigma": 46.1658345155148}, {"title": "longitude of the ascending node", "label": "node", "units": "deg", "value": "96.00310366938037", "name": "om", "sigma": 0.00191947995790219}, {"name": "w", "sigma": 0.230503911244642, "value": "236.4040116608604", "units": "deg", "label": "peri", "title": "argument of perihelion"}, {"value": "25.3771508998524", "sigma": 0.00017551198593529, "name": "i", "title": "inclination", "label": "i", "units": "deg"}]}, "condition_code": "4", "source": "JPL", "t_jup": "5.169", "orbit_id": "1", "last_obs": "2018-12-03", "n_obs_used": 29, "not_valid_after": null, "first_obs": "2014-12-17", "epoch": "2460000.5", "moid": "35.9331", "not_valid_before": null, "soln_date": "2021-09-22 11:42:07", "equinox": "J2000", "two_body": null, "n_del_obs_used": null, "elements": [{"name": "e", "sigma": ".00039831", "value": ".09836510175778326", "units": null, "label": "e", "title": "eccentricity"}, {"value": "40.89208130856289", "name": "a", "sigma": ".0075017", "title": "semi-major axis", "label": "a", "units": "au"}, {"value": "36.86972756955856", "name": "q", "sigma": ".011326", "title": "perihelion distance", "label": "q", "units": "au"}, {"value": "25.36560937284795", "sigma": ".00017398", "name": "i", "title": "inclination; angle with respect to x-y ecliptic plane", "label": "i", "units": "deg"}, {"sigma": ".0019123", "name": "om", "value": "96.03024912620127", "units": "deg", "title": "longitude of the ascending node", "label": "node"}, {"value": "241.2666035179183", "sigma": ".23042", "name": "w", "label": "peri", "title": "argument of perihelion", "units": "deg"}, {"sigma": ".16995", "name": "ma", "value": "42.45089239300891", "units": "deg", "title": "mean anomaly", "label": "M"}, {"units": "TDB", "title": "time of perihelion passage", "label": "tp", "sigma": "46.91", "name": "tp", "value": "2448737.824435103930"}, {"units": "d", "title": "sidereal orbital period", "label": "period", "name": "per", "sigma": "26.282", "value": "95511.84851016977"}, {"title": "mean motion", "label": "n", "units": "deg/d", "value": ".003769165874343521", "name": "n", "sigma": "1.0372E-6"}, {"units": "au", "label": "Q", "title": "aphelion distance", "name": "ad", "sigma": ".0082396", "value": "44.91443504756723"}], "moid_jup": "32.1858", "producer": "Otto Matic", "comment": null, "rms": ".17799", "sb_used": "SB441-N16", "model_pars": [], "data_arc": "1447", "n_dop_obs_used": null, "pe_used": "DE441"}, "object": {"prefix": null, "des": "2015 QX33", "kind": "au", "orbit_id": "1", "fullname": "(2015 QX33)", "spkid": "54199084", "pha": false, "neo": false, "orbit_class": {"name": "TransNeptunian Object", "code": "TNO"}}}