{"signature": {"version": "1.3", "source": "NASA/JPL Small-Body Database (SBDB) API"}, "orbit": {"two_body": null, "equinox": "J2000", "producer": "Otto Matic", "n_del_obs_used": null, "moid_jup": "33.2946", "elements": [{"name": "e", "sigma": ".00023217", "value": ".06970727741050323", "units": null, "title": "eccentricity", "label": "e"}, {"title": "semi-major axis", "label": "a", "units": "au", "value": "41.21385905632948", "name": "a", "sigma": ".0056978"}, {"value": "38.34095314993254", "sigma": ".0088319", "name": "q", "label": "q", "title": "perihelion distance", "units": "au"}, {"name": "i", "sigma": ".00025837", "value": "14.777899306546", "units": "deg", "title": "inclination; angle with respect to x-y ecliptic plane", "label": "i"}, {"units": "deg", "label": "node", "title": "longitude of the ascending node", "name": "om", "sigma": ".0020843", "value": "142.8754438139233"}, {"title": "argument of perihelion", "label": "peri", "units": "deg", "value": "180.243627889802", "name": "w", "sigma": ".11884"}, {"name": "ma", "sigma": ".099072", "value": "66.90030807525821", "units": "deg", "label": "M", "title": "mean anomaly"}, {"units": "TDB", "label": "tp", "title": "time of perihelion passage", "sigma": "24.534", "name": "tp", "value": "2442041.218154830360"}, {"title": "sidereal orbital period", "label": "period", "units": "d", "value": "96641.4303651339", "name": "per", "sigma": "20.041"}, {"value": ".003725110427689614", "sigma": "7.725E-7", "name": "n", "label": "n", "title": "mean motion", "units": "deg/d"}, {"units": "au", "title": "aphelion distance", "label": "Q", "sigma": ".006095", "name": "ad", "value": "44.08676496272641"}], "first_obs": "2013-09-12", "not_valid_after": null, "moid": "37.3274", "not_valid_before": null, "soln_date": "2021-09-09 00:04:33", "epoch": "2460000.5", "orbit_id": "5", "last_obs": "2018-11-29", "n_obs_used": 68, "source": "JPL", "condition_code": "4", "covariance": {"labels": ["e", "q", "tp", "node", "peri", "i"], "elements": [{"value": ".0641932802114196", "sigma": 0.000241291002218705, "name": "e", "title": "eccentricity", "label": "e", "units": null}, {"units": "au", "label": "q", "title": "perihelion distance", "sigma": 0.00938803790673501, "name": "q", "value": "38.1541150708782"}, {"value": "2440277.533025277771", "name": "tp", "sigma": 22.6795879165605, "label": "tp", "title": "time of perihelion passage", "units": "TDB"}, {"sigma": 0.00208813522553281, "name": "om", "value": "143.1056291058018", "units": "deg", "title": "longitude of the ascending node", "label": "node"}, {"label": "peri", "title": "argument of perihelion", "units": "deg", "value": "172.6013380715997", "sigma": 0.112103507211185, "name": "w"}, {"name": "i", "sigma": 0.000261331368011085, "value": "14.80289367751779", "units": "deg", "title": "inclination", "label": "i"}], "data": [["5.822134775170688E-8", "-1.936548347832932E-6", "-.002376479079835283", "6.541460612710827E-8", "-1.473901814420661E-5", "8.543525948325186E-9"], ["-1.936548347832932E-6", "8.813525573829344E-5", ".1783793839179664", "-2.269867829385384E-6", ".0009473926147690222", "-2.442886009665585E-7"], ["-.002376479079835283", ".1783793839179664", "514.3637080649972", "-.003070182696246064", "2.521478880548725", "-.0001845565397607911"], ["6.541460612710827E-8", "-2.269867829385384E-6", "-.003070182696246064", "4.360308720110977E-6", "-2.254152058300874E-5", "5.432308730841162E-7"], ["-1.473901814420661E-5", ".0009473926147690222", "2.521478880548725", "-2.254152058300874E-5", ".01256719632904819", "-1.921563323287235E-6"], ["8.543525948325186E-9", "-2.442886009665585E-7", "-.0001845565397607911", "5.432308730841162E-7", "-1.921563323287235E-6", "6.829408390654499E-8"]], "epoch": "2457319.5"}, "t_jup": "5.556", "data_arc": "1904", "pe_used": "DE441", "n_dop_obs_used": null, "rms": ".12724", "sb_used": "SB441-N16", "model_pars": [], "comment": null}, "object": {"des": "2015 TK363", "kind": "au", "prefix": null, "fullname": "(2015 TK363)", "orbit_id": "5", "spkid": "3841640", "pha": false, "orbit_class": {"name": "TransNeptunian Object", "code": "TNO"}, "neo": false}}