{"object": {"orbit_id": "16", "fullname": "59358 (1999 CL158)", "prefix": null, "kind": "an", "des": "59358", "neo": false, "orbit_class": {"code": "TNO", "name": "TransNeptunian Object"}, "pha": false, "spkid": "20059358"}, "orbit": {"n_dop_obs_used": null, "pe_used": "DE441", "data_arc": "7737", "comment": null, "model_pars": [], "rms": ".6862", "sb_used": "SB441-N16", "epoch": "2460000.5", "not_valid_before": null, "moid": "31.7014", "soln_date": "2021-04-13 11:36:28", "first_obs": "1999-02-11", "not_valid_after": null, "n_del_obs_used": null, "moid_jup": "27.571", "elements": [{"sigma": "1.137E-5", "name": "e", "value": ".2076693469109065", "units": null, "label": "e", "title": "eccentricity"}, {"label": "a", "title": "semi-major axis", "units": "au", "value": "41.24701600896222", "name": "a", "sigma": ".0010203"}, {"sigma": ".00036124", "name": "q", "value": "32.68127513235734", "units": "au", "title": "perihelion distance", "label": "q"}, {"value": "10.03634748799418", "sigma": "3.4657E-5", "name": "i", "label": "i", "title": "inclination; angle with respect to x-y ecliptic plane", "units": "deg"}, {"value": "120.1188578439345", "sigma": ".00013265", "name": "om", "title": "longitude of the ascending node", "label": "node", "units": "deg"}, {"label": "peri", "title": "argument of perihelion", "units": "deg", "value": "326.7627959845634", "name": "w", "sigma": ".0036322"}, {"units": "deg", "label": "M", "title": "mean anomaly", "sigma": ".0042656", "name": "ma", "value": "56.50932683274817"}, {"value": "2444812.350519926325", "sigma": ".58553", "name": "tp", "title": "time of perihelion passage", "label": "tp", "units": "TDB"}, {"title": "sidereal orbital period", "label": "period", "units": "d", "value": "96758.07728181736", "name": "per", "sigma": "3.5902"}, {"sigma": "1.3806E-7", "name": "n", "value": ".003720619612473952", "units": "deg/d", "title": "mean motion", "label": "n"}, {"units": "au", "title": "aphelion distance", "label": "Q", "sigma": ".0012322", "name": "ad", "value": "49.81275688556711"}], "producer": "Otto Matic", "two_body": null, "equinox": "J2000", "t_jup": "5.550", "covariance": {"labels": ["e", "q", "tp", "node", "peri", "i"], "elements": [{"value": ".2108016985683262", "name": "e", "sigma": 1.20215263214032e-05, "title": "eccentricity", "label": "e", "units": null}, {"title": "perihelion distance", "label": "q", "units": "au", "value": "32.94698749061605", "name": "q", "sigma": 0.000344561015489292}, {"name": "tp", "sigma": 0.567293775401943, "value": "2445286.558879564391", "units": "TDB", "title": "time of perihelion passage", "label": "tp"}, {"units": "deg", "label": "node", "title": "longitude of the ascending node", "sigma": 0.000132498024569583, "name": "om", "value": "120.0404844954936"}, {"name": "w", "sigma": 0.00345679664957548, "value": "329.7033144370799", "units": "deg", "label": "peri", "title": "argument of perihelion"}, {"value": "10.01507379497872", "sigma": 3.44751775485927e-05, "name": "i", "title": "inclination", "label": "i", "units": "deg"}], "data": [["1.445170950961898E-10", "3.730393104436489E-9", "6.452282422360813E-6", "-3.509966803065364E-11", "3.877475952867392E-8", "-5.94604581303938E-13"], ["3.730393104436489E-9", "1.187222933950121E-7", ".0001937849726852339", "-1.123360026420412E-9", "1.18517313329915E-6", "-5.297438752456274E-11"], ["6.452282422360813E-6", ".0001937849726852339", ".3218222276097903", "-1.826496945225597E-6", ".001958109750172876", "-7.246249135288169E-8"], ["-3.509966803065364E-11", "-1.123360026420412E-9", "-1.826496945225597E-6", "1.755572651484177E-8", "-2.845989721955053E-8", "4.433383167330908E-9"], ["3.877475952867392E-8", "1.18517313329915E-6", ".001958109750172876", "-2.845989721955053E-8", "1.194944307651626E-5", "-4.835081382233702E-9"], ["-5.94604581303938E-13", "-5.297438752456274E-11", "-7.246249135288169E-8", "4.433383167330908E-9", "-4.835081382233702E-9", "1.188537867006993E-9"]], "epoch": "2457232.5"}, "condition_code": "2", "source": "JPL", "n_obs_used": 195, "last_obs": "2020-04-18", "orbit_id": "16"}, "signature": {"version": "1.3", "source": "NASA/JPL Small-Body Database (SBDB) API"}}