{"signature": {"version": "1.3", "source": "NASA/JPL Small-Body Database (SBDB) API"}, "object": {"des": "2008 AQ118", "kind": "au", "prefix": null, "fullname": "(2008 AQ118)", "orbit_id": "17", "spkid": "3427533", "pha": false, "orbit_class": {"name": "TransNeptunian Object", "code": "TNO"}, "neo": false}, "orbit": {"data_arc": "7266", "pe_used": "DE441", "n_dop_obs_used": null, "sb_used": "SB441-N16", "rms": ".57072", "model_pars": [], "comment": null, "equinox": "J2000", "two_body": null, "producer": "Otto Matic", "elements": [{"label": "e", "title": "eccentricity", "units": null, "value": ".05796038721595505", "name": "e", "sigma": "1.8441E-5"}, {"sigma": ".0010458", "name": "a", "value": "41.32164302397772", "units": "au", "title": "semi-major axis", "label": "a"}, {"value": "38.9266245939085", "name": "q", "sigma": ".00022597", "title": "perihelion distance", "label": "q", "units": "au"}, {"value": "24.6199668738446", "name": "i", "sigma": "5.2257E-5", "title": "inclination; angle with respect to x-y ecliptic plane", "label": "i", "units": "deg"}, {"value": "312.4698722887819", "name": "om", "sigma": "2.3575E-5", "label": "node", "title": "longitude of the ascending node", "units": "deg"}, {"title": "argument of perihelion", "label": "peri", "units": "deg", "value": "195.5302575483306", "sigma": ".0085592", "name": "w"}, {"value": "4.266694778308623", "name": "ma", "sigma": ".0075745", "title": "mean anomaly", "label": "M", "units": "deg"}, {"name": "tp", "sigma": "2.0507", "value": "2458850.616413852082", "units": "TDB", "label": "tp", "title": "time of perihelion passage"}, {"units": "d", "title": "sidereal orbital period", "label": "period", "sigma": "3.6831", "name": "per", "value": "97020.78834365301"}, {"label": "n", "title": "mean motion", "units": "deg/d", "value": ".003710544988820953", "name": "n", "sigma": "1.4086E-7"}, {"title": "aphelion distance", "label": "Q", "units": "au", "value": "43.71666145404694", "sigma": ".0011064", "name": "ad"}], "n_del_obs_used": null, "moid_jup": "33.5966", "not_valid_after": null, "first_obs": "2003-04-26", "not_valid_before": null, "soln_date": "2023-03-24 01:03:21", "moid": "37.9448", "epoch": "2460000.5", "orbit_id": "17", "n_obs_used": 220, "last_obs": "2023-03-18", "condition_code": "2", "source": "JPL", "covariance": {"elements": [{"title": "eccentricity", "label": "e", "units": null, "value": ".06721935400640747", "name": "e", "sigma": 1.84544353925378e-05}, {"sigma": 0.000231995159836892, "name": "q", "value": "38.93578658311158", "units": "au", "label": "q", "title": "perihelion distance"}, {"sigma": 1.8058288500504, "name": "tp", "value": "2459489.340273032072", "units": "TDB", "label": "tp", "title": "time of perihelion passage"}, {"name": "om", "sigma": 2.36136452243513e-05, "value": "312.435257183522", "units": "deg", "title": "longitude of the ascending node", "label": "node"}, {"value": "198.2507846598756", "sigma": 0.00757129258157742, "name": "w", "title": "argument of perihelion", "label": "peri", "units": "deg"}, {"units": "deg", "title": "inclination", "label": "i", "name": "i", "sigma": 5.2069792887451e-05, "value": "24.53786881151434"}], "labels": ["e", "q", "tp", "node", "peri", "i"], "epoch": "2457420.5", "data": [["3.4056618565735E-10", "4.149031232428926E-9", "-8.701269878729648E-6", "-1.67238573638049E-12", "-3.642750397258933E-8", "3.280131378951503E-11"], ["4.149031232428926E-9", "5.382175418774498E-8", "-.0001969083305468092", "-1.100585136771535E-11", "-8.251384520132283E-7", "4.350969778033824E-10"], ["-8.701269878729648E-6", "-.0001969083305468092", "3.261017835674366", "-2.783481191429454E-7", ".01367239297215232", "-1.876323695537585E-6"], ["-1.67238573638049E-12", "-1.100585136771535E-11", "-2.783481191429454E-7", "5.576042407815283E-10", "-1.674560878398599E-9", "1.095575829177191E-9"], ["-3.642750397258933E-8", "-8.251384520132283E-7", ".01367239297215232", "-1.674560878398599E-9", "5.732447135584929E-5", "-8.860219103758371E-9"], ["3.280131378951503E-11", "4.350969778033824E-10", "-1.876323695537585E-6", "1.095575829177191E-9", "-8.860219103758371E-9", "2.711263331342039E-9"]]}, "t_jup": "5.241"}}