{"orbit": {"equinox": "J2000", "two_body": null, "pe_used": "DE441", "moid_jup": "22.6085", "comment": null, "not_valid_before": null, "n_obs_used": 122, "data_arc": "2619", "model_pars": [], "n_del_obs_used": null, "covariance": {"labels": ["e", "q", "tp", "node", "peri", "i"], "data": [["2.886155341565938E-10", "2.311858935087391E-9", "2.044551499095276E-6", "1.046335425526429E-10", "1.541431278973796E-8", "4.180734915213105E-11"], ["2.311858935087391E-9", "5.858882610189569E-8", "8.051168846198739E-5", "-2.591042509395467E-9", "6.482848835385221E-7", "4.069551612838159E-10"], ["2.044551499095276E-6", "8.051168846198739E-5", ".1184037226888019", "-4.81332623389034E-6", ".0009583084611827771", "3.998980836690427E-7"], ["1.046335425526429E-10", "-2.591042509395467E-9", "-4.81332623389034E-6", "4.058457777042631E-8", "-7.818824453025627E-8", "1.107581708106757E-9"], ["1.541431278973796E-8", "6.482848835385221E-7", ".0009583084611827771", "-7.818824453025627E-8", "7.799093391344375E-6", "2.046051190200266E-9"], ["4.180734915213105E-11", "4.069551612838159E-10", "3.998980836690427E-7", "1.107581708106757E-9", "2.046051190200266E-9", "6.22346158560708E-11"]], "epoch": "2457128.5", "elements": [{"sigma": 1.69886884177853e-05, "units": null, "name": "e", "value": ".2952067507899043", "title": "eccentricity", "label": "e"}, {"name": "q", "sigma": 0.000242051288164091, "units": "au", "label": "q", "value": "27.84170255933974", "title": "perihelion distance"}, {"name": "tp", "sigma": 0.344098420061473, "units": "TDB", "label": "tp", "value": "2452959.013306271841", "title": "time of perihelion passage"}, {"name": "om", "units": "deg", "sigma": 0.000201456143541036, "label": "node", "title": "longitude of the ascending node", "value": "161.3270801730026"}, {"value": "53.67388534729982", "title": "argument of perihelion", "label": "peri", "sigma": 0.00279268569505134, "units": "deg", "name": "w"}, {"label": "i", "value": "17.48839110900729", "title": "inclination", "name": "i", "sigma": 7.88889192827933e-06, "units": "deg"}]}, "epoch": "2460000.5", "rms": ".69423", "producer": "Otto Matic", "orbit_id": "2", "moid": "26.9237", "source": "JPL", "t_jup": "5.151", "condition_code": "2", "n_dop_obs_used": null, "elements": [{"sigma": "1.6985E-5", "units": null, "name": "e", "title": "eccentricity", "value": ".2907773452222405", "label": "e"}, {"title": "semi-major axis", "value": "39.33642576304823", "label": "a", "units": "au", "sigma": ".0011683", "name": "a"}, {"name": "q", "units": "au", "sigma": ".00024013", "label": "q", "title": "perihelion distance", "value": "27.89828430913732"}, {"label": "i", "title": "inclination; angle with respect to x-y ecliptic plane", "value": "17.48329029859514", "name": "i", "units": "deg", "sigma": "8.023E-6"}, {"units": "deg", "sigma": ".00020175", "name": "om", "value": "161.552265664979", "title": "longitude of the ascending node", "label": "node"}, {"value": "53.99817486598817", "title": "argument of perihelion", "label": "peri", "sigma": ".0028291", "units": "deg", "name": "w"}, {"title": "mean anomaly", "value": "27.931426475706", "label": "M", "sigma": ".0023381", "units": "deg", "name": "ma"}, {"sigma": ".35105", "units": "TDB", "name": "tp", "title": "time of perihelion passage", "value": "2453008.822527530203", "label": "tp"}, {"label": "period", "value": "90113.68940567173", "title": "sidereal orbital period", "name": "per", "units": "d", "sigma": "4.0146"}, {"label": "n", "value": ".003994953512327748", "title": "mean motion", "name": "n", "units": "deg/d", "sigma": "1.7798E-7"}, {"value": "50.77456721695914", "title": "aphelion distance", "label": "Q", "units": "au", "sigma": ".001508", "name": "ad"}], "soln_date": "2021-04-15 05:05:10", "not_valid_after": null, "sb_used": "SB441-N16", "first_obs": "2011-04-30", "last_obs": "2018-07-01"}, "object": {"spkid": "3841254", "des": "2011 HN104", "pha": false, "orbit_id": "2", "fullname": "(2011 HN104)", "orbit_class": {"code": "TNO", "name": "TransNeptunian Object"}, "kind": "au", "prefix": null, "neo": false}, "signature": {"version": "1.3", "source": "NASA/JPL Small-Body Database (SBDB) API"}}