{"orbit": {"source": "JPL", "t_jup": "5.207", "last_obs": "2016-05-10", "elements": [{"units": null, "sigma": ".00028965", "name": "e", "title": "eccentricity", "value": ".2657353878652737", "label": "e"}, {"name": "a", "sigma": ".0069709", "units": "au", "label": "a", "title": "semi-major axis", "value": "39.38496267559986"}, {"label": "q", "title": "perihelion distance", "value": "28.91898434294", "name": "q", "sigma": ".0077169", "units": "au"}, {"sigma": ".00081554", "units": "deg", "name": "i", "title": "inclination; angle with respect to x-y ecliptic plane", "value": "16.90783934301258", "label": "i"}, {"value": "42.53411996467845", "title": "longitude of the ascending node", "label": "node", "sigma": ".00027447", "units": "deg", "name": "om"}, {"name": "w", "sigma": ".051864", "units": "deg", "label": "peri", "title": "argument of perihelion", "value": "231.5471841921681"}, {"label": "M", "title": "mean anomaly", "value": "339.1691978323587", "name": "ma", "units": "deg", "sigma": ".018726"}, {"name": "tp", "sigma": "5.1077", "units": "TDB", "label": "tp", "value": "2465224.432754951758", "title": "time of perihelion passage"}, {"title": "sidereal orbital period", "value": "90280.52672421791", "label": "period", "units": "d", "sigma": "23.969", "name": "per"}, {"title": "mean motion", "value": ".003987570886684131", "label": "n", "sigma": "1.0587E-6", "units": "deg/d", "name": "n"}, {"sigma": ".0088234", "units": "au", "name": "ad", "title": "aphelion distance", "value": "49.85094100825972", "label": "Q"}], "n_dop_obs_used": null, "condition_code": "4", "soln_date": "2021-04-15 08:00:00", "not_valid_after": null, "first_obs": "2013-03-07", "sb_used": "SB441-N16", "not_valid_before": null, "n_obs_used": 36, "data_arc": "1160", "n_del_obs_used": null, "model_pars": [], "two_body": null, "equinox": "J2000", "pe_used": "DE441", "moid_jup": "23.8221", "comment": null, "rms": ".18586", "producer": "Otto Matic", "orbit_id": "8", "moid": "27.9297", "covariance": {"data": [["8.180605390028017E-8", "-2.032892673944919E-6", ".001319977836027207", "4.247777646661413E-10", "1.364026247708202E-5", "4.664261121672406E-11"], ["-2.032892673944919E-6", "5.880357681392858E-5", "-.04058740548967599", "-1.936749716261344E-8", "-.0004055944224024709", "8.752749609163893E-8"], [".001319977836027207", "-.04058740548967599", "28.74389228634501", "1.483057793542561E-5", ".2834604016525953", "-7.90672852235474E-5"], ["4.247777646661413E-10", "-1.936749716261344E-8", "1.483057793542561E-5", "7.559432194378529E-8", "6.758835746145236E-8", "-2.145621399296676E-7"], ["1.364026247708202E-5", "-.0004055944224024709", ".2834604016525953", "6.758835746145236E-8", ".002814699880141709", "-4.796278491020812E-7"], ["4.664261121672406E-11", "8.752749609163893E-8", "-7.90672852235474E-5", "-2.145621399296676E-7", "-4.796278491020812E-7", "6.630544360843508E-7"]], "labels": ["e", "q", "tp", "node", "peri", "i"], "epoch": "2456665.5", "elements": [{"title": "eccentricity", "value": ".2652189506709262", "label": "e", "units": null, "sigma": 0.000286017576208666, "name": "e"}, {"value": "29.00409534416211", "title": "perihelion distance", "label": "q", "sigma": 0.00766834902791524, "units": "au", "name": "q"}, {"title": "time of perihelion passage", "value": "2465106.791588618116", "label": "tp", "units": "TDB", "sigma": 5.36133306989456, "name": "tp"}, {"title": "longitude of the ascending node", "value": "42.48453788869095", "label": "node", "sigma": 0.000274944216058067, "units": "deg", "name": "om"}, {"name": "w", "sigma": 0.0530537452037244, "units": "deg", "label": "peri", "title": "argument of perihelion", "value": "230.6255470589165"}, {"name": "i", "units": "deg", "sigma": 0.000814281545955912, "label": "i", "title": "inclination", "value": "16.88260787578092"}]}, "epoch": "2460000.5"}, "object": {"des": "2013 GJ137", "orbit_id": "8", "pha": false, "fullname": "(2013 GJ137)", "spkid": "3727200", "prefix": null, "neo": false, "orbit_class": {"name": "TransNeptunian Object", "code": "TNO"}, "kind": "au"}, "signature": {"version": "1.3", "source": "NASA/JPL Small-Body Database (SBDB) API"}}