{"signature": {"version": "1.3", "source": "NASA/JPL Small-Body Database (SBDB) API"}, "orbit": {"n_del_obs_used": null, "moid_jup": "23.4719", "elements": [{"units": null, "title": "eccentricity", "label": "e", "sigma": "1.4748E-5", "name": "e", "value": ".2879504167293245"}, {"name": "a", "sigma": ".00097621", "value": "39.91078326735408", "units": "au", "label": "a", "title": "semi-major axis"}, {"sigma": ".00010854", "name": "q", "value": "28.41845659352572", "units": "au", "label": "q", "title": "perihelion distance"}, {"sigma": "1.9014E-5", "name": "i", "value": "5.221159826092735", "units": "deg", "label": "i", "title": "inclination; angle with respect to x-y ecliptic plane"}, {"value": "139.4697048691379", "name": "om", "sigma": ".00036391", "label": "node", "title": "longitude of the ascending node", "units": "deg"}, {"title": "argument of perihelion", "label": "peri", "units": "deg", "value": "248.9289144948523", "sigma": ".0010481", "name": "w"}, {"label": "M", "title": "mean anomaly", "units": "deg", "value": "6.358378957525824", "name": "ma", "sigma": ".00050478"}, {"value": "2458373.911449763707", "sigma": ".13265", "name": "tp", "title": "time of perihelion passage", "label": "tp", "units": "TDB"}, {"value": "92094.52314759855", "sigma": "3.3789", "name": "per", "label": "period", "title": "sidereal orbital period", "units": "d"}, {"value": ".003909027243922347", "sigma": "1.4342E-7", "name": "n", "label": "n", "title": "mean motion", "units": "deg/d"}, {"value": "51.40310994118244", "sigma": ".0012573", "name": "ad", "label": "Q", "title": "aphelion distance", "units": "au"}], "producer": "Otto Matic", "two_body": null, "equinox": "J2000", "epoch": "2460000.5", "not_valid_before": null, "moid": "27.4256", "soln_date": "2021-12-03 22:04:24", "not_valid_after": null, "first_obs": "2008-10-30", "last_obs": "2021-11-26", "n_obs_used": 200, "orbit_id": "13", "t_jup": "5.413", "covariance": {"epoch": "2457257.5", "data": [["2.150828384619118E-10", "1.558312788858914E-9", "-5.368604741471644E-7", "-7.674383799483613E-11", "-3.856689785086539E-9", "3.82100234826932E-12"], ["1.558312788858914E-9", "1.183455964889306E-8", "-6.495039733591817E-6", "-4.693939648488423E-10", "-4.729961437906169E-8", "3.321707925546432E-11"], ["-5.368604741471644E-7", "-6.495039733591817E-6", ".01888742998385126", "-4.366412154003694E-7", ".0001395644030764188", "-4.392119482144189E-8"], ["-7.674383799483613E-11", "-4.693939648488423E-10", "-4.366412154003694E-7", "1.328203069464846E-7", "-1.354908978666542E-7", "6.711798558218843E-9"], ["-3.856689785086539E-9", "-4.729961437906169E-8", ".0001395644030764188", "-1.354908978666542E-7", "1.163055237102362E-6", "-7.00733345430205E-9"], ["3.82100234826932E-12", "3.321707925546432E-11", "-4.392119482144189E-8", "6.711798558218843E-9", "-7.00733345430205E-9", "3.665213104379282E-10"]], "elements": [{"value": ".278350244349422", "name": "e", "sigma": 1.46657027946809e-05, "title": "eccentricity", "label": "e", "units": null}, {"units": "au", "label": "q", "title": "perihelion distance", "name": "q", "sigma": 0.000108786762287022, "value": "28.40549102216826"}, {"value": "2458414.598928795823", "sigma": 0.13743154653809, "name": "tp", "title": "time of perihelion passage", "label": "tp", "units": "TDB"}, {"title": "longitude of the ascending node", "label": "node", "units": "deg", "value": "139.6380391007611", "sigma": 0.000364445204312644, "name": "om"}, {"sigma": 0.00107845038694525, "name": "w", "value": "249.088044973435", "units": "deg", "title": "argument of perihelion", "label": "peri"}, {"units": "deg", "title": "inclination", "label": "i", "name": "i", "sigma": 1.91447462881577e-05, "value": "5.227509901767657"}], "labels": ["e", "q", "tp", "node", "peri", "i"]}, "source": "JPL", "condition_code": "2", "n_dop_obs_used": null, "pe_used": "DE441", "data_arc": "4775", "model_pars": [], "sb_used": "SB441-N16", "rms": ".71236", "comment": null}, "object": {"prefix": null, "des": "2010 SB41", "kind": "au", "orbit_id": "13", "fullname": "(2010 SB41)", "spkid": "3550902", "pha": false, "neo": false, "orbit_class": {"code": "TNO", "name": "TransNeptunian Object"}}}