{"orbit": {"covariance": {"epoch": "2453550.5", "elements": [{"sigma": 0.000188573284885822, "units": null, "name": "e", "value": ".243420727895446", "title": "eccentricity", "label": "e"}, {"label": "q", "value": "30.15527626871879", "title": "perihelion distance", "name": "q", "sigma": 0.00756926111064677, "units": "au"}, {"name": "tp", "units": "TDB", "sigma": 8.72220523431702, "label": "tp", "value": "2463334.155400642368", "title": "time of perihelion passage"}, {"label": "node", "title": "longitude of the ascending node", "value": "18.73870898292155", "name": "om", "units": "deg", "sigma": 0.000697863631133486}, {"name": "w", "units": "deg", "sigma": 0.0657922994328807, "label": "peri", "value": "231.1251146748169", "title": "argument of perihelion"}, {"label": "i", "title": "inclination", "value": "9.3190358026702", "name": "i", "sigma": 0.000618529957506576, "units": "deg"}], "labels": ["e", "q", "tp", "node", "peri", "i"], "data": [["3.555988377262942E-8", "7.255322770609587E-7", "-.001020477475092734", "-8.38434082852132E-9", "-7.125838883531611E-6", "3.427449355123112E-9"], ["7.255322770609587E-7", "5.729371376114952E-5", "-.06536106755521827", "-5.014732841397604E-7", "-.0004962515745256621", "2.949861818028459E-7"], ["-.001020477475092734", "-.06536106755521827", "76.07686414954725", ".0005859412834010965", ".5728355656125219", "-.0003339110152920511"], ["-8.38434082852132E-9", "-5.014732841397604E-7", ".0005859412834010965", "4.870136476588138E-7", "3.926900211063654E-6", "-3.825283435430624E-7"], ["-7.125838883531611E-6", "-.0004962515745256621", ".5728355656125219", "3.926900211063654E-6", ".004328626664665834", "-2.168315298485234E-6"], ["3.427449355123112E-9", "2.949861818028459E-7", "-.0003339110152920511", "-3.825283435430624E-7", "-2.168315298485234E-6", "3.82579308333087E-7"]]}, "epoch": "2460000.5", "producer": "Otto Matic", "rms": ".20174", "moid": "29.0302", "orbit_id": "6", "moid_jup": "24.7527", "pe_used": "DE441", "two_body": null, "equinox": "J2000", "comment": null, "n_obs_used": 24, "not_valid_before": null, "n_del_obs_used": null, "model_pars": [], "data_arc": "3347", "soln_date": "2021-04-14 22:10:38", "elements": [{"label": "e", "value": ".2369416142854881", "title": "eccentricity", "name": "e", "units": null, "sigma": ".00018207"}, {"sigma": ".016822", "units": "au", "name": "a", "value": "39.36220533205906", "title": "semi-major axis", "label": "a"}, {"name": "q", "sigma": ".0077907", "units": "au", "label": "q", "value": "30.03566085884414", "title": "perihelion distance"}, {"value": "9.361270705406373", "title": "inclination; angle with respect to x-y ecliptic plane", "label": "i", "sigma": ".00062115", "units": "deg", "name": "i"}, {"name": "om", "units": "deg", "sigma": ".00069511", "label": "node", "value": "18.79244119519553", "title": "longitude of the ascending node"}, {"name": "w", "units": "deg", "sigma": ".067982", "label": "peri", "value": "233.0713481280235", "title": "argument of perihelion"}, {"label": "M", "value": "345.4849422819266", "title": "mean anomaly", "name": "ma", "sigma": ".04445", "units": "deg"}, {"title": "time of perihelion passage", "value": "2463637.420660097471", "label": "tp", "units": "TDB", "sigma": "8.9256", "name": "tp"}, {"label": "period", "title": "sidereal orbital period", "value": "90202.28944765631", "name": "per", "sigma": "57.822", "units": "d"}, {"label": "n", "title": "mean motion", "value": ".003991029520474702", "name": "n", "units": "deg/d", "sigma": "2.5584E-6"}, {"sigma": ".020807", "units": "au", "name": "ad", "value": "48.68874980527399", "title": "aphelion distance", "label": "Q"}], "n_dop_obs_used": null, "condition_code": "4", "not_valid_after": null, "first_obs": "2004-03-15", "sb_used": "SB441-N16", "last_obs": "2013-05-14", "t_jup": "5.405", "source": "JPL"}, "object": {"kind": "au", "orbit_class": {"code": "TNO", "name": "TransNeptunian Object"}, "neo": false, "prefix": null, "spkid": "3184485", "orbit_id": "6", "fullname": "(2004 EJ96)", "pha": false, "des": "2004 EJ96"}, "signature": {"version": "1.3", "source": "NASA/JPL Small-Body Database (SBDB) API"}}