{"signature": {"version": "1.3", "source": "NASA/JPL Small-Body Database (SBDB) API"}, "orbit": {"covariance": {"labels": ["e", "q", "tp", "node", "peri", "i"], "data": [["6.819299182143918E-7", "-3.21358178904986E-5", "-.221350871407014", "-5.552582533322085E-7", "-.0007360173750384835", "1.90846510779974E-8"], ["-3.21358178904986E-5", ".001572845280345099", "9.610766553944453", "2.530069716338554E-5", ".03138127303468519", "-7.074993343232287E-7"], ["-.221350871407014", "9.610766553944453", "83425.15807174142", ".1923447118140587", "285.5018027280314", "-.008854924931002324"], ["-5.552582533322085E-7", "2.530069716338554E-5", ".1923447118140587", "8.57302695902617E-6", ".0006406150694885281", "-5.058811895417534E-7"], ["-.0007360173750384835", ".03138127303468519", "285.5018027280314", ".0006406150694885281", ".9819571325635867", "-3.087164829040109E-5"], ["1.90846510779974E-8", "-7.074993343232287E-7", "-.008854924931002324", "-5.058811895417534E-7", "-3.087164829040109E-5", "3.195949456117159E-8"]], "epoch": "2457697.5", "elements": [{"label": "e", "value": ".02211466134520722", "title": "eccentricity", "name": "e", "units": null, "sigma": 0.000825790480820887}, {"sigma": 0.0396591134588899, "units": "au", "name": "q", "title": "perihelion distance", "value": "39.78066446693158", "label": "q"}, {"title": "time of perihelion passage", "value": "2488848.955384115343", "label": "tp", "sigma": 288.834135918422, "units": "TDB", "name": "tp"}, {"value": "99.95341366698274", "title": "longitude of the ascending node", "label": "node", "sigma": 0.00292797318277101, "units": "deg", "name": "om"}, {"label": "peri", "value": "39.29584921874866", "title": "argument of perihelion", "name": "w", "units": "deg", "sigma": 0.990937501845392}, {"label": "i", "value": "22.99154440490469", "title": "inclination", "name": "i", "sigma": 0.000178772186206836, "units": "deg"}]}, "epoch": "2460000.5", "producer": "Otto Matic", "rms": ".23757", "moid": "39.3978", "orbit_id": "1", "moid_jup": "35.1694", "equinox": "J2000", "two_body": null, "pe_used": "DE441", "comment": null, "n_obs_used": 13, "not_valid_before": null, "data_arc": "1473", "model_pars": [], "n_del_obs_used": null, "soln_date": "2021-09-22 11:42:05", "n_dop_obs_used": null, "elements": [{"label": "e", "title": "eccentricity", "value": ".01936257940769895", "name": "e", "sigma": ".00089093", "units": null}, {"sigma": ".0098007", "units": "au", "name": "a", "title": "semi-major axis", "value": "41.17803353924068", "label": "a"}, {"sigma": ".042209", "units": "au", "name": "q", "title": "perihelion distance", "value": "40.38072059498424", "label": "q"}, {"title": "inclination; angle with respect to x-y ecliptic plane", "value": "22.98384874605126", "label": "i", "units": "deg", "sigma": ".0001771", "name": "i"}, {"title": "longitude of the ascending node", "value": "99.96873009986892", "label": "node", "sigma": ".0029157", "units": "deg", "name": "om"}, {"sigma": ".63001", "units": "deg", "name": "w", "value": "6.546922908103912", "title": "argument of perihelion", "label": "peri"}, {"title": "mean anomaly", "value": "282.9781891210943", "label": "M", "sigma": ".56166", "units": "deg", "name": "ma"}, {"units": "TDB", "sigma": "143.26", "name": "tp", "title": "time of perihelion passage", "value": "2480649.929419217500", "label": "tp"}, {"value": "96515.44810606656", "title": "sidereal orbital period", "label": "period", "units": "d", "sigma": "34.457", "name": "per"}, {"units": "deg/d", "sigma": "1.3316E-6", "name": "n", "title": "mean motion", "value": ".003729972839211963", "label": "n"}, {"name": "ad", "sigma": ".0099904", "units": "au", "label": "Q", "value": "41.97534648349712", "title": "aphelion distance"}], "condition_code": "4", "not_valid_after": null, "sb_used": "SB441-N16", "first_obs": "2014-11-21", "last_obs": "2018-12-03", "t_jup": "5.305", "source": "JPL"}, "object": {"kind": "au", "orbit_class": {"name": "TransNeptunian Object", "code": "TNO"}, "neo": false, "prefix": null, "spkid": "54199066", "pha": false, "orbit_id": "1", "fullname": "(2014 WL602)", "des": "2014 WL602"}}