{"signature": {"version": "1.3", "source": "NASA/JPL Small-Body Database (SBDB) API"}, "orbit": {"rms": ".2045", "sb_used": "SB441-N16", "model_pars": [], "comment": null, "data_arc": "1835", "n_dop_obs_used": null, "pe_used": "DE441", "orbit_id": "1", "n_obs_used": 9, "last_obs": "2018-09-17", "covariance": {"data": [["6.095805074243496E-7", "-2.705446156016312E-5", ".0577439315537497", "1.230859397502517E-6", ".0001053090162679547", "-2.541652232906055E-8"], ["-2.705446156016312E-5", ".00128443312546821", "-2.441564843237874", "-5.195290103762584E-5", "-.003973330637641726", "1.178764853423273E-6"], [".0577439315537497", "-2.441564843237874", "5647.536515442011", ".1205223940818305", "10.99564397202559", "-.002336560856066283"], ["1.230859397502517E-6", "-5.195290103762584E-5", ".1205223940818305", ".0001409579066499085", "9.769684883532932E-5", "-1.525006691886188E-6"], [".0001053090162679547", "-.003973330637641726", "10.99564397202559", "9.769684883532932E-5", ".0242064670632399", "-2.507244670761992E-6"], ["-2.541652232906055E-8", "1.178764853423273E-6", "-.002336560856066283", "-1.525006691886188E-6", "-2.507244670761992E-6", "1.891086386618947E-8"]], "epoch": "2457423.5", "labels": ["e", "q", "tp", "node", "peri", "i"], "elements": [{"sigma": 0.000780756368801657, "name": "e", "value": ".2616606039970771", "units": null, "title": "eccentricity", "label": "e"}, {"name": "q", "sigma": 0.0358389889013098, "value": "28.99161228264745", "units": "au", "title": "perihelion distance", "label": "q"}, {"sigma": 75.1500932497227, "name": "tp", "value": "2425054.001177736409", "units": "TDB", "title": "time of perihelion passage", "label": "tp"}, {"units": "deg", "title": "longitude of the ascending node", "label": "node", "sigma": 0.0118725695049517, "name": "om", "value": "249.3099989113866"}, {"units": "deg", "label": "peri", "title": "argument of perihelion", "sigma": 0.155584276401055, "name": "w", "value": "306.9086628483828"}, {"value": "6.596961173351673", "sigma": 0.000137516776671755, "name": "i", "title": "inclination", "label": "i", "units": "deg"}]}, "condition_code": "5", "source": "JPL", "t_jup": "5.437", "two_body": null, "equinox": "J2000", "n_del_obs_used": null, "elements": [{"title": "eccentricity", "label": "e", "units": null, "value": ".251680695807352", "sigma": ".0007981", "name": "e"}, {"title": "semi-major axis", "label": "a", "units": "au", "value": "39.6185773390893", "name": "a", "sigma": ".01383"}, {"sigma": ".037063", "name": "q", "value": "29.64734622748992", "units": "au", "title": "perihelion distance", "label": "q"}, {"value": "6.591803894500428", "sigma": ".00013321", "name": "i", "label": "i", "title": "inclination; angle with respect to x-y ecliptic plane", "units": "deg"}, {"name": "om", "sigma": ".011813", "value": "249.4636608826036", "units": "deg", "label": "node", "title": "longitude of the ascending node"}, {"label": "peri", "title": "argument of perihelion", "units": "deg", "value": "307.7706865756299", "name": "w", "sigma": ".16022"}, {"units": "deg", "label": "M", "title": "mean anomaly", "sigma": ".29698", "name": "ma", "value": "139.1796335523667"}, {"title": "time of perihelion passage", "label": "tp", "units": "TDB", "value": "2424786.129483882753", "name": "tp", "sigma": "77.376"}, {"title": "sidereal orbital period", "label": "period", "units": "d", "value": "91084.97459171992", "sigma": "47.692", "name": "per"}, {"sigma": "2.0695E-6", "name": "n", "value": ".003952353301010042", "units": "deg/d", "title": "mean motion", "label": "n"}, {"units": "au", "title": "aphelion distance", "label": "Q", "name": "ad", "sigma": ".01731", "value": "49.58980845068869"}], "moid_jup": "24.2259", "producer": "Otto Matic", "not_valid_after": null, "first_obs": "2013-09-08", "epoch": "2460000.5", "moid": "28.6506", "not_valid_before": null, "soln_date": "2021-09-10 14:12:04"}, "object": {"spkid": "54194333", "pha": false, "orbit_class": {"name": "TransNeptunian Object", "code": "TNO"}, "neo": false, "des": "2013 RF156", "kind": "au", "prefix": null, "fullname": "(2013 RF156)", "orbit_id": "1"}}