{"object": {"kind": "au", "des": "2013 SF113", "prefix": null, "fullname": "(2013 SF113)", "orbit_id": "1", "pha": false, "spkid": "54196806", "orbit_class": {"code": "TNO", "name": "TransNeptunian Object"}, "neo": false}, "orbit": {"data_arc": "1884", "n_dop_obs_used": null, "pe_used": "DE441", "rms": ".1784", "sb_used": "SB441-N16", "model_pars": [], "comment": null, "equinox": "J2000", "two_body": null, "moid_jup": "33.758", "n_del_obs_used": null, "elements": [{"value": ".02462740266454602", "sigma": ".00042553", "name": "e", "label": "e", "title": "eccentricity", "units": null}, {"name": "a", "sigma": ".012362", "value": "39.60349119564111", "units": "au", "title": "semi-major axis", "label": "a"}, {"name": "q", "sigma": ".024128", "value": "38.62816007104426", "units": "au", "title": "perihelion distance", "label": "q"}, {"title": "inclination; angle with respect to x-y ecliptic plane", "label": "i", "units": "deg", "value": "37.64169186004497", "name": "i", "sigma": ".00012356"}, {"title": "longitude of the ascending node", "label": "node", "units": "deg", "value": "47.09059448908231", "sigma": ".0014694", "name": "om"}, {"units": "deg", "label": "peri", "title": "argument of perihelion", "sigma": ".64897", "name": "w", "value": "37.02514835517692"}, {"units": "deg", "title": "mean anomaly", "label": "M", "name": "ma", "sigma": ".68275", "value": "253.0142775648769"}, {"units": "TDB", "title": "time of perihelion passage", "label": "tp", "sigma": "165.33", "name": "tp", "value": "2487053.906499577548"}, {"value": "91032.95391358274", "sigma": "42.624", "name": "per", "title": "sidereal orbital period", "label": "period", "units": "d"}, {"sigma": "1.8516E-6", "name": "n", "value": ".003954611868815624", "units": "deg/d", "title": "mean motion", "label": "n"}, {"units": "au", "title": "aphelion distance", "label": "Q", "sigma": ".012667", "name": "ad", "value": "40.57882232023798"}], "producer": "Otto Matic", "not_valid_after": null, "first_obs": "2013-09-30", "epoch": "2460000.5", "moid": "37.6951", "not_valid_before": null, "soln_date": "2021-09-14 12:42:06", "orbit_id": "1", "n_obs_used": 11, "last_obs": "2018-11-27", "covariance": {"labels": ["e", "q", "tp", "node", "peri", "i"], "elements": [{"units": null, "label": "e", "title": "eccentricity", "name": "e", "sigma": 0.000364719384551669, "value": ".02872948608725889"}, {"sigma": 0.0232131531237841, "name": "q", "value": "38.07797355726525", "units": "au", "title": "perihelion distance", "label": "q"}, {"units": "TDB", "label": "tp", "title": "time of perihelion passage", "sigma": 182.062890308814, "name": "tp", "value": "2491605.674670474065"}, {"units": "deg", "label": "node", "title": "longitude of the ascending node", "name": "om", "sigma": 0.00146902035323481, "value": "46.9011140445228"}, {"value": "56.95613740564272", "sigma": 0.699608489459908, "name": "w", "label": "peri", "title": "argument of perihelion", "units": "deg"}, {"title": "inclination", "label": "i", "units": "deg", "value": "37.67983818106431", "name": "i", "sigma": 0.000124653112029123}], "data": [["1.330202294677482E-7", "-7.717052469269207E-6", "-.04442785519165857", "-2.872296220587913E-9", "-.0001481224432170138", "-7.020464204511087E-9"], ["-7.717052469269207E-6", ".0005388504779482489", "1.286875629682508", "-3.64444130146277E-6", ".003158908014712268", "9.847964441971707E-7"], ["-.04442785519165857", "1.286875629682508", "33146.89602759936", ".05474938376368515", "126.5508460349362", "-.005798674564805081"], ["-2.872296220587913E-9", "-3.64444130146277E-6", ".05474938376368515", "2.15802079821814E-6", ".0002281762376853311", "-1.636544920078282E-7"], ["-.0001481224432170138", ".003158908014712268", "126.5508460349362", ".0002281762376853311", ".4894520385243747", "-2.637439343311033E-5"], ["-7.020464204511087E-9", "9.847964441971707E-7", "-.005798674564805081", "-1.636544920078282E-7", "-2.637439343311033E-5", "1.5538398338545E-8"]], "epoch": "2457166.5"}, "condition_code": "4", "source": "JPL", "t_jup": "4.499"}, "signature": {"version": "1.3", "source": "NASA/JPL Small-Body Database (SBDB) API"}}