{"signature": {"version": "1.3", "source": "NASA/JPL Small-Body Database (SBDB) API"}, "object": {"prefix": null, "des": "2010 RN64", "kind": "au", "orbit_id": "20", "fullname": "(2010 RN64)", "spkid": "3545971", "pha": false, "neo": false, "orbit_class": {"code": "TNO", "name": "TransNeptunian Object"}}, "orbit": {"t_jup": "5.403", "covariance": {"labels": ["e", "q", "tp", "node", "peri", "i"], "elements": [{"label": "e", "title": "eccentricity", "units": null, "value": ".083045513864105", "name": "e", "sigma": 1.3581946655434e-05}, {"name": "q", "sigma": 0.00105562100191887, "value": "37.34350386055127", "units": "au", "title": "perihelion distance", "label": "q"}, {"value": "2481129.479725868259", "name": "tp", "sigma": 2.49536603545806, "title": "time of perihelion passage", "label": "tp", "units": "TDB"}, {"units": "deg", "title": "longitude of the ascending node", "label": "node", "name": "om", "sigma": 0.000145497453961995, "value": "68.42994180804476"}, {"sigma": 0.0123710004190245, "name": "w", "value": "42.92311394613009", "units": "deg", "label": "peri", "title": "argument of perihelion"}, {"title": "inclination", "label": "i", "units": "deg", "value": "19.89779654052048", "sigma": 3.53975696125995e-05, "name": "i"}], "data": [["1.844692749510545E-10", "-7.768476010631436E-9", "-4.798567957624765E-6", "-1.547976117622187E-10", "3.962785050527697E-9", "3.408878069479813E-11"], ["-7.768476010631436E-9", "1.114335699692203E-6", "-.001987955244263466", "1.230101785257215E-8", "-1.113456303399521E-5", "-8.8248533832951E-10"], ["-4.798567957624765E-6", "-.001987955244263466", "6.226851650917686", "-1.199215407223765E-5", ".03044430030699661", "-2.423261896451812E-6"], ["-1.547976117622187E-10", "1.230101785257215E-8", "-1.199215407223765E-5", "2.11695091094228E-8", "-1.033763800411553E-7", "-5.061442406177578E-9"], ["3.962785050527697E-9", "-1.113456303399521E-5", ".03044430030699661", "-1.033763800411553E-7", ".0001530416513675048", "-2.229146688489427E-9"], ["3.408878069479813E-11", "-8.8248533832951E-10", "-2.423261896451812E-6", "-5.061442406177578E-9", "-2.229146688489427E-9", "1.252987934478831E-9"]], "epoch": "2457902.5"}, "source": "JPL", "condition_code": "2", "n_obs_used": 160, "last_obs": "2022-11-24", "orbit_id": "20", "epoch": "2460000.5", "not_valid_before": null, "soln_date": "2022-11-30 00:35:48", "moid": "36.7963", "not_valid_after": null, "first_obs": "2010-09-10", "n_del_obs_used": null, "elements": [{"units": null, "label": "e", "title": "eccentricity", "name": "e", "sigma": "1.3706E-5", "value": ".08400896638346815"}, {"title": "semi-major axis", "label": "a", "units": "au", "value": "41.2248479439426", "sigma": ".00099442", "name": "a"}, {"value": "37.76159107885634", "name": "q", "sigma": ".00098954", "title": "perihelion distance", "label": "q", "units": "au"}, {"units": "deg", "title": "inclination; angle with respect to x-y ecliptic plane", "label": "i", "name": "i", "sigma": "3.5055E-5", "value": "19.84706996329199"}, {"name": "om", "sigma": ".00014531", "value": "68.59726165713298", "units": "deg", "label": "node", "title": "longitude of the ascending node"}, {"label": "peri", "title": "argument of perihelion", "units": "deg", "value": "34.66862349217873", "name": "w", "sigma": ".012304"}, {"value": "287.9130089035498", "sigma": ".012054", "name": "ma", "title": "mean anomaly", "label": "M", "units": "deg"}, {"title": "time of perihelion passage", "label": "tp", "units": "TDB", "value": "2479359.878827859342", "name": "tp", "sigma": "2.5371"}, {"name": "per", "sigma": "3.4982", "value": "96680.0843262351", "units": "d", "title": "sidereal orbital period", "label": "period"}, {"units": "deg/d", "title": "mean motion", "label": "n", "sigma": "1.3473E-7", "name": "n", "value": ".003723621079861951"}, {"title": "aphelion distance", "label": "Q", "units": "au", "value": "44.68810480902886", "name": "ad", "sigma": ".001078"}], "moid_jup": "32.6825", "producer": "Otto Matic", "equinox": "J2000", "two_body": null, "comment": null, "model_pars": [], "sb_used": "SB441-N16", "rms": ".5713", "n_dop_obs_used": null, "pe_used": "DE441", "data_arc": "4458"}}