{"signature": {"version": "1.3", "source": "NASA/JPL Small-Body Database (SBDB) API"}, "object": {"pha": false, "spkid": "3696024", "orbit_class": {"name": "TransNeptunian Object", "code": "TNO"}, "neo": false, "kind": "au", "des": "2011 UA411", "prefix": null, "fullname": "(2011 UA411)", "orbit_id": "8"}, "orbit": {"data_arc": "4136", "pe_used": "DE441", "n_dop_obs_used": null, "comment": null, "sb_used": "SB441-N16", "rms": ".20039", "model_pars": [], "not_valid_after": null, "first_obs": "2011-08-30", "not_valid_before": null, "moid": "28.6358", "soln_date": "2023-01-06 22:05:08", "epoch": "2460000.5", "equinox": "J2000", "two_body": null, "producer": "Otto Matic", "moid_jup": "24.6459", "n_del_obs_used": null, "elements": [{"title": "eccentricity", "label": "e", "units": null, "value": ".2509202004562698", "name": "e", "sigma": "8.5656E-5"}, {"units": "au", "label": "a", "title": "semi-major axis", "sigma": ".0054535", "name": "a", "value": "39.55138196075633"}, {"value": "29.62714127084086", "name": "q", "sigma": ".00071012", "label": "q", "title": "perihelion distance", "units": "au"}, {"units": "deg", "title": "inclination; angle with respect to x-y ecliptic plane", "label": "i", "name": "i", "sigma": ".00030504", "value": "8.631254295295346"}, {"units": "deg", "title": "longitude of the ascending node", "label": "node", "sigma": ".0009743", "name": "om", "value": "237.9411059347135"}, {"label": "peri", "title": "argument of perihelion", "units": "deg", "value": "167.3305235235788", "sigma": ".011855", "name": "w"}, {"name": "ma", "sigma": ".0063448", "value": "7.991993671815805", "units": "deg", "label": "M", "title": "mean anomaly"}, {"units": "TDB", "title": "time of perihelion passage", "label": "tp", "name": "tp", "sigma": "1.7414", "value": "2457983.557340979651"}, {"value": "90853.34486787122", "name": "per", "sigma": "18.791", "label": "period", "title": "sidereal orbital period", "units": "d"}, {"title": "mean motion", "label": "n", "units": "deg/d", "value": ".003962429787516916", "sigma": "8.1953E-7", "name": "n"}, {"units": "au", "label": "Q", "title": "aphelion distance", "name": "ad", "sigma": ".0068218", "value": "49.4756226506718"}], "source": "JPL", "condition_code": "3", "covariance": {"data": [["7.313990586168317E-9", "5.946713419827024E-8", "-6.303177135994986E-5", "-2.89610960481778E-9", "-4.252055381786753E-7", "1.343041603543595E-9"], ["5.946713419827024E-8", "5.060205620245442E-7", "-.0006625975973050791", "-2.51506093898567E-8", "-4.484516044000869E-6", "1.138896360522875E-8"], ["-6.303177135994986E-5", "-.0006625975973050791", "3.0522654944298", "4.232607011138155E-5", ".02070131167774846", "-1.461164299069403E-5"], ["-2.89610960481778E-9", "-2.51506093898567E-8", "4.232607011138155E-5", "9.505447570644635E-7", "-6.518753979225035E-7", "-2.922405536642246E-7"], ["-4.252055381786753E-7", "-4.484516044000869E-6", ".02070131167774846", "-6.518753979225035E-7", ".0001413362107708979", "1.894994356729151E-7"], ["1.343041603543595E-9", "1.138896360522875E-8", "-1.461164299069403E-5", "-2.922405536642246E-7", "1.894994356729151E-7", "9.316066499743234E-8"]], "epoch": "2456130.5", "labels": ["e", "q", "tp", "node", "peri", "i"], "elements": [{"title": "eccentricity", "label": "e", "units": null, "value": ".2503016253706297", "name": "e", "sigma": 8.55218719753509e-05}, {"value": "29.63074300011273", "sigma": 0.000711351222691396, "name": "q", "label": "q", "title": "perihelion distance", "units": "au"}, {"name": "tp", "sigma": 1.74707340842616, "value": "2457998.770739944415", "units": "TDB", "title": "time of perihelion passage", "label": "tp"}, {"sigma": 0.000974958848908231, "name": "om", "value": "238.0080746519608", "units": "deg", "title": "longitude of the ascending node", "label": "node"}, {"name": "w", "sigma": 0.01188849068515, "value": "167.4280180120136", "units": "deg", "label": "peri", "title": "argument of perihelion"}, {"label": "i", "title": "inclination", "units": "deg", "value": "8.629589894650294", "sigma": 0.000305222320608163, "name": "i"}]}, "t_jup": "5.409", "orbit_id": "8", "last_obs": "2022-12-26", "n_obs_used": 37}}