{"signature": {"version": "1.3", "source": "NASA/JPL Small-Body Database (SBDB) API"}, "orbit": {"orbit_id": "5", "n_obs_used": 55, "last_obs": "2021-01-11", "source": "JPL", "condition_code": "3", "covariance": {"labels": ["e", "q", "tp", "node", "peri", "i"], "elements": [{"value": ".291310723907395", "sigma": 8.79147789725006e-05, "name": "e", "title": "eccentricity", "label": "e", "units": null}, {"units": "au", "title": "perihelion distance", "label": "q", "sigma": 0.00223997159961669, "name": "q", "value": "27.90544787908794"}, {"name": "tp", "sigma": 2.21924241213876, "value": "2464139.983112160766", "units": "TDB", "title": "time of perihelion passage", "label": "tp"}, {"units": "deg", "label": "node", "title": "longitude of the ascending node", "sigma": 0.000805820940020964, "name": "om", "value": "173.6959158336231"}, {"title": "argument of perihelion", "label": "peri", "units": "deg", "value": "275.4232188155764", "sigma": 0.0193166782356848, "name": "w"}, {"sigma": 0.000256268004138175, "name": "i", "value": "19.03778231010768", "units": "deg", "label": "i", "title": "inclination"}], "data": [["7.729008361783634E-9", "6.333241979167823E-8", "-8.331061828893257E-5", "-4.071569511308618E-9", "-6.065280775042727E-7", "5.365299703668909E-11"], ["6.333241979167823E-8", "5.017472767089372E-6", "-.004926589909539615", "8.190667191070779E-8", "-4.314678086266647E-5", "6.130860573588729E-8"], ["-8.331061828893257E-5", "-.004926589909539615", "4.925036883835467", "-6.567153905489115E-5", ".04270445394611003", "-5.794387959394389E-5"], ["-4.071569511308618E-9", "8.190667191070779E-8", "-6.567153905489115E-5", "6.493473873762697E-7", "-1.272961526545364E-6", "2.042188553060678E-7"], ["-6.065280775042727E-7", "-4.314678086266647E-5", ".04270445394611003", "-1.272961526545364E-6", ".0003731340580609787", "-7.120009417408498E-7"], ["5.365299703668909E-11", "6.130860573588729E-8", "-5.794387959394389E-5", "2.042188553060678E-7", "-7.120009417408498E-7", "6.56732899449638E-8"]], "epoch": "2457221.5"}, "t_jup": "5.122", "two_body": null, "equinox": "J2000", "producer": "Otto Matic", "moid_jup": "23.1804", "n_del_obs_used": null, "elements": [{"label": "e", "title": "eccentricity", "units": null, "value": ".2946973970347987", "name": "e", "sigma": "8.8806E-5"}, {"sigma": ".0067322", "name": "a", "value": "39.68095122929209", "units": "au", "label": "a", "title": "semi-major axis"}, {"value": "27.98707819015491", "sigma": ".0022027", "name": "q", "title": "perihelion distance", "label": "q", "units": "au"}, {"label": "i", "title": "inclination; angle with respect to x-y ecliptic plane", "units": "deg", "value": "18.99351424357703", "sigma": ".00025497", "name": "i"}, {"title": "longitude of the ascending node", "label": "node", "units": "deg", "value": "173.4946881170362", "name": "om", "sigma": ".00080711"}, {"value": "274.4339701823035", "name": "w", "sigma": ".019078", "label": "peri", "title": "argument of perihelion", "units": "deg"}, {"label": "M", "title": "mean anomaly", "units": "deg", "value": "344.2708762767671", "sigma": ".012085", "name": "ma"}, {"sigma": "2.208", "name": "tp", "value": "2463989.587534814493", "units": "TDB", "title": "time of perihelion passage", "label": "tp"}, {"value": "91300.15999632904", "sigma": "23.235", "name": "per", "label": "period", "title": "sidereal orbital period", "units": "d"}, {"value": ".003943037997025139", "sigma": "1.0035E-6", "name": "n", "title": "mean motion", "label": "n", "units": "deg/d"}, {"label": "Q", "title": "aphelion distance", "units": "au", "value": "51.37482426842927", "name": "ad", "sigma": ".0087162"}], "first_obs": "2012-11-16", "not_valid_after": null, "moid": "27.0578", "not_valid_before": null, "soln_date": "2021-09-08 23:21:58", "epoch": "2460000.5", "rms": ".12277", "sb_used": "SB441-N16", "model_pars": [], "comment": null, "data_arc": "2978", "pe_used": "DE441", "n_dop_obs_used": null}, "object": {"pha": false, "spkid": "3841788", "neo": false, "orbit_class": {"code": "TNO", "name": "TransNeptunian Object"}, "prefix": null, "kind": "au", "des": "2012 WF37", "orbit_id": "5", "fullname": "(2012 WF37)"}}