{"orbit": {"equinox": "J2000", "two_body": null, "producer": "Otto Matic", "elements": [{"units": null, "title": "eccentricity", "label": "e", "sigma": ".0014103", "name": "e", "value": ".09386374500938011"}, {"units": "au", "label": "a", "title": "semi-major axis", "name": "a", "sigma": ".010888", "value": "41.2833017424937"}, {"sigma": ".050037", "name": "q", "value": "37.40829643459097", "units": "au", "label": "q", "title": "perihelion distance"}, {"title": "inclination; angle with respect to x-y ecliptic plane", "label": "i", "units": "deg", "value": "29.33644031613681", "sigma": ".0015978", "name": "i"}, {"name": "om", "sigma": ".0001668", "value": "35.43350533400807", "units": "deg", "label": "node", "title": "longitude of the ascending node"}, {"units": "deg", "label": "peri", "title": "argument of perihelion", "name": "w", "sigma": ".39402", "value": "292.8009914069056"}, {"units": "deg", "title": "mean anomaly", "label": "M", "sigma": ".57048", "name": "ma", "value": "266.8449525380295"}, {"value": "2485071.055293553163", "sigma": "144.51", "name": "tp", "title": "time of perihelion passage", "label": "tp", "units": "TDB"}, {"units": "d", "label": "period", "title": "sidereal orbital period", "sigma": "38.33", "name": "per", "value": "96885.78506026372"}, {"units": "deg/d", "label": "n", "title": "mean motion", "name": "n", "sigma": "1.47E-6", "value": ".003715715362951099"}, {"units": "au", "title": "aphelion distance", "label": "Q", "sigma": ".01191", "name": "ad", "value": "45.15830705039643"}], "n_del_obs_used": null, "moid_jup": "32.9304", "first_obs": "2013-02-08", "not_valid_after": null, "not_valid_before": null, "moid": "36.507", "soln_date": "2021-04-15 08:00:01", "epoch": "2460000.5", "orbit_id": "5", "n_obs_used": 34, "last_obs": "2015-04-27", "source": "JPL", "condition_code": "5", "covariance": {"epoch": "2456646.5", "data": [["2.046056788933272E-6", "-7.318199059643474E-5", "-.2054964110851467", "-2.553603290754931E-8", "-.0005472421649432056", "2.517160679115148E-7"], ["-7.318199059643474E-5", ".00264394355327911", "7.271974426137056", "9.280431861607386E-7", ".01919896873040792", "-8.918864589822148E-6"], ["-.2054964110851467", "7.271974426137056", "20875.95116243423", ".002525048567172801", "56.09016542259453", "-.02551900104722148"], ["-2.553603290754931E-8", "9.280431861607386E-7", ".002525048567172801", "2.807335333152444E-8", "6.610542583718405E-6", "-2.564342549396692E-7"], ["-.0005472421649432056", ".01919896873040792", "56.09016542259453", "6.610542583718405E-6", ".1517461352597191", "-6.825895586559883E-5"], ["2.517160679115148E-7", "-8.918864589822148E-6", "-.02551900104722148", "-2.564342549396692E-7", "-6.825895586559883E-5", "2.553100955233054E-6"]], "elements": [{"units": null, "label": "e", "title": "eccentricity", "name": "e", "sigma": 0.0014304044144693, "value": ".08936889479158533"}, {"units": "au", "label": "q", "title": "perihelion distance", "sigma": 0.0514192916450539, "name": "q", "value": "37.71826605334634"}, {"units": "TDB", "label": "tp", "title": "time of perihelion passage", "name": "tp", "sigma": 144.48512436384, "value": "2484905.985315449041"}, {"name": "om", "sigma": 0.00016755104694249, "value": "35.39481106629638", "units": "deg", "title": "longitude of the ascending node", "label": "node"}, {"title": "argument of perihelion", "label": "peri", "units": "deg", "value": "291.2714535336011", "sigma": 0.389546063078192, "name": "w"}, {"name": "i", "sigma": 0.00159784259401014, "value": "29.26726893787679", "units": "deg", "label": "i", "title": "inclination"}], "labels": ["e", "q", "tp", "node", "peri", "i"]}, "t_jup": "5.015", "data_arc": "808", "pe_used": "DE441", "n_dop_obs_used": null, "rms": ".26957", "sb_used": "SB441-N16", "model_pars": [], "comment": null}, "object": {"orbit_id": "5", "fullname": "(2013 GO137)", "prefix": null, "des": "2013 GO137", "kind": "au", "neo": false, "orbit_class": {"code": "TNO", "name": "TransNeptunian Object"}, "spkid": "3727236", "pha": false}, "signature": {"version": "1.3", "source": "NASA/JPL Small-Body Database (SBDB) API"}}