{"orbit": {"covariance": {"labels": ["e", "q", "tp", "node", "peri", "i"], "data": [["2.112372003138828E-6", "-4.68309396207994E-5", "-.03121140121798936", "-2.319588407639625E-6", "-2.593320565479558E-6", "-2.75616395071316E-8"], ["-4.68309396207994E-5", ".00105168214471016", ".6865542861815613", "5.210859010243601E-5", "-1.457879659788547E-5", "6.244139392172684E-7"], ["-.03121140121798936", ".6865542861815613", "463.7133389908822", ".0340445752147046", ".06889734721305062", ".0004028021899095871"], ["-2.319588407639625E-6", "5.210859010243601E-5", ".0340445752147046", ".001638811967699779", "-.001635834716889897", "1.968164152144977E-5"], ["-2.593320565479558E-6", "-1.457879659788547E-5", ".06889734721305062", "-.001635834716889897", ".002030805145915907", "-1.967229602926248E-5"], ["-2.75616395071316E-8", "6.244139392172684E-7", ".0004028021899095871", "1.968164152144977E-5", "-1.967229602926248E-5", "2.373580400068363E-7"]], "elements": [{"units": null, "sigma": 0.00145340015244902, "name": "e", "title": "eccentricity", "value": ".288515605192388", "label": "e"}, {"units": "au", "sigma": 0.0324296491610711, "name": "q", "value": "28.09500221058197", "title": "perihelion distance", "label": "q"}, {"name": "tp", "units": "TDB", "sigma": 21.5340042488823, "label": "tp", "title": "time of perihelion passage", "value": "2472145.608080074369"}, {"name": "om", "units": "deg", "sigma": 0.0404822426219173, "label": "node", "title": "longitude of the ascending node", "value": "134.7307933105938"}, {"label": "peri", "title": "argument of perihelion", "value": "162.8005602172926", "name": "w", "sigma": 0.0450644554601063, "units": "deg"}, {"label": "i", "value": "2.011332738686528", "title": "inclination", "name": "i", "sigma": 0.000487194047589701, "units": "deg"}], "epoch": "2457313.5"}, "epoch": "2460000.5", "producer": "Otto Matic", "rms": ".21246", "moid": "26.7934", "orbit_id": "2", "moid_jup": "22.6731", "equinox": "J2000", "two_body": null, "pe_used": "DE441", "comment": null, "n_obs_used": 21, "not_valid_before": null, "model_pars": [], "data_arc": "859", "n_del_obs_used": null, "soln_date": "2021-05-12 08:18:25", "n_dop_obs_used": null, "elements": [{"name": "e", "units": null, "sigma": ".0014455", "label": "e", "title": "eccentricity", "value": ".2894233215428256"}, {"title": "semi-major axis", "value": "39.13719183619688", "label": "a", "sigma": ".035444", "units": "au", "name": "a"}, {"value": "27.80997577910601", "title": "perihelion distance", "label": "q", "units": "au", "sigma": ".031859", "name": "q"}, {"name": "i", "sigma": ".00049241", "units": "deg", "label": "i", "title": "inclination; angle with respect to x-y ecliptic plane", "value": "2.012610857848202"}, {"label": "node", "title": "longitude of the ascending node", "value": "134.8929520612229", "name": "om", "sigma": ".040615", "units": "deg"}, {"units": "deg", "sigma": ".046453", "name": "w", "value": "164.5081924062292", "title": "argument of perihelion", "label": "peri"}, {"name": "ma", "sigma": ".16049", "units": "deg", "label": "M", "title": "mean anomaly", "value": "310.3590552360639"}, {"name": "tp", "units": "TDB", "sigma": "23.154", "label": "tp", "value": "2472332.129159800252", "title": "time of perihelion passage"}, {"label": "period", "title": "sidereal orbital period", "value": "89429.93568392526", "name": "per", "units": "d", "sigma": "121.49"}, {"units": "deg/d", "sigma": "5.4684E-6", "name": "n", "title": "mean motion", "value": ".004025497695451311", "label": "n"}, {"units": "au", "sigma": ".045702", "name": "ad", "title": "aphelion distance", "value": "50.46440789328773", "label": "Q"}], "condition_code": "5", "not_valid_after": null, "first_obs": "2015-02-17", "sb_used": "SB441-N16", "last_obs": "2017-06-25", "t_jup": "5.380", "source": "JPL"}, "object": {"neo": false, "prefix": null, "kind": "au", "orbit_class": {"code": "TNO", "name": "TransNeptunian Object"}, "des": "2015 GR65", "pha": false, "orbit_id": "2", "fullname": "(2015 GR65)", "spkid": "54144279"}, "signature": {"version": "1.3", "source": "NASA/JPL Small-Body Database (SBDB) API"}}