{"signature": {"version": "1.3", "source": "NASA/JPL Small-Body Database (SBDB) API"}, "object": {"kind": "au", "des": "2015 DC249", "prefix": null, "fullname": "(2015 DC249)", "orbit_id": "8", "pha": false, "spkid": "3825777", "orbit_class": {"code": "TNO", "name": "TransNeptunian Object"}, "neo": false}, "orbit": {"pe_used": "DE441", "n_dop_obs_used": null, "data_arc": "6858", "model_pars": [], "rms": ".38609", "sb_used": "SB441-N16", "comment": null, "producer": "Otto Matic", "moid_jup": "32.8049", "n_del_obs_used": null, "elements": [{"value": ".08973611392375001", "sigma": "3.9803E-5", "name": "e", "label": "e", "title": "eccentricity", "units": null}, {"units": "au", "title": "semi-major axis", "label": "a", "name": "a", "sigma": ".0037385", "value": "41.38405957746523"}, {"title": "perihelion distance", "label": "q", "units": "au", "value": "37.67041489259455", "sigma": ".0019122", "name": "q"}, {"name": "i", "sigma": "3.7118E-5", "value": "20.66415208248523", "units": "deg", "title": "inclination; angle with respect to x-y ecliptic plane", "label": "i"}, {"value": "204.2187292408998", "name": "om", "sigma": ".00023897", "label": "node", "title": "longitude of the ascending node", "units": "deg"}, {"sigma": ".035469", "name": "w", "value": "231.8702410625287", "units": "deg", "label": "peri", "title": "argument of perihelion"}, {"label": "M", "title": "mean anomaly", "units": "deg", "value": "73.73098366787691", "name": "ma", "sigma": ".03846"}, {"sigma": "7.7084", "name": "tp", "value": "2440084.799340814065", "units": "TDB", "label": "tp", "title": "time of perihelion passage"}, {"units": "d", "label": "period", "title": "sidereal orbital period", "sigma": "13.177", "name": "per", "value": "97240.69693146665"}, {"units": "deg/d", "title": "mean motion", "label": "n", "name": "n", "sigma": "5.0166E-7", "value": ".003702153638961689"}, {"value": "45.09770426233591", "name": "ad", "sigma": ".004074", "label": "Q", "title": "aphelion distance", "units": "au"}], "two_body": null, "equinox": "J2000", "not_valid_before": null, "moid": "36.7233", "soln_date": "2022-07-09 20:12:04", "epoch": "2460000.5", "not_valid_after": null, "first_obs": "2000-03-04", "last_obs": "2018-12-13", "n_obs_used": 63, "orbit_id": "8", "t_jup": "5.382", "condition_code": "3", "source": "JPL", "covariance": {"labels": ["e", "q", "tp", "node", "peri", "i"], "elements": [{"title": "eccentricity", "label": "e", "units": null, "value": ".08753824255474273", "sigma": 4.30743079461479e-05, "name": "e"}, {"sigma": 0.00179348368611198, "name": "q", "value": "37.93408724363818", "units": "au", "label": "q", "title": "perihelion distance"}, {"sigma": 7.71065522311252, "name": "tp", "value": "2440898.247479533713", "units": "TDB", "title": "time of perihelion passage", "label": "tp"}, {"title": "longitude of the ascending node", "label": "node", "units": "deg", "value": "204.456033474396", "name": "om", "sigma": 0.00023917836385529}, {"name": "w", "sigma": 0.0348794231272575, "value": "235.5470283734052", "units": "deg", "title": "argument of perihelion", "label": "peri"}, {"label": "i", "title": "inclination", "units": "deg", "value": "20.60169982391897", "sigma": 3.67599470786912e-05, "name": "i"}], "data": [["1.855396005039584E-9", "6.517013860145049E-8", ".0003001026123617851", "1.447004501895295E-9", "1.345341479872125E-6", "2.860294491652629E-11"], ["6.517013860145049E-8", "3.216583732349818E-6", ".01371926627632039", "5.048633020433351E-8", "6.219429225847406E-5", "2.651988594957428E-9"], [".0003001026123617851", ".01371926627632039", "59.4542039697124", ".0002326782812388945", ".2688907105886851", "1.026941071458448E-5"], ["1.447004501895295E-9", "5.048633020433351E-8", ".0002326782812388945", "5.720628973649362E-8", "9.904202337591343E-7", "-7.69666171150019E-9"], ["1.345341479872125E-6", "6.219429225847406E-5", ".2688907105886851", "9.904202337591343E-7", ".001216574157690268", "5.449107944944638E-8"], ["2.860294491652629E-11", "2.651988594957428E-9", "1.026941071458448E-5", "-7.69666171150019E-9", "5.449107944944638E-8", "1.351293709228174E-9"]], "epoch": "2454110.5"}}}