{"orbit": {"n_obs_used": 95, "last_obs": "2021-07-09", "orbit_id": "10", "t_jup": "5.591", "covariance": {"labels": ["e", "q", "tp", "node", "peri", "i"], "elements": [{"sigma": 3.0851786849034e-06, "name": "e", "value": ".1198447656485553", "units": null, "label": "e", "title": "eccentricity"}, {"value": "34.71395538332061", "name": "q", "sigma": 0.000138671824259467, "label": "q", "title": "perihelion distance", "units": "au"}, {"name": "tp", "sigma": 0.711733267224972, "value": "2450037.681089995099", "units": "TDB", "title": "time of perihelion passage", "label": "tp"}, {"value": "144.6878166589223", "name": "om", "sigma": 0.000706432595632224, "label": "node", "title": "longitude of the ascending node", "units": "deg"}, {"title": "argument of perihelion", "label": "peri", "units": "deg", "value": "101.6465446874423", "sigma": 0.00370430146452725, "name": "w"}, {"value": "3.807830359719662", "name": "i", "sigma": 5.43442072512235e-05, "label": "i", "title": "inclination", "units": "deg"}], "data": [["9.518327517782254E-12", "2.702910086122003E-10", "1.554746557494185E-6", "4.705107851094158E-11", "7.83046356460924E-9", "9.06816188468952E-12"], ["2.702910086122003E-10", "1.922987484344862E-8", "9.810806708487836E-5", "2.686846924104268E-9", "5.018048327148543E-7", "5.67898738891117E-10"], ["1.554746557494185E-6", "9.810806708487836E-5", ".5065642436747337", "1.319200526176435E-5", ".002588064300018835", "2.827664930820663E-6"], ["4.705107851094158E-11", "2.686846924104268E-9", "1.319200526176435E-5", "4.990470121716807E-7", "-4.303908534520257E-7", "-3.759534642632127E-8"], ["7.83046356460924E-9", "5.018048327148543E-7", ".002588064300018835", "-4.303908534520257E-7", "1.372184934009874E-5", "5.202074537755333E-8"], ["9.06816188468952E-12", "5.67898738891117E-10", "2.827664930820663E-6", "-3.759534642632127E-8", "5.202074537755333E-8", "2.953292861763928E-9"]], "epoch": "2457660.5"}, "condition_code": "2", "source": "JPL", "n_del_obs_used": null, "moid_jup": "29.5028", "elements": [{"units": null, "label": "e", "title": "eccentricity", "sigma": "3.3236E-6", "name": "e", "value": ".117168337670539"}, {"sigma": ".00026993", "name": "a", "value": "39.47692090165839", "units": "au", "label": "a", "title": "semi-major axis"}, {"sigma": ".00012877", "name": "q", "value": "34.85147570325972", "units": "au", "title": "perihelion distance", "label": "q"}, {"value": "3.796855508189729", "sigma": "5.4254E-5", "name": "i", "label": "i", "title": "inclination; angle with respect to x-y ecliptic plane", "units": "deg"}, {"sigma": ".00070982", "name": "om", "value": "144.8090067105456", "units": "deg", "label": "node", "title": "longitude of the ascending node"}, {"value": "104.0969431360263", "name": "w", "sigma": ".0037478", "label": "peri", "title": "argument of perihelion", "units": "deg"}, {"sigma": ".0032607", "name": "ma", "value": "37.70501142116582", "units": "deg", "label": "M", "title": "mean anomaly"}, {"label": "tp", "title": "time of perihelion passage", "units": "TDB", "value": "2450511.730215065461", "name": "tp", "sigma": ".72763"}, {"units": "d", "title": "sidereal orbital period", "label": "period", "name": "per", "sigma": ".9292", "value": "90596.89929330922"}, {"units": "deg/d", "label": "n", "title": "mean motion", "name": "n", "sigma": "4.0755E-8", "value": ".003973645928372151"}, {"value": "44.10236610005706", "name": "ad", "sigma": ".00030155", "title": "aphelion distance", "label": "Q", "units": "au"}], "producer": "Otto Matic", "two_body": null, "equinox": "J2000", "epoch": "2460000.5", "not_valid_before": null, "soln_date": "2021-08-25 21:45:12", "moid": "33.8397", "first_obs": "1994-05-12", "not_valid_after": null, "model_pars": [], "sb_used": "SB441-N16", "rms": ".42864", "comment": null, "n_dop_obs_used": null, "pe_used": "DE441", "data_arc": "9920"}, "object": {"neo": false, "orbit_class": {"name": "TransNeptunian Object", "code": "TNO"}, "pha": false, "spkid": "20015810", "orbit_id": "10", "fullname": "15810 Arawn (1994 JR1)", "prefix": null, "kind": "an", "des": "15810", "shortname": "15810 Arawn"}, "signature": {"version": "1.3", "source": "NASA/JPL Small-Body Database (SBDB) API"}}