{"signature": {"version": "1.3", "source": "NASA/JPL Small-Body Database (SBDB) API"}, "object": {"kind": "an", "orbit_class": {"name": "TransNeptunian Object", "code": "TNO"}, "neo": false, "prefix": null, "spkid": "20119069", "des": "119069", "orbit_id": "14", "pha": false, "fullname": "119069 (2001 KN77)"}, "orbit": {"covariance": {"epoch": "2455561.5", "elements": [{"name": "e", "sigma": 6.12503767922468e-05, "units": null, "label": "e", "value": ".2423604342270319", "title": "eccentricity"}, {"units": "au", "sigma": 0.00941966345705377, "name": "q", "title": "perihelion distance", "value": "29.65360154160951", "label": "q"}, {"units": "TDB", "sigma": 6.70491040769813, "name": "tp", "value": "2468039.444868661818", "title": "time of perihelion passage", "label": "tp"}, {"name": "om", "units": "deg", "sigma": 0.00200055145654852, "label": "node", "value": "45.4141993627299", "title": "longitude of the ascending node"}, {"label": "peri", "title": "argument of perihelion", "value": "280.7066508131202", "name": "w", "sigma": 0.0624305538905107, "units": "deg"}, {"name": "i", "units": "deg", "sigma": 0.000170958737703391, "label": "i", "title": "inclination", "value": "2.363966758116698"}], "labels": ["e", "q", "tp", "node", "peri", "i"], "data": [["3.751608657192206E-9", "2.377587630317464E-7", "-.0002355097550962786", "1.438192002667168E-9", "-1.913616032373413E-6", "3.918649533503577E-10"], ["2.377587630317464E-7", "8.873005964415418E-5", "-.06206292689994487", "6.246950316575314E-7", "-.0005848429002511284", "1.416021955670314E-7"], ["-.0002355097550962786", "-.06206292689994487", "44.95582357525872", "-.0004316304476387289", ".4168095508117658", "-9.930044214740451E-5"], ["1.438192002667168E-9", "6.246950316575314E-7", "-.0004316304476387289", "4.002206130298416E-6", "-8.085298726394181E-6", "3.269183737547988E-7"], ["-1.913616032373413E-6", "-.0005848429002511284", ".4168095508117658", "-8.085298726394181E-6", ".003897574059075965", "-1.260263173489755E-6"], ["3.918649533503577E-10", "1.416021955670314E-7", "-9.930044214740451E-5", "3.269183737547988E-7", "-1.260263173489755E-6", "2.922688999713679E-8"]]}, "epoch": "2460000.5", "rms": ".37696", "producer": "Otto Matic", "moid": "28.652", "orbit_id": "14", "moid_jup": "24.6316", "two_body": null, "pe_used": "DE441", "equinox": "J2000", "comment": null, "n_obs_used": 32, "not_valid_before": null, "data_arc": "4421", "n_del_obs_used": null, "model_pars": [], "soln_date": "2021-04-13 17:00:11", "n_dop_obs_used": null, "elements": [{"title": "eccentricity", "value": ".2436274429594035", "label": "e", "sigma": "6.1221E-5", "units": null, "name": "e"}, {"label": "a", "value": "39.21893496203062", "title": "semi-major axis", "name": "a", "sigma": ".014051", "units": "au"}, {"name": "q", "sigma": ".0094177", "units": "au", "label": "q", "title": "perihelion distance", "value": "29.66412612163995"}, {"name": "i", "units": "deg", "sigma": ".00017106", "label": "i", "title": "inclination; angle with respect to x-y ecliptic plane", "value": "2.364471833350081"}, {"label": "node", "value": "45.47929335766526", "title": "longitude of the ascending node", "name": "om", "units": "deg", "sigma": ".0019985"}, {"sigma": ".062086", "units": "deg", "name": "w", "value": "280.6814688714962", "title": "argument of perihelion", "label": "peri"}, {"label": "M", "value": "327.7133205086246", "title": "mean anomaly", "name": "ma", "sigma": ".044048", "units": "deg"}, {"sigma": "6.6535", "units": "TDB", "name": "tp", "title": "time of perihelion passage", "value": "2468046.184570649778", "label": "tp"}, {"name": "per", "units": "d", "sigma": "48.211", "label": "period", "value": "89710.26104457844", "title": "sidereal orbital period"}, {"label": "n", "title": "mean motion", "value": ".004012918876928809", "name": "n", "units": "deg/d", "sigma": "2.1566E-6"}, {"name": "ad", "sigma": ".017474", "units": "au", "label": "Q", "value": "48.77374380242129", "title": "aphelion distance"}], "condition_code": "4", "first_obs": "2001-05-23", "not_valid_after": null, "sb_used": "SB441-N16", "last_obs": "2013-06-30", "t_jup": "5.453", "source": "JPL"}}