{"object": {"orbit_class": {"name": "TransNeptunian Object", "code": "TNO"}, "kind": "au", "prefix": null, "neo": false, "spkid": "54106588", "pha": false, "orbit_id": "13", "fullname": "(2014 NT86)", "des": "2014 NT86"}, "orbit": {"rms": ".61854", "producer": "Otto Matic", "orbit_id": "13", "moid": "33.3125", "covariance": {"labels": ["e", "q", "tp", "node", "peri", "i"], "data": [["2.373214707469515E-10", "2.402725686017886E-9", "9.421218371341992E-7", "-6.066289088127101E-11", "4.996084716203078E-9", "1.665251538006526E-11"], ["2.402725686017886E-9", "2.891103750374694E-8", "7.703899027854093E-5", "-1.610220528055526E-9", "4.052903503924606E-7", "2.177139228933609E-10"], ["9.421218371341992E-7", "7.703899027854093E-5", "1.081077840400283", "-1.595013635247249E-5", ".005679183239883786", "8.094178152731286E-7"], ["-6.066289088127101E-11", "-1.610220528055526E-9", "-1.595013635247249E-5", "9.658073344703759E-8", "-1.791495262572369E-7", "-3.789053951787492E-9"], ["4.996084716203078E-9", "4.052903503924606E-7", ".005679183239883786", "-1.791495262572369E-7", "2.992866240881256E-5", "7.99121488214792E-9"], ["1.665251538006526E-11", "2.177139228933609E-10", "8.094178152731286E-7", "-3.789053951787492E-9", "7.99121488214792E-9", "1.686308613198215E-10"]], "epoch": "2458337.5", "elements": [{"units": null, "sigma": 1.54052416646722e-05, "name": "e", "value": ".1370700735400885", "title": "eccentricity", "label": "e"}, {"units": "au", "sigma": 0.000170032460147311, "name": "q", "title": "perihelion distance", "value": "34.29103340364914", "label": "q"}, {"title": "time of perihelion passage", "value": "2456979.419395917472", "label": "tp", "sigma": 1.03974893142541, "units": "TDB", "name": "tp"}, {"units": "deg", "sigma": 0.000310774409253783, "name": "om", "title": "longitude of the ascending node", "value": "6.637491542564502", "label": "node"}, {"units": "deg", "sigma": 0.0054707094977537, "name": "w", "value": "278.3363133155152", "title": "argument of perihelion", "label": "peri"}, {"name": "i", "sigma": 1.29857945971674e-05, "units": "deg", "label": "i", "value": "8.220195557906081", "title": "inclination"}]}, "epoch": "2460000.5", "not_valid_before": null, "n_obs_used": 167, "data_arc": "3004", "model_pars": [], "n_del_obs_used": null, "equinox": "J2000", "two_body": null, "pe_used": "DE441", "moid_jup": "29.1861", "comment": null, "last_obs": "2022-09-27", "elements": [{"label": "e", "value": ".1341601947946223", "title": "eccentricity", "name": "e", "sigma": "1.5404E-5", "units": null}, {"name": "a", "sigma": ".00088824", "units": "au", "label": "a", "title": "semi-major axis", "value": "39.63696620240737"}, {"sigma": ".0001645", "units": "au", "name": "q", "value": "34.31926309562454", "title": "perihelion distance", "label": "q"}, {"name": "i", "units": "deg", "sigma": "1.2863E-5", "label": "i", "value": "8.210403719287736", "title": "inclination; angle with respect to x-y ecliptic plane"}, {"name": "om", "sigma": ".00031182", "units": "deg", "label": "node", "title": "longitude of the ascending node", "value": "6.844262916973636"}, {"name": "w", "units": "deg", "sigma": ".005574", "label": "peri", "title": "argument of perihelion", "value": "280.2648486366668"}, {"label": "M", "value": "10.3402595786488", "title": "mean anomaly", "name": "ma", "units": "deg", "sigma": ".0042509"}, {"label": "tp", "title": "time of perihelion passage", "value": "2457382.449756457581", "name": "tp", "units": "TDB", "sigma": "1.0631"}, {"value": "91148.39724346947", "title": "sidereal orbital period", "label": "period", "sigma": "3.0639", "units": "d", "name": "per"}, {"value": ".003949603184336771", "title": "mean motion", "label": "n", "sigma": "1.3276E-7", "units": "deg/d", "name": "n"}, {"value": "44.9546693091902", "title": "aphelion distance", "label": "Q", "sigma": ".0010074", "units": "au", "name": "ad"}], "n_dop_obs_used": null, "condition_code": "2", "soln_date": "2022-10-06 23:53:59", "first_obs": "2014-07-07", "not_valid_after": null, "sb_used": "SB441-N16", "source": "JPL", "t_jup": "5.545"}, "signature": {"version": "1.3", "source": "NASA/JPL Small-Body Database (SBDB) API"}}