{"signature": {"version": "1.3", "source": "NASA/JPL Small-Body Database (SBDB) API"}, "orbit": {"orbit_id": "1", "n_obs_used": 13, "last_obs": "2017-08-17", "condition_code": "4", "source": "JPL", "covariance": {"labels": ["e", "q", "tp", "node", "peri", "i"], "elements": [{"title": "eccentricity", "label": "e", "units": null, "value": ".1348329601367239", "name": "e", "sigma": 0.00113054787525064}, {"units": "au", "label": "q", "title": "perihelion distance", "name": "q", "sigma": 0.0395983941088182, "value": "35.66762511996205"}, {"title": "time of perihelion passage", "label": "tp", "units": "TDB", "value": "2434867.755175418661", "name": "tp", "sigma": 46.4308602219717}, {"name": "om", "sigma": 0.00312986004121514, "value": "32.35037378661989", "units": "deg", "label": "node", "title": "longitude of the ascending node"}, {"units": "deg", "label": "peri", "title": "argument of perihelion", "sigma": 0.122162719763945, "name": "w", "value": "185.2309891085325"}, {"sigma": 0.000368060403955437, "name": "i", "value": "27.72637529278067", "units": "deg", "label": "i", "title": "inclination"}], "data": [["1.278138498233738E-6", "-4.269199474484838E-5", ".04821573184573736", "1.169271150612128E-6", "6.47025816513569E-5", "-1.430350966950202E-7"], ["-4.269199474484838E-5", ".001568032815997288", "-1.392249094751423", "-3.15335906317405E-5", "-.0008765015348176089", "4.254879408138733E-6"], [".04821573184573736", "-1.392249094751423", "2155.824780952272", ".05555262227506388", "4.420767971458512", "-.006191326908671002"], ["1.169271150612128E-6", "-3.15335906317405E-5", ".05555262227506388", "9.796023877595245E-6", ".0001194339428032952", "-1.141355510054045E-6"], ["6.47025816513569E-5", "-.0008765015348176089", "4.420767971458512", ".0001194339428032952", ".01492373010012423", "-1.10706518172018E-5"], ["-1.430350966950202E-7", "4.254879408138733E-6", "-.006191326908671002", "-1.141355510054045E-6", "-1.10706518172018E-5", "1.354684609598393E-7"]], "epoch": "2457308.5"}, "t_jup": "5.088", "two_body": null, "equinox": "J2000", "producer": "Otto Matic", "moid_jup": "30.7156", "n_del_obs_used": null, "elements": [{"name": "e", "sigma": ".0011424", "value": ".1305799170017774", "units": null, "label": "e", "title": "eccentricity"}, {"value": "41.56701314998702", "name": "a", "sigma": ".017242", "title": "semi-major axis", "label": "a", "units": "au"}, {"title": "perihelion distance", "label": "q", "units": "au", "value": "36.13919602284992", "name": "q", "sigma": ".040448"}, {"units": "deg", "label": "i", "title": "inclination; angle with respect to x-y ecliptic plane", "name": "i", "sigma": ".00036218", "value": "27.67719373611147"}, {"name": "om", "sigma": ".0031369", "value": "32.61591924625881", "units": "deg", "title": "longitude of the ascending node", "label": "node"}, {"units": "deg", "label": "peri", "title": "argument of perihelion", "name": "w", "sigma": ".11554", "value": "188.502317484034"}, {"sigma": ".20344", "name": "ma", "value": "90.41118606275498", "units": "deg", "title": "mean anomaly", "label": "M"}, {"units": "TDB", "title": "time of perihelion passage", "label": "tp", "sigma": "41.116", "name": "tp", "value": "2435417.135474903451"}, {"title": "sidereal orbital period", "label": "period", "units": "d", "value": "97886.24189590775", "name": "per", "sigma": "60.905"}, {"units": "deg/d", "title": "mean motion", "label": "n", "sigma": "2.2883E-6", "name": "n", "value": ".003677738495495864"}, {"label": "Q", "title": "aphelion distance", "units": "au", "value": "46.99483027712412", "sigma": ".019493", "name": "ad"}], "not_valid_after": null, "first_obs": "2014-08-20", "soln_date": "2021-09-17 12:42:06", "not_valid_before": null, "moid": "35.1342", "epoch": "2460000.5", "rms": ".19495", "sb_used": "SB441-N16", "model_pars": [], "comment": null, "data_arc": "1093", "pe_used": "DE441", "n_dop_obs_used": null}, "object": {"orbit_id": "1", "fullname": "(2014 QZ562)", "prefix": null, "kind": "au", "des": "2014 QZ562", "neo": false, "orbit_class": {"code": "TNO", "name": "TransNeptunian Object"}, "pha": false, "spkid": "54198353"}}