{"orbit": {"n_del_obs_used": null, "model_pars": [], "data_arc": "1442", "not_valid_before": null, "n_obs_used": 14, "comment": null, "pe_used": "DE441", "two_body": null, "equinox": "J2000", "moid_jup": "32.4422", "orbit_id": "4", "moid": "36.5279", "rms": ".16568", "producer": "Otto Matic", "epoch": "2460000.5", "covariance": {"elements": [{"units": null, "sigma": 0.000510277970898555, "name": "e", "title": "eccentricity", "value": ".01405088381918936", "label": "e"}, {"label": "q", "title": "perihelion distance", "value": "37.88441891268104", "name": "q", "units": "au", "sigma": 0.0370845560858781}, {"label": "tp", "value": "2417937.189823413224", "title": "time of perihelion passage", "name": "tp", "sigma": 669.842399940733, "units": "TDB"}, {"label": "node", "value": "4.56273619035703", "title": "longitude of the ascending node", "name": "om", "sigma": 0.037972586500428, "units": "deg"}, {"label": "peri", "value": "82.77180507295131", "title": "argument of perihelion", "name": "w", "sigma": 2.73692370416256, "units": "deg"}, {"name": "i", "units": "deg", "sigma": 0.00115771357915126, "label": "i", "value": "2.121485088007986", "title": "inclination"}], "epoch": "2453435.5", "data": [["2.60383607584347E-7", "-1.716066341387066E-5", ".1603322906473536", "4.196154054760784E-7", ".0005911021854550597", "9.754395335947669E-9"], ["-1.716066341387066E-5", ".001375264300086638", "-1.331703501198211", "-2.577131172906882E-5", "-.0002477690281160997", "-5.092883725931676E-7"], [".1603322906473536", "-1.331703501198211", "448688.8407583605", ".3319142929370514", "1830.729506759871", ".0111008878036303"], ["4.196154054760784E-7", "-2.577131172906882E-5", ".3319142929370514", ".001441917325532489", "-.0001797884278933691", "4.39072095253895E-5"], [".0005911021854550597", "-.0002477690281160997", "1830.729506759871", "-.0001797884278933691", "7.49075136240692", "-3.693383984646141E-7"], ["9.754395335947669E-9", "-5.092883725931676E-7", ".0111008878036303", "4.39072095253895E-5", "-3.693383984646141E-7", "1.340300731351217E-6"]], "labels": ["e", "q", "tp", "node", "peri", "i"]}, "source": "JPL", "t_jup": "5.552", "last_obs": "2008-05-05", "not_valid_after": null, "sb_used": "SB441-N16", "first_obs": "2004-05-24", "n_dop_obs_used": null, "condition_code": "5", "elements": [{"name": "e", "sigma": ".0004302", "units": null, "label": "e", "title": "eccentricity", "value": ".01854389526108979"}, {"name": "a", "sigma": ".020989", "units": "au", "label": "a", "value": "38.22389048799695", "title": "semi-major axis"}, {"name": "q", "units": "au", "sigma": ".036702", "label": "q", "value": "37.51507066631616", "title": "perihelion distance"}, {"value": "2.127955400475226", "title": "inclination; angle with respect to x-y ecliptic plane", "label": "i", "units": "deg", "sigma": ".0011682", "name": "i"}, {"name": "om", "units": "deg", "sigma": ".037848", "label": "node", "title": "longitude of the ascending node", "value": "4.89876128306249"}, {"sigma": "2.2316", "units": "deg", "name": "w", "title": "argument of perihelion", "value": "60.45971636782775", "label": "peri"}, {"name": "ma", "units": "deg", "sigma": "2.3189", "label": "M", "value": "196.8137132436588", "title": "mean anomaly"}, {"name": "tp", "sigma": "561.72", "units": "TDB", "label": "tp", "title": "time of perihelion passage", "value": "2499127.983650929957"}, {"label": "period", "title": "sidereal orbital period", "value": "86317.87875268521", "name": "per", "units": "d", "sigma": "71.096"}, {"label": "n", "value": ".004170630756942703", "title": "mean motion", "name": "n", "sigma": "3.4352E-6", "units": "deg/d"}, {"value": "38.93271030967772", "title": "aphelion distance", "label": "Q", "units": "au", "sigma": ".021378", "name": "ad"}], "soln_date": "2021-04-14 22:14:38"}, "object": {"des": "2004 KD19", "orbit_id": "4", "pha": false, "fullname": "(2004 KD19)", "spkid": "3563640", "neo": false, "prefix": null, "kind": "au", "orbit_class": {"name": "TransNeptunian Object", "code": "TNO"}}, "signature": {"version": "1.3", "source": "NASA/JPL Small-Body Database (SBDB) API"}}