{"signature": {"version": "1.3", "source": "NASA/JPL Small-Body Database (SBDB) API"}, "orbit": {"n_dop_obs_used": null, "pe_used": "DE441", "data_arc": "2292", "model_pars": [], "rms": ".70618", "sb_used": "SB441-N16", "comment": null, "n_del_obs_used": null, "moid_jup": "25.4006", "elements": [{"label": "e", "title": "eccentricity", "units": null, "value": ".2223072562642185", "sigma": "3.1964E-5", "name": "e"}, {"units": "au", "title": "semi-major axis", "label": "a", "name": "a", "sigma": ".0020041", "value": "39.4740982031696"}, {"units": "au", "label": "q", "title": "perihelion distance", "name": "q", "sigma": ".00033401", "value": "30.69871973811864"}, {"label": "i", "title": "inclination; angle with respect to x-y ecliptic plane", "units": "deg", "value": "7.283563942475754", "sigma": "7.649E-5", "name": "i"}, {"value": "197.6796942954185", "sigma": ".00086313", "name": "om", "title": "longitude of the ascending node", "label": "node", "units": "deg"}, {"value": "58.75159022525309", "sigma": ".01106", "name": "w", "label": "peri", "title": "argument of perihelion", "units": "deg"}, {"units": "deg", "title": "mean anomaly", "label": "M", "name": "ma", "sigma": ".0066681", "value": "10.59040322973947"}, {"name": "tp", "sigma": "1.7113", "value": "2457335.625579761746", "units": "TDB", "label": "tp", "title": "time of perihelion passage"}, {"title": "sidereal orbital period", "label": "period", "units": "d", "value": "90587.18260998376", "name": "per", "sigma": "6.8986"}, {"value": ".003974072154886996", "name": "n", "sigma": "3.0264E-7", "title": "mean motion", "label": "n", "units": "deg/d"}, {"title": "aphelion distance", "label": "Q", "units": "au", "value": "48.24947666822055", "name": "ad", "sigma": ".0024496"}], "producer": "Otto Matic", "two_body": null, "equinox": "J2000", "epoch": "2460000.5", "not_valid_before": null, "moid": "29.6898", "soln_date": "2021-04-15 10:06:59", "not_valid_after": null, "first_obs": "2010-05-10", "last_obs": "2016-08-18", "n_obs_used": 64, "orbit_id": "5", "t_jup": "5.459", "covariance": {"data": [["1.027797722778321E-9", "9.267348508520221E-9", "-7.394015510727698E-6", "3.047494295865689E-10", "-4.793502729517401E-8", "1.012650683276734E-10"], ["9.267348508520221E-9", "1.039218408345282E-7", "-.0002943926753092103", "8.501039445229527E-9", "-1.898972450572939E-6", "1.539364939486909E-9"], ["-7.394015510727698E-6", "-.0002943926753092103", "2.952596720901921", "-7.469509369103579E-5", ".0190145781824449", "-8.379943896981425E-6"], ["3.047494295865689E-10", "8.501039445229527E-9", "-7.469509369103579E-5", "7.477785936386766E-7", "-1.220940887809487E-6", "6.545310027345398E-8"], ["-4.793502729517401E-8", "-1.898972450572939E-6", ".0190145781824449", "-1.220940887809487E-6", ".0001231870739662326", "-1.187012369171872E-7"], ["1.012650683276734E-10", "1.539364939486909E-9", "-8.379943896981425E-6", "6.545310027345398E-8", "-1.187012369171872E-7", "5.819309363224842E-9"]], "epoch": "2456773.5", "labels": ["e", "q", "tp", "node", "peri", "i"], "elements": [{"sigma": 3.2059284501971e-05, "name": "e", "value": ".2208928417194315", "units": null, "title": "eccentricity", "label": "e"}, {"units": "au", "label": "q", "title": "perihelion distance", "sigma": 0.000322369106513835, "name": "q", "value": "30.67760989389113"}, {"units": "TDB", "label": "tp", "title": "time of perihelion passage", "sigma": 1.71831217213343, "name": "tp", "value": "2457160.048702881886"}, {"units": "deg", "title": "longitude of the ascending node", "label": "node", "sigma": 0.000864741923141625, "name": "om", "value": "197.5271060272797"}, {"units": "deg", "title": "argument of perihelion", "label": "peri", "sigma": 0.0110989672477322, "name": "w", "value": "57.73512446593593"}, {"value": "7.279956669554279", "sigma": 7.62843979016997e-05, "name": "i", "label": "i", "title": "inclination", "units": "deg"}]}, "source": "JPL", "condition_code": "3"}, "object": {"neo": false, "orbit_class": {"code": "TNO", "name": "TransNeptunian Object"}, "pha": false, "spkid": "3755714", "orbit_id": "5", "fullname": "(2014 KD102)", "prefix": null, "kind": "au", "des": "2014 KD102"}}