{"signature": {"version": "1.3", "source": "NASA/JPL Small-Body Database (SBDB) API"}, "object": {"orbit_class": {"name": "TransNeptunian Object", "code": "TNO"}, "kind": "au", "prefix": null, "neo": false, "spkid": "3830939", "orbit_id": "2", "pha": false, "fullname": "(2015 RU277)", "des": "2015 RU277"}, "orbit": {"comment": null, "moid_jup": "24.5822", "two_body": null, "pe_used": "DE441", "equinox": "J2000", "data_arc": "914", "model_pars": [], "n_del_obs_used": null, "n_obs_used": 37, "not_valid_before": null, "epoch": "2460000.5", "covariance": {"labels": ["e", "q", "tp", "node", "peri", "i"], "data": [["3.800230493406042E-8", "-8.136303955411623E-7", ".004944816842006382", "3.59570587810162E-9", "3.430236895821087E-5", "2.586683780133287E-9"], ["-8.136303955411623E-7", "2.253978852851714E-5", "-.1272846317866685", "-2.554636237500243E-7", "-.0008830607581637611", "4.825174803390912E-7"], [".004944816842006382", "-.1272846317866685", "735.3096312234745", ".00118035423216839", "5.100880431461114", "-.001792888820677191"], ["3.59570587810162E-9", "-2.554636237500243E-7", ".00118035423216839", "6.812298504614954E-8", "8.137363136906342E-6", "-1.917691041668738E-7"], ["3.430236895821087E-5", "-.0008830607581637611", "5.100880431461114", "8.137363136906342E-6", ".03538517428290032", "-1.229884552000047E-5"], ["2.586683780133287E-9", "4.825174803390912E-7", "-.001792888820677191", "-1.917691041668738E-7", "-1.229884552000047E-5", "6.012486196628367E-7"]], "epoch": "2457451.5", "elements": [{"name": "e", "sigma": 0.000194941798837654, "units": null, "label": "e", "title": "eccentricity", "value": ".2463108868453993"}, {"units": "au", "sigma": 0.0047476087168718, "name": "q", "value": "29.5176127346434", "title": "perihelion distance", "label": "q"}, {"name": "tp", "sigma": 27.1165932820381, "units": "TDB", "label": "tp", "value": "2459526.380760114722", "title": "time of perihelion passage"}, {"name": "om", "units": "deg", "sigma": 0.000261003802742699, "label": "node", "title": "longitude of the ascending node", "value": "193.8031071379864"}, {"value": "189.089578150949", "title": "argument of perihelion", "label": "peri", "sigma": 0.188109474197607, "units": "deg", "name": "w"}, {"value": "16.30095592897127", "title": "inclination", "label": "i", "sigma": 0.000775402230885904, "units": "deg", "name": "i"}]}, "moid": "28.537", "orbit_id": "2", "rms": ".1745", "producer": "Otto Matic", "t_jup": "5.260", "source": "JPL", "not_valid_after": null, "first_obs": "2015-06-23", "sb_used": "SB441-N16", "soln_date": "2021-04-15 14:36:56", "n_dop_obs_used": null, "elements": [{"title": "eccentricity", "value": ".2571877210664398", "label": "e", "sigma": ".00019084", "units": null, "name": "e"}, {"units": "au", "sigma": ".0056633", "name": "a", "title": "semi-major axis", "value": "39.76027168494158", "label": "a"}, {"label": "q", "value": "29.53441802130896", "title": "perihelion distance", "name": "q", "sigma": ".0046333", "units": "au"}, {"units": "deg", "sigma": ".00077175", "name": "i", "title": "inclination; angle with respect to x-y ecliptic plane", "value": "16.2318278684573", "label": "i"}, {"title": "longitude of the ascending node", "value": "193.7780908626713", "label": "node", "units": "deg", "sigma": ".00026125", "name": "om"}, {"name": "w", "units": "deg", "sigma": ".18128", "label": "peri", "title": "argument of perihelion", "value": "188.7749887676096"}, {"sigma": ".10265", "units": "deg", "name": "ma", "title": "mean anomaly", "value": "2.063776054164806", "label": "M"}, {"sigma": "26.045", "units": "TDB", "name": "tp", "title": "time of perihelion passage", "value": "2459475.532388258612", "label": "tp"}, {"title": "sidereal orbital period", "value": "91574.05419328884", "label": "period", "units": "d", "sigma": "19.565", "name": "per"}, {"label": "n", "title": "mean motion", "value": ".003931244533960834", "name": "n", "units": "deg/d", "sigma": "8.3992E-7"}, {"sigma": ".0071198", "units": "au", "name": "ad", "value": "49.98612534857421", "title": "aphelion distance", "label": "Q"}], "condition_code": "4", "last_obs": "2017-12-23"}}