{"signature": {"source": "NASA/JPL Small-Body Database (SBDB) API", "version": "1.3"}, "orbit": {"comment": null, "two_body": null, "pe_used": "DE441", "equinox": "J2000", "moid_jup": "29.3597", "data_arc": "1047", "n_del_obs_used": null, "model_pars": [], "not_valid_before": null, "n_obs_used": 21, "epoch": "2460000.5", "covariance": {"epoch": "2457195.5", "elements": [{"name": "e", "units": null, "sigma": 0.00135903681994698, "label": "e", "title": "eccentricity", "value": ".1323733014784672"}, {"sigma": 0.0540996085336476, "units": "au", "name": "q", "value": "34.08459453168896", "title": "perihelion distance", "label": "q"}, {"label": "tp", "value": "2428345.154745458025", "title": "time of perihelion passage", "name": "tp", "sigma": 130.886047409575, "units": "TDB"}, {"units": "deg", "sigma": 0.00912762521669739, "name": "om", "title": "longitude of the ascending node", "value": "150.2605216691966", "label": "node"}, {"value": "97.93910446526603", "title": "argument of perihelion", "label": "peri", "sigma": 0.361705806742499, "units": "deg", "name": "w"}, {"name": "i", "units": "deg", "sigma": 0.00147070191963151, "label": "i", "title": "inclination", "value": "9.666093078986012"}], "data": [["1.846981077971614E-6", "-7.131152986131802E-5", ".1736234192517085", "2.531486419457657E-6", ".0004422831919489832", "3.878215415699096E-7"], ["-7.131152986131802E-5", ".002926767643493919", "-6.329837605717034", "-.000113046348335647", "-.01500277104464759", "-1.728129164189145E-5"], [".1736234192517085", "-6.329837605717034", "17131.15740650144", ".2055113490301129", "46.05999707764961", ".03156355287713657"], ["2.531486419457657E-6", "-.000113046348335647", ".2055113490301129", "8.331354209649003E-5", ".0003476284014782421", "1.341266699595426E-5"], [".0004422831919489832", "-.01500277104464759", "46.05999707764961", ".0003476284014782421", ".1308310906312418", "5.305584881893227E-5"], ["3.878215415699096E-7", "-1.728129164189145E-5", ".03156355287713657", "1.341266699595426E-5", "5.305584881893227E-5", "2.162964136407796E-6"]], "labels": ["e", "q", "tp", "node", "peri", "i"]}, "orbit_id": "2", "moid": "33.6287", "producer": "Otto Matic", "rms": ".12705", "source": "JPL", "t_jup": "5.532", "first_obs": "2013-10-13", "not_valid_after": null, "sb_used": "SB441-N16", "n_dop_obs_used": null, "condition_code": "5", "elements": [{"units": null, "sigma": ".001417", "name": "e", "value": ".1274609735542561", "title": "eccentricity", "label": "e"}, {"label": "a", "value": "39.68776006320132", "title": "semi-major axis", "name": "a", "units": "au", "sigma": ".015609"}, {"units": "au", "sigma": ".05656", "name": "q", "title": "perihelion distance", "value": "34.62911952735796", "label": "q"}, {"value": "9.634562862776928", "title": "inclination; angle with respect to x-y ecliptic plane", "label": "i", "units": "deg", "sigma": ".001456", "name": "i"}, {"label": "node", "value": "150.0365383046086", "title": "longitude of the ascending node", "name": "om", "sigma": ".0091229", "units": "deg"}, {"name": "w", "sigma": ".33873", "units": "deg", "label": "peri", "title": "argument of perihelion", "value": "102.2134689355678"}, {"value": "122.3716678105715", "title": "mean anomaly", "label": "M", "units": "deg", "sigma": ".52386", "name": "ma"}, {"value": "2428957.642743531007", "title": "time of perihelion passage", "label": "tp", "sigma": "125.87", "units": "TDB", "name": "tp"}, {"value": "91323.66022524222", "title": "sidereal orbital period", "label": "period", "sigma": "53.874", "units": "d", "name": "per"}, {"label": "n", "title": "mean motion", "value": ".003942023338881621", "name": "n", "units": "deg/d", "sigma": "2.3255E-6"}, {"sigma": ".017598", "units": "au", "name": "ad", "title": "aphelion distance", "value": "44.74640059904468", "label": "Q"}], "soln_date": "2021-09-16 06:34:09", "last_obs": "2016-08-25"}, "object": {"orbit_class": {"code": "TNO", "name": "TransNeptunian Object"}, "kind": "au", "prefix": null, "neo": false, "spkid": "54197631", "fullname": "(2015 TP361)", "orbit_id": "2", "pha": false, "des": "2015 TP361"}}