{"orbit": {"moid_jup": "27.1895", "pe_used": "DE441", "two_body": null, "equinox": "J2000", "comment": null, "n_obs_used": 104, "not_valid_before": null, "data_arc": "4790", "n_del_obs_used": null, "model_pars": [], "covariance": {"data": [["4.050855919033503E-10", "3.681214314030774E-9", "-1.580661964155419E-6", "7.208601933498931E-11", "-9.185643570755369E-9", "4.977992182489193E-11"], ["3.681214314030774E-9", "3.372438234337537E-8", "-1.713131135728921E-5", "6.601197226078921E-10", "-9.950032583371056E-8", "4.569175355604734E-10"], ["-1.580661964155419E-6", "-1.713131135728921E-5", ".09385597813842596", "-3.305521447616081E-7", ".0005428466487393742", "-2.624310106070249E-7"], ["7.208601933498931E-11", "6.601197226078921E-10", "-3.305521447616081E-7", "5.117755618793551E-9", "-6.944259476786866E-9", "2.166438928421214E-9"], ["-9.185643570755369E-9", "-9.950032583371056E-8", ".0005428466487393742", "-6.944259476786866E-9", "3.144713600949416E-6", "-3.646854923765831E-9"], ["4.977992182489193E-11", "4.569175355604734E-10", "-2.624310106070249E-7", "2.166438928421214E-9", "-3.646854923765831E-9", "1.156652456345999E-9"]], "labels": ["e", "q", "tp", "node", "peri", "i"], "elements": [{"label": "e", "value": ".1775235492179174", "title": "eccentricity", "name": "e", "sigma": 2.01267382330906e-05, "units": null}, {"sigma": 0.000183641995043006, "units": "au", "name": "q", "value": "32.4003480977584", "title": "perihelion distance", "label": "q"}, {"name": "tp", "sigma": 0.306359230542228, "units": "TDB", "label": "tp", "title": "time of perihelion passage", "value": "2458264.212022501462"}, {"units": "deg", "sigma": 7.15384904704702e-05, "name": "om", "value": "85.06689069880319", "title": "longitude of the ascending node", "label": "node"}, {"sigma": 0.00177333403535527, "units": "deg", "name": "w", "value": "21.78971035103965", "title": "argument of perihelion", "label": "peri"}, {"sigma": 3.40095935927791e-05, "units": "deg", "name": "i", "value": "10.19207090082873", "title": "inclination", "label": "i"}], "epoch": "2457735.5"}, "epoch": "2460000.5", "rms": ".50256", "producer": "Otto Matic", "moid": "31.4055", "orbit_id": "9", "t_jup": "5.460", "source": "JPL", "soln_date": "2023-02-07 16:24:55", "n_dop_obs_used": null, "condition_code": "2", "elements": [{"label": "e", "value": ".1766568539209749", "title": "eccentricity", "name": "e", "units": null, "sigma": "2.0152E-5"}, {"units": "au", "sigma": ".001184", "name": "a", "title": "semi-major axis", "value": "39.33644292722605", "label": "a"}, {"sigma": ".00018255", "units": "au", "name": "q", "title": "perihelion distance", "value": "32.38739067526031", "label": "q"}, {"label": "i", "value": "10.17856828271456", "title": "inclination; angle with respect to x-y ecliptic plane", "name": "i", "units": "deg", "sigma": "3.4006E-5"}, {"sigma": "7.1773E-5", "units": "deg", "name": "om", "title": "longitude of the ascending node", "value": "85.01182223996017", "label": "node"}, {"title": "argument of perihelion", "value": "20.14852131406468", "label": "peri", "sigma": ".0017444", "units": "deg", "name": "w"}, {"title": "mean anomaly", "value": "8.090855898255322", "label": "M", "sigma": ".0011956", "units": "deg", "name": "ma"}, {"sigma": ".3014", "units": "TDB", "name": "tp", "title": "time of perihelion passage", "value": "2457975.229575983162", "label": "tp"}, {"title": "sidereal orbital period", "value": "90113.74838640756", "label": "period", "sigma": "4.0685", "units": "d", "name": "per"}, {"name": "n", "sigma": "1.8037E-7", "units": "deg/d", "label": "n", "value": ".003994950897573595", "title": "mean motion"}, {"label": "Q", "title": "aphelion distance", "value": "46.28549517919178", "name": "ad", "units": "au", "sigma": ".0013931"}], "first_obs": "2009-12-09", "not_valid_after": null, "sb_used": "SB441-N16", "last_obs": "2023-01-20"}, "object": {"kind": "au", "orbit_class": {"code": "TNO", "name": "TransNeptunian Object"}, "neo": false, "prefix": null, "spkid": "3841218", "des": "2009 YT26", "pha": false, "orbit_id": "9", "fullname": "(2009 YT26)"}, "signature": {"version": "1.3", "source": "NASA/JPL Small-Body Database (SBDB) API"}}