{"signature": {"version": "1.3", "source": "NASA/JPL Small-Body Database (SBDB) API"}, "orbit": {"data_arc": "5882", "n_dop_obs_used": null, "pe_used": "DE441", "comment": null, "sb_used": "SB441-N16", "rms": ".25172", "model_pars": [], "first_obs": "2005-02-10", "not_valid_after": null, "epoch": "2460000.5", "not_valid_before": null, "soln_date": "2021-05-04 13:56:52", "moid": "32.0319", "two_body": null, "equinox": "J2000", "moid_jup": "27.9929", "n_del_obs_used": null, "elements": [{"name": "e", "sigma": ".00014667", "value": ".1550196086586522", "units": null, "title": "eccentricity", "label": "e"}, {"name": "a", "sigma": ".0071337", "value": "39.10831558048771", "units": "au", "label": "a", "title": "semi-major axis"}, {"value": "33.04575980390143", "sigma": ".011759", "name": "q", "title": "perihelion distance", "label": "q", "units": "au"}, {"units": "deg", "label": "i", "title": "inclination; angle with respect to x-y ecliptic plane", "sigma": ".00035831", "name": "i", "value": "21.39073329820472"}, {"name": "om", "sigma": ".00010538", "value": "317.90507683554", "units": "deg", "title": "longitude of the ascending node", "label": "node"}, {"sigma": ".034412", "name": "w", "value": "3.0812169475294", "units": "deg", "title": "argument of perihelion", "label": "peri"}, {"sigma": ".046495", "name": "ma", "value": "200.5775362821332", "units": "deg", "title": "mean anomaly", "label": "M"}, {"sigma": "16.482", "name": "tp", "value": "2499559.846537615340", "units": "TDB", "label": "tp", "title": "time of perihelion passage"}, {"value": "89330.97896884067", "sigma": "24.442", "name": "per", "title": "sidereal orbital period", "label": "period", "units": "d"}, {"value": ".00402995695508465", "sigma": "1.1027E-6", "name": "n", "label": "n", "title": "mean motion", "units": "deg/d"}, {"sigma": ".0082396", "name": "ad", "value": "45.17087135707398", "units": "au", "title": "aphelion distance", "label": "Q"}], "producer": "Otto Matic", "covariance": {"elements": [{"sigma": 0.000146940612709091, "name": "e", "value": ".1529639798348346", "units": null, "title": "eccentricity", "label": "e"}, {"units": "au", "title": "perihelion distance", "label": "q", "name": "q", "sigma": 0.0118254736165066, "value": "33.21378808101928"}, {"value": "2499156.996832457640", "name": "tp", "sigma": 16.1619498876859, "title": "time of perihelion passage", "label": "tp", "units": "TDB"}, {"value": "317.8793100213138", "sigma": 0.000105042435070104, "name": "om", "label": "node", "title": "longitude of the ascending node", "units": "deg"}, {"title": "argument of perihelion", "label": "peri", "units": "deg", "value": "1.348350541201245", "name": "w", "sigma": 0.0349320546291468}, {"label": "i", "title": "inclination", "units": "deg", "value": "21.38010322502471", "sigma": 0.000358022389204308, "name": "i"}], "labels": ["e", "q", "tp", "node", "peri", "i"], "epoch": "2454472.5", "data": [["2.159154366332307E-8", "-1.736093371503633E-6", "-.001777626414306108", "2.721695021369013E-9", "6.965672407957817E-8", "-7.483615130587586E-10"], ["-1.736093371503633E-6", ".0001398418262546948", ".137818714438959", "-2.217343562469205E-7", "-2.239085304811867E-5", "5.389828045042419E-8"], ["-.001777626414306108", ".137818714438959", "261.2086241720696", "-.0001640372910424168", ".3684804790381849", ".0002023187207909226"], ["2.721695021369013E-9", "-2.217343562469205E-7", "-.0001640372910424168", "1.103391316545711E-8", "1.957992341815049E-7", "1.059696005883607E-8"], ["6.965672407957817E-8", "-2.239085304811867E-5", ".3684804790381849", "1.957992341815049E-7", ".001220248440613699", "4.461957950001034E-7"], ["-7.483615130587586E-10", "5.389828045042419E-8", ".0002023187207909226", "1.059696005883607E-8", "4.461957950001034E-7", "1.28180031171561E-7"]]}, "condition_code": "4", "source": "JPL", "t_jup": "5.177", "orbit_id": "7", "n_obs_used": 25, "last_obs": "2021-03-20"}, "object": {"kind": "au", "des": "2005 CD81", "prefix": null, "fullname": "(2005 CD81)", "orbit_id": "7", "pha": false, "spkid": "3563291", "orbit_class": {"name": "TransNeptunian Object", "code": "TNO"}, "neo": false}}