{"signature": {"version": "1.3", "source": "NASA/JPL Small-Body Database (SBDB) API"}, "object": {"orbit_class": {"name": "TransNeptunian Object", "code": "TNO"}, "kind": "au", "prefix": null, "neo": false, "spkid": "54049815", "des": "2013 MR18", "orbit_id": "5", "fullname": "(2013 MR18)", "pha": false}, "orbit": {"epoch": "2460000.5", "covariance": {"epoch": "2458045.5", "elements": [{"sigma": 1.51036067529151e-05, "units": null, "name": "e", "title": "eccentricity", "value": ".345280469905396", "label": "e"}, {"value": "26.04373541584761", "title": "perihelion distance", "label": "q", "units": "au", "sigma": 0.000237086880893512, "name": "q"}, {"units": "TDB", "sigma": 0.201348946859182, "name": "tp", "value": "2463741.029025466168", "title": "time of perihelion passage", "label": "tp"}, {"title": "longitude of the ascending node", "value": "168.2331549378016", "label": "node", "sigma": 8.07715432359988e-05, "units": "deg", "name": "om"}, {"title": "argument of perihelion", "value": "115.7321208521905", "label": "peri", "units": "deg", "sigma": 0.00193240471260204, "name": "w"}, {"units": "deg", "sigma": 1.69325724211911e-05, "name": "i", "title": "inclination", "value": "31.08687243282367", "label": "i"}], "labels": ["e", "q", "tp", "node", "peri", "i"], "data": [["2.281189369467017E-10", "2.422296148580823E-9", "-2.250766119609225E-6", "5.8216183389135E-11", "-1.996324731506082E-8", "7.008581564119484E-11"], ["2.422296148580823E-9", "5.621018909181452E-8", "-4.739556859015988E-5", "2.495751072528489E-9", "-4.570809057277729E-7", "1.4062302539409E-9"], ["-2.250766119609225E-6", "-4.739556859015988E-5", ".0405413984013015", "-2.018852726159621E-6", ".0003875094150062378", "-1.196121489434729E-6"], ["5.8216183389135E-11", "2.495751072528489E-9", "-2.018852726159621E-6", "6.524042196724823E-9", "-2.564583989552719E-8", "1.250081516785782E-9"], ["-1.996324731506082E-8", "-4.570809057277729E-7", ".0003875094150062378", "-2.564583989552719E-8", "3.734187973286572E-6", "-1.243507534199486E-8"], ["7.008581564119484E-11", "1.4062302539409E-9", "-1.196121489434729E-6", "1.250081516785782E-9", "-1.243507534199486E-8", "2.867120087988819E-10"]]}, "moid": "25.0658", "orbit_id": "5", "rms": ".68485", "producer": "Otto Matic", "comment": null, "moid_jup": "21.4918", "two_body": null, "equinox": "J2000", "pe_used": "DE441", "model_pars": [], "data_arc": "4067", "n_del_obs_used": null, "n_obs_used": 128, "not_valid_before": null, "not_valid_after": null, "first_obs": "2011-04-14", "sb_used": "SB441-N16", "soln_date": "2022-06-15 22:47:22", "elements": [{"name": "e", "sigma": "1.4895E-5", "units": null, "label": "e", "value": ".3404248700936376", "title": "eccentricity"}, {"value": "39.36623464891456", "title": "semi-major axis", "label": "a", "units": "au", "sigma": ".0011661", "name": "a"}, {"title": "perihelion distance", "value": "25.96498933248217", "label": "q", "sigma": ".00024144", "units": "au", "name": "q"}, {"name": "i", "units": "deg", "sigma": "1.703E-5", "label": "i", "title": "inclination; angle with respect to x-y ecliptic plane", "value": "31.11445891104961"}, {"label": "node", "title": "longitude of the ascending node", "value": "168.4226466923389", "name": "om", "sigma": "8.0852E-5", "units": "deg"}, {"title": "argument of perihelion", "value": "116.7386235782881", "label": "peri", "units": "deg", "sigma": ".0019824", "name": "w"}, {"name": "ma", "sigma": ".0014623", "units": "deg", "label": "M", "title": "mean anomaly", "value": "344.5299864519757"}, {"name": "tp", "sigma": ".20559", "units": "TDB", "label": "tp", "value": "2463877.291417882591", "title": "time of perihelion passage"}, {"sigma": "4.0086", "units": "d", "name": "per", "value": "90216.14015431622", "title": "sidereal orbital period", "label": "period"}, {"sigma": "1.7731E-7", "units": "deg/d", "name": "n", "title": "mean motion", "value": ".003990416785557596", "label": "n"}, {"name": "ad", "sigma": ".0015631", "units": "au", "label": "Q", "title": "aphelion distance", "value": "52.76747996534696"}], "n_dop_obs_used": null, "condition_code": "2", "last_obs": "2022-06-02", "t_jup": "4.561", "source": "JPL"}}