{"signature": {"version": "1.3", "source": "NASA/JPL Small-Body Database (SBDB) API"}, "object": {"spkid": "3830914", "des": "2015 GX54", "pha": false, "orbit_id": "2", "fullname": "(2015 GX54)", "orbit_class": {"code": "TNO", "name": "TransNeptunian Object"}, "kind": "au", "prefix": null, "neo": false}, "orbit": {"data_arc": "856", "n_del_obs_used": null, "model_pars": [], "n_obs_used": 28, "not_valid_before": null, "comment": null, "moid_jup": "27.5996", "two_body": null, "equinox": "J2000", "pe_used": "DE441", "moid": "32.0477", "orbit_id": "2", "rms": ".14125", "producer": "Otto Matic", "epoch": "2460000.5", "covariance": {"epoch": "2457372.5", "elements": [{"title": "eccentricity", "value": ".1656154281289102", "label": "e", "sigma": 0.000101802910014003, "units": null, "name": "e"}, {"value": "33.06139888130294", "title": "perihelion distance", "label": "q", "sigma": 0.00168600947699773, "units": "au", "name": "q"}, {"units": "TDB", "sigma": 51.7500917815694, "name": "tp", "value": "2458053.425487388923", "title": "time of perihelion passage", "label": "tp"}, {"name": "om", "sigma": 0.000771079124506614, "units": "deg", "label": "node", "value": "36.19991769313084", "title": "longitude of the ascending node"}, {"units": "deg", "sigma": 0.28980408677119, "name": "w", "value": "174.3138576953845", "title": "argument of perihelion", "label": "peri"}, {"title": "inclination", "value": "13.491154575071", "label": "i", "sigma": 0.00106361221815115, "units": "deg", "name": "i"}], "data": [["1.036383248731919E-8", "-8.018664643895579E-9", ".002439750782295455", "-2.22463130284906E-9", "1.366702299116838E-5", "3.239297434527783E-9"], ["-8.018664643895579E-9", "2.842627956526174E-6", "-.0770663064066163", "-2.512455987246437E-8", "-.000431564003531288", "2.813588311482184E-8"], [".002439750782295455", "-.0770663064066163", "2678.071999400855", "7.375769983570954E-5", "14.99733742192767", ".0001152134344568146"], ["-2.22463130284906E-9", "-2.512455987246437E-8", "7.375769983570954E-5", "5.945630162498867E-7", "-1.646998513493681E-7", "-8.111480838546068E-7"], ["1.366702299116838E-5", "-.000431564003531288", "14.99733742192767", "-1.646998513493681E-7", ".08398640870928359", "1.433412905490307E-6"], ["3.239297434527783E-9", "2.813588311482184E-8", ".0001152134344568146", "-8.111480838546068E-7", "1.433412905490307E-6", "1.131270950600408E-6"]], "labels": ["e", "q", "tp", "node", "peri", "i"]}, "t_jup": "5.401", "source": "JPL", "last_obs": "2017-06-25", "sb_used": "SB441-N16", "not_valid_after": null, "first_obs": "2015-02-20", "soln_date": "2021-04-15 13:31:05", "elements": [{"sigma": ".0001085", "units": null, "name": "e", "title": "eccentricity", "value": ".1557887201318338", "label": "e"}, {"title": "semi-major axis", "value": "39.15201338751151", "label": "a", "units": "au", "sigma": ".005038", "name": "a"}, {"units": "au", "sigma": ".0020205", "name": "q", "value": "33.05257133128667", "title": "perihelion distance", "label": "q"}, {"title": "inclination; angle with respect to x-y ecliptic plane", "value": "13.54588492696002", "label": "i", "units": "deg", "sigma": ".0010682", "name": "i"}, {"name": "om", "sigma": ".00076819", "units": "deg", "label": "node", "value": "36.20629986908764", "title": "longitude of the ascending node"}, {"label": "peri", "title": "argument of perihelion", "value": "175.2279458558977", "name": "w", "units": "deg", "sigma": ".30642"}, {"name": "ma", "units": "deg", "sigma": ".2211", "label": "M", "value": "7.191058353901645", "title": "mean anomaly"}, {"sigma": "54.914", "units": "TDB", "name": "tp", "title": "time of perihelion passage", "value": "2458213.107670537564", "label": "tp"}, {"units": "d", "sigma": "17.271", "name": "per", "title": "sidereal orbital period", "value": "89480.74218551637", "label": "period"}, {"units": "deg/d", "sigma": "7.7655E-7", "name": "n", "title": "mean motion", "value": ".004023212047723389", "label": "n"}, {"title": "aphelion distance", "value": "45.25145544373635", "label": "Q", "units": "au", "sigma": ".0058229", "name": "ad"}], "n_dop_obs_used": null, "condition_code": "5"}}