{"signature": {"version": "1.3", "source": "NASA/JPL Small-Body Database (SBDB) API"}, "orbit": {"covariance": {"elements": [{"label": "e", "title": "eccentricity", "value": ".2479882734064092", "name": "e", "units": null, "sigma": 0.00144521527863106}, {"value": "29.48607101910139", "title": "perihelion distance", "label": "q", "units": "au", "sigma": 0.0298695639898517, "name": "q"}, {"name": "tp", "units": "TDB", "sigma": 9.10113263463694, "label": "tp", "value": "2466898.875506273867", "title": "time of perihelion passage"}, {"units": "deg", "sigma": 0.00123913029069754, "name": "om", "value": "174.2482832948752", "title": "longitude of the ascending node", "label": "node"}, {"units": "deg", "sigma": 0.0568233457414162, "name": "w", "value": "295.6368626225972", "title": "argument of perihelion", "label": "peri"}, {"units": "deg", "sigma": 0.000716177839285931, "name": "i", "value": "27.26992366716493", "title": "inclination", "label": "i"}], "epoch": "2454223.5", "labels": ["e", "q", "tp", "node", "peri", "i"], "data": [["2.088647201588649E-6", "-4.266487304758E-5", "-.0123698459334517", "2.877725499234642E-7", "7.012286484534683E-5", "1.723618355591326E-7"], ["-4.266487304758E-5", ".0008921908529438461", ".2387237151439338", "-5.655694701064941E-6", "-.001566502561326762", "-3.362199904936482E-6"], ["-.0123698459334517", ".2387237151439338", "82.83061523325352", "-.001850230491260984", "-.3240364197644304", "-.001124835833594659"], ["2.877725499234642E-7", "-5.655694701064941E-6", "-.001850230491260984", "1.535443877324175E-6", "6.911431872421491E-6", "8.843557956197052E-7"], ["7.012286484534683E-5", "-.001566502561326762", "-.3240364197644304", "6.911431872421491E-6", ".003228892621248519", "4.009337493361364E-6"], ["1.723618355591326E-7", "-3.362199904936482E-6", "-.001124835833594659", "8.843557956197052E-7", "4.009337493361364E-6", "5.129106974842647E-7"]]}, "epoch": "2460000.5", "producer": "Otto Matic", "rms": ".21565", "orbit_id": "6", "moid": "28.6944", "two_body": null, "pe_used": "DE441", "equinox": "J2000", "moid_jup": "24.8899", "comment": null, "not_valid_before": null, "n_obs_used": 25, "model_pars": [], "data_arc": "1127", "n_del_obs_used": null, "n_dop_obs_used": null, "elements": [{"value": ".2525053127752128", "title": "eccentricity", "label": "e", "sigma": ".0014429", "units": null, "name": "e"}, {"title": "semi-major axis", "value": "39.58062232920118", "label": "a", "units": "au", "sigma": ".037369", "name": "a"}, {"label": "q", "title": "perihelion distance", "value": "29.58630490812866", "name": "q", "units": "au", "sigma": ".0299"}, {"units": "deg", "sigma": ".00071972", "name": "i", "title": "inclination; angle with respect to x-y ecliptic plane", "value": "27.22594517343937", "label": "i"}, {"title": "longitude of the ascending node", "value": "174.0832332350731", "label": "node", "sigma": ".0012517", "units": "deg", "name": "om"}, {"units": "deg", "sigma": ".064248", "name": "w", "title": "argument of perihelion", "value": "294.2141350989895", "label": "peri"}, {"title": "mean anomaly", "value": "333.646607626054", "label": "M", "sigma": ".06619", "units": "deg", "name": "ma"}, {"title": "time of perihelion passage", "value": "2466658.693031977516", "label": "tp", "sigma": "7.4416", "units": "TDB", "name": "tp"}, {"name": "per", "units": "d", "sigma": "128.81", "label": "period", "title": "sidereal orbital period", "value": "90954.11541330162"}, {"name": "n", "units": "deg/d", "sigma": "5.6053E-6", "label": "n", "title": "mean motion", "value": ".003958039703471754"}, {"sigma": ".046805", "units": "au", "name": "ad", "value": "49.57493975027369", "title": "aphelion distance", "label": "Q"}], "condition_code": "4", "soln_date": "2021-10-22 20:43:14", "not_valid_after": null, "first_obs": "2005-08-30", "sb_used": "SB441-N16", "last_obs": "2008-09-30", "source": "JPL", "t_jup": "4.877"}, "object": {"des": "2006 TK121", "pha": false, "orbit_id": "6", "fullname": "(2006 TK121)", "spkid": "3385838", "prefix": null, "neo": false, "orbit_class": {"name": "TransNeptunian Object", "code": "TNO"}, "kind": "au"}}