{"signature": {"version": "1.3", "source": "NASA/JPL Small-Body Database (SBDB) API"}, "object": {"kind": "au", "des": "2015 VC165", "prefix": null, "fullname": "(2015 VC165)", "orbit_id": "2", "pha": false, "spkid": "3830960", "orbit_class": {"code": "TNO", "name": "TransNeptunian Object"}, "neo": false}, "orbit": {"covariance": {"data": [["1.695184217809665E-7", "-5.19093089075381E-6", "-.04029245418926771", "-9.653347454131632E-10", "-.0002009262891070892", "-1.233195016511604E-8"], ["-5.19093089075381E-6", ".000171010169873346", "1.313695166236964", "3.79515763592805E-8", ".006549498341877696", "5.298487981187392E-7"], ["-.04029245418926771", "1.313695166236964", "10115.52967604889", ".0002826366079306166", "50.4314817708527", ".003891516644048365"], ["-9.653347454131632E-10", "3.79515763592805E-8", ".0002826366079306166", "1.209990386596438E-8", "1.397046857481755E-6", "-2.701810303854438E-8"], ["-.0002009262891070892", ".006549498341877696", "50.4314817708527", "1.397046857481755E-6", ".2514291679938754", "1.942189559403315E-5"], ["-1.233195016511604E-8", "5.298487981187392E-7", ".003891516644048365", "-2.701810303854438E-8", "1.942189559403315E-5", "1.359009938189933E-6"]], "epoch": "2457593.5", "labels": ["e", "q", "tp", "node", "peri", "i"], "elements": [{"label": "e", "title": "eccentricity", "units": null, "value": ".0965768236388123", "name": "e", "sigma": 0.000411726149012868}, {"sigma": 0.0130770856796668, "name": "q", "value": "35.44693175974496", "units": "au", "label": "q", "title": "perihelion distance"}, {"units": "TDB", "title": "time of perihelion passage", "label": "tp", "sigma": 100.575989560376, "name": "tp", "value": "2452414.477369046892"}, {"sigma": 0.000109999563026243, "name": "om", "value": "232.2682287018162", "units": "deg", "label": "node", "title": "longitude of the ascending node"}, {"sigma": 0.501427131290156, "name": "w", "value": "154.5520165132965", "units": "deg", "title": "argument of perihelion", "label": "peri"}, {"value": "13.37978275487382", "name": "i", "sigma": 0.00116576581618691, "label": "i", "title": "inclination", "units": "deg"}]}, "condition_code": "5", "source": "JPL", "t_jup": "5.470", "orbit_id": "2", "last_obs": "2017-12-13", "n_obs_used": 30, "not_valid_after": null, "first_obs": "2015-09-07", "epoch": "2460000.5", "not_valid_before": null, "soln_date": "2021-04-15 15:18:25", "moid": "34.4368", "equinox": "J2000", "two_body": null, "moid_jup": "30.5055", "n_del_obs_used": null, "elements": [{"sigma": ".00040913", "name": "e", "value": ".105322256686433", "units": null, "title": "eccentricity", "label": "e"}, {"sigma": ".0057689", "name": "a", "value": "39.59921870528612", "units": "au", "label": "a", "title": "semi-major axis"}, {"units": "au", "label": "q", "title": "perihelion distance", "sigma": ".012839", "name": "q", "value": "35.42853962822578"}, {"name": "i", "sigma": ".0011616", "value": "13.3282634975434", "units": "deg", "title": "inclination; angle with respect to x-y ecliptic plane", "label": "i"}, {"sigma": ".00011042", "name": "om", "value": "232.2289436581762", "units": "deg", "label": "node", "title": "longitude of the ascending node"}, {"value": "154.9196272400789", "sigma": ".46263", "name": "w", "title": "argument of perihelion", "label": "peri", "units": "deg"}, {"name": "ma", "sigma": ".36129", "value": "29.61677549842548", "units": "deg", "title": "mean anomaly", "label": "M"}, {"label": "tp", "title": "time of perihelion passage", "units": "TDB", "value": "2452512.538109009537", "name": "tp", "sigma": "92.264"}, {"units": "d", "title": "sidereal orbital period", "label": "period", "sigma": "19.89", "name": "per", "value": "91018.2231316801"}, {"value": ".003955251900261468", "name": "n", "sigma": "8.6432E-7", "title": "mean motion", "label": "n", "units": "deg/d"}, {"units": "au", "label": "Q", "title": "aphelion distance", "name": "ad", "sigma": ".0063765", "value": "43.76989778234646"}], "producer": "Otto Matic", "comment": null, "rms": ".1827", "sb_used": "SB441-N16", "model_pars": [], "data_arc": "828", "n_dop_obs_used": null, "pe_used": "DE441"}}