{"object": {"pha": false, "orbit_id": "6", "fullname": "(1998 UR43)", "des": "1998 UR43", "spkid": "3024407", "prefix": null, "neo": false, "orbit_class": {"code": "TNO", "name": "TransNeptunian Object"}, "kind": "au"}, "orbit": {"not_valid_before": null, "n_obs_used": 38, "data_arc": "7002", "model_pars": [], "n_del_obs_used": null, "pe_used": "DE441", "two_body": null, "equinox": "J2000", "moid_jup": "25.6972", "comment": null, "rms": ".37465", "producer": "Otto Matic", "orbit_id": "6", "moid": "29.7706", "covariance": {"epoch": "2453445.5", "elements": [{"label": "e", "title": "eccentricity", "value": ".2194104754876599", "name": "e", "units": null, "sigma": 0.000170913037086367}, {"name": "q", "units": "au", "sigma": 0.00161328170915451, "label": "q", "title": "perihelion distance", "value": "30.75120314422105"}, {"title": "time of perihelion passage", "value": "2457084.945381421861", "label": "tp", "units": "TDB", "sigma": 2.17346303710621, "name": "tp"}, {"value": "53.8880699126798", "title": "longitude of the ascending node", "label": "node", "sigma": 0.000270968048647752, "units": "deg", "name": "om"}, {"title": "argument of perihelion", "value": "19.4938310622246", "label": "peri", "sigma": 0.0138061983470725, "units": "deg", "name": "w"}, {"label": "i", "title": "inclination", "value": "8.776865913445212", "name": "i", "sigma": 0.000143479118455872, "units": "deg"}], "data": [["2.921126624608583E-8", "2.744204308290482E-7", "-.0003531021757263623", "-3.68236145195015E-9", "-2.242340364741317E-6", "1.815671563027048E-9"], ["2.744204308290482E-7", "2.602677873092502E-6", "-.003417340335175168", "-3.488663686454207E-8", "-2.170483365765436E-5", "1.733612150984381E-8"], ["-.0003531021757263623", "-.003417340335175168", "4.723941573666937", "4.57026841758388E-5", ".03000129698091985", "-2.314401415059024E-5"], ["-3.68236145195015E-9", "-3.488663686454207E-8", "4.57026841758388E-5", "7.342368338797071E-8", "2.181687559791729E-7", "-9.05771206857387E-9"], ["-2.242340364741317E-6", "-2.170483365765436E-5", ".03000129698091985", "2.181687559791729E-7", ".0001906111127987069", "-1.382749657268542E-7"], ["1.815671563027048E-9", "1.733612150984381E-8", "-2.314401415059024E-5", "-9.05771206857387E-9", "-1.382749657268542E-7", "2.058625743287409E-8"]], "labels": ["e", "q", "tp", "node", "peri", "i"]}, "epoch": "2460000.5", "source": "JPL", "t_jup": "5.448", "last_obs": "2017-12-23", "condition_code": "3", "n_dop_obs_used": null, "elements": [{"title": "eccentricity", "value": ".2237623173023048", "label": "e", "sigma": ".00017236", "units": null, "name": "e"}, {"name": "a", "sigma": ".010838", "units": "au", "label": "a", "title": "semi-major axis", "value": "39.62170542976096"}, {"name": "q", "units": "au", "sigma": ".001589", "label": "q", "title": "perihelion distance", "value": "30.75586080732833"}, {"sigma": ".00014314", "units": "deg", "name": "i", "value": "8.751705149947284", "title": "inclination; angle with respect to x-y ecliptic plane", "label": "i"}, {"name": "om", "units": "deg", "sigma": ".00027177", "label": "node", "title": "longitude of the ascending node", "value": "53.80890505469776"}, {"label": "peri", "title": "argument of perihelion", "value": "18.4498545373535", "name": "w", "sigma": ".012871", "units": "deg"}, {"label": "M", "title": "mean anomaly", "value": "12.19804852358026", "name": "ma", "sigma": ".0035983", "units": "deg"}, {"title": "time of perihelion passage", "value": "2456913.859643966185", "label": "tp", "units": "TDB", "sigma": "2.0251", "name": "tp"}, {"title": "sidereal orbital period", "value": "91095.76224624061", "label": "period", "units": "d", "sigma": "37.377", "name": "per"}, {"name": "n", "units": "deg/d", "sigma": "1.6215E-6", "label": "n", "value": ".003951885259238353", "title": "mean motion"}, {"value": "48.48755005219358", "title": "aphelion distance", "label": "Q", "sigma": ".013263", "units": "au", "name": "ad"}], "soln_date": "2021-04-14 20:49:07", "not_valid_after": null, "first_obs": "1998-10-22", "sb_used": "SB441-N16"}, "signature": {"version": "1.3", "source": "NASA/JPL Small-Body Database (SBDB) API"}}