{"signature": {"version": "1.3", "source": "NASA/JPL Small-Body Database (SBDB) API"}, "object": {"orbit_class": {"name": "TransNeptunian Object", "code": "TNO"}, "neo": false, "pha": false, "spkid": "3563290", "fullname": "(2004 VZ130)", "orbit_id": "7", "kind": "au", "des": "2004 VZ130", "prefix": null}, "orbit": {"orbit_id": "7", "last_obs": "2022-11-28", "n_obs_used": 35, "condition_code": "3", "source": "JPL", "covariance": {"epoch": "2454239.5", "data": [["7.731780748033965E-9", "9.036107633934992E-8", ".0001172740494531861", "-1.12260464584277E-9", "8.764528917910104E-7", "7.188031823679202E-10"], ["9.036107633934992E-8", "1.339611647119792E-6", ".00166665449280994", "-1.744275825841282E-8", "1.274139755158719E-5", "6.96982215557263E-9"], [".0001172740494531861", ".00166665449280994", "2.095616680098163", "-2.14908495282685E-5", ".01595461185275893", "9.358641421220382E-6"], ["-1.12260464584277E-9", "-1.744275825841282E-8", "-2.14908495282685E-5", "4.093029096720158E-8", "-2.048701473224564E-7", "2.672857729048054E-8"], ["8.764528917910104E-7", "1.274139755158719E-5", ".01595461185275893", "-2.048701473224564E-7", ".0001217578025910602", "4.227159782378078E-8"], ["7.188031823679202E-10", "6.96982215557263E-9", "9.358641421220382E-6", "2.672857729048054E-8", "4.227159782378078E-8", "3.779986071049719E-8"]], "elements": [{"name": "e", "sigma": 8.79305450229553e-05, "value": ".2793652856801964", "units": null, "label": "e", "title": "eccentricity"}, {"units": "au", "label": "q", "title": "perihelion distance", "sigma": 0.00115741593522804, "name": "q", "value": "28.39361884706877"}, {"value": "2449379.412716848021", "name": "tp", "sigma": 1.4476244955437, "label": "tp", "title": "time of perihelion passage", "units": "TDB"}, {"sigma": 0.000202312359897268, "name": "om", "value": "40.07881764849686", "units": "deg", "title": "longitude of the ascending node", "label": "node"}, {"value": "334.1220704348007", "name": "w", "sigma": 0.0110343918088429, "label": "peri", "title": "argument of perihelion", "units": "deg"}, {"title": "inclination", "label": "i", "units": "deg", "value": "11.60028185808439", "sigma": 0.000194421862737958, "name": "i"}], "labels": ["e", "q", "tp", "node", "peri", "i"]}, "t_jup": "5.322", "two_body": null, "equinox": "J2000", "producer": "Otto Matic", "elements": [{"value": ".2857371474325568", "sigma": "8.904E-5", "name": "e", "title": "eccentricity", "label": "e", "units": null}, {"label": "a", "title": "semi-major axis", "units": "au", "value": "39.77721199115933", "sigma": ".0064174", "name": "a"}, {"title": "perihelion distance", "label": "q", "units": "au", "value": "28.41138490398537", "sigma": ".0011382", "name": "q"}, {"units": "deg", "title": "inclination; angle with respect to x-y ecliptic plane", "label": "i", "name": "i", "sigma": ".00019376", "value": "11.56175085491022"}, {"value": "39.96091828055771", "name": "om", "sigma": ".0002029", "label": "node", "title": "longitude of the ascending node", "units": "deg"}, {"units": "deg", "title": "argument of perihelion", "label": "peri", "sigma": ".0106", "name": "w", "value": "335.0413854005781"}, {"value": "41.199120694795", "sigma": ".015277", "name": "ma", "label": "M", "title": "mean anomaly", "units": "deg"}, {"value": "2449513.883571338207", "sigma": "1.3894", "name": "tp", "title": "time of perihelion passage", "label": "tp", "units": "TDB"}, {"title": "sidereal orbital period", "label": "period", "units": "d", "value": "91632.58464385607", "name": "per", "sigma": "22.175"}, {"name": "n", "sigma": "9.5076E-7", "value": ".003928733445631754", "units": "deg/d", "title": "mean motion", "label": "n"}, {"sigma": ".0082511", "name": "ad", "value": "51.14303907833329", "units": "au", "title": "aphelion distance", "label": "Q"}], "n_del_obs_used": null, "moid_jup": "23.4714", "first_obs": "2004-11-09", "not_valid_after": null, "not_valid_before": null, "moid": "27.4149", "soln_date": "2022-12-21 22:24:44", "epoch": "2460000.5", "sb_used": "SB441-N16", "rms": ".38834", "model_pars": [], "comment": null, "data_arc": "6593", "pe_used": "DE441", "n_dop_obs_used": null}}