{"signature": {"version": "1.3", "source": "NASA/JPL Small-Body Database (SBDB) API"}, "orbit": {"n_del_obs_used": null, "moid_jup": "27.5869", "elements": [{"title": "eccentricity", "label": "e", "units": null, "value": ".1659841537937077", "sigma": ".00041813", "name": "e"}, {"sigma": ".017949", "name": "a", "value": "39.59821995573649", "units": "au", "title": "semi-major axis", "label": "a"}, {"value": "33.02554292464646", "sigma": ".031143", "name": "q", "label": "q", "title": "perihelion distance", "units": "au"}, {"value": "5.355153722251648", "name": "i", "sigma": ".0010822", "label": "i", "title": "inclination; angle with respect to x-y ecliptic plane", "units": "deg"}, {"name": "om", "sigma": ".0084096", "value": "205.6616829130263", "units": "deg", "label": "node", "title": "longitude of the ascending node"}, {"value": "330.7452939061028", "name": "w", "sigma": ".28678", "title": "argument of perihelion", "label": "peri", "units": "deg"}, {"label": "M", "title": "mean anomaly", "units": "deg", "value": "180.8319883813388", "sigma": ".39671", "name": "ma"}, {"units": "TDB", "title": "time of perihelion passage", "label": "tp", "name": "tp", "sigma": "96.452", "value": "2505297.547536999387"}, {"title": "sidereal orbital period", "label": "period", "units": "d", "value": "91014.77973661532", "name": "per", "sigma": "61.884"}, {"units": "deg/d", "title": "mean motion", "label": "n", "sigma": "2.6894E-6", "name": "n", "value": ".003955401540736484"}, {"title": "aphelion distance", "label": "Q", "units": "au", "value": "46.17089698682652", "name": "ad", "sigma": ".020929"}], "producer": "Otto Matic", "equinox": "J2000", "two_body": null, "epoch": "2460000.5", "not_valid_before": null, "moid": "32.0316", "soln_date": "2021-09-10 14:12:03", "not_valid_after": null, "first_obs": "2013-09-08", "n_obs_used": 9, "last_obs": "2018-09-17", "orbit_id": "1", "t_jup": "5.548", "covariance": {"data": [["1.734736713010367E-7", "-1.248025505989454E-5", ".03383367287159592", "2.369987118378035E-7", "6.226777248722189E-5", "-3.390708082038861E-8"], ["-1.248025505989454E-5", ".0009194133157119464", "-2.121643323756821", "-1.683751431918641E-5", "-.003464859105217359", "2.417535420002668E-6"], [".03383367287159592", "-2.121643323756821", "11205.09824758218", ".04978059950229711", "27.07663814314513", "-.006996414696981051"], ["2.369987118378035E-7", "-1.683751431918641E-5", ".04978059950229711", "7.018066846615113E-5", "2.689566057896938E-5", "-9.121588994457205E-6"], ["6.226777248722189E-5", "-.003464859105217359", "27.07663814314513", "2.689566057896938E-5", ".07083668380509726", "-4.355066356716446E-6"], ["-3.390708082038861E-8", "2.417535420002668E-6", "-.006996414696981051", "-9.121588994457205E-6", "-4.355066356716446E-6", "1.191655164764127E-6"]], "epoch": "2457463.5", "labels": ["e", "q", "tp", "node", "peri", "i"], "elements": [{"title": "eccentricity", "label": "e", "units": null, "value": ".1773708752150576", "name": "e", "sigma": 0.000416501706240247}, {"label": "q", "title": "perihelion distance", "units": "au", "value": "32.25157430280598", "sigma": 0.0303218290297922, "name": "q"}, {"units": "TDB", "label": "tp", "title": "time of perihelion passage", "name": "tp", "sigma": 105.854136657866, "value": "2415047.748653756520"}, {"units": "deg", "title": "longitude of the ascending node", "label": "node", "sigma": 0.0083773903135852, "name": "om", "value": "205.4837002477799"}, {"sigma": 0.266151618077173, "name": "w", "value": "331.1563779248251", "units": "deg", "title": "argument of perihelion", "label": "peri"}, {"value": "5.383795711323371", "name": "i", "sigma": 0.00109162959137435, "title": "inclination", "label": "i", "units": "deg"}]}, "condition_code": "5", "source": "JPL", "n_dop_obs_used": null, "pe_used": "DE441", "data_arc": "1835", "model_pars": [], "rms": ".15196", "sb_used": "SB441-N16", "comment": null}, "object": {"spkid": "54194331", "pha": false, "neo": false, "orbit_class": {"code": "TNO", "name": "TransNeptunian Object"}, "prefix": null, "des": "2013 RG156", "kind": "au", "orbit_id": "1", "fullname": "(2013 RG156)"}}