{"signature": {"version": "1.3", "source": "NASA/JPL Small-Body Database (SBDB) API"}, "object": {"orbit_id": "3", "fullname": "(2014 PE88)", "prefix": null, "kind": "au", "des": "2014 PE88", "neo": false, "orbit_class": {"code": "TNO", "name": "TransNeptunian Object"}, "pha": false, "spkid": "54017366"}, "orbit": {"first_obs": "2014-07-27", "not_valid_after": null, "not_valid_before": null, "moid": "36.2815", "soln_date": "2021-11-09 11:12:03", "epoch": "2460000.5", "two_body": null, "equinox": "J2000", "producer": "Otto Matic", "n_del_obs_used": null, "elements": [{"value": ".08223511678898369", "name": "e", "sigma": "6.1503E-5", "title": "eccentricity", "label": "e", "units": null}, {"sigma": ".0033338", "name": "a", "value": "40.55808763056616", "units": "au", "title": "semi-major axis", "label": "a"}, {"sigma": ".00070352", "name": "q", "value": "37.22278855752872", "units": "au", "title": "perihelion distance", "label": "q"}, {"sigma": "1.4269E-5", "name": "i", "value": "22.54019567762231", "units": "deg", "title": "inclination; angle with respect to x-y ecliptic plane", "label": "i"}, {"units": "deg", "label": "node", "title": "longitude of the ascending node", "sigma": ".00040811", "name": "om", "value": "43.64506135824996"}, {"units": "deg", "label": "peri", "title": "argument of perihelion", "name": "w", "sigma": ".035207", "value": "257.082608998151"}, {"units": "deg", "label": "M", "title": "mean anomaly", "sigma": ".029634", "name": "ma", "value": "17.05806250406943"}, {"title": "time of perihelion passage", "label": "tp", "units": "TDB", "value": "2455530.146866692723", "sigma": "7.761", "name": "tp"}, {"title": "sidereal orbital period", "label": "period", "units": "d", "value": "94344.07498546173", "name": "per", "sigma": "11.632"}, {"title": "mean motion", "label": "n", "units": "deg/d", "value": ".003815819912967247", "name": "n", "sigma": "4.7048E-7"}, {"title": "aphelion distance", "label": "Q", "units": "au", "value": "43.8933867036036", "name": "ad", "sigma": ".003608"}], "moid_jup": "32.4669", "source": "JPL", "condition_code": "3", "covariance": {"data": [["3.848561123345186E-9", "3.003903258311195E-8", "-7.144447691546812E-5", "2.08577308966536E-9", "-3.303504252343194E-7", "5.844074941686513E-10"], ["3.003903258311195E-8", "5.931924443276563E-7", ".003931026321012517", "-2.090026326903294E-8", "1.787418008941136E-5", "5.635533061866384E-9"], ["-7.144447691546812E-5", ".003931026321012517", "58.14556803680247", "-.0005095126823083489", ".2649952402541977", "1.990047798615951E-6"], ["2.08577308966536E-9", "-2.090026326903294E-8", "-.0005095126823083489", "1.666214857626823E-7", "-2.473148790036923E-6", "1.993004679960825E-10"], ["-3.303504252343194E-7", "1.787418008941136E-5", ".2649952402541977", "-2.473148790036923E-6", ".001207847044276816", "8.379093493552083E-9"], ["5.844074941686513E-10", "5.635533061866384E-9", "1.990047798615951E-6", "1.993004679960825E-10", "8.379093493552083E-9", "2.006111988574434E-10"]], "epoch": "2458364.5", "labels": ["e", "q", "tp", "node", "peri", "i"], "elements": [{"units": null, "title": "eccentricity", "label": "e", "sigma": 6.20367723479001e-05, "name": "e", "value": ".0821121214743815"}, {"units": "au", "label": "q", "title": "perihelion distance", "name": "q", "sigma": 0.000770189875503214, "value": "37.16307581059961"}, {"sigma": 7.62532412667176, "name": "tp", "value": "2454700.285915691914", "units": "TDB", "label": "tp", "title": "time of perihelion passage"}, {"label": "node", "title": "longitude of the ascending node", "units": "deg", "value": "43.36540396220274", "name": "om", "sigma": 0.000408192951632782}, {"units": "deg", "title": "argument of perihelion", "label": "peri", "name": "w", "sigma": 0.0347540939211025, "value": "253.5680795760582"}, {"value": "22.54749358004737", "sigma": 1.41637282823924e-05, "name": "i", "label": "i", "title": "inclination", "units": "deg"}]}, "t_jup": "5.268", "orbit_id": "3", "n_obs_used": 35, "last_obs": "2021-08-07", "data_arc": "2568", "pe_used": "DE441", "n_dop_obs_used": null, "comment": null, "rms": ".68605", "sb_used": "SB441-N16", "model_pars": []}}