{"signature": {"version": "1.3", "source": "NASA/JPL Small-Body Database (SBDB) API"}, "orbit": {"comment": null, "moid_jup": "30.8839", "two_body": null, "equinox": "J2000", "pe_used": "DE441", "model_pars": [], "n_del_obs_used": null, "data_arc": "7348", "n_obs_used": 149, "not_valid_before": null, "epoch": "2460000.5", "covariance": {"data": [["9.601787221133143E-11", "-1.612462991128696E-9", "-3.793557663929258E-6", "-1.743182864577156E-11", "-1.145285004006673E-8", "-1.733676181995669E-12"], ["-1.612462991128696E-9", "8.212088890222828E-7", "-.003163005736536197", "1.472058977226822E-8", "-1.577155647730829E-5", "2.610988835643928E-9"], ["-3.793557663929258E-6", "-.003163005736536197", "13.28455828339353", "-5.772694267748458E-5", ".06541778793512128", "-1.038337589405153E-5"], ["-1.743182864577156E-11", "1.472058977226822E-8", "-5.772694267748458E-5", "1.951397538516846E-7", "-4.810995589279885E-7", "2.686098957865488E-8"], ["-1.145285004006673E-8", "-1.577155647730829E-5", ".06541778793512128", "-4.810995589279885E-7", ".0003228961398095912", "-7.82274928598284E-8"], ["-1.733676181995669E-12", "2.610988835643928E-9", "-1.038337589405153E-5", "2.686098957865488E-8", "-7.82274928598284E-8", "3.772872081241481E-9"]], "labels": ["e", "q", "tp", "node", "peri", "i"], "epoch": "2457617.5", "elements": [{"name": "e", "sigma": 9.79887096615378e-06, "units": null, "label": "e", "value": ".06106480800531627", "title": "eccentricity"}, {"value": "36.46449984253367", "title": "perihelion distance", "label": "q", "sigma": 0.000906205765277557, "units": "au", "name": "q"}, {"title": "time of perihelion passage", "value": "2474378.343690609621", "label": "tp", "sigma": 3.6447987987533, "units": "TDB", "name": "tp"}, {"label": "node", "value": "150.7061299355134", "title": "longitude of the ascending node", "name": "om", "units": "deg", "sigma": 0.000441746255051115}, {"title": "argument of perihelion", "value": "108.7098643540879", "label": "peri", "sigma": 0.0179693110555077, "units": "deg", "name": "w"}, {"title": "inclination", "value": "5.35917252715008", "label": "i", "units": "deg", "sigma": 6.14237094389575e-05, "name": "i"}]}, "moid": "35.1284", "orbit_id": "12", "rms": ".7797", "producer": "Otto Matic", "t_jup": "5.533", "source": "JPL", "first_obs": "2001-03-26", "not_valid_after": null, "sb_used": "SB441-N16", "soln_date": "2021-07-08 23:16:22", "n_dop_obs_used": null, "condition_code": "2", "elements": [{"name": "e", "sigma": "1.0005E-5", "units": null, "label": "e", "value": ".05775912048569549", "title": "eccentricity"}, {"value": "38.35698798928657", "title": "semi-major axis", "label": "a", "sigma": ".00095038", "units": "au", "name": "a"}, {"label": "q", "value": "36.141522098545", "title": "perihelion distance", "name": "q", "sigma": ".0010201", "units": "au"}, {"sigma": "6.1851E-5", "units": "deg", "name": "i", "title": "inclination; angle with respect to x-y ecliptic plane", "value": "5.377587656509792", "label": "i"}, {"sigma": ".00044129", "units": "deg", "name": "om", "title": "longitude of the ascending node", "value": "150.8562886517039", "label": "node"}, {"label": "peri", "value": "119.5618153824377", "title": "argument of perihelion", "name": "w", "sigma": ".018708", "units": "deg"}, {"label": "M", "title": "mean anomaly", "value": "290.5609574547261", "name": "ma", "units": "deg", "sigma": ".017877"}, {"sigma": "3.6874", "units": "TDB", "name": "tp", "title": "time of perihelion passage", "value": "2476737.067557477105", "label": "tp"}, {"title": "sidereal orbital period", "value": "86769.1157573692", "label": "period", "units": "d", "sigma": "3.2248", "name": "per"}, {"label": "n", "value": ".004148941669598904", "title": "mean motion", "name": "n", "sigma": "1.542E-7", "units": "deg/d"}, {"label": "Q", "title": "aphelion distance", "value": "40.57245388002815", "name": "ad", "units": "au", "sigma": ".0010053"}], "last_obs": "2021-05-08"}, "object": {"spkid": "20082157", "pha": false, "orbit_id": "12", "fullname": "82157 (2001 FM185)", "des": "82157", "orbit_class": {"code": "TNO", "name": "TransNeptunian Object"}, "kind": "an", "prefix": null, "neo": false}}