{"signature": {"version": "1.3", "source": "NASA/JPL Small-Body Database (SBDB) API"}, "orbit": {"moid": "32.8826", "orbit_id": "13", "producer": "Otto Matic", "rms": ".25718", "epoch": "2460000.5", "covariance": {"labels": ["e", "q", "tp", "node", "peri", "i"], "data": [["1.764831422816986E-8", "-4.404659070904058E-7", ".0003198865332369837", "-1.686685940022122E-8", "2.723204991944601E-6", "8.438294438266532E-9"], ["-4.404659070904058E-7", "1.26282518752306E-5", "-.01029194893645538", "3.548068366998783E-7", "-8.267394156363244E-5", "-1.736730149888212E-7"], [".0003198865332369837", "-.01029194893645538", "9.122122951216804", "-.0002173653332713468", ".07043092577441615", ".0001035363205231701"], ["-1.686685940022122E-8", "3.548068366998783E-7", "-.0002173653332713468", "2.442015405379019E-7", "-2.234414526858562E-6", "-1.119274584755373E-7"], ["2.723204991944601E-6", "-8.267394156363244E-5", ".07043092577441615", "-2.234414526858562E-6", ".0005541374892792381", "1.074916707356341E-6"], ["8.438294438266532E-9", "-1.736730149888212E-7", ".0001035363205231701", "-1.119274584755373E-7", "1.074916707356341E-6", "5.15784439914604E-8"]], "epoch": "2456923.5", "elements": [{"units": null, "sigma": 0.000132846957918388, "name": "e", "title": "eccentricity", "value": ".1713440771110948", "label": "e"}, {"name": "q", "units": "au", "sigma": 0.00355362517371073, "label": "q", "value": "33.69749586502035", "title": "perihelion distance"}, {"units": "TDB", "sigma": 3.02028524335315, "name": "tp", "value": "2469059.265010787598", "title": "time of perihelion passage", "label": "tp"}, {"name": "om", "sigma": 0.000494167522746995, "units": "deg", "label": "node", "value": "71.43577215305329", "title": "longitude of the ascending node"}, {"title": "argument of perihelion", "value": "19.15238971789702", "label": "peri", "sigma": 0.0235401250905605, "units": "deg", "name": "w"}, {"value": "25.42554566523354", "title": "inclination", "label": "i", "units": "deg", "sigma": 0.000227108881357512, "name": "i"}]}, "data_arc": "1938", "model_pars": [], "n_del_obs_used": null, "n_obs_used": 195, "not_valid_before": null, "comment": null, "moid_jup": "28.7845", "pe_used": "DE441", "two_body": null, "equinox": "J2000", "last_obs": "2018-11-29", "first_obs": "2013-08-09", "not_valid_after": null, "sb_used": "SB441-N16", "soln_date": "2021-09-08 23:28:36", "n_dop_obs_used": null, "condition_code": "3", "elements": [{"value": ".1732837195532562", "title": "eccentricity", "label": "e", "sigma": ".00013061", "units": null, "name": "e"}, {"units": "au", "sigma": ".0029687", "name": "a", "title": "semi-major axis", "value": "40.95678834277786", "label": "a"}, {"sigma": ".0034967", "units": "au", "name": "q", "value": "33.85964371778586", "title": "perihelion distance", "label": "q"}, {"name": "i", "sigma": ".0002267", "units": "deg", "label": "i", "value": "25.40838201410497", "title": "inclination; angle with respect to x-y ecliptic plane"}, {"label": "node", "value": "71.42297463394345", "title": "longitude of the ascending node", "name": "om", "units": "deg", "sigma": ".00049396"}, {"sigma": ".024943", "units": "deg", "name": "w", "value": "16.83571682518175", "title": "argument of perihelion", "label": "peri"}, {"label": "M", "title": "mean anomaly", "value": "327.4761303859102", "name": "ma", "units": "deg", "sigma": ".011622"}, {"label": "tp", "title": "time of perihelion passage", "value": "2468649.919839531036", "name": "tp", "units": "TDB", "sigma": "3.3669"}, {"title": "sidereal orbital period", "value": "95738.6430082794", "label": "period", "units": "d", "sigma": "10.409", "name": "per"}, {"title": "mean motion", "value": ".003760237127748588", "label": "n", "sigma": "4.0883E-7", "units": "deg/d", "name": "n"}, {"label": "Q", "value": "48.05393296776985", "title": "aphelion distance", "name": "ad", "sigma": ".0034831", "units": "au"}], "t_jup": "5.119", "source": "JPL"}, "object": {"orbit_class": {"name": "TransNeptunian Object", "code": "TNO"}, "kind": "au", "prefix": null, "neo": false, "spkid": "3678633", "pha": false, "orbit_id": "13", "fullname": "(2013 QP95)", "des": "2013 QP95"}}