{"signature": {"version": "1.3", "source": "NASA/JPL Small-Body Database (SBDB) API"}, "object": {"spkid": "3020096", "pha": false, "orbit_id": "5", "fullname": "(1998 HL151)", "des": "1998 HL151", "kind": "au", "orbit_class": {"code": "TNO", "name": "TransNeptunian Object"}, "neo": false, "prefix": null}, "orbit": {"t_jup": "5.038", "source": "JPL", "last_obs": "2013-05-08", "soln_date": "2021-04-14 20:48:05", "elements": [{"name": "e", "sigma": ".00025409", "units": null, "label": "e", "value": ".08805272416471209", "title": "eccentricity"}, {"name": "a", "sigma": ".026978", "units": "au", "label": "a", "value": "40.60293997817418", "title": "semi-major axis"}, {"name": "q", "sigma": ".014988", "units": "au", "label": "q", "value": "37.02774050399965", "title": "perihelion distance"}, {"sigma": ".00048017", "units": "deg", "name": "i", "value": "28.07849593522393", "title": "inclination; angle with respect to x-y ecliptic plane", "label": "i"}, {"name": "om", "units": "deg", "sigma": ".00021353", "label": "node", "value": "16.45800161847426", "title": "longitude of the ascending node"}, {"label": "peri", "title": "argument of perihelion", "value": "129.2732877962093", "name": "w", "sigma": ".27821", "units": "deg"}, {"label": "M", "title": "mean anomaly", "value": "78.27039371908322", "name": "ma", "sigma": ".30072", "units": "deg"}, {"name": "tp", "sigma": "58.529", "units": "TDB", "label": "tp", "value": "2439454.387289447222", "title": "time of perihelion passage"}, {"value": "94500.61797754346", "title": "sidereal orbital period", "label": "period", "sigma": "94.184", "units": "d", "name": "per"}, {"name": "n", "units": "deg/d", "sigma": "3.7967E-6", "label": "n", "title": "mean motion", "value": ".003809498897515656"}, {"name": "ad", "units": "au", "sigma": ".029353", "label": "Q", "title": "aphelion distance", "value": "44.1781394523487"}], "n_dop_obs_used": null, "condition_code": "4", "first_obs": "1998-04-29", "not_valid_after": null, "sb_used": "SB441-N16", "n_obs_used": 25, "not_valid_before": null, "model_pars": [], "data_arc": "5488", "n_del_obs_used": null, "moid_jup": "31.911", "equinox": "J2000", "two_body": null, "pe_used": "DE441", "comment": null, "producer": "Otto Matic", "rms": ".18542", "moid": "36.1063", "orbit_id": "5", "covariance": {"labels": ["e", "q", "tp", "node", "peri", "i"], "data": [["6.706322500128732E-8", "3.413410671453158E-6", ".01335875927325336", "-3.197949981117896E-8", "6.342289637737866E-5", "8.100339113994809E-9"], ["3.413410671453158E-6", ".0002195080948744139", ".8169457358186349", "-1.988652201027503E-6", ".003908630291369958", "2.866272686679625E-7"], [".01335875927325336", ".8169457358186349", "3071.635469855627", "-.007448367319063122", "14.67276865480961", ".00123648564209045"], ["-3.197949981117896E-8", "-1.988652201027503E-6", "-.007448367319063122", "4.125439973381051E-8", "-3.562087133732804E-5", "4.940501726565836E-8"], ["6.342289637737866E-5", ".003908630291369958", "14.67276865480961", "-3.562087133732804E-5", ".0701070027854107", "5.742237182670085E-6"], ["8.100339113994809E-9", "2.866272686679625E-7", ".00123648564209045", "4.940501726565836E-8", "5.742237182670085E-6", "2.299160433734916E-7"]], "elements": [{"name": "e", "units": null, "sigma": 0.00025896568305721, "label": "e", "title": "eccentricity", "value": ".09214388040208341"}, {"label": "q", "title": "perihelion distance", "value": "36.97703407378593", "name": "q", "units": "au", "sigma": 0.0148158055762896}, {"value": "2439625.333378252097", "title": "time of perihelion passage", "label": "tp", "sigma": 55.4223372825039, "units": "TDB", "name": "tp"}, {"value": "16.33647151587255", "title": "longitude of the ascending node", "label": "node", "units": "deg", "sigma": 0.000203111791222988, "name": "om"}, {"name": "w", "sigma": 0.264777270144948, "units": "deg", "label": "peri", "value": "129.8540475081519", "title": "argument of perihelion"}, {"units": "deg", "sigma": 0.000479495613508082, "name": "i", "title": "inclination", "value": "28.02415723068431", "label": "i"}], "epoch": "2452286.5"}, "epoch": "2460000.5"}}