{"object": {"neo": false, "orbit_class": {"code": "TNO", "name": "TransNeptunian Object"}, "pha": false, "spkid": "54049817", "orbit_id": "3", "fullname": "(2014 ND81)", "prefix": null, "kind": "au", "des": "2014 ND81"}, "orbit": {"orbit_id": "3", "last_obs": "2020-08-23", "n_obs_used": 90, "covariance": {"data": [["1.289428147577109E-9", "-1.993831868949739E-8", "-5.154351217411757E-5", "4.48077558959359E-10", "-2.808634975763721E-7", "-1.7226381690379E-10"], ["-1.993831868949739E-8", "1.175697847154911E-6", ".003362075312606329", "-1.789800149887999E-8", "1.731506141461891E-5", "1.195983506554456E-8"], ["-5.154351217411757E-5", ".003362075312606329", "9.668799074316246", "-5.034426088208416E-5", ".04969075954432717", "3.429808542476177E-5"], ["4.48077558959359E-10", "-1.789800149887999E-8", "-5.034426088208416E-5", "2.458161930507811E-8", "-2.837527950353377E-7", "-1.353102478856836E-8"], ["-2.808634975763721E-7", "1.731506141461891E-5", ".04969075954432717", "-2.837527950353377E-7", ".0002556549699147524", "1.883654287158743E-7"], ["-1.7226381690379E-10", "1.195983506554456E-8", "3.429808542476177E-5", "-1.353102478856836E-8", "1.883654287158743E-7", "7.559869694844072E-9"]], "epoch": "2457889.5", "labels": ["e", "q", "tp", "node", "peri", "i"], "elements": [{"units": null, "title": "eccentricity", "label": "e", "sigma": 3.59086082656667e-05, "name": "e", "value": ".122171165144206"}, {"sigma": 0.0010842960145435, "name": "q", "value": "36.40963303613268", "units": "au", "title": "perihelion distance", "label": "q"}, {"value": "2448222.295748993556", "name": "tp", "sigma": 3.10946925926536, "title": "time of perihelion passage", "label": "tp", "units": "TDB"}, {"value": "1.718883509864174", "name": "om", "sigma": 0.00015678526494884, "label": "node", "title": "longitude of the ascending node", "units": "deg"}, {"value": "278.4622720672863", "sigma": 0.0159892141743975, "name": "w", "label": "peri", "title": "argument of perihelion", "units": "deg"}, {"title": "inclination", "label": "i", "units": "deg", "value": "24.33832518155122", "name": "i", "sigma": 8.69475111480718e-05}]}, "source": "JPL", "condition_code": "3", "t_jup": "5.252", "two_body": null, "equinox": "J2000", "moid_jup": "31.9071", "n_del_obs_used": null, "elements": [{"units": null, "label": "e", "title": "eccentricity", "sigma": "3.4898E-5", "name": "e", "value": ".1237572820220253"}, {"units": "au", "title": "semi-major axis", "label": "a", "sigma": ".001521", "name": "a", "value": "41.76963573691859"}, {"title": "perihelion distance", "label": "q", "units": "au", "value": "36.60033914706749", "name": "q", "sigma": ".001017"}, {"value": "24.23625519108713", "sigma": "8.662E-5", "name": "i", "label": "i", "title": "inclination; angle with respect to x-y ecliptic plane", "units": "deg"}, {"label": "node", "title": "longitude of the ascending node", "units": "deg", "value": "1.878837141683175", "name": "om", "sigma": ".00015759"}, {"title": "argument of perihelion", "label": "peri", "units": "deg", "value": "282.0529351645155", "sigma": ".016376", "name": "w"}, {"title": "mean anomaly", "label": "M", "units": "deg", "value": "40.19171807363479", "sigma": ".012587", "name": "ma"}, {"units": "TDB", "label": "tp", "title": "time of perihelion passage", "sigma": "3.2491", "name": "tp", "value": "2448992.117042323414"}, {"sigma": "5.3856", "name": "per", "value": "98602.84791764738", "units": "d", "label": "period", "title": "sidereal orbital period"}, {"sigma": "1.9942E-7", "name": "n", "value": ".003651010164540787", "units": "deg/d", "label": "n", "title": "mean motion"}, {"label": "Q", "title": "aphelion distance", "units": "au", "value": "46.93893232676968", "name": "ad", "sigma": ".0017092"}], "producer": "Otto Matic", "first_obs": "2014-07-02", "not_valid_after": null, "epoch": "2460000.5", "soln_date": "2021-04-15 10:19:34", "not_valid_before": null, "moid": "35.6709", "rms": ".77509", "sb_used": "SB441-N16", "model_pars": [], "comment": null, "data_arc": "2244", "n_dop_obs_used": null, "pe_used": "DE441"}, "signature": {"version": "1.3", "source": "NASA/JPL Small-Body Database (SBDB) API"}}