{"signature": {"version": "1.3", "source": "NASA/JPL Small-Body Database (SBDB) API"}, "object": {"spkid": "3485913", "des": "2007 RL314", "orbit_id": "12", "fullname": "(2007 RL314)", "pha": false, "orbit_class": {"name": "TransNeptunian Object", "code": "TNO"}, "kind": "au", "prefix": null, "neo": false}, "orbit": {"t_jup": "5.347", "source": "JPL", "not_valid_after": null, "sb_used": "SB441-N16", "first_obs": "2006-09-18", "soln_date": "2022-09-21 17:45:13", "elements": [{"title": "eccentricity", "value": ".03388878140772879", "label": "e", "sigma": "7.4564E-5", "units": null, "name": "e"}, {"name": "a", "sigma": ".014336", "units": "au", "label": "a", "value": "40.70285053213224", "title": "semi-major axis"}, {"units": "au", "sigma": ".014743", "name": "q", "title": "perihelion distance", "value": "39.32348052777735", "label": "q"}, {"name": "i", "sigma": ".00022122", "units": "deg", "label": "i", "title": "inclination; angle with respect to x-y ecliptic plane", "value": "21.00212184980384"}, {"label": "node", "value": "211.3299372793499", "title": "longitude of the ascending node", "name": "om", "sigma": ".00067222", "units": "deg"}, {"units": "deg", "sigma": ".46412", "name": "w", "title": "argument of perihelion", "value": "33.20717108345805", "label": "peri"}, {"units": "deg", "sigma": ".47805", "name": "ma", "title": "mean anomaly", "value": "115.3080033297438", "label": "M"}, {"name": "tp", "units": "TDB", "sigma": "109.97", "label": "tp", "value": "2429620.160991816840", "title": "time of perihelion passage"}, {"name": "per", "units": "d", "sigma": "50.11", "label": "period", "value": "94849.63512610531", "title": "sidereal orbital period"}, {"name": "n", "sigma": "2.0052E-6", "units": "deg/d", "label": "n", "title": "mean motion", "value": ".003795481126747295"}, {"units": "au", "sigma": ".014822", "name": "ad", "title": "aphelion distance", "value": "42.08222053648713", "label": "Q"}], "n_dop_obs_used": null, "condition_code": "4", "last_obs": "2022-08-27", "comment": null, "moid_jup": "33.9773", "two_body": null, "equinox": "J2000", "pe_used": "DE441", "data_arc": "5822", "model_pars": [], "n_del_obs_used": null, "n_obs_used": 32, "not_valid_before": null, "epoch": "2460000.5", "covariance": {"epoch": "2455059.5", "elements": [{"sigma": 7.55234591483445e-05, "units": null, "name": "e", "value": ".03790624666557062", "title": "eccentricity", "label": "e"}, {"title": "perihelion distance", "value": "39.08063842439348", "label": "q", "sigma": 0.0148821693768822, "units": "au", "name": "q"}, {"value": "2429429.627278242278", "title": "time of perihelion passage", "label": "tp", "sigma": 96.3369715726982, "units": "TDB", "name": "tp"}, {"value": "211.2786510133909", "title": "longitude of the ascending node", "label": "node", "units": "deg", "sigma": 0.000670174941149971, "name": "om"}, {"value": "31.84039715709958", "title": "argument of perihelion", "label": "peri", "units": "deg", "sigma": 0.413872764322823, "name": "w"}, {"sigma": 0.000221829309601447, "units": "deg", "name": "i", "value": "21.04682925405373", "title": "inclination", "label": "i"}], "data": [["5.703792881731664E-9", "-5.170308345081215E-7", "-.001245977783541102", "-3.902853635332992E-10", "-6.368577249122441E-6", "-9.581615888002549E-10"], ["-5.170308345081215E-7", ".000221478965362209", "1.367053356941227", "2.590999017424313E-6", ".005931216788955829", "-3.208255886031485E-7"], ["-.001245977783541102", "1.367053356941227", "9280.812091798854", ".01843621796850465", "39.84934848568358", "-.002718749956262291"], ["-3.902853635332992E-10", "2.590999017424313E-6", ".01843621796850465", "4.491344517453676E-7", "7.839588063522404E-5", "-1.43323086698491E-7"], ["-6.368577249122441E-6", ".005931216788955829", "39.84934848568358", "7.839588063522404E-5", ".1712906650482151", "-1.130210253911251E-5"], ["-9.581615888002549E-10", "-3.208255886031485E-7", "-.002718749956262291", "-1.43323086698491E-7", "-1.130210253911251E-5", "4.920824259825466E-8"]], "labels": ["e", "q", "tp", "node", "peri", "i"]}, "moid": "38.33", "orbit_id": "12", "producer": "Otto Matic", "rms": ".26042"}}