{"signature": {"version": "1.3", "source": "NASA/JPL Small-Body Database (SBDB) API"}, "object": {"fullname": "139775 (2001 QG298)", "orbit_id": "10", "des": "139775", "kind": "an", "prefix": null, "orbit_class": {"code": "TNO", "name": "TransNeptunian Object"}, "neo": false, "spkid": "20139775", "pha": false}, "orbit": {"comment": null, "model_pars": [], "sb_used": "SB441-N16", "rms": ".49146", "n_dop_obs_used": null, "pe_used": "DE441", "data_arc": "7708", "t_jup": "5.511", "covariance": {"elements": [{"units": null, "label": "e", "title": "eccentricity", "name": "e", "sigma": 1.27768644203908e-05, "value": ".1900280414438049"}, {"name": "q", "sigma": 0.000112140082859478, "value": "31.75894621432194", "units": "au", "label": "q", "title": "perihelion distance"}, {"units": "TDB", "label": "tp", "title": "time of perihelion passage", "sigma": 0.164283142004043, "name": "tp", "value": "2455567.805622909822"}, {"value": "162.6099291609968", "sigma": 0.000166751756315831, "name": "om", "label": "node", "title": "longitude of the ascending node", "units": "deg"}, {"name": "w", "sigma": 0.00100340561400231, "value": "209.3663651253208", "units": "deg", "label": "peri", "title": "argument of perihelion"}, {"label": "i", "title": "inclination", "units": "deg", "value": "6.499719820219468", "name": "i", "sigma": 2.22729501612615e-05}], "labels": ["e", "q", "tp", "node", "peri", "i"], "epoch": "2457365.5", "data": [["1.632482644170482E-10", "1.407821686256351E-9", "8.319389669699639E-7", "-1.555588754900411E-11", "4.987511684925761E-9", "4.613886422814153E-12"], ["1.407821686256351E-9", "1.257539818373052E-8", "9.88179959979797E-6", "-1.631202120720891E-10", "5.939284490486263E-8", "3.663401817249244E-11"], ["8.319389669699639E-7", "9.88179959979797E-6", ".02698895074672057", "-3.08512634626071E-7", ".0001625763576252365", "-5.48949096123248E-9"], ["-1.555588754900411E-11", "-1.631202120720891E-10", "-3.08512634626071E-7", "2.780614823441433E-8", "-2.948187567796066E-8", "3.597818822305159E-9"], ["4.987511684925761E-9", "5.939284490486263E-8", ".0001625763576252365", "-2.948187567796066E-8", "1.006822826211348E-6", "-3.60858942245237E-9"], ["4.613886422814153E-12", "3.663401817249244E-11", "-5.48949096123248E-9", "3.597818822305159E-9", "-3.60858942245237E-9", "4.960843088860386E-10"]]}, "source": "JPL", "condition_code": "2", "last_obs": "2022-09-26", "n_obs_used": 382, "orbit_id": "10", "epoch": "2460000.5", "not_valid_before": null, "moid": "30.7704", "soln_date": "2022-11-25 20:52:33", "not_valid_after": null, "first_obs": "2001-08-19", "moid_jup": "26.8221", "n_del_obs_used": null, "elements": [{"label": "e", "title": "eccentricity", "units": null, "value": ".2004086078783315", "sigma": "1.2864E-5", "name": "e"}, {"sigma": ".00077713", "name": "a", "value": "39.73279927088272", "units": "au", "title": "semi-major axis", "label": "a"}, {"units": "au", "title": "perihelion distance", "label": "q", "sigma": ".00011179", "name": "q", "value": "31.77000428189592"}, {"value": "6.480923394306106", "name": "i", "sigma": "2.2136E-5", "label": "i", "title": "inclination; angle with respect to x-y ecliptic plane", "units": "deg"}, {"units": "deg", "title": "longitude of the ascending node", "label": "node", "name": "om", "sigma": ".00016698", "value": "162.4265985895484"}, {"units": "deg", "label": "peri", "title": "argument of perihelion", "name": "w", "sigma": ".00094772", "value": "209.8599169935004"}, {"value": "17.18301228058337", "sigma": ".00093208", "name": "ma", "label": "M", "title": "mean anomaly", "units": "deg"}, {"name": "tp", "sigma": ".15435", "value": "2455634.145714428901", "units": "TDB", "label": "tp", "title": "time of perihelion passage"}, {"sigma": "2.6839", "name": "per", "value": "91479.1607628549", "units": "d", "label": "period", "title": "sidereal orbital period"}, {"label": "n", "title": "mean motion", "units": "deg/d", "value": ".003935322504031737", "sigma": "1.1546E-7", "name": "n"}, {"value": "47.69559425986951", "sigma": ".00093288", "name": "ad", "label": "Q", "title": "aphelion distance", "units": "au"}], "producer": "Otto Matic", "equinox": "J2000", "two_body": null}}