{"orbit": {"soln_date": "2021-04-15 13:49:22", "n_dop_obs_used": null, "condition_code": "4", "elements": [{"name": "e", "sigma": ".00010121", "units": null, "label": "e", "title": "eccentricity", "value": ".1914903758850375"}, {"label": "a", "value": "39.36426764221158", "title": "semi-major axis", "name": "a", "sigma": ".0046225", "units": "au"}, {"title": "perihelion distance", "value": "31.82638923496527", "label": "q", "sigma": ".0016205", "units": "au", "name": "q"}, {"units": "deg", "sigma": ".00053814", "name": "i", "value": "13.06087853998137", "title": "inclination; angle with respect to x-y ecliptic plane", "label": "i"}, {"sigma": ".0010562", "units": "deg", "name": "om", "value": "79.40826403188512", "title": "longitude of the ascending node", "label": "node"}, {"units": "deg", "sigma": ".082224", "name": "w", "title": "argument of perihelion", "value": "144.3410330311077", "label": "peri"}, {"units": "deg", "sigma": ".053527", "name": "ma", "value": "18.74867386389898", "title": "mean anomaly", "label": "M"}, {"name": "tp", "units": "TDB", "sigma": "13.621", "label": "tp", "value": "2455302.427174356850", "title": "time of perihelion passage"}, {"label": "period", "title": "sidereal orbital period", "value": "90209.37851440175", "name": "per", "sigma": "15.89", "units": "d"}, {"label": "n", "value": ".003990715887068513", "title": "mean motion", "name": "n", "units": "deg/d", "sigma": "7.0294E-7"}, {"label": "Q", "title": "aphelion distance", "value": "46.90214604945789", "name": "ad", "units": "au", "sigma": ".0055077"}], "first_obs": "2014-05-29", "not_valid_after": null, "sb_used": "SB441-N16", "last_obs": "2017-08-24", "t_jup": "5.392", "source": "JPL", "covariance": {"elements": [{"label": "e", "value": ".1977780627119247", "title": "eccentricity", "name": "e", "sigma": 0.000104506576200147, "units": null}, {"sigma": 0.00171617697051413, "units": "au", "name": "q", "title": "perihelion distance", "value": "31.79567166470744", "label": "q"}, {"name": "tp", "units": "TDB", "sigma": 13.0908125247265, "label": "tp", "title": "time of perihelion passage", "value": "2455167.601778201142"}, {"sigma": 0.00105623286879051, "units": "deg", "name": "om", "value": "79.39590626650056", "title": "longitude of the ascending node", "label": "node"}, {"sigma": 0.0794613153422876, "units": "deg", "name": "w", "value": "143.4532412657107", "title": "argument of perihelion", "label": "peri"}, {"label": "i", "value": "13.04775295630519", "title": "inclination", "name": "i", "units": "deg", "sigma": 0.000536723393025826}], "epoch": "2457280.5", "labels": ["e", "q", "tp", "node", "peri", "i"], "data": [["1.092162446907713E-8", "-7.157430648828537E-8", "-.00090965976750156", "2.762423427011021E-9", "-5.528861484633643E-6", "-9.453279223352913E-10"], ["-7.157430648828537E-8", "2.945263394123044E-6", ".02122544145826757", "-3.277325571759231E-8", ".0001287981185553494", "1.972771912505113E-8"], ["-.00090965976750156", ".02122544145826757", "171.3693725575352", "-.0003268302948510338", "1.040124132986953", ".0001635509730009494"], ["2.762423427011021E-9", "-3.277325571759231E-8", "-.0003268302948510338", "1.115627873113431E-6", "-3.07057667964158E-6", "-5.644230240737097E-7"], ["-5.528861484633643E-6", ".0001287981185553494", "1.040124132986953", "-3.07057667964158E-6", ".006314100635926478", "1.542296559994503E-6"], ["-9.453279223352913E-10", "1.972771912505113E-8", ".0001635509730009494", "-5.644230240737097E-7", "1.542296559994503E-6", "2.880720006211552E-7"]]}, "epoch": "2460000.5", "rms": ".17257", "producer": "Otto Matic", "moid": "30.8268", "orbit_id": "2", "moid_jup": "26.4405", "pe_used": "DE441", "two_body": null, "equinox": "J2000", "comment": null, "n_obs_used": 45, "not_valid_before": null, "model_pars": [], "data_arc": "1183", "n_del_obs_used": null}, "object": {"spkid": "3830931", "orbit_id": "2", "pha": false, "fullname": "(2015 KO173)", "des": "2015 KO173", "kind": "au", "orbit_class": {"name": "TransNeptunian Object", "code": "TNO"}, "neo": false, "prefix": null}, "signature": {"version": "1.3", "source": "NASA/JPL Small-Body Database (SBDB) API"}}