{"orbit": {"orbit_id": "7", "n_obs_used": 24, "last_obs": "2022-07-29", "source": "JPL", "condition_code": "4", "covariance": {"labels": ["e", "q", "tp", "node", "peri", "i"], "elements": [{"title": "eccentricity", "label": "e", "units": null, "value": ".05291912825305468", "name": "e", "sigma": 4.21847112327733e-05}, {"title": "perihelion distance", "label": "q", "units": "au", "value": "36.50456128561498", "name": "q", "sigma": 0.00919203980745245}, {"name": "tp", "sigma": 40.7494346722499, "value": "2475353.288175251335", "units": "TDB", "title": "time of perihelion passage", "label": "tp"}, {"units": "deg", "label": "node", "title": "longitude of the ascending node", "sigma": 8.70527981266794e-05, "name": "om", "value": "289.1798850818103"}, {"sigma": 0.199777174372557, "name": "w", "value": "93.77353636057892", "units": "deg", "label": "peri", "title": "argument of perihelion"}, {"units": "deg", "label": "i", "title": "inclination", "name": "i", "sigma": 9.90844682818579e-05, "value": "22.95614044628853"}], "data": [["1.779549861792473E-9", "-1.61690933301108E-7", ".0004815981135684757", "4.73902539863965E-11", "2.514409361089054E-6", "-4.372866278026914E-10"], ["-1.61690933301108E-7", "8.44935958217904E-5", "-.3705710436974197", "-7.777599111280657E-8", "-.001821514318202161", "1.909052272284798E-7"], [".0004815981135684757", "-.3705710436974197", "1660.516426107959", ".0003567819243264818", "8.139333386161562", "-.0008260853941827044"], ["4.73902539863965E-11", "-7.777599111280657E-8", ".0003567819243264818", "7.578189661684404E-9", "1.736695276895329E-6", "6.00942296106742E-9"], ["2.514409361089054E-6", "-.001821514318202161", "8.139333386161562", "1.736695276895329E-6", ".03991091940028285", "-4.07348695763324E-6"], ["-4.372866278026914E-10", "1.909052272284798E-7", "-.0008260853941827044", "6.00942296106742E-9", "-4.07348695763324E-6", "9.817731854698502E-9"]], "epoch": "2457582.5"}, "t_jup": "5.155", "two_body": null, "equinox": "J2000", "producer": "Otto Matic", "moid_jup": "32.0306", "n_del_obs_used": null, "elements": [{"sigma": "4.0304E-5", "name": "e", "value": ".05972318456575686", "units": null, "label": "e", "title": "eccentricity"}, {"name": "a", "sigma": ".0092273", "value": "38.79989687950531", "units": "au", "label": "a", "title": "semi-major axis"}, {"label": "q", "title": "perihelion distance", "units": "au", "value": "36.48264347703828", "sigma": ".0087216", "name": "q"}, {"units": "deg", "title": "inclination; angle with respect to x-y ecliptic plane", "label": "i", "name": "i", "sigma": "9.9291E-5", "value": "22.93240085388867"}, {"sigma": "8.6939E-5", "name": "om", "value": "289.1798601878769", "units": "deg", "label": "node", "title": "longitude of the ascending node"}, {"sigma": ".17791", "name": "w", "value": "89.88678043583235", "units": "deg", "label": "peri", "title": "argument of perihelion"}, {"value": "301.1896568612199", "name": "ma", "sigma": ".16837", "title": "mean anomaly", "label": "M", "units": "deg"}, {"label": "tp", "title": "time of perihelion passage", "units": "TDB", "value": "2474421.503973107974", "sigma": "36.146", "name": "tp"}, {"name": "per", "sigma": "31.491", "value": "88276.33292442914", "units": "d", "label": "period", "title": "sidereal orbital period"}, {"value": ".004078103247766146", "sigma": "1.4548E-6", "name": "n", "title": "mean motion", "label": "n", "units": "deg/d"}, {"units": "au", "title": "aphelion distance", "label": "Q", "sigma": ".0097784", "name": "ad", "value": "41.11715028197234"}], "first_obs": "2004-07-24", "not_valid_after": null, "soln_date": "2022-08-17 21:41:39", "not_valid_before": null, "moid": "35.5645", "epoch": "2460000.5", "sb_used": "SB441-N16", "rms": ".52594", "model_pars": [], "comment": null, "data_arc": "6579", "pe_used": "DE441", "n_dop_obs_used": null}, "object": {"neo": false, "orbit_class": {"code": "TNO", "name": "TransNeptunian Object"}, "pha": false, "spkid": "3563641", "orbit_id": "7", "fullname": "(2004 OP15)", "prefix": null, "kind": "au", "des": "2004 OP15"}, "signature": {"version": "1.3", "source": "NASA/JPL Small-Body Database (SBDB) API"}}