{"orbit": {"last_obs": "2017-03-30", "n_dop_obs_used": null, "elements": [{"label": "e", "value": ".2342920696877724", "title": "eccentricity", "name": "e", "units": null, "sigma": ".001121"}, {"name": "a", "sigma": ".022231", "units": "au", "label": "a", "value": "39.3341016091385", "title": "semi-major axis"}, {"sigma": ".027585", "units": "au", "name": "q", "value": "30.1184335338243", "title": "perihelion distance", "label": "q"}, {"title": "inclination; angle with respect to x-y ecliptic plane", "value": "9.167877006161811", "label": "i", "sigma": ".0015178", "units": "deg", "name": "i"}, {"title": "longitude of the ascending node", "value": "206.283283185422", "label": "node", "units": "deg", "sigma": ".00015498", "name": "om"}, {"name": "w", "units": "deg", "sigma": ".055809", "label": "peri", "value": "259.2340191208262", "title": "argument of perihelion"}, {"value": "84.09552615765978", "title": "mean anomaly", "label": "M", "sigma": ".19315", "units": "deg", "name": "ma"}, {"sigma": "30.586", "units": "TDB", "name": "tp", "title": "time of perihelion passage", "value": "2438951.926354157127", "label": "tp"}, {"name": "per", "sigma": "76.388", "units": "d", "label": "period", "title": "sidereal orbital period", "value": "90105.70310598199"}, {"sigma": "3.3871E-6", "units": "deg/d", "name": "n", "value": ".003995307595309138", "title": "mean motion", "label": "n"}, {"label": "Q", "value": "48.5497696844527", "title": "aphelion distance", "name": "ad", "units": "au", "sigma": ".027439"}], "condition_code": "5", "soln_date": "2021-04-15 13:31:03", "first_obs": "2015-02-17", "not_valid_after": null, "sb_used": "SB441-N16", "source": "JPL", "t_jup": "5.410", "rms": ".13101", "producer": "Otto Matic", "orbit_id": "2", "moid": "29.1472", "covariance": {"epoch": "2457327.5", "elements": [{"sigma": 0.00113536815313912, "units": null, "name": "e", "value": ".2357787655137919", "title": "eccentricity", "label": "e"}, {"label": "q", "title": "perihelion distance", "value": "30.40524545124801", "name": "q", "sigma": 0.0281035119472312, "units": "au"}, {"label": "tp", "value": "2439326.468684387106", "title": "time of perihelion passage", "name": "tp", "sigma": 28.2003493227466, "units": "TDB"}, {"label": "node", "title": "longitude of the ascending node", "value": "206.2421797452757", "name": "om", "sigma": 0.000155543565315956, "units": "deg"}, {"value": "261.8028706178691", "title": "argument of perihelion", "label": "peri", "units": "deg", "sigma": 0.0449155674080229, "name": "w"}, {"value": "9.121603914479948", "title": "inclination", "label": "i", "sigma": 0.00151011184156349, "units": "deg", "name": "i"}], "labels": ["e", "q", "tp", "node", "peri", "i"], "data": [["1.28906084316254E-6", "-3.16882371409267E-5", ".03190841858258404", "7.952198988145842E-10", "4.519863326708576E-5", "-3.316983519447796E-8"], ["-3.16882371409267E-5", ".0007898073837681647", "-.7770853808629894", "-3.469365069782929E-8", "-.001043277029478115", "8.766552078998862E-7"], [".03190841858258404", "-.7770853808629894", "795.2597019249363", "1.130134406713791E-5", "1.166529063247841", "-.0007872128034794816"], ["7.952198988145842E-10", "-3.469365069782929E-8", "1.130134406713791E-5", "2.41938007111991E-8", "-8.347285949993133E-8", "-8.306305325304694E-8"], ["4.519863326708576E-5", "-.001043277029478115", "1.166529063247841", "-8.347285949993133E-8", ".002017408195584645", "-7.274911807399636E-7"], ["-3.316983519447796E-8", "8.766552078998862E-7", "-.0007872128034794816", "-8.306305325304694E-8", "-7.274911807399636E-7", "2.280437774030273E-6"]]}, "epoch": "2460000.5", "not_valid_before": null, "n_obs_used": 35, "model_pars": [], "data_arc": "772", "n_del_obs_used": null, "two_body": null, "pe_used": "DE441", "equinox": "J2000", "moid_jup": "24.9885", "comment": null}, "object": {"neo": false, "prefix": null, "kind": "au", "orbit_class": {"name": "TransNeptunian Object", "code": "TNO"}, "des": "2015 GM54", "orbit_id": "2", "pha": false, "fullname": "(2015 GM54)", "spkid": "3830902"}, "signature": {"version": "1.3", "source": "NASA/JPL Small-Body Database (SBDB) API"}}