{"signature": {"version": "1.3", "source": "NASA/JPL Small-Body Database (SBDB) API"}, "orbit": {"orbit_id": "6", "n_obs_used": 24, "last_obs": "2016-05-29", "covariance": {"epoch": "2456580.5", "data": [["1.612720413999663E-7", "-2.892866769705931E-6", "-.3821977850064707", "9.588931081136905E-8", "-.001522363148308927", "2.728002421524257E-8"], ["-2.892866769705931E-6", "7.096977579499978E-5", "8.537668007501198", "-3.65706078310891E-6", ".03400767387507297", "-9.843366689130883E-7"], ["-.3821977850064707", "8.537668007501198", "1057184.733729347", "-.3933326557129134", "4210.991666889942", "-.10715518847465"], ["9.588931081136905E-8", "-3.65706078310891E-6", "-.3933326557129134", "2.408565039787583E-5", "-.001589947938610704", "6.539965573012661E-6"], ["-.001522363148308927", ".03400767387507297", "4210.991666889942", "-.001589947938610704", "16.77329814206043", "-.0004331276293758113"], ["2.728002421524257E-8", "-9.843366689130883E-7", "-.10715518847465", "6.539965573012661E-6", "-.0004331276293758113", "1.777763945812921E-6"]], "elements": [{"sigma": 0.000401586903919894, "name": "e", "value": ".01959131162161387", "units": null, "title": "eccentricity", "label": "e"}, {"name": "q", "sigma": 0.00842435610566171, "value": "39.68777246605901", "units": "au", "title": "perihelion distance", "label": "q"}, {"value": "2454326.321909644180", "sigma": 1028.19489092747, "name": "tp", "label": "tp", "title": "time of perihelion passage", "units": "TDB"}, {"value": "201.6156374152899", "name": "om", "sigma": 0.00490771335734635, "title": "longitude of the ascending node", "label": "node", "units": "deg"}, {"units": "deg", "label": "peri", "title": "argument of perihelion", "sigma": 4.09552171793295, "name": "w", "value": "32.16764763846631"}, {"units": "deg", "label": "i", "title": "inclination", "sigma": 0.00133332814633642, "name": "i", "value": "13.73429470085304"}], "labels": ["e", "q", "tp", "node", "peri", "i"]}, "source": "JPL", "condition_code": "5", "t_jup": "5.548", "equinox": "J2000", "two_body": null, "elements": [{"sigma": ".00017326", "name": "e", "value": ".01965571060111806", "units": null, "label": "e", "title": "eccentricity"}, {"label": "a", "title": "semi-major axis", "units": "au", "value": "40.51569985417549", "name": "a", "sigma": ".0099079"}, {"title": "perihelion distance", "label": "q", "units": "au", "value": "39.71933498304006", "name": "q", "sigma": ".0030558"}, {"name": "i", "sigma": ".0013363", "value": "13.7516815671636", "units": "deg", "title": "inclination; angle with respect to x-y ecliptic plane", "label": "i"}, {"name": "om", "sigma": ".0048972", "value": "201.7479730982665", "units": "deg", "title": "longitude of the ascending node", "label": "node"}, {"units": "deg", "title": "argument of perihelion", "label": "peri", "name": "w", "sigma": "4.2175", "value": "43.36933890237163"}, {"name": "ma", "sigma": "4.0511", "value": "10.84071213809261", "units": "deg", "label": "M", "title": "mean anomaly"}, {"units": "TDB", "label": "tp", "title": "time of perihelion passage", "sigma": "1060.7", "name": "tp", "value": "2457163.961018706538"}, {"value": "94196.2133352353", "name": "per", "sigma": "34.553", "title": "sidereal orbital period", "label": "period", "units": "d"}, {"sigma": "1.4019E-6", "name": "n", "value": ".003821809680595063", "units": "deg/d", "label": "n", "title": "mean motion"}, {"title": "aphelion distance", "label": "Q", "units": "au", "value": "41.31206472531093", "sigma": ".010103", "name": "ad"}], "n_del_obs_used": null, "moid_jup": "34.3557", "producer": "Otto Matic", "not_valid_after": null, "first_obs": "2013-04-10", "epoch": "2460000.5", "soln_date": "2021-04-15 08:11:58", "not_valid_before": null, "moid": "38.72", "sb_used": "SB441-N16", "rms": ".19064", "model_pars": [], "comment": null, "data_arc": "1145", "n_dop_obs_used": null, "pe_used": "DE441"}, "object": {"orbit_id": "6", "fullname": "(2013 JS65)", "prefix": null, "des": "2013 JS65", "kind": "au", "neo": false, "orbit_class": {"code": "TNO", "name": "TransNeptunian Object"}, "spkid": "3727261", "pha": false}}