{"object": {"orbit_id": "3", "fullname": "(2014 XY47)", "prefix": null, "kind": "au", "des": "2014 XY47", "neo": false, "orbit_class": {"code": "TNO", "name": "TransNeptunian Object"}, "pha": false, "spkid": "3989634"}, "orbit": {"n_obs_used": 48, "last_obs": "2018-11-30", "orbit_id": "3", "t_jup": "4.996", "covariance": {"elements": [{"label": "e", "title": "eccentricity", "units": null, "value": ".07545545338494816", "sigma": 0.000323604104560148, "name": "e"}, {"sigma": 0.0127283389619682, "name": "q", "value": "35.05308048288875", "units": "au", "label": "q", "title": "perihelion distance"}, {"value": "2485991.457244903162", "name": "tp", "sigma": 49.7724894234776, "title": "time of perihelion passage", "label": "tp", "units": "TDB"}, {"title": "longitude of the ascending node", "label": "node", "units": "deg", "value": "82.89288278090322", "sigma": 0.00159796817186189, "name": "om"}, {"name": "w", "sigma": 0.172274830853403, "value": "51.08866145303826", "units": "deg", "title": "argument of perihelion", "label": "peri"}, {"value": "26.20636770578024", "sigma": 0.000173110787989353, "name": "i", "title": "inclination", "label": "i", "units": "deg"}], "labels": ["e", "q", "tp", "node", "peri", "i"], "epoch": "2457510.5", "data": [["1.047196164881749E-7", "-3.948022752211897E-6", "-.01540694758965142", "-5.525076912812527E-8", "-5.042118988270148E-5", "4.831534920495767E-9"], ["-3.948022752211897E-6", ".0001620106127307588", ".528444749277139", "2.543456853243737E-6", ".001634994764764649", "-2.149219814266997E-7"], ["-.01540694758965142", ".528444749277139", "2477.300703410194", ".006346540993063029", "8.484184693393875", "-.0005841713879253029"], ["-5.525076912812527E-8", "2.543456853243737E-6", ".006346540993063029", "2.553502278283635E-6", "1.524829165448803E-5", "-2.743582413296634E-7"], ["-5.042118988270148E-5", ".001634994764764649", "8.484184693393875", "1.524829165448803E-5", ".0296786173455685", "-1.43623770574022E-6"], ["4.831534920495767E-9", "-2.149219814266997E-7", "-.0005841713879253029", "-2.743582413296634E-7", "-1.43623770574022E-6", "2.996734491829462E-8"]]}, "condition_code": "4", "source": "JPL", "n_del_obs_used": null, "elements": [{"label": "e", "title": "eccentricity", "units": null, "value": ".0700519361372435", "name": "e", "sigma": ".00035169"}, {"sigma": ".0040284", "name": "a", "value": "38.35151240011673", "units": "au", "title": "semi-major axis", "label": "a"}, {"value": "35.66491470269705", "name": "q", "sigma": ".013789", "label": "q", "title": "perihelion distance", "units": "au"}, {"value": "26.18686518033277", "sigma": ".00017105", "name": "i", "label": "i", "title": "inclination; angle with respect to x-y ecliptic plane", "units": "deg"}, {"sigma": ".0015913", "name": "om", "value": "82.96307442270202", "units": "deg", "title": "longitude of the ascending node", "label": "node"}, {"title": "argument of perihelion", "label": "peri", "units": "deg", "value": "42.99559051075519", "sigma": ".15192", "name": "w"}, {"label": "M", "title": "mean anomaly", "units": "deg", "value": "258.1545974505215", "sigma": ".19416", "name": "ma"}, {"sigma": "45.192", "name": "tp", "value": "2484542.564766242165", "units": "TDB", "label": "tp", "title": "time of perihelion passage"}, {"sigma": "13.668", "name": "per", "value": "86750.53654537712", "units": "d", "title": "sidereal orbital period", "label": "period"}, {"name": "n", "sigma": "6.5384E-7", "value": ".004149830241242285", "units": "deg/d", "label": "n", "title": "mean motion"}, {"units": "au", "title": "aphelion distance", "label": "Q", "name": "ad", "sigma": ".0043106", "value": "41.03811009753642"}], "moid_jup": "30.6269", "producer": "Otto Matic", "two_body": null, "equinox": "J2000", "epoch": "2460000.5", "moid": "34.7252", "not_valid_before": null, "soln_date": "2021-09-08 23:47:47", "first_obs": "2014-12-12", "not_valid_after": null, "model_pars": [], "rms": ".16745", "sb_used": "SB441-N16", "comment": null, "n_dop_obs_used": null, "pe_used": "DE441", "data_arc": "1449"}, "signature": {"version": "1.3", "source": "NASA/JPL Small-Body Database (SBDB) API"}}