{"orbit": {"not_valid_before": null, "soln_date": "2021-09-08 23:42:38", "moid": "35.9696", "epoch": "2460000.5", "not_valid_after": null, "first_obs": "2014-08-18", "producer": "Otto Matic", "moid_jup": "32.1314", "n_del_obs_used": null, "elements": [{"label": "e", "title": "eccentricity", "units": null, "value": ".1127683133292793", "name": "e", "sigma": ".00017763"}, {"label": "a", "title": "semi-major axis", "units": "au", "value": "41.60585435965371", "name": "a", "sigma": ".0079933"}, {"title": "perihelion distance", "label": "q", "units": "au", "value": "36.91403233889192", "name": "q", "sigma": ".0033215"}, {"units": "deg", "title": "inclination; angle with respect to x-y ecliptic plane", "label": "i", "name": "i", "sigma": ".00011541", "value": "19.34168022283394"}, {"value": "113.1210372811225", "sigma": ".0020625", "name": "om", "label": "node", "title": "longitude of the ascending node", "units": "deg"}, {"name": "w", "sigma": ".16986", "value": "295.4782031220967", "units": "deg", "title": "argument of perihelion", "label": "peri"}, {"value": "355.4298498206833", "sigma": ".13274", "name": "ma", "label": "M", "title": "mean anomaly", "units": "deg"}, {"name": "tp", "sigma": "36.246", "value": "2461244.894447099095", "units": "TDB", "title": "time of perihelion passage", "label": "tp"}, {"label": "period", "title": "sidereal orbital period", "units": "d", "value": "98023.4748046405", "name": "per", "sigma": "28.249"}, {"value": ".003672589659951101", "sigma": "1.0584E-6", "name": "n", "title": "mean motion", "label": "n", "units": "deg/d"}, {"title": "aphelion distance", "label": "Q", "units": "au", "value": "46.2976763804155", "sigma": ".0088947", "name": "ad"}], "two_body": null, "equinox": "J2000", "t_jup": "5.427", "source": "JPL", "condition_code": "4", "covariance": {"data": [["3.448846892710603E-8", "-2.808466108591739E-7", ".005186495916227486", "-7.78378341139406E-8", "2.427930468732703E-5", "6.67980926501073E-9"], ["-2.808466108591739E-7", "1.38307796051769E-5", "-.1353211374815516", "1.223918692947461E-6", "-.00063280235407703", "-5.335667055390136E-8"], [".005186495916227486", "-.1353211374815516", "1538.248365945774", "-.01658455785087281", "7.194817322607515", ".001009612491815811"], ["-7.78378341139406E-8", "1.223918692947461E-6", "-.01658455785087281", "4.294876214962069E-6", "-8.144751708988951E-5", "-2.286218638998479E-7"], ["2.427930468732703E-5", "-.00063280235407703", "7.194817322607515", "-8.144751708988951E-5", ".03365589046773931", "4.926409521205965E-6"], ["6.67980926501073E-9", "-5.335667055390136E-8", ".001009612491815811", "-2.286218638998479E-7", "4.926409521205965E-6", "1.337230068047623E-8"]], "epoch": "2457679.5", "labels": ["e", "q", "tp", "node", "peri", "i"], "elements": [{"sigma": 0.00018571071301114, "name": "e", "value": ".1022946242543828", "units": null, "label": "e", "title": "eccentricity"}, {"name": "q", "sigma": 0.00371897561233963, "value": "36.88164582093514", "units": "au", "label": "q", "title": "perihelion distance"}, {"title": "time of perihelion passage", "label": "tp", "units": "TDB", "value": "2461737.232278415943", "name": "tp", "sigma": 39.220509506453}, {"title": "longitude of the ascending node", "label": "node", "units": "deg", "value": "113.1801350423694", "name": "om", "sigma": 0.00207240831279989}, {"sigma": 0.183455418202187, "name": "w", "value": "297.6600087825742", "units": "deg", "title": "argument of perihelion", "label": "peri"}, {"units": "deg", "label": "i", "title": "inclination", "sigma": 0.000115638664297354, "name": "i", "value": "19.34243258029901"}]}, "n_obs_used": 49, "last_obs": "2019-10-26", "orbit_id": "9", "pe_used": "DE441", "n_dop_obs_used": null, "data_arc": "1895", "comment": null, "model_pars": [], "rms": ".18463", "sb_used": "SB441-N16"}, "object": {"orbit_class": {"name": "TransNeptunian Object", "code": "TNO"}, "neo": false, "spkid": "3733146", "pha": false, "fullname": "(2014 QU441)", "orbit_id": "9", "des": "2014 QU441", "kind": "au", "prefix": null}, "signature": {"version": "1.3", "source": "NASA/JPL Small-Body Database (SBDB) API"}}