{"object": {"orbit_class": {"name": "TransNeptunian Object", "code": "TNO"}, "kind": "an", "prefix": null, "neo": false, "spkid": "20020108", "pha": false, "orbit_id": "6", "fullname": "20108 (1995 QZ9)", "des": "20108"}, "orbit": {"model_pars": [], "data_arc": "9591", "n_del_obs_used": null, "n_obs_used": 36, "not_valid_before": null, "comment": null, "moid_jup": "28.9153", "two_body": null, "pe_used": "DE441", "equinox": "J2000", "moid": "32.8041", "orbit_id": "6", "rms": ".45106", "producer": "Otto Matic", "epoch": "2460000.5", "covariance": {"elements": [{"name": "e", "units": null, "sigma": 9.86985107184492e-05, "label": "e", "value": ".1441052501764178", "title": "eccentricity"}, {"sigma": 0.00435184411172175, "units": "au", "name": "q", "title": "perihelion distance", "value": "33.74631844998208", "label": "q"}, {"title": "time of perihelion passage", "value": "2442685.704926945768", "label": "tp", "sigma": 10.1616173317153, "units": "TDB", "name": "tp"}, {"units": "deg", "sigma": 0.000192202125214467, "name": "om", "title": "longitude of the ascending node", "value": "188.0365417400431", "label": "node"}, {"label": "peri", "title": "argument of perihelion", "value": "143.45675787609", "name": "w", "units": "deg", "sigma": 0.0577689506071078}, {"name": "i", "sigma": 0.000172603188792545, "units": "deg", "label": "i", "title": "inclination", "value": "19.57893631659422"}], "epoch": "2452784.5", "labels": ["e", "q", "tp", "node", "peri", "i"], "data": [["9.74139601803983E-9", "4.080060431914815E-7", ".0009701436839410587", "2.726956882922507E-9", "5.495455454025262E-6", "2.981745910283686E-9"], ["4.080060431914815E-7", "1.893854717272723E-5", ".04413143356021718", "1.24360523287591E-7", ".0002510824188560205", "1.323573633256409E-7"], [".0009701436839410587", ".04413143356021718", "103.2584667962177", ".0002906726820428128", ".5869678581765885", ".000310955463998219"], ["2.726956882922507E-9", "1.24360523287591E-7", ".0002906726820428128", "3.694165693695755E-8", "1.618593252119737E-6", "2.200047664472885E-8"], ["5.495455454025262E-6", ".0002510824188560205", ".5869678581765885", "1.618593252119737E-6", ".003337251654246455", "1.746058702748345E-6"], ["2.981745910283686E-9", "1.323573633256409E-7", ".000310955463998219", "2.200047664472885E-8", "1.746058702748345E-6", "2.979186078135501E-8"]]}, "t_jup": "5.281", "source": "JPL", "last_obs": "2021-12-01", "not_valid_after": null, "first_obs": "1995-08-29", "sb_used": "SB441-N16", "soln_date": "2022-02-05 20:21:22", "condition_code": "4", "n_dop_obs_used": null, "elements": [{"label": "e", "value": ".1491877074264954", "title": "eccentricity", "name": "e", "units": null, "sigma": ".00010325"}, {"value": "39.72254101023263", "title": "semi-major axis", "label": "a", "sigma": ".0096699", "units": "au", "name": "a"}, {"sigma": ".0042246", "units": "au", "name": "q", "title": "perihelion distance", "value": "33.79642618376107", "label": "q"}, {"name": "i", "sigma": ".00017258", "units": "deg", "label": "i", "title": "inclination; angle with respect to x-y ecliptic plane", "value": "19.51697789471537"}, {"label": "node", "value": "187.8716637497124", "title": "longitude of the ascending node", "name": "om", "sigma": ".00019417", "units": "deg"}, {"units": "deg", "sigma": ".054931", "name": "w", "value": "145.16067215", "title": "argument of perihelion", "label": "peri"}, {"label": "M", "value": "66.87593202397346", "title": "mean anomaly", "name": "ma", "units": "deg", "sigma": ".062468"}, {"label": "tp", "title": "time of perihelion passage", "value": "2443013.319287988303", "name": "tp", "units": "TDB", "sigma": "9.6818"}, {"value": "91443.73575432172", "title": "sidereal orbital period", "label": "period", "sigma": "33.391", "units": "d", "name": "per"}, {"name": "n", "sigma": "1.4376E-6", "units": "deg/d", "label": "n", "title": "mean motion", "value": ".003936847035287336"}, {"name": "ad", "sigma": ".011113", "units": "au", "label": "Q", "value": "45.64865583670417", "title": "aphelion distance"}]}, "signature": {"version": "1.3", "source": "NASA/JPL Small-Body Database (SBDB) API"}}