{"orbit": {"comment": null, "equinox": "J2000", "two_body": null, "pe_used": "DE441", "moid_jup": "28.1761", "model_pars": [], "data_arc": "1483", "n_del_obs_used": null, "not_valid_before": null, "n_obs_used": 46, "epoch": "2460000.5", "covariance": {"elements": [{"title": "eccentricity", "value": ".1603440445849306", "label": "e", "sigma": 0.000136903752389883, "units": null, "name": "e"}, {"title": "perihelion distance", "value": "33.13197618022254", "label": "q", "units": "au", "sigma": 0.00368426322499712, "name": "q"}, {"units": "TDB", "sigma": 10.9882067253242, "name": "tp", "value": "2450811.788353148059", "title": "time of perihelion passage", "label": "tp"}, {"name": "om", "sigma": 0.00140050792758713, "units": "deg", "label": "node", "value": "3.353022930290965", "title": "longitude of the ascending node"}, {"sigma": 0.0650196743808378, "units": "deg", "name": "w", "value": "349.3396166723062", "title": "argument of perihelion", "label": "peri"}, {"units": "deg", "sigma": 0.000594184409240598, "name": "i", "value": "10.09971142114908", "title": "inclination", "label": "i"}], "epoch": "2456845.5", "labels": ["e", "q", "tp", "node", "peri", "i"], "data": [["1.874263741843044E-8", "-3.87684338149273E-7", "-.001200838015406402", "-7.293458719088076E-10", "-7.159558805707685E-6", "-2.656478244692757E-10"], ["-3.87684338149273E-7", "1.357379551106619E-5", ".04034175560501004", "3.65354048047908E-8", ".0002386272184852277", "1.98696479705979E-8"], ["-.001200838015406402", ".04034175560501004", "120.7406870384608", ".0001053869919528253", ".7142378584924136", "5.617108064117451E-5"], ["-7.293458719088076E-10", "3.65354048047908E-8", ".0001053869919528253", "1.961422455234406E-6", "-1.309132063429351E-6", "8.288993193740084E-7"], ["-7.159558805707685E-6", ".0002386272184852277", ".7142378584924136", "-1.309132063429351E-6", ".004227558056590178", "-4.853732581821646E-7"], ["-2.656478244692757E-10", "1.98696479705979E-8", "5.617108064117451E-5", "8.288993193740084E-7", "-4.853732581821646E-7", "3.530551121845981E-7"]]}, "orbit_id": "2", "moid": "32.1368", "rms": ".17125", "producer": "Otto Matic", "source": "JPL", "t_jup": "5.500", "not_valid_after": null, "first_obs": "2013-08-08", "sb_used": "SB441-N16", "condition_code": "4", "n_dop_obs_used": null, "elements": [{"name": "e", "units": null, "sigma": ".00013575", "label": "e", "title": "eccentricity", "value": ".1671520323199097"}, {"label": "a", "value": "39.79462673880482", "title": "semi-major axis", "name": "a", "sigma": ".0042498", "units": "au"}, {"label": "q", "title": "perihelion distance", "value": "33.14287400400137", "name": "q", "units": "au", "sigma": ".0036059"}, {"sigma": ".00059205", "units": "deg", "name": "i", "title": "inclination; angle with respect to x-y ecliptic plane", "value": "10.06344931307282", "label": "i"}, {"label": "node", "value": "3.215008918968365", "title": "longitude of the ascending node", "name": "om", "sigma": ".0014061", "units": "deg"}, {"name": "w", "units": "deg", "sigma": ".062988", "label": "peri", "title": "argument of perihelion", "value": "350.1783661058646"}, {"units": "deg", "sigma": ".040968", "name": "ma", "title": "mean anomaly", "value": "35.47461079698078", "label": "M"}, {"name": "tp", "units": "TDB", "sigma": "10.627", "label": "tp", "title": "time of perihelion passage", "value": "2450965.041016835827"}, {"name": "per", "sigma": "14.688", "units": "d", "label": "period", "title": "sidereal orbital period", "value": "91692.76733026041"}, {"name": "n", "units": "deg/d", "sigma": "6.2892E-7", "label": "n", "value": ".003926154815497568", "title": "mean motion"}, {"name": "ad", "sigma": ".0049601", "units": "au", "label": "Q", "title": "aphelion distance", "value": "46.44637947360826"}], "soln_date": "2021-04-15 11:41:20", "last_obs": "2017-08-30"}, "object": {"neo": false, "prefix": null, "kind": "au", "orbit_class": {"name": "TransNeptunian Object", "code": "TNO"}, "des": "2014 UO229", "orbit_id": "2", "fullname": "(2014 UO229)", "pha": false, "spkid": "3790098"}, "signature": {"version": "1.3", "source": "NASA/JPL Small-Body Database (SBDB) API"}}