{"signature": {"source": "NASA/JPL Small-Body Database (SBDB) API", "version": "1.3"}, "orbit": {"rms": ".33821", "producer": "Otto Matic", "moid": "27.8701", "orbit_id": "4", "covariance": {"labels": ["e", "q", "tp", "node", "peri", "i"], "data": [["4.902182710542282E-8", "4.532541971000156E-7", ".0005374879635367493", "-1.957439520116236E-8", "3.859199058051784E-6", "-2.510282151280418E-9"], ["4.532541971000156E-7", "4.229094366040624E-6", ".005073753850457503", "-1.825310044230576E-7", "3.643543106929984E-5", "-2.384828798847648E-8"], [".0005374879635367493", ".005073753850457503", "6.192282628309037", "-.0002187997640929951", ".04447037509602313", "-2.932606601815121E-5"], ["-1.957439520116236E-8", "-1.825310044230576E-7", "-.0002187997640929951", "7.131676299798845E-8", "-1.632720965906548E-6", "2.33491250828064E-8"], ["3.859199058051784E-6", "3.643543106929984E-5", ".04447037509602313", "-1.632720965906548E-6", ".0003194315057888569", "-2.322677443767329E-7"], ["-2.510282151280418E-9", "-2.384828798847648E-8", "-2.932606601815121E-5", "2.33491250828064E-8", "-2.322677443767329E-7", "1.567814157531761E-8"]], "epoch": "2455851.5", "elements": [{"label": "e", "title": "eccentricity", "value": ".2733914115796641", "name": "e", "units": null, "sigma": 0.000221408733128174}, {"name": "q", "sigma": 0.00205647620118508, "units": "au", "label": "q", "title": "perihelion distance", "value": "28.86450538284021"}, {"label": "tp", "value": "2452722.819459980245", "title": "time of perihelion passage", "name": "tp", "sigma": 2.48842975153188, "units": "TDB"}, {"value": "2.83068491622624", "title": "longitude of the ascending node", "label": "node", "sigma": 0.000267051985572076, "units": "deg", "name": "om"}, {"name": "w", "units": "deg", "sigma": 0.0178726468601843, "label": "peri", "value": "359.3409513386986", "title": "argument of perihelion"}, {"label": "i", "value": "14.22506492159211", "title": "inclination", "name": "i", "units": "deg", "sigma": 0.000125212385870239}]}, "epoch": "2460000.5", "n_obs_used": 34, "not_valid_before": null, "data_arc": "6968", "model_pars": [], "n_del_obs_used": null, "moid_jup": "23.9189", "equinox": "J2000", "two_body": null, "pe_used": "DE441", "comment": null, "last_obs": "2021-10-03", "soln_date": "2021-10-16 00:37:29", "condition_code": "4", "n_dop_obs_used": null, "elements": [{"name": "e", "sigma": ".00022198", "units": null, "label": "e", "title": "eccentricity", "value": ".2738417131459109"}, {"sigma": ".014964", "units": "au", "name": "a", "title": "semi-major axis", "value": "39.76283523828793", "label": "a"}, {"label": "q", "value": "28.87411231709657", "title": "perihelion distance", "name": "q", "units": "au", "sigma": ".0020474"}, {"label": "i", "value": "14.21756689333985", "title": "inclination; angle with respect to x-y ecliptic plane", "name": "i", "sigma": ".00012508", "units": "deg"}, {"sigma": ".0002654", "units": "deg", "name": "om", "title": "longitude of the ascending node", "value": "2.74081234952032", "label": "node"}, {"label": "peri", "value": "359.6122551916006", "title": "argument of perihelion", "name": "w", "units": "deg", "sigma": ".017673"}, {"label": "M", "value": "28.46890391729578", "title": "mean anomaly", "name": "ma", "units": "deg", "sigma": ".025624"}, {"title": "time of perihelion passage", "value": "2452758.096983564755", "label": "tp", "units": "TDB", "sigma": "2.4628", "name": "tp"}, {"name": "per", "units": "d", "sigma": "51.7", "label": "period", "value": "91582.91072571609", "title": "sidereal orbital period"}, {"units": "deg/d", "sigma": "2.219E-6", "name": "n", "value": ".003930864362655745", "title": "mean motion", "label": "n"}, {"name": "ad", "units": "au", "sigma": ".019062", "label": "Q", "title": "aphelion distance", "value": "50.65155815947928"}], "sb_used": "SB441-N16", "not_valid_after": null, "first_obs": "2002-09-05", "t_jup": "5.285", "source": "JPL"}, "object": {"kind": "au", "orbit_class": {"code": "TNO", "name": "TransNeptunian Object"}, "neo": false, "prefix": null, "spkid": "54017337", "pha": false, "orbit_id": "4", "fullname": "(2015 TQ408)", "des": "2015 TQ408"}}