{"signature": {"version": "1.3", "source": "NASA/JPL Small-Body Database (SBDB) API"}, "object": {"neo": false, "orbit_class": {"name": "TransNeptunian Object", "code": "TNO"}, "pha": false, "spkid": "3755755", "orbit_id": "5", "fullname": "(2015 FR345)", "prefix": null, "kind": "au", "des": "2015 FR345"}, "orbit": {"comment": null, "rms": ".23181", "sb_used": "SB441-N16", "model_pars": [], "data_arc": "2624", "n_dop_obs_used": null, "pe_used": "DE441", "covariance": {"epoch": "2457577.5", "data": [["2.510307420426846E-7", "-2.993421269038495E-6", ".01092001678315858", "1.913506594123496E-7", "3.826233782397397E-5", "-2.144200007108223E-9"], ["-2.993421269038495E-6", ".0002210744096916457", ".1305700402147871", "-6.009135355694869E-6", ".001228014736357047", "6.803976069439961E-7"], [".01092001678315858", ".1305700402147871", "842.602556178344", ".003095342258913725", "4.036751778174457", ".0008249506378720464"], ["1.913506594123496E-7", "-6.009135355694869E-6", ".003095342258913725", "1.422703075370519E-5", "-1.825174145105499E-5", "-6.731080059755505E-7"], ["3.826233782397397E-5", ".001228014736357047", "4.036751778174457", "-1.825174145105499E-5", ".02115988603001238", "6.250242332733097E-6"], ["-2.144200007108223E-9", "6.803976069439961E-7", ".0008249506378720464", "-6.731080059755505E-7", "6.250242332733097E-6", "3.662497037028733E-8"]], "elements": [{"value": ".1370596526156707", "sigma": 0.000501029681798079, "name": "e", "title": "eccentricity", "label": "e", "units": null}, {"sigma": 0.0148685712054537, "name": "q", "value": "34.20866051128986", "units": "au", "title": "perihelion distance", "label": "q"}, {"name": "tp", "sigma": 29.0276171288369, "value": "2439872.061643844743", "units": "TDB", "label": "tp", "title": "time of perihelion passage"}, {"name": "om", "sigma": 0.00377187363967898, "value": "98.34290604925985", "units": "deg", "label": "node", "title": "longitude of the ascending node"}, {"value": "16.01787201825762", "sigma": 0.145464380622929, "name": "w", "title": "argument of perihelion", "label": "peri", "units": "deg"}, {"value": "13.58040362842882", "sigma": 0.00019137651467797, "name": "i", "title": "inclination", "label": "i", "units": "deg"}], "labels": ["e", "q", "tp", "node", "peri", "i"]}, "condition_code": "4", "source": "JPL", "t_jup": "5.417", "orbit_id": "5", "n_obs_used": 14, "last_obs": "2022-05-23", "first_obs": "2015-03-17", "not_valid_after": null, "epoch": "2460000.5", "not_valid_before": null, "soln_date": "2022-06-15 23:13:29", "moid": "32.8782", "two_body": null, "equinox": "J2000", "n_del_obs_used": null, "elements": [{"sigma": ".00048131", "name": "e", "value": ".1351736468692792", "units": null, "title": "eccentricity", "label": "e"}, {"value": "39.15346532345322", "sigma": ".021901", "name": "a", "title": "semi-major axis", "label": "a", "units": "au"}, {"value": "33.86094862811219", "sigma": ".015223", "name": "q", "title": "perihelion distance", "label": "q", "units": "au"}, {"value": "13.58513994369685", "sigma": ".00019277", "name": "i", "label": "i", "title": "inclination; angle with respect to x-y ecliptic plane", "units": "deg"}, {"value": "98.33726073980539", "sigma": ".0037907", "name": "om", "label": "node", "title": "longitude of the ascending node", "units": "deg"}, {"title": "argument of perihelion", "label": "peri", "units": "deg", "value": "11.15133350121536", "name": "w", "sigma": ".15593"}, {"units": "deg", "label": "M", "title": "mean anomaly", "sigma": ".19635", "name": "ma", "value": "84.59790545140702"}, {"label": "tp", "title": "time of perihelion passage", "units": "TDB", "value": "2438971.876500152761", "name": "tp", "sigma": "31.297"}, {"value": "89485.71976517059", "name": "per", "sigma": "75.084", "title": "sidereal orbital period", "label": "period", "units": "d"}, {"value": ".004022988259408495", "sigma": "3.3755E-6", "name": "n", "label": "n", "title": "mean motion", "units": "deg/d"}, {"label": "Q", "title": "aphelion distance", "units": "au", "value": "44.44598201879425", "name": "ad", "sigma": ".024862"}], "moid_jup": "28.6379", "producer": "Otto Matic"}}