{"signature": {"version": "1.3", "source": "NASA/JPL Small-Body Database (SBDB) API"}, "object": {"spkid": "3755977", "des": "2011 UK413", "pha": false, "orbit_id": "5", "fullname": "(2011 UK413)", "kind": "au", "orbit_class": {"name": "TransNeptunian Object", "code": "TNO"}, "neo": false, "prefix": null}, "orbit": {"last_obs": "2017-09-01", "elements": [{"label": "e", "value": ".09202752560115385", "title": "eccentricity", "name": "e", "sigma": "4.6115E-5", "units": null}, {"units": "au", "sigma": ".0018887", "name": "a", "title": "semi-major axis", "value": "41.68295094295898", "label": "a"}, {"label": "q", "value": "37.84697210792419", "title": "perihelion distance", "name": "q", "sigma": ".0027174", "units": "au"}, {"units": "deg", "sigma": ".00016798", "name": "i", "value": "13.61126063068081", "title": "inclination; angle with respect to x-y ecliptic plane", "label": "i"}, {"sigma": "3.6156E-5", "units": "deg", "name": "om", "value": "256.4725260858659", "title": "longitude of the ascending node", "label": "node"}, {"value": "88.19647400042331", "title": "argument of perihelion", "label": "peri", "units": "deg", "sigma": ".021518", "name": "w"}, {"title": "mean anomaly", "value": "93.40415876060028", "label": "M", "sigma": ".021455", "units": "deg", "name": "ma"}, {"label": "tp", "value": "2434496.997655660540", "title": "time of perihelion passage", "name": "tp", "units": "TDB", "sigma": "4.1383"}, {"units": "d", "sigma": "6.6809", "name": "per", "value": "98296.06053724284", "title": "sidereal orbital period", "label": "period"}, {"name": "n", "sigma": "2.4892E-7", "units": "deg/d", "label": "n", "value": ".003662405166925297", "title": "mean motion"}, {"label": "Q", "value": "45.51892977799378", "title": "aphelion distance", "name": "ad", "sigma": ".0020625", "units": "au"}], "n_dop_obs_used": null, "condition_code": "3", "soln_date": "2021-04-15 05:41:13", "sb_used": "SB441-N16", "not_valid_after": null, "first_obs": "2003-11-24", "source": "JPL", "t_jup": "5.603", "rms": ".72975", "producer": "Otto Matic", "orbit_id": "5", "moid": "36.8672", "covariance": {"data": [["2.113880164000386E-9", "-9.671226550472722E-8", "-4.163269470662561E-6", "-4.187776488569657E-11", "-2.85972496719046E-7", "-4.954764132613573E-10"], ["-9.671226550472722E-8", "7.384579262193186E-6", ".007712346712048124", "3.686672872525778E-9", "5.028835049882765E-5", "5.680914553554348E-8"], ["-4.163269470662561E-6", ".007712346712048124", "19.19339531460065", "4.548883758275104E-6", ".09536963778923481", "8.706072758809716E-5"], ["-4.187776488569657E-11", "3.686672872525778E-9", "4.548883758275104E-6", "1.307543347538298E-9", "2.652999862222084E-8", "-1.198658532313969E-9"], ["-2.85972496719046E-7", "5.028835049882765E-5", ".09536963778923481", "2.652999862222084E-8", ".0005072974970212486", "4.948637724235037E-7"], ["-4.954764132613573E-10", "5.680914553554348E-8", "8.706072758809716E-5", "-1.198658532313969E-9", "4.948637724235037E-7", "2.817396566976564E-8"]], "labels": ["e", "q", "tp", "node", "peri", "i"], "elements": [{"value": ".08883379309750707", "title": "eccentricity", "label": "e", "sigma": 4.59769525305928e-05, "units": null, "name": "e"}, {"name": "q", "units": "au", "sigma": 0.00271745823559318, "label": "q", "title": "perihelion distance", "value": "38.06692223985023"}, {"sigma": 4.38102674205495, "units": "TDB", "name": "tp", "title": "time of perihelion passage", "value": "2434695.330400657789", "label": "tp"}, {"value": "256.5042262439072", "title": "longitude of the ascending node", "label": "node", "units": "deg", "sigma": 3.61599688542219e-05, "name": "om"}, {"name": "w", "sigma": 0.0225232656828722, "units": "deg", "label": "peri", "title": "argument of perihelion", "value": "89.57431735731942"}, {"value": "13.59645233593961", "title": "inclination", "label": "i", "sigma": 0.0001678510222482, "units": "deg", "name": "i"}], "epoch": "2456524.5"}, "epoch": "2460000.5", "not_valid_before": null, "n_obs_used": 45, "n_del_obs_used": null, "data_arc": "5030", "model_pars": [], "two_body": null, "pe_used": "DE441", "equinox": "J2000", "moid_jup": "33.0494", "comment": null}}