{"signature": {"version": "1.3", "source": "NASA/JPL Small-Body Database (SBDB) API"}, "object": {"des": "2013 TL227", "pha": false, "orbit_id": "2", "fullname": "(2013 TL227)", "spkid": "54196816", "neo": false, "prefix": null, "kind": "au", "orbit_class": {"code": "TNO", "name": "TransNeptunian Object"}}, "orbit": {"last_obs": "2022-10-29", "not_valid_after": null, "first_obs": "2013-10-02", "sb_used": "SB441-N16", "elements": [{"units": null, "sigma": ".00021064", "name": "e", "value": ".07398603672089961", "title": "eccentricity", "label": "e"}, {"title": "semi-major axis", "value": "40.53684098598413", "label": "a", "sigma": ".0115", "units": "au", "name": "a"}, {"name": "q", "units": "au", "sigma": ".0022371", "label": "q", "value": "37.53768078024584", "title": "perihelion distance"}, {"value": "22.87481320235077", "title": "inclination; angle with respect to x-y ecliptic plane", "label": "i", "units": "deg", "sigma": ".00034672", "name": "i"}, {"units": "deg", "sigma": ".0014085", "name": "om", "value": "95.49966762596858", "title": "longitude of the ascending node", "label": "node"}, {"title": "argument of perihelion", "value": "312.4464914755217", "label": "peri", "units": "deg", "sigma": ".10324", "name": "w"}, {"name": "ma", "sigma": ".088647", "units": "deg", "label": "M", "title": "mean anomaly", "value": ".5540004412328337"}, {"sigma": "23.194", "units": "TDB", "name": "tp", "title": "time of perihelion passage", "value": "2459855.428905129282", "label": "tp"}, {"label": "period", "value": "94269.95046653597", "title": "sidereal orbital period", "name": "per", "sigma": "40.116", "units": "d"}, {"label": "n", "value": ".003818820294466932", "title": "mean motion", "name": "n", "units": "deg/d", "sigma": "1.6251E-6"}, {"sigma": ".012351", "units": "au", "name": "ad", "value": "43.53600119172242", "title": "aphelion distance", "label": "Q"}], "n_dop_obs_used": null, "condition_code": "4", "soln_date": "2022-11-05 00:48:15", "source": "JPL", "t_jup": "5.258", "orbit_id": "2", "moid": "36.5888", "rms": ".1924", "producer": "Otto Matic", "epoch": "2460000.5", "covariance": {"data": [["4.501828252798017E-8", "4.13928425410074E-7", ".001769517395534542", "-3.126712442686626E-8", "7.879433040912728E-6", "1.418665373028113E-8"], ["4.13928425410074E-7", "5.096341287711568E-6", "-.01026156167721796", "-1.629723784787457E-7", "-4.5375950232835E-5", "1.017434616039154E-7"], [".001769517395534542", "-.01026156167721796", "652.3651452774861", "-.004012214235329056", "2.896952464827503", ".001221578703329835"], ["-3.126712442686626E-8", "-1.629723784787457E-7", "-.004012214235329056", "1.99929678528498E-6", "-1.963642671149051E-5", "-4.84519273576553E-7"], ["7.879433040912728E-6", "-4.5375950232835E-5", "2.896952464827503", "-1.963642671149051E-5", ".01286617730583288", "5.864019158107193E-6"], ["1.418665373028113E-8", "1.017434616039154E-7", ".001221578703329835", "-4.84519273576553E-7", "5.864019158107193E-6", "1.213552970701095E-7"]], "labels": ["e", "q", "tp", "node", "peri", "i"], "elements": [{"label": "e", "value": ".0648712050979976", "title": "eccentricity", "name": "e", "units": null, "sigma": 0.000212175122311689}, {"label": "q", "title": "perihelion distance", "value": "37.51311890832423", "name": "q", "sigma": 0.00225750776027715, "units": "au"}, {"title": "time of perihelion passage", "value": "2460619.438178590556", "label": "tp", "units": "TDB", "sigma": 25.5414397651637, "name": "tp"}, {"value": "95.51136357452761", "title": "longitude of the ascending node", "label": "node", "sigma": 0.00141396491656794, "units": "deg", "name": "om"}, {"name": "w", "units": "deg", "sigma": 0.113429173080971, "label": "peri", "title": "argument of perihelion", "value": "315.8130704258484"}, {"label": "i", "value": "22.88171960984144", "title": "inclination", "name": "i", "sigma": 0.000348360871898825, "units": "deg"}], "epoch": "2457467.5"}, "n_del_obs_used": null, "model_pars": [], "data_arc": "3314", "not_valid_before": null, "n_obs_used": 11, "comment": null, "pe_used": "DE441", "two_body": null, "equinox": "J2000", "moid_jup": "32.6947"}}