{"signature": {"source": "NASA/JPL Small-Body Database (SBDB) API", "version": "1.3"}, "orbit": {"last_obs": "2021-10-03", "n_dop_obs_used": null, "elements": [{"name": "e", "sigma": ".00021634", "units": null, "label": "e", "value": ".07692161715886718", "title": "eccentricity"}, {"units": "au", "sigma": ".0044346", "name": "a", "value": "41.79853667481893", "title": "semi-major axis", "label": "a"}, {"label": "q", "title": "perihelion distance", "value": "38.58332563891764", "name": "q", "sigma": ".0079529", "units": "au"}, {"label": "i", "title": "inclination; angle with respect to x-y ecliptic plane", "value": "33.22680492269448", "name": "i", "units": "deg", "sigma": ".00091388"}, {"value": "191.1874599767301", "title": "longitude of the ascending node", "label": "node", "units": "deg", "sigma": ".0001186", "name": "om"}, {"name": "w", "sigma": ".13032", "units": "deg", "label": "peri", "title": "argument of perihelion", "value": "125.5517208150291"}, {"name": "ma", "units": "deg", "sigma": ".10297", "label": "M", "value": "53.05768910938207", "title": "mean anomaly"}, {"title": "time of perihelion passage", "value": "2445453.083486032303", "label": "tp", "sigma": "27.952", "units": "TDB", "name": "tp"}, {"units": "d", "sigma": "15.708", "name": "per", "title": "sidereal orbital period", "value": "98705.20244920188", "label": "period"}, {"label": "n", "title": "mean motion", "value": ".003647224169215114", "name": "n", "sigma": "5.8043E-7", "units": "deg/d"}, {"title": "aphelion distance", "value": "45.01374771072022", "label": "Q", "sigma": ".0047757", "units": "au", "name": "ad"}], "condition_code": "4", "soln_date": "2021-10-16 00:36:12", "not_valid_after": null, "sb_used": "SB441-N16", "first_obs": "2015-06-23", "source": "JPL", "t_jup": "4.852", "producer": "Otto Matic", "rms": ".13973", "orbit_id": "3", "moid": "37.674", "covariance": {"elements": [{"label": "e", "title": "eccentricity", "value": ".07122679369489385", "name": "e", "units": null, "sigma": 0.000230945308242936}, {"units": "au", "sigma": 0.00858957940749995, "name": "q", "title": "perihelion distance", "value": "38.39477296405467", "label": "q"}, {"label": "tp", "value": "2443895.219120332744", "title": "time of perihelion passage", "name": "tp", "sigma": 25.4903407106307, "units": "TDB"}, {"units": "deg", "sigma": 0.00011819620810727, "name": "om", "value": "191.1978189658323", "title": "longitude of the ascending node", "label": "node"}, {"sigma": 0.122720489712078, "units": "deg", "name": "w", "value": "118.9567205159213", "title": "argument of perihelion", "label": "peri"}, {"name": "i", "sigma": 0.000917045457414767, "units": "deg", "label": "i", "value": "33.40517483396509", "title": "inclination"}], "epoch": "2457524.5", "labels": ["e", "q", "tp", "node", "peri", "i"], "data": [["5.333573539942492E-8", "-1.799142996388971E-6", "-.004727834265509727", "8.769056457299347E-10", "-2.344712400709745E-5", "-1.259668291419681E-8"], ["-1.799142996388971E-6", "7.378087439774728E-5", ".2139613415151951", "-1.290379259939507E-7", ".001038678724029469", "1.286737081668935E-6"], ["-.004727834265509727", ".2139613415151951", "649.7574695440347", "-.0004738898372418462", "3.125340089021793", ".004552976993553547"], ["8.769056457299347E-10", "-1.290379259939507E-7", "-.0004738898372418462", "1.397034361093706E-8", "-2.207236604760114E-6", "-1.020884746055687E-7"], ["-2.344712400709745E-5", ".001038678724029469", "3.125340089021793", "-2.207236604760114E-6", ".01506031859517228", "2.132191038776476E-5"], ["-1.259668291419681E-8", "1.286737081668935E-6", ".004552976993553547", "-1.020884746055687E-7", "2.132191038776476E-5", "8.409723709650601E-7"]]}, "epoch": "2460000.5", "not_valid_before": null, "n_obs_used": 41, "data_arc": "2294", "model_pars": [], "n_del_obs_used": null, "equinox": "J2000", "two_body": null, "pe_used": "DE441", "moid_jup": "34.0706", "comment": null}, "object": {"spkid": "3835652", "des": "2015 RR280", "orbit_id": "3", "pha": false, "fullname": "(2015 RR280)", "orbit_class": {"name": "TransNeptunian Object", "code": "TNO"}, "kind": "au", "prefix": null, "neo": false}}