{"object": {"neo": false, "orbit_class": {"name": "TransNeptunian Object", "code": "TNO"}, "pha": false, "spkid": "54199505", "orbit_id": "1", "fullname": "(2013 VF72)", "prefix": null, "kind": "au", "des": "2013 VF72"}, "orbit": {"n_dop_obs_used": null, "pe_used": "DE441", "data_arc": "1531", "comment": null, "model_pars": [], "rms": ".14639", "sb_used": "SB441-N16", "epoch": "2460000.5", "not_valid_before": null, "moid": "34.9508", "soln_date": "2021-09-24 15:12:04", "not_valid_after": null, "first_obs": "2013-10-27", "moid_jup": "30.9431", "n_del_obs_used": null, "elements": [{"value": ".09415373101429328", "sigma": ".0005233", "name": "e", "label": "e", "title": "eccentricity", "units": null}, {"value": "39.60430706422309", "sigma": ".009269", "name": "a", "title": "semi-major axis", "label": "a", "units": "au"}, {"value": "35.87541378989076", "name": "q", "sigma": ".019266", "title": "perihelion distance", "label": "q", "units": "au"}, {"label": "i", "title": "inclination; angle with respect to x-y ecliptic plane", "units": "deg", "value": "26.5414565266713", "sigma": ".0010836", "name": "i"}, {"name": "om", "sigma": ".0011776", "value": "188.4275383626777", "units": "deg", "label": "node", "title": "longitude of the ascending node"}, {"units": "deg", "title": "argument of perihelion", "label": "peri", "sigma": ".39378", "name": "w", "value": "65.97070247301336"}, {"units": "deg", "title": "mean anomaly", "label": "M", "sigma": ".49408", "name": "ma", "value": "142.8796188893763"}, {"value": "2423869.511971194981", "name": "tp", "sigma": "116.88", "label": "tp", "title": "time of perihelion passage", "units": "TDB"}, {"units": "d", "label": "period", "title": "sidereal orbital period", "sigma": "31.959", "name": "per", "value": "91035.7669727585"}, {"label": "n", "title": "mean motion", "units": "deg/d", "value": ".003954489668964136", "name": "n", "sigma": "1.3883E-6"}, {"value": "43.33320033855543", "sigma": ".010142", "name": "ad", "label": "Q", "title": "aphelion distance", "units": "au"}], "producer": "Otto Matic", "two_body": null, "equinox": "J2000", "t_jup": "5.046", "covariance": {"labels": ["e", "q", "tp", "node", "peri", "i"], "elements": [{"value": ".09960640136414588", "name": "e", "sigma": 0.00047646604815209, "title": "eccentricity", "label": "e", "units": null}, {"sigma": 0.0178256338480147, "name": "q", "value": "35.36043797678361", "units": "au", "label": "q", "title": "perihelion distance"}, {"value": "2423183.232278388889", "sigma": 114.685494354498, "name": "tp", "title": "time of perihelion passage", "label": "tp", "units": "TDB"}, {"units": "deg", "label": "node", "title": "longitude of the ascending node", "sigma": 0.0011753129022761, "name": "om", "value": "188.6088879766922"}, {"name": "w", "sigma": 0.389571877663941, "value": "61.63224646106533", "units": "deg", "label": "peri", "title": "argument of perihelion"}, {"units": "deg", "title": "inclination", "label": "i", "name": "i", "sigma": 0.00109259833051049, "value": "26.67605353077522"}], "data": [["2.270198950416702E-7", "-7.665580898913951E-6", ".05244325902752854", "1.299327470702971E-7", ".0001715267006416888", "1.196465272968964E-7"], ["-7.665580898913951E-6", ".000317753222083486", "-1.524312346538655", "-4.494283330306895E-6", "-.004651029027873086", "-3.944050925644886E-6"], [".05244325902752854", "-1.524312346538655", "13152.76261533569", ".02961976837575766", "44.41964105262764", ".02807613945173771"], ["1.299327470702971E-7", "-4.494283330306895E-6", ".02961976837575766", "1.381360418256666E-6", "9.511116964704258E-5", "1.279812943557472E-6"], [".0001715267006416888", "-.004651029027873086", "44.41964105262764", "9.511116964704258E-5", ".1517662478666083", "9.12970568075353E-5"], ["1.196465272968964E-7", "-3.944050925644886E-6", ".02807613945173771", "1.279812943557472E-6", "9.12970568075353E-5", "1.193771111834308E-6"]], "epoch": "2457387.5"}, "condition_code": "5", "source": "JPL", "last_obs": "2018-01-05", "n_obs_used": 16, "orbit_id": "1"}, "signature": {"version": "1.3", "source": "NASA/JPL Small-Body Database (SBDB) API"}}