{"signature": {"version": "1.3", "source": "NASA/JPL Small-Body Database (SBDB) API"}, "orbit": {"covariance": {"labels": ["e", "q", "tp", "node", "peri", "i"], "data": [["2.074374291048965E-8", "7.372908101332906E-7", ".0007590086625391449", "9.664237107136412E-10", "6.262865257044182E-6", "2.108497907922185E-9"], ["7.372908101332906E-7", "3.226041008803401E-5", ".03023933987697057", "4.443075625701807E-8", ".0002582934237090951", "8.108774637121818E-8"], [".0007590086625391449", ".03023933987697057", "29.54204220950689", "4.075464941957536E-5", ".2484540979127832", "8.041582237691592E-5"], ["9.664237107136412E-10", "4.443075625701807E-8", "4.075464941957536E-5", "3.022975461473023E-7", "5.075465728738363E-8", "3.056980818732621E-8"], ["6.262865257044182E-6", ".0002582934237090951", ".2484540979127832", "5.075465728738363E-8", ".002101933221203204", "6.423185054912672E-7"], ["2.108497907922185E-9", "8.108774637121818E-8", "8.041582237691592E-5", "3.056980818732621E-8", "6.423185054912672E-7", "8.633425187551236E-8"]], "epoch": "2454460.5", "elements": [{"sigma": 0.000144026882596582, "units": null, "name": "e", "title": "eccentricity", "value": ".277660495075664", "label": "e"}, {"value": "28.46433933775341", "title": "perihelion distance", "label": "q", "sigma": 0.005679824828992, "units": "au", "name": "q"}, {"name": "tp", "sigma": 5.43525916672856, "units": "TDB", "label": "tp", "title": "time of perihelion passage", "value": "2443510.438517331728"}, {"name": "om", "sigma": 0.000549815920238131, "units": "deg", "label": "node", "value": "187.3014424096149", "title": "longitude of the ascending node"}, {"value": "111.9176916393381", "title": "argument of perihelion", "label": "peri", "units": "deg", "sigma": 0.0458468452699115, "name": "w"}, {"title": "inclination", "value": "6.568898132162335", "label": "i", "units": "deg", "sigma": 0.00029382690801816, "name": "i"}]}, "epoch": "2460000.5", "rms": ".24741", "producer": "Otto Matic", "orbit_id": "10", "moid": "27.6779", "two_body": null, "equinox": "J2000", "pe_used": "DE441", "moid_jup": "23.5972", "comment": null, "not_valid_before": null, "n_obs_used": 39, "n_del_obs_used": null, "data_arc": "7326", "model_pars": [], "elements": [{"name": "e", "units": null, "sigma": ".00015041", "label": "e", "value": ".277090820392111", "title": "eccentricity"}, {"label": "a", "title": "semi-major axis", "value": "39.68500719050225", "name": "a", "sigma": ".01557", "units": "au"}, {"name": "q", "units": "au", "sigma": ".0055634", "label": "q", "title": "perihelion distance", "value": "28.68865599081916"}, {"name": "i", "units": "deg", "sigma": ".0002929", "label": "i", "title": "inclination; angle with respect to x-y ecliptic plane", "value": "6.546174390010407"}, {"title": "longitude of the ascending node", "value": "187.2126348427273", "label": "node", "units": "deg", "sigma": ".00055159", "name": "om"}, {"label": "peri", "value": "113.6373392999039", "title": "argument of perihelion", "name": "w", "sigma": ".045376", "units": "deg"}, {"name": "ma", "sigma": ".059479", "units": "deg", "label": "M", "value": "64.25416425036356", "title": "mean anomaly"}, {"units": "TDB", "sigma": "5.4977", "name": "tp", "title": "time of perihelion passage", "value": "2443702.402925213974", "label": "tp"}, {"name": "per", "units": "d", "sigma": "53.74", "label": "period", "title": "sidereal orbital period", "value": "91314.15862886694"}, {"name": "n", "units": "deg/d", "sigma": "2.3202E-6", "label": "n", "value": ".003942433521872193", "title": "mean motion"}, {"label": "Q", "title": "aphelion distance", "value": "50.68135839018534", "name": "ad", "units": "au", "sigma": ".019884"}], "n_dop_obs_used": null, "condition_code": "4", "soln_date": "2021-11-12 23:36:38", "not_valid_after": null, "first_obs": "2001-10-15", "sb_used": "SB441-N16", "last_obs": "2021-11-05", "source": "JPL", "t_jup": "5.404"}, "object": {"fullname": "(2003 SO317)", "orbit_id": "10", "pha": false, "des": "2003 SO317", "spkid": "3330204", "neo": false, "prefix": null, "kind": "au", "orbit_class": {"code": "TNO", "name": "TransNeptunian Object"}}}