{"signature": {"version": "1.3", "source": "NASA/JPL Small-Body Database (SBDB) API"}, "orbit": {"t_jup": "5.374", "source": "JPL", "last_obs": "2017-08-27", "sb_used": "SB441-N16", "not_valid_after": null, "first_obs": "2014-05-30", "soln_date": "2021-04-15 13:49:20", "n_dop_obs_used": null, "elements": [{"label": "e", "title": "eccentricity", "value": ".28144374062105", "name": "e", "sigma": ".00013979", "units": null}, {"value": "39.42989564871723", "title": "semi-major axis", "label": "a", "sigma": ".0050468", "units": "au", "name": "a"}, {"label": "q", "value": "28.33259832504459", "title": "perihelion distance", "name": "q", "units": "au", "sigma": ".0033061"}, {"label": "i", "title": "inclination; angle with respect to x-y ecliptic plane", "value": "7.148132339992094", "name": "i", "units": "deg", "sigma": ".00021406"}, {"name": "om", "units": "deg", "sigma": ".0037787", "label": "node", "title": "longitude of the ascending node", "value": "171.731186094716"}, {"label": "peri", "value": "100.01019399349", "title": "argument of perihelion", "name": "w", "sigma": ".043959", "units": "deg"}, {"value": "351.9745854085241", "title": "mean anomaly", "label": "M", "sigma": ".020976", "units": "deg", "name": "ma"}, {"title": "time of perihelion passage", "value": "2462016.552534942336", "label": "tp", "units": "TDB", "sigma": "5.3782", "name": "tp"}, {"title": "sidereal orbital period", "value": "90435.06778455072", "label": "period", "units": "d", "sigma": "17.363", "name": "per"}, {"name": "n", "sigma": "7.6427E-7", "units": "deg/d", "label": "n", "value": ".003980756677903434", "title": "mean motion"}, {"label": "Q", "title": "aphelion distance", "value": "50.52719297238986", "name": "ad", "sigma": ".0064672", "units": "au"}], "condition_code": "4", "data_arc": "1185", "model_pars": [], "n_del_obs_used": null, "n_obs_used": 39, "not_valid_before": null, "comment": null, "moid_jup": "23.1174", "pe_used": "DE441", "two_body": null, "equinox": "J2000", "moid": "27.3238", "orbit_id": "2", "producer": "Otto Matic", "rms": ".16454", "epoch": "2460000.5", "covariance": {"elements": [{"sigma": 0.000136141815980945, "units": null, "name": "e", "value": ".2830309482580506", "title": "eccentricity", "label": "e"}, {"label": "q", "value": "28.38773621516266", "title": "perihelion distance", "name": "q", "sigma": 0.00321896405842404, "units": "au"}, {"name": "tp", "sigma": 5.46927990977784, "units": "TDB", "label": "tp", "title": "time of perihelion passage", "value": "2461860.636465750772"}, {"label": "node", "value": "171.5132838698114", "title": "longitude of the ascending node", "name": "om", "sigma": 0.00377907999129809, "units": "deg"}, {"label": "peri", "title": "argument of perihelion", "value": "99.02883394336781", "name": "w", "units": "deg", "sigma": 0.0442766804949976}, {"value": "7.141848663660173", "title": "inclination", "label": "i", "units": "deg", "sigma": 0.000212280623093362, "name": "i"}], "epoch": "2457243.5", "data": [["1.853459405858948E-8", "-3.326544320780047E-7", ".000594158873109509", "-3.156534821000325E-8", "4.84760474645824E-6", "-1.569044436484258E-9"], ["-3.326544320780047E-7", "1.036172960942575E-5", "-.01754463767065114", "4.638022745178736E-7", "-.0001414239076445788", "2.878739581230717E-8"], [".000594158873109509", "-.01754463767065114", "29.91302273149951", "-.0008637673365522356", ".2412625207193493", "-5.175064650478962E-5"], ["-3.156534821000325E-8", "4.638022745178736E-7", "-.0008637673365522356", "1.428144558062954E-5", "-2.118561173066707E-5", "7.97053972005461E-7"], ["4.84760474645824E-6", "-.0001414239076445788", ".2412625207193493", "-2.118561173066707E-5", ".001960424435656098", "-1.209594578432835E-6"], ["-1.569044436484258E-9", "2.878739581230717E-8", "-5.175064650478962E-5", "7.97053972005461E-7", "-1.209594578432835E-6", "4.506306294090587E-8"]], "labels": ["e", "q", "tp", "node", "peri", "i"]}}, "object": {"kind": "au", "orbit_class": {"code": "TNO", "name": "TransNeptunian Object"}, "neo": false, "prefix": null, "spkid": "3830921", "des": "2015 KG173", "fullname": "(2015 KG173)", "orbit_id": "2", "pha": false}}