{"orbit": {"comment": null, "model_pars": [], "sb_used": "SB441-N16", "rms": ".22969", "n_dop_obs_used": null, "pe_used": "DE441", "data_arc": "1087", "t_jup": "5.662", "covariance": {"epoch": "2457244.5", "data": [["2.829374940654752E-7", "-9.402915335263242E-6", ".02378142957753718", "-1.327963945821922E-7", ".0001207957865882432", "-3.895879253997174E-8"], ["-9.402915335263242E-6", ".0003419081119931792", "-.888294099782834", "3.378096336134528E-6", "-.00447901805221065", "1.010506979262351E-6"], [".02378142957753718", "-.888294099782834", "2327.773207650616", "-.007835610048895303", "11.71150711016723", "-.00236175359988544"], ["-1.327963945821922E-7", "3.378096336134528E-6", "-.007835610048895303", "1.199239121800003E-5", "-5.252571526062973E-5", "3.61676045928664E-6"], [".0001207957865882432", "-.00447901805221065", "11.71150711016723", "-5.252571526062973E-5", ".05896809838013811", "-1.580681087765355E-5"], ["-3.895879253997174E-8", "1.010506979262351E-6", "-.00236175359988544", "3.61676045928664E-6", "-1.580681087765355E-5", "1.093124490679451E-6"]], "elements": [{"value": ".1047614787615274", "name": "e", "sigma": 0.000531918691216501, "label": "e", "title": "eccentricity", "units": null}, {"name": "q", "sigma": 0.0184907574748353, "value": "37.66767405561664", "units": "au", "title": "perihelion distance", "label": "q"}, {"label": "tp", "title": "time of perihelion passage", "units": "TDB", "value": "2468993.054257187287", "sigma": 48.2470020586836, "name": "tp"}, {"units": "deg", "label": "node", "title": "longitude of the ascending node", "sigma": 0.00346300320791073, "name": "om", "value": "204.8298291908112"}, {"title": "argument of perihelion", "label": "peri", "units": "deg", "value": "83.66976815170494", "name": "w", "sigma": 0.242833478705343}, {"value": "11.01976910173896", "sigma": 0.0010455259397449, "name": "i", "label": "i", "title": "inclination", "units": "deg"}], "labels": ["e", "q", "tp", "node", "peri", "i"]}, "condition_code": "4", "source": "JPL", "n_obs_used": 28, "last_obs": "2017-05-21", "orbit_id": "2", "epoch": "2460000.5", "not_valid_before": null, "moid": "36.4872", "soln_date": "2021-04-15 13:49:32", "first_obs": "2014-05-30", "not_valid_after": null, "elements": [{"units": null, "title": "eccentricity", "label": "e", "name": "e", "sigma": ".00055679", "value": ".1050320621210461"}, {"value": "41.88409739562648", "sigma": ".0080986", "name": "a", "title": "semi-major axis", "label": "a", "units": "au"}, {"sigma": ".019269", "name": "q", "value": "37.48492427608509", "units": "au", "label": "q", "title": "perihelion distance"}, {"title": "inclination; angle with respect to x-y ecliptic plane", "label": "i", "units": "deg", "value": "11.05682395559631", "name": "i", "sigma": ".0010501"}, {"units": "deg", "label": "node", "title": "longitude of the ascending node", "name": "om", "sigma": ".0034492", "value": "205.0032489433898"}, {"units": "deg", "label": "peri", "title": "argument of perihelion", "sigma": ".22352", "name": "w", "value": "87.20844087477073"}, {"sigma": ".15278", "name": "ma", "value": "324.4208765013966", "units": "deg", "label": "M", "title": "mean anomaly"}, {"title": "time of perihelion passage", "label": "tp", "units": "TDB", "value": "2469785.591976636149", "name": "tp", "sigma": "42.835"}, {"value": "99008.42868507672", "name": "per", "sigma": "28.716", "label": "period", "title": "sidereal orbital period", "units": "d"}, {"name": "n", "sigma": "1.0546E-6", "value": ".00363605406914474", "units": "deg/d", "label": "n", "title": "mean motion"}, {"label": "Q", "title": "aphelion distance", "units": "au", "value": "46.28327051516786", "sigma": ".0089492", "name": "ad"}], "n_del_obs_used": null, "moid_jup": "32.4226", "producer": "Otto Matic", "two_body": null, "equinox": "J2000"}, "object": {"orbit_id": "2", "fullname": "(2015 KC176)", "prefix": null, "des": "2015 KC176", "kind": "au", "neo": false, "orbit_class": {"code": "TNO", "name": "TransNeptunian Object"}, "spkid": "3835616", "pha": false}, "signature": {"version": "1.3", "source": "NASA/JPL Small-Body Database (SBDB) API"}}