{"signature": {"version": "1.3", "source": "NASA/JPL Small-Body Database (SBDB) API"}, "object": {"kind": "au", "des": "2015 TX363", "prefix": null, "fullname": "(2015 TX363)", "orbit_id": "3", "pha": false, "spkid": "54208620", "orbit_class": {"code": "TNO", "name": "TransNeptunian Object"}, "neo": false}, "orbit": {"t_jup": "5.471", "covariance": {"elements": [{"name": "e", "sigma": 0.000154844181714034, "value": ".02700834769336912", "units": null, "label": "e", "title": "eccentricity"}, {"units": "au", "label": "q", "title": "perihelion distance", "sigma": 0.0137668495601591, "name": "q", "value": "39.20256968515343"}, {"title": "time of perihelion passage", "label": "tp", "units": "TDB", "value": "2428696.451300217414", "name": "tp", "sigma": 106.097785266003}, {"label": "node", "title": "longitude of the ascending node", "units": "deg", "value": "146.9069529793373", "sigma": 0.00115504698363673, "name": "om"}, {"title": "argument of perihelion", "label": "peri", "units": "deg", "value": "130.7163701977865", "sigma": 0.439552039940387, "name": "w"}, {"sigma": 0.000132384003251611, "name": "i", "value": "16.9557923164181", "units": "deg", "title": "inclination", "label": "i"}], "labels": ["e", "q", "tp", "node", "peri", "i"], "epoch": "2458976.5", "data": [["2.397672061068873E-8", "-1.539583761237587E-6", ".000846920633156623", "2.605914305620859E-8", "-1.711837976017412E-6", "1.475649211102508E-9"], ["-1.539583761237587E-6", ".0001895261468120537", ".9543720120416685", "-9.062558659749394E-7", ".004293427331593633", "2.06279526389582E-7"], [".000846920633156623", ".9543720120416685", "11256.74003835093", ".009460603577449253", "46.49808130487799", ".003399952160189833"], ["2.605914305620859E-8", "-9.062558659749394E-7", ".009460603577449253", "1.334133534408304E-6", "3.23119284198407E-5", "1.463878992139734E-7"], ["-1.711837976017412E-6", ".004293427331593633", "46.49808130487799", "3.23119284198407E-5", ".1932059958157554", "1.364327262092757E-5"], ["1.475649211102508E-9", "2.06279526389582E-7", ".003399952160189833", "1.463878992139734E-7", "1.364327262092757E-5", "1.752552431692268E-8"]]}, "source": "JPL", "condition_code": "4", "last_obs": "2022-10-19", "n_obs_used": 23, "orbit_id": "3", "epoch": "2460000.5", "soln_date": "2022-10-21 01:51:06", "not_valid_before": null, "moid": "38.6842", "first_obs": "2014-10-29", "not_valid_after": null, "n_del_obs_used": null, "moid_jup": "34.6148", "elements": [{"units": null, "title": "eccentricity", "label": "e", "sigma": ".00015826", "name": "e", "value": ".02243908367882797"}, {"value": "40.59886092424538", "name": "a", "sigma": ".010676", "label": "a", "title": "semi-major axis", "units": "au"}, {"units": "au", "label": "q", "title": "perihelion distance", "name": "q", "sigma": ".012409", "value": "39.68785968670114"}, {"title": "inclination; angle with respect to x-y ecliptic plane", "label": "i", "units": "deg", "value": "16.95527725703663", "name": "i", "sigma": ".000132"}, {"name": "om", "sigma": ".0011507", "value": "146.9081057054838", "units": "deg", "title": "longitude of the ascending node", "label": "node"}, {"title": "argument of perihelion", "label": "peri", "units": "deg", "value": "145.704828502392", "sigma": ".52625", "name": "w"}, {"name": "ma", "sigma": ".53578", "value": "105.822522773734", "units": "deg", "label": "M", "title": "mean anomaly"}, {"units": "TDB", "label": "tp", "title": "time of perihelion passage", "sigma": "129.87", "name": "tp", "value": "2432226.092052419022"}, {"value": "94486.37774879178", "sigma": "37.269", "name": "per", "title": "sidereal orbital period", "label": "period", "units": "d"}, {"units": "deg/d", "title": "mean motion", "label": "n", "sigma": "1.5028E-6", "name": "n", "value": ".003810073034624331"}, {"title": "aphelion distance", "label": "Q", "units": "au", "value": "41.50986216178962", "sigma": ".010915", "name": "ad"}], "producer": "Otto Matic", "equinox": "J2000", "two_body": null, "comment": null, "model_pars": [], "rms": ".25977", "sb_used": "SB441-N16", "n_dop_obs_used": null, "pe_used": "DE441", "data_arc": "2912"}}