{"orbit": {"covariance": {"elements": [{"value": ".1298111153837039", "name": "e", "sigma": 0.000561945970246291, "label": "e", "title": "eccentricity", "units": null}, {"label": "q", "title": "perihelion distance", "units": "au", "value": "34.50173217592952", "sigma": 0.00456959709353825, "name": "q"}, {"value": "2452879.514023540408", "sigma": 20.5259038296419, "name": "tp", "title": "time of perihelion passage", "label": "tp", "units": "TDB"}, {"units": "deg", "title": "longitude of the ascending node", "label": "node", "name": "om", "sigma": 0.00110721204368748, "value": "11.06447465546908"}, {"sigma": 0.105898239493265, "name": "w", "value": "191.5638281245134", "units": "deg", "title": "argument of perihelion", "label": "peri"}, {"value": "7.064202741566418", "sigma": 0.000578033619708479, "name": "i", "label": "i", "title": "inclination", "units": "deg"}], "labels": ["e", "q", "tp", "node", "peri", "i"], "epoch": "2452929.5", "data": [["3.157832734760456E-7", "2.4854841776969E-6", "-.006038511717530504", "-7.780417016403776E-8", "-3.108302470942401E-5", "-3.100849366299933E-8"], ["2.4854841776969E-6", "2.088121759727321E-5", "-.02782799962843109", "-6.432893089833083E-7", "-.000142929652364859", "-2.487649017413275E-7"], ["-.006038511717530504", "-.02782799962843109", "421.3127280237091", ".001030220978442124", "2.17353950327251", ".0005279043175253049"], ["-7.780417016403776E-8", "-6.432893089833083E-7", ".001030220978442124", "1.225918509686604E-6", "4.098855599822497E-6", "5.558955020263598E-7"], ["-3.108302470942401E-5", "-.000142929652364859", "2.17353950327251", "4.098855599822497E-6", ".01121443712777281", "2.172337062358005E-6"], ["-3.100849366299933E-8", "-2.487649017413275E-7", ".0005279043175253049", "5.558955020263598E-7", "2.172337062358005E-6", "3.341228655132863E-7"]]}, "source": "JPL", "condition_code": "4", "t_jup": "5.547", "orbit_id": "4", "n_obs_used": 15, "last_obs": "2013-03-13", "first_obs": "2002-03-18", "not_valid_after": null, "epoch": "2460000.5", "not_valid_before": null, "moid": "33.5136", "soln_date": "2021-04-14 21:21:37", "two_body": null, "equinox": "J2000", "moid_jup": "29.062", "n_del_obs_used": null, "elements": [{"units": null, "label": "e", "title": "eccentricity", "sigma": ".0005563", "name": "e", "value": ".1218621014531373"}, {"units": "au", "label": "a", "title": "semi-major axis", "sigma": ".030041", "name": "a", "value": "39.30601469115015"}, {"sigma": ".0046071", "name": "q", "value": "34.51610114113871", "units": "au", "title": "perihelion distance", "label": "q"}, {"value": "7.092284036954902", "sigma": ".00058034", "name": "i", "title": "inclination; angle with respect to x-y ecliptic plane", "label": "i", "units": "deg"}, {"title": "longitude of the ascending node", "label": "node", "units": "deg", "value": "11.22103900959872", "sigma": ".0011042", "name": "om"}, {"name": "w", "sigma": ".11499", "value": "192.5283377021472", "units": "deg", "label": "peri", "title": "argument of perihelion"}, {"name": "ma", "sigma": ".078124", "value": "27.7007226180632", "units": "deg", "title": "mean anomaly", "label": "M"}, {"units": "TDB", "title": "time of perihelion passage", "label": "tp", "sigma": "22.392", "name": "tp", "value": "2453074.610746614839"}, {"units": "d", "label": "period", "title": "sidereal orbital period", "sigma": "103.19", "name": "per", "value": "90009.20898694546"}, {"units": "deg/d", "title": "mean motion", "label": "n", "name": "n", "sigma": "4.5853E-6", "value": ".003999590753566258"}, {"label": "Q", "title": "aphelion distance", "units": "au", "value": "44.09592824116159", "name": "ad", "sigma": ".033702"}], "producer": "Otto Matic", "comment": null, "rms": ".28819", "sb_used": "SB441-N16", "model_pars": [], "data_arc": "4013", "n_dop_obs_used": null, "pe_used": "DE441"}, "object": {"neo": false, "orbit_class": {"name": "TransNeptunian Object", "code": "TNO"}, "pha": false, "spkid": "3126205", "orbit_id": "4", "fullname": "(2002 GL32)", "prefix": null, "kind": "au", "des": "2002 GL32"}, "signature": {"version": "1.3", "source": "NASA/JPL Small-Body Database (SBDB) API"}}