{"signature": {"version": "1.3", "source": "NASA/JPL Small-Body Database (SBDB) API"}, "orbit": {"source": "JPL", "t_jup": "5.073", "last_obs": "2022-08-27", "not_valid_after": null, "first_obs": "2007-09-06", "sb_used": "SB441-N16", "condition_code": "4", "n_dop_obs_used": null, "elements": [{"name": "e", "units": null, "sigma": "8.4534E-5", "label": "e", "value": ".07361380189781185", "title": "eccentricity"}, {"name": "a", "units": "au", "sigma": ".0083978", "label": "a", "value": "39.14733895027351", "title": "semi-major axis"}, {"units": "au", "sigma": ".0047828", "name": "q", "title": "perihelion distance", "value": "36.26555449596158", "label": "q"}, {"label": "i", "title": "inclination; angle with respect to x-y ecliptic plane", "value": "25.44119049472291", "name": "i", "sigma": ".00010478", "units": "deg"}, {"units": "deg", "sigma": ".00060508", "name": "om", "title": "longitude of the ascending node", "value": "232.3316749963977", "label": "node"}, {"value": "176.059319609878", "title": "argument of perihelion", "label": "peri", "units": "deg", "sigma": ".10908", "name": "w"}, {"value": "320.2575496276256", "title": "mean anomaly", "label": "M", "units": "deg", "sigma": ".10353", "name": "ma"}, {"label": "tp", "value": "2469877.019735336020", "title": "time of perihelion passage", "name": "tp", "units": "TDB", "sigma": "22.574"}, {"name": "per", "units": "d", "sigma": "28.788", "label": "period", "title": "sidereal orbital period", "value": "89464.71773649065"}, {"units": "deg/d", "sigma": "1.2948E-6", "name": "n", "value": ".004023932664274914", "title": "mean motion", "label": "n"}, {"name": "ad", "sigma": ".009016", "units": "au", "label": "Q", "title": "aphelion distance", "value": "42.02912340458543"}], "soln_date": "2022-09-21 17:45:13", "data_arc": "5469", "model_pars": [], "n_del_obs_used": null, "not_valid_before": null, "n_obs_used": 38, "comment": null, "equinox": "J2000", "two_body": null, "pe_used": "DE441", "moid_jup": "31.2687", "orbit_id": "7", "moid": "35.2749", "producer": "Otto Matic", "rms": ".36466", "epoch": "2460000.5", "covariance": {"elements": [{"title": "eccentricity", "value": ".07103384259853174", "label": "e", "sigma": 8.31640732407729e-05, "units": null, "name": "e"}, {"name": "q", "units": "au", "sigma": 0.0048313279739898, "label": "q", "value": "36.27084589050616", "title": "perihelion distance"}, {"title": "time of perihelion passage", "value": "2470007.278728347597", "label": "tp", "units": "TDB", "sigma": 23.528806083417, "name": "tp"}, {"label": "node", "title": "longitude of the ascending node", "value": "232.3301435742665", "name": "om", "sigma": 0.000604378342461845, "units": "deg"}, {"units": "deg", "sigma": 0.113478026584445, "name": "w", "title": "argument of perihelion", "value": "176.6393804810361", "label": "peri"}, {"name": "i", "units": "deg", "sigma": 0.000104955794720566, "label": "i", "value": "25.46302876466972", "title": "inclination"}], "epoch": "2455577.5", "labels": ["e", "q", "tp", "node", "peri", "i"], "data": [["6.916263077996638E-9", "3.373301948236569E-7", "-.001747316133852484", "3.501820752007748E-9", "-8.3678565224447E-6", "1.860276826833228E-9"], ["3.373301948236569E-7", "2.334172999225637E-5", "-.1129879157257737", "3.325244941867784E-7", "-.0005457194591290231", "8.932579655149926E-8"], ["-.001747316133852484", "-.1129879157257737", "553.6047157110407", "-.001536110140541202", "2.669708383730114", "-.0004636078604947913"], ["3.501820752007748E-9", "3.325244941867784E-7", "-.001536110140541202", "3.652731808369269E-7", "-7.789885560750335E-6", "-5.797139685556441E-8"], ["-8.3678565224447E-6", "-.0005457194591290231", "2.669708383730114", "-7.789885560750335E-6", ".01287726251749993", "-2.16643667230799E-6"], ["1.860276826833228E-9", "8.932579655149926E-8", "-.0004636078604947913", "-5.797139685556441E-8", "-2.16643667230799E-6", "1.101571884542554E-8"]]}}, "object": {"spkid": "3715701", "des": "2007 RY326", "pha": false, "orbit_id": "7", "fullname": "(2007 RY326)", "kind": "au", "orbit_class": {"name": "TransNeptunian Object", "code": "TNO"}, "neo": false, "prefix": null}}