{"object": {"orbit_class": {"code": "TNO", "name": "TransNeptunian Object"}, "neo": false, "pha": false, "spkid": "3755737", "fullname": "(2014 WR510)", "orbit_id": "7", "kind": "au", "des": "2014 WR510", "prefix": null}, "orbit": {"t_jup": "5.337", "condition_code": "3", "source": "JPL", "covariance": {"labels": ["e", "q", "tp", "node", "peri", "i"], "elements": [{"sigma": 3.57347075339307e-05, "name": "e", "value": ".2712015730473729", "units": null, "title": "eccentricity", "label": "e"}, {"name": "q", "sigma": 0.000321997987507613, "value": "28.90671147954181", "units": "au", "title": "perihelion distance", "label": "q"}, {"name": "tp", "sigma": 0.770495300021037, "value": "2454994.791403719807", "units": "TDB", "label": "tp", "title": "time of perihelion passage"}, {"value": "212.2361594108573", "name": "om", "sigma": 0.0006350484314418, "title": "longitude of the ascending node", "label": "node", "units": "deg"}, {"label": "peri", "title": "argument of perihelion", "units": "deg", "value": "220.3654390736675", "sigma": 0.00560537610739125, "name": "w"}, {"value": "11.08379976204058", "name": "i", "sigma": 9.4047128010218e-05, "title": "inclination", "label": "i", "units": "deg"}], "data": [["1.276969322535564E-9", "1.002820480681039E-8", "1.057343426956369E-5", "-9.196204286247555E-10", "7.604466872062449E-8", "-4.222351244695141E-11"], ["1.002820480681039E-8", "1.036827039589532E-7", ".0001901349627259283", "-1.055205684346469E-8", "1.373808901618792E-6", "-7.395776025294377E-10"], ["1.057343426956369E-5", ".0001901349627259283", ".5936630073545079", "-2.234580768249346E-5", ".004292120501490058", "-2.240123439025831E-6"], ["-9.196204286247555E-10", "-1.055205684346469E-8", "-2.234580768249346E-5", "4.032865102766901E-7", "-5.561894782359704E-7", "5.92406712589362E-8"], ["7.604466872062449E-8", "1.373808901618792E-6", ".004292120501490058", "-5.561894782359704E-7", "3.14202413053127E-5", "-7.425166176193772E-8"], ["-4.222351244695141E-11", "-7.395776025294377E-10", "-2.240123439025831E-6", "5.92406712589362E-8", "-7.425166176193772E-8", "8.844862286970337E-9"]], "epoch": "2456686.5"}, "n_obs_used": 49, "last_obs": "2021-12-01", "orbit_id": "7", "moid": "27.8821", "not_valid_before": null, "soln_date": "2021-12-14 21:43:28", "epoch": "2460000.5", "first_obs": "2010-12-05", "not_valid_after": null, "producer": "Otto Matic", "n_del_obs_used": null, "moid_jup": "23.8357", "elements": [{"value": ".2681582422503898", "name": "e", "sigma": "3.5533E-5", "title": "eccentricity", "label": "e", "units": null}, {"value": "39.43617229625903", "name": "a", "sigma": ".002312", "label": "a", "title": "semi-major axis", "units": "au"}, {"value": "28.86103765221069", "sigma": ".00032865", "name": "q", "title": "perihelion distance", "label": "q", "units": "au"}, {"units": "deg", "title": "inclination; angle with respect to x-y ecliptic plane", "label": "i", "name": "i", "sigma": "9.3961E-5", "value": "11.08284180771879"}, {"value": "212.116764992261", "name": "om", "sigma": ".00063637", "label": "node", "title": "longitude of the ascending node", "units": "deg"}, {"value": "219.6206795125658", "name": "w", "sigma": ".0056902", "label": "peri", "title": "argument of perihelion", "units": "deg"}, {"units": "deg", "label": "M", "title": "mean anomaly", "sigma": ".0042619", "name": "ma", "value": "20.37874940300028"}, {"label": "tp", "title": "time of perihelion passage", "units": "TDB", "value": "2454879.962064004762", "name": "tp", "sigma": ".78079"}, {"value": "90456.6625019144", "name": "per", "sigma": "7.9546", "label": "period", "title": "sidereal orbital period", "units": "d"}, {"sigma": "3.4998E-7", "name": "n", "value": ".003979806351935448", "units": "deg/d", "title": "mean motion", "label": "n"}, {"value": "50.01130694030736", "sigma": ".0029319", "name": "ad", "title": "aphelion distance", "label": "Q", "units": "au"}], "equinox": "J2000", "two_body": null, "comment": null, "model_pars": [], "sb_used": "SB441-N16", "rms": ".52184", "pe_used": "DE441", "n_dop_obs_used": null, "data_arc": "4014"}, "signature": {"version": "1.3", "source": "NASA/JPL Small-Body Database (SBDB) API"}}