{"orbit": {"not_valid_before": null, "n_obs_used": 30, "model_pars": [], "data_arc": "816", "n_del_obs_used": null, "pe_used": "DE441", "two_body": null, "equinox": "J2000", "moid_jup": "23.8474", "comment": null, "rms": ".19729", "producer": "Otto Matic", "orbit_id": "2", "moid": "28.2438", "covariance": {"elements": [{"value": ".2598792355931843", "title": "eccentricity", "label": "e", "units": null, "sigma": 0.000519785884678138, "name": "e"}, {"units": "au", "sigma": 0.011152129019534, "name": "q", "title": "perihelion distance", "value": "29.19069337496359", "label": "q"}, {"name": "tp", "sigma": 14.6784581928632, "units": "TDB", "label": "tp", "title": "time of perihelion passage", "value": "2451321.215101525350"}, {"sigma": 0.00398465245789607, "units": "deg", "name": "om", "value": "101.1429818766454", "title": "longitude of the ascending node", "label": "node"}, {"label": "peri", "title": "argument of perihelion", "value": "94.25350644772899", "name": "w", "units": "deg", "sigma": 0.120888779632565}, {"value": "10.46488616025974", "title": "inclination", "label": "i", "sigma": 0.000720562816222516, "units": "deg", "name": "i"}], "epoch": "2457316.5", "labels": ["e", "q", "tp", "node", "peri", "i"], "data": [["2.701773659106346E-7", "-5.636408507993795E-6", "-.00739267893586794", "3.125034405972385E-7", "-6.107858846548087E-5", "-5.659091865954303E-8"], ["-5.636408507993795E-6", ".0001243699816683318", ".1635832630452637", "-6.758112015201755E-6", ".001346975770097944", "1.240587616571386E-6"], ["-.00739267893586794", ".1635832630452637", "215.457134919632", "-.008882986697183027", "1.773317471836181", ".001630435563310885"], ["3.125034405972385E-7", "-6.758112015201755E-6", "-.008882986697183027", "1.587745521021716E-5", "-8.847534772015263E-5", "-2.867681285271488E-6"], ["-6.107858846548087E-5", ".001346975770097944", "1.773317471836181", "-8.847534772015263E-5", ".01461409704105093", "1.618548483626164E-5"], ["-5.659091865954303E-8", "1.240587616571386E-6", ".001630435563310885", "-2.867681285271488E-6", "1.618548483626164E-5", "5.19210772122523E-7"]]}, "epoch": "2460000.5", "source": "JPL", "t_jup": "5.350", "last_obs": "2017-05-21", "condition_code": "4", "n_dop_obs_used": null, "elements": [{"label": "e", "title": "eccentricity", "value": ".2526194862606387", "name": "e", "units": null, "sigma": ".00051864"}, {"title": "semi-major axis", "value": "39.10608268614544", "label": "a", "units": "au", "sigma": ".012992", "name": "a"}, {"title": "perihelion distance", "value": "29.22712416830532", "label": "q", "units": "au", "sigma": ".011239", "name": "q"}, {"title": "inclination; angle with respect to x-y ecliptic plane", "value": "10.46213280363428", "label": "i", "sigma": ".00072221", "units": "deg", "name": "i"}, {"name": "om", "sigma": ".003994", "units": "deg", "label": "node", "title": "longitude of the ascending node", "value": "101.1863093048747"}, {"sigma": ".12402", "units": "deg", "name": "w", "title": "argument of perihelion", "value": "94.14738933502674", "label": "peri"}, {"label": "M", "title": "mean anomaly", "value": "35.14798502546729", "name": "ma", "sigma": ".046805", "units": "deg"}, {"label": "tp", "title": "time of perihelion passage", "value": "2451279.569406446957", "name": "tp", "units": "TDB", "sigma": "15.179"}, {"name": "per", "sigma": "44.514", "units": "d", "label": "period", "title": "sidereal orbital period", "value": "89323.32853232618"}, {"label": "n", "title": "mean motion", "value": ".004030302116089591", "name": "n", "units": "deg/d", "sigma": "2.0085E-6"}, {"label": "Q", "value": "48.98504120398555", "title": "aphelion distance", "name": "ad", "units": "au", "sigma": ".016274"}], "soln_date": "2021-04-15 13:49:20", "sb_used": "SB441-N16", "not_valid_after": null, "first_obs": "2015-02-25"}, "object": {"fullname": "(2015 KK173)", "orbit_id": "2", "pha": false, "des": "2015 KK173", "spkid": "3830924", "prefix": null, "neo": false, "orbit_class": {"name": "TransNeptunian Object", "code": "TNO"}, "kind": "au"}, "signature": {"version": "1.3", "source": "NASA/JPL Small-Body Database (SBDB) API"}}