{"signature": {"version": "1.3", "source": "NASA/JPL Small-Body Database (SBDB) API"}, "object": {"pha": false, "spkid": "3755959", "neo": false, "orbit_class": {"code": "TNO", "name": "TransNeptunian Object"}, "prefix": null, "kind": "au", "des": "2010 LB136", "orbit_id": "16", "fullname": "(2010 LB136)"}, "orbit": {"two_body": null, "equinox": "J2000", "moid_jup": "23.8708", "n_del_obs_used": null, "elements": [{"units": null, "title": "eccentricity", "label": "e", "name": "e", "sigma": "1.4651E-5", "value": ".2654845722223106"}, {"sigma": ".0009373", "name": "a", "value": "39.49486058799612", "units": "au", "title": "semi-major axis", "label": "a"}, {"value": "29.00958441981217", "name": "q", "sigma": ".00011059", "label": "q", "title": "perihelion distance", "units": "au"}, {"name": "i", "sigma": "2.5785E-5", "value": "14.0640166673659", "units": "deg", "label": "i", "title": "inclination; angle with respect to x-y ecliptic plane"}, {"units": "deg", "title": "longitude of the ascending node", "label": "node", "sigma": "4.2295E-5", "name": "om", "value": "132.5126613446346"}, {"value": "159.6029460082678", "name": "w", "sigma": ".0010462", "label": "peri", "title": "argument of perihelion", "units": "deg"}, {"value": "6.505934350601028", "sigma": ".00056535", "name": "ma", "title": "mean anomaly", "label": "M", "units": "deg"}, {"value": "2458362.113048537311", "name": "tp", "sigma": ".14835", "label": "tp", "title": "time of perihelion passage", "units": "TDB"}, {"units": "d", "label": "period", "title": "sidereal orbital period", "name": "per", "sigma": "3.2273", "value": "90658.66188337417"}, {"name": "n", "sigma": "1.4136E-7", "value": ".00397093882174341", "units": "deg/d", "label": "n", "title": "mean motion"}, {"units": "au", "label": "Q", "title": "aphelion distance", "sigma": ".0011861", "name": "ad", "value": "49.98013675618007"}], "producer": "Otto Matic", "first_obs": "2010-06-04", "not_valid_after": null, "epoch": "2460000.5", "moid": "27.9963", "not_valid_before": null, "soln_date": "2022-10-06 23:08:24", "orbit_id": "16", "n_obs_used": 123, "last_obs": "2022-09-29", "covariance": {"elements": [{"value": ".2682682177238093", "name": "e", "sigma": 1.46964125524233e-05, "title": "eccentricity", "label": "e", "units": null}, {"value": "28.99674104606965", "name": "q", "sigma": 0.000109903822873629, "label": "q", "title": "perihelion distance", "units": "au"}, {"value": "2458215.439975880640", "name": "tp", "sigma": 0.144912972070586, "title": "time of perihelion passage", "label": "tp", "units": "TDB"}, {"value": "132.5006575627579", "sigma": 4.22416097249082e-05, "name": "om", "title": "longitude of the ascending node", "label": "node", "units": "deg"}, {"title": "argument of perihelion", "label": "peri", "units": "deg", "value": "158.5555390627451", "sigma": 0.00102311531700482, "name": "w"}, {"name": "i", "sigma": 2.57545899929929e-05, "value": "14.06761457078599", "units": "deg", "label": "i", "title": "inclination"}], "labels": ["e", "q", "tp", "node", "peri", "i"], "epoch": "2458465.5", "data": [["2.159845419110241E-10", "1.605196885854597E-9", "-5.167976376532704E-7", "1.586687537899125E-12", "-3.650313821698941E-9", "2.700693714742922E-11"], ["1.605196885854597E-9", "1.207885028223792E-8", "-4.984092509684181E-6", "1.816708267223452E-11", "-3.518559906556779E-8", "1.980267145727512E-10"], ["-5.167976376532704E-7", "-4.984092509684181E-6", ".02099976947433058", "-1.122919378108312E-7", ".0001481419040811025", "4.692242400322527E-9"], ["1.586687537899125E-12", "1.816708267223452E-11", "-1.122919378108312E-7", "1.784353592151463E-9", "-2.522355082963209E-9", "-9.199846562989659E-10"], ["-3.650313821698941E-9", "-3.518559906556779E-8", ".0001481419040811025", "-2.522355082963209E-9", "1.046764951889872E-6", "9.248315786942818E-10"], ["2.700693714742922E-11", "1.980267145727512E-10", "4.692242400322527E-9", "-9.199846562989659E-10", "9.248315786942818E-10", "6.632989057071686E-10"]]}, "source": "JPL", "condition_code": "2", "t_jup": "5.285", "data_arc": "4500", "n_dop_obs_used": null, "pe_used": "DE441", "sb_used": "SB441-N16", "rms": ".43844", "model_pars": [], "comment": null}}