{"signature": {"version": "1.3", "source": "NASA/JPL Small-Body Database (SBDB) API"}, "object": {"kind": "au", "des": "2013 RC109", "prefix": null, "fullname": "(2013 RC109)", "orbit_id": "5", "pha": false, "spkid": "3841728", "orbit_class": {"name": "TransNeptunian Object", "code": "TNO"}, "neo": false}, "orbit": {"equinox": "J2000", "two_body": null, "producer": "Otto Matic", "n_del_obs_used": null, "moid_jup": "23.9153", "elements": [{"value": ".2844041927886891", "name": "e", "sigma": ".00012992", "title": "eccentricity", "label": "e", "units": null}, {"title": "semi-major axis", "label": "a", "units": "au", "value": "39.74779691789988", "name": "a", "sigma": ".0080169"}, {"value": "28.44335682033582", "name": "q", "sigma": ".0013638", "label": "q", "title": "perihelion distance", "units": "au"}, {"units": "deg", "label": "i", "title": "inclination; angle with respect to x-y ecliptic plane", "sigma": ".00056325", "name": "i", "value": "43.41846394066039"}, {"sigma": ".00019569", "name": "om", "value": "32.78956895195031", "units": "deg", "label": "node", "title": "longitude of the ascending node"}, {"units": "deg", "label": "peri", "title": "argument of perihelion", "sigma": ".016587", "name": "w", "value": "319.4769494512869"}, {"title": "mean anomaly", "label": "M", "units": "deg", "value": "27.05723293636766", "name": "ma", "sigma": ".013195"}, {"title": "time of perihelion passage", "label": "tp", "units": "TDB", "value": "2453121.126328399923", "sigma": "2.1187", "name": "tp"}, {"label": "period", "title": "sidereal orbital period", "units": "d", "value": "91530.96059749927", "name": "per", "sigma": "27.692"}, {"label": "n", "title": "mean motion", "units": "deg/d", "value": ".003933095399086586", "name": "n", "sigma": "1.1899E-6"}, {"title": "aphelion distance", "label": "Q", "units": "au", "value": "51.05223701546394", "name": "ad", "sigma": ".010297"}], "not_valid_after": null, "first_obs": "2013-09-09", "not_valid_before": null, "soln_date": "2021-09-08 23:28:56", "moid": "27.5432", "epoch": "2460000.5", "orbit_id": "5", "last_obs": "2020-10-20", "n_obs_used": 34, "condition_code": "3", "source": "JPL", "covariance": {"elements": [{"label": "e", "title": "eccentricity", "units": null, "value": ".2783272695625308", "name": "e", "sigma": 0.000129375130208998}, {"value": "28.43470504260413", "name": "q", "sigma": 0.00137457590430921, "label": "q", "title": "perihelion distance", "units": "au"}, {"title": "time of perihelion passage", "label": "tp", "units": "TDB", "value": "2453074.645727406213", "sigma": 2.16639315531123, "name": "tp"}, {"value": "32.81679056171112", "sigma": 0.000195308924711327, "name": "om", "title": "longitude of the ascending node", "label": "node", "units": "deg"}, {"sigma": 0.0169212421902289, "name": "w", "value": "319.2193861286798", "units": "deg", "label": "peri", "title": "argument of perihelion"}, {"value": "43.52716281500746", "name": "i", "sigma": 0.000564989119407086, "title": "inclination", "label": "i", "units": "deg"}], "labels": ["e", "q", "tp", "node", "peri", "i"], "epoch": "2456890.5", "data": [["1.673792431659507E-8", "5.456426515805431E-8", "1.680672296972271E-5", "2.114779289611605E-9", "3.852616671407362E-8", "-7.884292612769445E-9"], ["5.456426515805431E-8", "1.889458916707477E-6", ".002850432305151113", "1.632185993998743E-8", "2.204939773428816E-5", "-6.698594781001163E-8"], ["1.680672296972271E-5", ".002850432305151113", "4.693259303379326", "1.658086367457558E-5", ".0366189501159449", "-7.181956720051832E-5"], ["2.114779289611605E-9", "1.632185993998743E-8", "1.658086367457558E-5", "3.814557607189465E-8", "9.161619513020618E-8", "-1.083732908379551E-7"], ["3.852616671407362E-8", "2.204939773428816E-5", ".0366189501159449", "9.161619513020618E-8", ".000286328437260382", "-4.445822571797651E-7"], ["-7.884292612769445E-9", "-6.698594781001163E-8", "-7.181956720051832E-5", "-1.083732908379551E-7", "-4.445822571797651E-7", "3.192127050483949E-7"]]}, "t_jup": "3.980", "data_arc": "2598", "pe_used": "DE441", "n_dop_obs_used": null, "rms": ".17251", "sb_used": "SB441-N16", "model_pars": [], "comment": null}}