{"signature": {"source": "NASA/JPL Small-Body Database (SBDB) API", "version": "1.3"}, "object": {"neo": false, "prefix": null, "kind": "au", "orbit_class": {"name": "TransNeptunian Object", "code": "TNO"}, "des": "2015 VT165", "fullname": "(2015 VT165)", "orbit_id": "2", "pha": false, "spkid": "3830976"}, "orbit": {"comment": null, "moid_jup": "23.4628", "two_body": null, "equinox": "J2000", "pe_used": "DE441", "data_arc": "771", "model_pars": [], "n_del_obs_used": null, "n_obs_used": 14, "not_valid_before": null, "epoch": "2460000.5", "covariance": {"labels": ["e", "q", "tp", "node", "peri", "i"], "data": [["4.276280620912975E-7", "-9.665455065978694E-6", "-.01783372065055364", "-1.567276921005121E-7", "-.0001423390358867079", "-1.22572979306766E-7"], ["-9.665455065978694E-6", ".0002359240956101299", ".4318881903098026", "3.81978217038483E-6", ".003443327620505387", "2.947057071839257E-6"], ["-.01783372065055364", ".4318881903098026", "791.7071747709825", ".00699182505492912", "6.312265661082986", ".005403531670942176"], ["-1.567276921005121E-7", "3.81978217038483E-6", ".00699182505492912", "1.846682067905092E-6", "5.401206305238267E-5", "1.516236145095627E-6"], ["-.0001423390358867079", ".003443327620505387", "6.312265661082986", "5.401206305238267E-5", ".05033053799084914", "4.1661980432809E-5"], ["-1.22572979306766E-7", "2.947057071839257E-6", ".005403531670942176", "1.516236145095627E-6", "4.1661980432809E-5", "1.262860224601979E-6"]], "epoch": "2457443.5", "elements": [{"label": "e", "title": "eccentricity", "value": ".2758660985636793", "name": "e", "units": null, "sigma": 0.00065393276572695}, {"title": "perihelion distance", "value": "28.40745954808925", "label": "q", "sigma": 0.0153598208195971, "units": "au", "name": "q"}, {"title": "time of perihelion passage", "value": "2453240.939315168028", "label": "tp", "units": "TDB", "sigma": 28.1372915322528, "name": "tp"}, {"units": "deg", "sigma": 0.00135892680741278, "name": "om", "value": "214.6656761740518", "title": "longitude of the ascending node", "label": "node"}, {"label": "peri", "title": "argument of perihelion", "value": "165.4647453565431", "name": "w", "units": "deg", "sigma": 0.224344685675523}, {"name": "i", "units": "deg", "sigma": 0.00112377053912353, "label": "i", "title": "inclination", "value": "13.57956966875422"}]}, "moid": "27.4007", "orbit_id": "2", "rms": ".22006", "producer": "Otto Matic", "t_jup": "5.278", "source": "JPL", "first_obs": "2015-08-11", "not_valid_after": null, "sb_used": "SB441-N16", "soln_date": "2021-04-15 15:18:27", "elements": [{"sigma": ".00065362", "units": null, "name": "e", "title": "eccentricity", "value": ".2835805072338189", "label": "e"}, {"label": "a", "value": "39.63839173944145", "title": "semi-major axis", "name": "a", "units": "au", "sigma": ".01678"}, {"title": "perihelion distance", "value": "28.39771650403783", "label": "q", "units": "au", "sigma": ".015212", "name": "q"}, {"title": "inclination; angle with respect to x-y ecliptic plane", "value": "13.53352426002106", "label": "i", "units": "deg", "sigma": ".001122", "name": "i"}, {"name": "om", "sigma": ".0013674", "units": "deg", "label": "node", "value": "214.5548353615243", "title": "longitude of the ascending node"}, {"value": "165.7429653121426", "title": "argument of perihelion", "label": "peri", "units": "deg", "sigma": ".21913", "name": "w"}, {"name": "ma", "sigma": ".094694", "units": "deg", "label": "M", "title": "mean anomaly", "value": "26.52086873275193"}, {"label": "tp", "title": "time of perihelion passage", "value": "2453285.319199335189", "name": "tp", "sigma": "27.368", "units": "TDB"}, {"sigma": "57.88", "units": "d", "name": "per", "title": "sidereal orbital period", "value": "91153.31449357407", "label": "period"}, {"units": "deg/d", "sigma": "2.5078E-6", "name": "n", "title": "mean motion", "value": ".003949390123662245", "label": "n"}, {"name": "ad", "sigma": ".021538", "units": "au", "label": "Q", "value": "50.87906697484507", "title": "aphelion distance"}], "n_dop_obs_used": null, "condition_code": "5", "last_obs": "2017-09-20"}}