{"signature": {"version": "1.3", "source": "NASA/JPL Small-Body Database (SBDB) API"}, "object": {"des": "2013 VQ71", "orbit_id": "1", "pha": false, "fullname": "(2013 VQ71)", "spkid": "54197629", "prefix": null, "neo": false, "orbit_class": {"name": "TransNeptunian Object", "code": "TNO"}, "kind": "au"}, "orbit": {"last_obs": "2016-10-29", "n_dop_obs_used": null, "condition_code": "4", "elements": [{"units": null, "sigma": ".001033", "name": "e", "value": ".07112735548954008", "title": "eccentricity", "label": "e"}, {"title": "semi-major axis", "value": "39.75441471870914", "label": "a", "units": "au", "sigma": ".010209", "name": "a"}, {"label": "q", "title": "perihelion distance", "value": "36.92678833073291", "name": "q", "sigma": ".039086", "units": "au"}, {"title": "inclination; angle with respect to x-y ecliptic plane", "value": "9.318537239660886", "label": "i", "units": "deg", "sigma": "5.7314E-5", "name": "i"}, {"sigma": ".01002", "units": "deg", "name": "om", "value": "121.2728827374971", "title": "longitude of the ascending node", "label": "node"}, {"label": "peri", "value": "172.4795103258883", "title": "argument of perihelion", "name": "w", "units": "deg", "sigma": ".17751"}, {"title": "mean anomaly", "value": "102.4372106947199", "label": "M", "sigma": ".26739", "units": "deg", "name": "ma"}, {"label": "tp", "title": "time of perihelion passage", "value": "2433949.061055743088", "name": "tp", "sigma": "60.133", "units": "TDB"}, {"name": "per", "units": "d", "sigma": "35.267", "label": "period", "title": "sidereal orbital period", "value": "91553.82069004253"}, {"title": "mean motion", "value": ".00393211334367779", "label": "n", "units": "deg/d", "sigma": "1.5147E-6", "name": "n"}, {"name": "ad", "units": "au", "sigma": ".010935", "label": "Q", "value": "42.58204110668537", "title": "aphelion distance"}], "soln_date": "2021-09-15 12:12:05", "sb_used": "SB441-N16", "not_valid_after": null, "first_obs": "2013-11-08", "source": "JPL", "t_jup": "5.572", "producer": "Otto Matic", "rms": ".21974", "orbit_id": "1", "moid": "35.91", "covariance": {"labels": ["e", "q", "tp", "node", "peri", "i"], "data": [["1.018575240491389E-6", "-3.759316368091687E-5", ".07543184724422072", "1.484701958270577E-6", ".000187782448535513", "-9.718537714661309E-9"], ["-3.759316368091687E-5", ".001466443855125665", "-2.508464933950418", "-5.556136368739925E-5", "-.005560428696956903", "4.521422390328967E-7"], [".07543184724422072", "-2.508464933950418", "6556.323664265803", ".107401651698959", "18.72074187822667", "-.0004012873533511396"], ["1.484701958270577E-6", "-5.556136368739925E-5", ".107401651698959", ".0001012337241869564", ".000163151377881435", "-3.661745752412081E-7"], [".000187782448535513", "-.005560428696956903", "18.72074187822667", ".000163151377881435", ".05861758111788213", "1.467067016567063E-7"], ["-9.718537714661309E-9", "4.521422390328967E-7", "-.0004012873533511396", "-3.661745752412081E-7", "1.467067016567063E-7", "3.00341241870801E-9"]], "epoch": "2457042.5", "elements": [{"title": "eccentricity", "value": ".07014627104144401", "label": "e", "sigma": 0.00100924488628449, "units": null, "name": "e"}, {"units": "au", "sigma": 0.0382941752114557, "name": "q", "title": "perihelion distance", "value": "36.67098829431575", "label": "q"}, {"sigma": 80.9711285846122, "units": "TDB", "name": "tp", "value": "2432503.427212408518", "title": "time of perihelion passage", "label": "tp"}, {"name": "om", "sigma": 0.0100614971145927, "units": "deg", "label": "node", "value": "121.455600645882", "title": "longitude of the ascending node"}, {"value": "165.7556438119574", "title": "argument of perihelion", "label": "peri", "sigma": 0.242110679479205, "units": "deg", "name": "w"}, {"sigma": 5.48033978755698e-05, "units": "deg", "name": "i", "value": "9.317565436616766", "title": "inclination", "label": "i"}]}, "epoch": "2460000.5", "not_valid_before": null, "n_obs_used": 12, "n_del_obs_used": null, "model_pars": [], "data_arc": "1086", "two_body": null, "equinox": "J2000", "pe_used": "DE441", "moid_jup": "31.7614", "comment": null}}