{"object": {"spkid": "54196802", "orbit_id": "1", "pha": false, "fullname": "(2013 SS112)", "des": "2013 SS112", "kind": "au", "orbit_class": {"code": "TNO", "name": "TransNeptunian Object"}, "neo": false, "prefix": null}, "orbit": {"data_arc": "1813", "n_del_obs_used": null, "model_pars": [], "n_obs_used": 11, "not_valid_before": null, "comment": null, "moid_jup": "32.3692", "two_body": null, "pe_used": "DE441", "equinox": "J2000", "moid": "36.3321", "orbit_id": "1", "rms": ".27568", "producer": "Otto Matic", "epoch": "2460000.5", "covariance": {"elements": [{"name": "e", "units": null, "sigma": 0.000454430126475914, "label": "e", "value": ".07376078861810277", "title": "eccentricity"}, {"sigma": 0.020652533055781, "units": "au", "name": "q", "title": "perihelion distance", "value": "36.94401213616832", "label": "q"}, {"units": "TDB", "sigma": 62.550404213663, "name": "tp", "value": "2479096.477792698668", "title": "time of perihelion passage", "label": "tp"}, {"units": "deg", "sigma": 0.00092816988682961, "name": "om", "title": "longitude of the ascending node", "value": "185.4243009440751", "label": "node"}, {"units": "deg", "sigma": 0.287769840135527, "name": "w", "title": "argument of perihelion", "value": "257.4858113306919", "label": "peri"}, {"name": "i", "sigma": 0.000800473165883744, "units": "deg", "label": "i", "title": "inclination", "value": "14.7732276849511"}], "epoch": "2457273.5", "data": [["2.065067398489152E-7", "-5.230488577245721E-6", "-.01359409341671799", "1.901374184148313E-8", "-3.987892034469202E-5", "-2.181599228530596E-8"], ["-5.230488577245721E-6", ".000426527121620127", "-.5973782698226241", "1.216414551020861E-6", "-.003688593381962911", "-1.406897398416428E-6"], ["-.01359409341671799", "-.5973782698226241", "3912.553067292624", "-.006681285794646849", "17.680057350447", ".007701796249583628"], ["1.901374184148313E-8", "1.216414551020861E-6", "-.006681285794646849", "8.614993388172904E-7", "-3.159420815471998E-5", "-7.302130296874019E-7"], ["-3.987892034469202E-5", "-.003688593381962911", "17.680057350447", "-3.159420815471998E-5", ".08281148089162663", "3.617959927520012E-5"], ["-2.181599228530596E-8", "-1.406897398416428E-6", ".007701796249583628", "-7.302130296874019E-7", "3.617959927520012E-5", "6.407572892999441E-7"]], "labels": ["e", "q", "tp", "node", "peri", "i"]}, "t_jup": "5.501", "source": "JPL", "last_obs": "2018-09-17", "first_obs": "2013-09-30", "not_valid_after": null, "sb_used": "SB441-N16", "soln_date": "2021-09-14 12:42:06", "n_dop_obs_used": null, "elements": [{"value": ".07610039148529116", "title": "eccentricity", "label": "e", "sigma": ".00047161", "units": null, "name": "e"}, {"name": "a", "units": "au", "sigma": ".020383", "label": "a", "title": "semi-major axis", "value": "40.36109338982961"}, {"name": "q", "units": "au", "sigma": ".019642", "label": "q", "value": "37.28959838208918", "title": "perihelion distance"}, {"units": "deg", "sigma": ".00079469", "name": "i", "title": "inclination; angle with respect to x-y ecliptic plane", "value": "14.69789622443755", "label": "i"}, {"title": "longitude of the ascending node", "value": "185.4740765954174", "label": "node", "units": "deg", "sigma": ".00093138", "name": "om"}, {"value": "249.0578340993387", "title": "argument of perihelion", "label": "peri", "units": "deg", "sigma": ".26703", "name": "w"}, {"title": "mean anomaly", "value": "293.6391250224065", "label": "M", "units": "deg", "sigma": ".27091", "name": "ma"}, {"name": "tp", "units": "TDB", "sigma": "57.431", "label": "tp", "title": "time of perihelion passage", "value": "2477264.936745284554"}, {"sigma": "70.949", "units": "d", "name": "per", "value": "93657.5539487835", "title": "sidereal orbital period", "label": "period"}, {"units": "deg/d", "sigma": "2.9118E-6", "name": "n", "value": ".003843790327866831", "title": "mean motion", "label": "n"}, {"sigma": ".021935", "units": "au", "name": "ad", "value": "43.43258839757004", "title": "aphelion distance", "label": "Q"}], "condition_code": "4"}, "signature": {"version": "1.3", "source": "NASA/JPL Small-Body Database (SBDB) API"}}