{"object": {"pha": false, "orbit_id": "7", "fullname": "(1998 WV31)", "des": "1998 WV31", "spkid": "3024242", "prefix": null, "neo": false, "orbit_class": {"code": "TNO", "name": "TransNeptunian Object"}, "kind": "au"}, "orbit": {"pe_used": "DE441", "two_body": null, "equinox": "J2000", "moid_jup": "23.6744", "comment": null, "not_valid_before": null, "n_obs_used": 28, "data_arc": "6971", "n_del_obs_used": null, "model_pars": [], "covariance": {"elements": [{"title": "eccentricity", "value": ".2691095799281644", "label": "e", "sigma": 0.000203840263951781, "units": null, "name": "e"}, {"value": "28.57053391641827", "title": "perihelion distance", "label": "q", "sigma": 0.0114121728176061, "units": "au", "name": "q"}, {"value": "2440823.602069366041", "title": "time of perihelion passage", "label": "tp", "units": "TDB", "sigma": 10.2499820188198, "name": "tp"}, {"label": "node", "title": "longitude of the ascending node", "value": "58.53082948231337", "name": "om", "sigma": 0.000715576545445795, "units": "deg"}, {"units": "deg", "sigma": 0.0889046754952632, "name": "w", "value": "273.3028336969492", "title": "argument of perihelion", "label": "peri"}, {"units": "deg", "sigma": 0.000340388878136936, "name": "i", "title": "inclination", "value": "5.733696822348929", "label": "i"}], "epoch": "2453650.5", "labels": ["e", "q", "tp", "node", "peri", "i"], "data": [["4.155085320793169E-8", "2.263311891660459E-6", ".002070665252263756", "2.70953932360506E-9", "1.784932200747646E-5", "2.849697427544632E-9"], ["2.263311891660459E-6", ".0001302376884189072", ".1163802992721039", "1.610724801861142E-7", ".001012725546046125", "1.579973134148291E-7"], [".002070665252263756", ".1163802992721039", "105.0621313861296", ".0001419139514386381", ".9104889141810886", ".0001434148416050409"], ["2.70953932360506E-9", "1.610724801861142E-7", ".0001419139514386381", "5.120497923921379E-7", "7.327504305660766E-7", "-1.27291000461091E-7"], ["1.784932200747646E-5", ".001012725546046125", ".9104889141810886", "7.327504305660766E-7", ".007904041324918055", "1.366994821901614E-6"], ["2.849697427544632E-9", "1.579973134148291E-7", ".0001434148416050409", "-1.27291000461091E-7", "1.366994821901614E-6", "1.158645883593219E-7"]]}, "epoch": "2460000.5", "producer": "Otto Matic", "rms": ".18222", "orbit_id": "7", "moid": "27.6599", "source": "JPL", "t_jup": "5.403", "n_dop_obs_used": null, "elements": [{"label": "e", "title": "eccentricity", "value": ".2732342624088311", "name": "e", "units": null, "sigma": ".0002158"}, {"name": "a", "units": "au", "sigma": ".026918", "label": "a", "title": "semi-major axis", "value": "39.44357000724006"}, {"label": "q", "title": "perihelion distance", "value": "28.66623524954073", "name": "q", "units": "au", "sigma": ".011174"}, {"label": "i", "value": "5.710604636819026", "title": "inclination; angle with respect to x-y ecliptic plane", "name": "i", "sigma": ".00033908", "units": "deg"}, {"name": "om", "sigma": ".00071907", "units": "deg", "label": "node", "value": "58.47996120522846", "title": "longitude of the ascending node"}, {"title": "argument of perihelion", "value": "274.7740396402242", "label": "peri", "units": "deg", "sigma": ".086917", "name": "w"}, {"title": "mean anomaly", "value": "75.35268749983652", "label": "M", "sigma": ".11742", "units": "deg", "name": "ma"}, {"sigma": "10.126", "units": "TDB", "name": "tp", "value": "2441061.414878970150", "title": "time of perihelion passage", "label": "tp"}, {"label": "period", "title": "sidereal orbital period", "value": "90482.11642863486", "name": "per", "sigma": "92.624", "units": "d"}, {"label": "n", "title": "mean motion", "value": ".003978686774904735", "name": "n", "sigma": "4.0729E-6", "units": "deg/d"}, {"units": "au", "sigma": ".034273", "name": "ad", "value": "50.22090476493938", "title": "aphelion distance", "label": "Q"}], "condition_code": "4", "soln_date": "2021-04-14 20:49:19", "sb_used": "SB441-N16", "not_valid_after": null, "first_obs": "1998-11-19", "last_obs": "2017-12-20"}, "signature": {"version": "1.3", "source": "NASA/JPL Small-Body Database (SBDB) API"}}