{"object": {"des": "2003 YK179", "orbit_id": "6", "pha": false, "fullname": "(2003 YK179)", "spkid": "3330215", "neo": false, "prefix": null, "kind": "au", "orbit_class": {"name": "TransNeptunian Object", "code": "TNO"}}, "orbit": {"epoch": "2460000.5", "covariance": {"epoch": "2455063.5", "elements": [{"value": ".1418959782944156", "title": "eccentricity", "label": "e", "sigma": 0.000460428007714492, "units": null, "name": "e"}, {"label": "q", "title": "perihelion distance", "value": "35.69435772790518", "name": "q", "units": "au", "sigma": 0.0361701291990765}, {"sigma": 29.1413828814915, "units": "TDB", "name": "tp", "title": "time of perihelion passage", "value": "2478249.998825584400", "label": "tp"}, {"label": "node", "title": "longitude of the ascending node", "value": "250.1621821306493", "name": "om", "sigma": 0.000265123627754447, "units": "deg"}, {"units": "deg", "sigma": 0.197245470417671, "name": "w", "title": "argument of perihelion", "value": "286.7002474651437", "label": "peri"}, {"title": "inclination", "value": "19.63002596238244", "label": "i", "sigma": 0.000893109128717009, "units": "deg", "name": "i"}], "data": [["2.119939502879362E-7", "-1.364501900417443E-5", "-4.069551052895197E-5", "-9.513315268087852E-9", "4.05248259363176E-5", "4.593032432947036E-8"], ["-1.364501900417443E-5", ".00130827824627789", "-.6014203667353741", "1.30383363531898E-6", "-.006268297266535388", "-4.501011092412421E-6"], ["-4.069551052895197E-5", "-.6014203667353741", "849.2201962456872", "-.0009680619878831022", "5.135826387766483", ".002157351532920631"], ["-9.513315268087852E-9", "1.30383363531898E-6", "-.0009680619878831022", "7.029053799367875E-8", "-7.763642090723984E-6", "9.810225973685949E-8"], ["4.05248259363176E-5", "-.006268297266535388", "5.135826387766483", "-7.763642090723984E-6", ".03890577560028851", "2.181756322468401E-5"], ["4.593032432947036E-8", "-4.501011092412421E-6", ".002157351532920631", "9.810225973685949E-8", "2.181756322468401E-5", "7.976439157976545E-7"]], "labels": ["e", "q", "tp", "node", "peri", "i"]}, "orbit_id": "6", "moid": "34.8725", "rms": ".26075", "producer": "Otto Matic", "comment": null, "equinox": "J2000", "two_body": null, "pe_used": "DE441", "moid_jup": "30.7415", "data_arc": "3330", "model_pars": [], "n_del_obs_used": null, "not_valid_before": null, "n_obs_used": 19, "sb_used": "SB441-N16", "not_valid_after": null, "first_obs": "2003-10-03", "n_dop_obs_used": null, "elements": [{"label": "e", "title": "eccentricity", "value": ".1411805275824341", "name": "e", "units": null, "sigma": ".00045612"}, {"name": "a", "units": "au", "sigma": ".027284", "label": "a", "title": "semi-major axis", "value": "41.70008513385098"}, {"name": "q", "sigma": ".036006", "units": "au", "label": "q", "title": "perihelion distance", "value": "35.81284511442148"}, {"label": "i", "value": "19.58502635664157", "title": "inclination; angle with respect to x-y ecliptic plane", "name": "i", "sigma": ".00089096", "units": "deg"}, {"units": "deg", "sigma": ".00026693", "name": "om", "value": "250.1144226417167", "title": "longitude of the ascending node", "label": "node"}, {"value": "285.3760446778094", "title": "argument of perihelion", "label": "peri", "sigma": ".20078", "units": "deg", "name": "w"}, {"name": "ma", "sigma": ".17025", "units": "deg", "label": "M", "value": "294.1769885116985", "title": "mean anomaly"}, {"sigma": "29.848", "units": "TDB", "name": "tp", "value": "2477984.201546009048", "title": "time of perihelion passage", "label": "tp"}, {"title": "sidereal orbital period", "value": "98356.67512286158", "label": "period", "units": "d", "sigma": "96.53", "name": "per"}, {"title": "mean motion", "value": ".003660148124672865", "label": "n", "sigma": "3.5922E-6", "units": "deg/d", "name": "n"}, {"label": "Q", "title": "aphelion distance", "value": "47.58732515328048", "name": "ad", "sigma": ".031136", "units": "au"}], "condition_code": "4", "soln_date": "2021-04-14 22:06:01", "last_obs": "2012-11-14", "source": "JPL", "t_jup": "5.406"}, "signature": {"version": "1.3", "source": "NASA/JPL Small-Body Database (SBDB) API"}}