{"signature": {"version": "1.3", "source": "NASA/JPL Small-Body Database (SBDB) API"}, "object": {"neo": false, "orbit_class": {"code": "TNO", "name": "TransNeptunian Object"}, "pha": false, "spkid": "3696016", "orbit_id": "6", "fullname": "(2011 UR410)", "prefix": null, "kind": "au", "des": "2011 UR410"}, "orbit": {"covariance": {"data": [["8.833213453374832E-9", "5.937562947956478E-8", "-5.48574180414456E-5", "1.311834660388285E-10", "-3.78319262772264E-7", "2.016994774751243E-9"], ["5.937562947956478E-8", "1.283055180035571E-6", "-.001796599471784358", "1.610849525949743E-9", "-1.34538046470887E-5", "1.785111108169916E-8"], ["-5.48574180414456E-5", "-.001796599471784358", "2.691698093549754", "-1.967496850642659E-6", ".02025719506181093", "-1.889967271353934E-5"], ["1.311834660388285E-10", "1.610849525949743E-9", "-1.967496850642659E-6", "2.682773775377767E-8", "-4.007074934102755E-8", "4.467713817981299E-8"], ["-3.78319262772264E-7", "-1.34538046470887E-5", ".02025719506181093", "-4.007074934102755E-8", ".0001527038289341403", "-1.78433742558309E-7"], ["2.016994774751243E-9", "1.785111108169916E-8", "-1.889967271353934E-5", "4.467713817981299E-8", "-1.78433742558309E-7", "1.17604518574399E-7"]], "epoch": "2456245.5", "labels": ["e", "q", "tp", "node", "peri", "i"], "elements": [{"units": null, "label": "e", "title": "eccentricity", "name": "e", "sigma": 9.39851767747172e-05, "value": ".2731924939443535"}, {"sigma": 0.00113272025674284, "name": "q", "value": "28.84687990565764", "units": "au", "title": "perihelion distance", "label": "q"}, {"label": "tp", "title": "time of perihelion passage", "units": "TDB", "value": "2462533.350490699485", "name": "tp", "sigma": 1.6406395379698}, {"sigma": 0.000163791751177456, "name": "om", "value": "27.04440630673099", "units": "deg", "title": "longitude of the ascending node", "label": "node"}, {"label": "peri", "title": "argument of perihelion", "units": "deg", "value": "49.86804465417601", "name": "w", "sigma": 0.0123573390717476}, {"label": "i", "title": "inclination", "units": "deg", "value": "17.29949295825173", "name": "i", "sigma": 0.000342935152141624}]}, "condition_code": "3", "source": "JPL", "t_jup": "5.206", "orbit_id": "6", "n_obs_used": 24, "last_obs": "2022-10-29", "first_obs": "2011-08-29", "not_valid_after": null, "epoch": "2460000.5", "moid": "27.9006", "not_valid_before": null, "soln_date": "2022-11-05 00:25:20", "equinox": "J2000", "two_body": null, "moid_jup": "23.9536", "n_del_obs_used": null, "elements": [{"title": "eccentricity", "label": "e", "units": null, "value": ".2731648660030985", "sigma": "9.403E-5", "name": "e"}, {"name": "a", "sigma": ".0061438", "value": "39.70671195033007", "units": "au", "title": "semi-major axis", "label": "a"}, {"title": "perihelion distance", "label": "q", "units": "au", "value": "28.86023330099453", "sigma": ".0011283", "name": "q"}, {"value": "17.28478108584016", "name": "i", "sigma": ".00034279", "label": "i", "title": "inclination; angle with respect to x-y ecliptic plane", "units": "deg"}, {"units": "deg", "title": "longitude of the ascending node", "label": "node", "name": "om", "sigma": ".00016404", "value": "26.97056202549761"}, {"title": "argument of perihelion", "label": "peri", "units": "deg", "value": "49.6485625062683", "name": "w", "sigma": ".012354"}, {"title": "mean anomaly", "label": "M", "units": "deg", "value": "350.1468358018122", "sigma": ".0079399", "name": "ma"}, {"sigma": "1.6426", "name": "tp", "value": "2462501.810085575543", "units": "TDB", "title": "time of perihelion passage", "label": "tp"}, {"title": "sidereal orbital period", "label": "period", "units": "d", "value": "91389.08199386457", "name": "per", "sigma": "21.211"}, {"value": ".003939201402900279", "name": "n", "sigma": "9.1427E-7", "title": "mean motion", "label": "n", "units": "deg/d"}, {"units": "au", "label": "Q", "title": "aphelion distance", "name": "ad", "sigma": ".0078221", "value": "50.55319059966562"}], "producer": "Otto Matic", "comment": null, "sb_used": "SB441-N16", "rms": ".21292", "model_pars": [], "data_arc": "4079", "n_dop_obs_used": null, "pe_used": "DE441"}}