{"signature": {"version": "1.3", "source": "NASA/JPL Small-Body Database (SBDB) API"}, "orbit": {"data_arc": "9614", "n_dop_obs_used": null, "pe_used": "DE441", "comment": null, "sb_used": "SB441-N16", "rms": ".68838", "model_pars": [], "not_valid_after": null, "first_obs": "1993-09-23", "epoch": "2460000.5", "soln_date": "2021-04-13 01:09:00", "not_valid_before": null, "moid": "31.3446", "equinox": "J2000", "two_body": null, "elements": [{"units": null, "label": "e", "title": "eccentricity", "sigma": "1.3704E-5", "name": "e", "value": ".187563385353858"}, {"name": "a", "sigma": ".001545", "value": "39.82825639883337", "units": "au", "label": "a", "title": "semi-major axis"}, {"title": "perihelion distance", "label": "q", "units": "au", "value": "32.35793379592673", "sigma": ".00072459", "name": "q"}, {"name": "i", "sigma": "3.3616E-5", "value": "5.14647845632429", "units": "deg", "label": "i", "title": "inclination; angle with respect to x-y ecliptic plane"}, {"value": "354.5018885321526", "name": "om", "sigma": ".00032393", "label": "node", "title": "longitude of the ascending node", "units": "deg"}, {"label": "peri", "title": "argument of perihelion", "units": "deg", "value": "319.2204797764668", "name": "w", "sigma": ".0073894"}, {"units": "deg", "title": "mean anomaly", "label": "M", "name": "ma", "sigma": ".0087838", "value": "73.36063206468"}, {"label": "tp", "title": "time of perihelion passage", "units": "TDB", "value": "2441291.700013366783", "sigma": "1.1521", "name": "tp"}, {"units": "d", "label": "period", "title": "sidereal orbital period", "name": "per", "sigma": "5.3422", "value": "91809.02352708398"}, {"value": ".003921183192780596", "name": "n", "sigma": "2.2817E-7", "title": "mean motion", "label": "n", "units": "deg/d"}, {"title": "aphelion distance", "label": "Q", "units": "au", "value": "47.29857900174002", "name": "ad", "sigma": ".0018348"}], "n_del_obs_used": null, "moid_jup": "27.2861", "producer": "Otto Matic", "covariance": {"data": [["1.691494712670882E-10", "9.155372078639969E-9", "1.493965249227093E-5", "2.551975808806511E-11", "9.56631338855168E-8", "1.641900834677034E-11"], ["9.155372078639969E-9", "5.512183980236564E-7", ".0008719538817499796", "1.198233111570305E-9", "5.631362292343068E-6", "9.066249585629007E-10"], ["1.493965249227093E-5", ".0008719538817499796", "1.392343426697134", "2.043517955968013E-6", ".00896854596440104", "1.469020903717594E-6"], ["2.551975808806511E-11", "1.198233111570305E-9", "2.043517955968013E-6", "1.040745853481904E-7", "-9.071568037813657E-8", "1.036030516389816E-8"], ["9.56631338855168E-8", "5.631362292343068E-6", ".00896854596440104", "-9.071568037813657E-8", "5.791528513850555E-5", "-8.906796123465644E-10"], ["1.641900834677034E-11", "9.066249585629007E-10", "1.469020903717594E-6", "1.036030516389816E-8", "-8.906796123465644E-10", "1.141197311966623E-9"]], "epoch": "2456742.5", "labels": ["e", "q", "tp", "node", "peri", "i"], "elements": [{"title": "eccentricity", "label": "e", "units": null, "value": ".1839792275948846", "sigma": 1.3005747624304e-05, "name": "e"}, {"name": "q", "sigma": 0.000742440838062978, "value": "32.29071369101059", "units": "au", "title": "perihelion distance", "label": "q"}, {"title": "time of perihelion passage", "label": "tp", "units": "TDB", "value": "2441002.377523943442", "sigma": 1.179976028018, "name": "tp"}, {"sigma": 0.000322605928879477, "name": "om", "value": "354.7200835350276", "units": "deg", "label": "node", "title": "longitude of the ascending node"}, {"value": "317.5535370977225", "sigma": 0.00761020927034898, "name": "w", "title": "argument of perihelion", "label": "peri", "units": "deg"}, {"name": "i", "sigma": 3.37816120391941e-05, "value": "5.163893001350135", "units": "deg", "label": "i", "title": "inclination"}]}, "condition_code": "2", "source": "JPL", "t_jup": "5.544", "orbit_id": "11", "last_obs": "2020-01-19", "n_obs_used": 146}, "object": {"neo": false, "orbit_class": {"code": "TNO", "name": "TransNeptunian Object"}, "spkid": "20015789", "pha": false, "orbit_id": "11", "fullname": "15789 (1993 SC)", "prefix": null, "des": "15789", "kind": "an"}}