{"signature": {"version": "1.3", "source": "NASA/JPL Small-Body Database (SBDB) API"}, "object": {"kind": "au", "orbit_class": {"code": "TNO", "name": "TransNeptunian Object"}, "neo": false, "prefix": null, "spkid": "3141513", "pha": false, "orbit_id": "6", "fullname": "(2002 TH301)", "des": "2002 TH301"}, "orbit": {"t_jup": "5.643", "source": "JPL", "last_obs": "2017-12-16", "not_valid_after": null, "first_obs": "2002-10-06", "sb_used": "SB441-N16", "soln_date": "2021-04-14 21:35:05", "n_dop_obs_used": null, "elements": [{"title": "eccentricity", "value": ".04021737363049199", "label": "e", "sigma": "6.9777E-5", "units": null, "name": "e"}, {"name": "a", "sigma": ".0046671", "units": "au", "label": "a", "value": "39.61087421258227", "title": "semi-major axis"}, {"label": "q", "title": "perihelion distance", "value": "38.01782888454444", "name": "q", "units": "au", "sigma": ".0042702"}, {"name": "i", "units": "deg", "sigma": ".00029437", "label": "i", "title": "inclination; angle with respect to x-y ecliptic plane", "value": "1.540275318494232"}, {"sigma": ".010577", "units": "deg", "name": "om", "title": "longitude of the ascending node", "value": "93.47025539280199", "label": "node"}, {"value": "240.5077459705477", "title": "argument of perihelion", "label": "peri", "sigma": ".12915", "units": "deg", "name": "w"}, {"title": "mean anomaly", "value": "81.81171284305383", "label": "M", "sigma": ".12811", "units": "deg", "name": "ma"}, {"title": "time of perihelion passage", "value": "2439307.042829301245", "label": "tp", "sigma": "28.922", "units": "TDB", "name": "tp"}, {"name": "per", "sigma": "16.093", "units": "d", "label": "period", "title": "sidereal orbital period", "value": "91058.41110725576"}, {"sigma": "6.9872E-7", "units": "deg/d", "name": "n", "value": ".003953506278249943", "title": "mean motion", "label": "n"}, {"label": "Q", "title": "aphelion distance", "value": "41.20391954062012", "name": "ad", "sigma": ".0048548", "units": "au"}], "condition_code": "3", "model_pars": [], "data_arc": "5550", "n_del_obs_used": null, "n_obs_used": 99, "not_valid_before": null, "comment": null, "moid_jup": "32.9998", "equinox": "J2000", "two_body": null, "pe_used": "DE441", "moid": "37.0067", "orbit_id": "6", "producer": "Otto Matic", "rms": ".20212", "epoch": "2460000.5", "covariance": {"labels": ["e", "q", "tp", "node", "peri", "i"], "data": [["4.837213310647082E-9", "-1.363818590712397E-7", "-3.48242756173978E-5", "2.409948438315623E-9", "-5.221801565638764E-7", "-4.372302230358604E-11"], ["-1.363818590712397E-7", "2.285756366192228E-5", ".1419449991390052", "-4.124445024678254E-7", ".000644141806091672", "1.394222378861283E-8"], ["-3.48242756173978E-5", ".1419449991390052", "1047.565222702401", "-.002561127761416096", "4.679200778424017", "9.411089691278069E-5"], ["2.409948438315623E-9", "-4.124445024678254E-7", "-.002561127761416096", ".0001122515773530673", "-.0001238265357309896", "-3.112581617538819E-6"], ["-5.221801565638764E-7", ".000644141806091672", "4.679200778424017", "-.0001238265357309896", ".021041149419619", "3.534925599978379E-6"], ["-4.372302230358604E-11", "1.394222378861283E-8", "9.411089691278069E-5", "-3.112581617538819E-6", "3.534925599978379E-6", "8.744506905322398E-8"]], "elements": [{"sigma": 6.95500777184834e-05, "units": null, "name": "e", "title": "eccentricity", "value": ".03561216661974519", "label": "e"}, {"units": "au", "sigma": 0.00478095844595226, "name": "q", "value": "37.93425663682758", "title": "perihelion distance", "label": "q"}, {"title": "time of perihelion passage", "value": "2437081.412712836751", "label": "tp", "units": "TDB", "sigma": 32.3661122580764, "name": "tp"}, {"value": "93.44665891204747", "title": "longitude of the ascending node", "label": "node", "units": "deg", "sigma": 0.0105948844898407, "name": "om"}, {"name": "w", "sigma": 0.145055676964464, "units": "deg", "label": "peri", "title": "argument of perihelion", "value": "231.3049260654706"}, {"units": "deg", "sigma": 0.000295711124331203, "name": "i", "value": "1.541223947558782", "title": "inclination", "label": "i"}], "epoch": "2457278.5"}}}