{"signature": {"version": "1.3", "source": "NASA/JPL Small-Body Database (SBDB) API"}, "object": {"spkid": "3989581", "pha": false, "orbit_class": {"name": "TransNeptunian Object", "code": "TNO"}, "neo": false, "des": "2013 WJ123", "kind": "au", "prefix": null, "fullname": "(2013 WJ123)", "orbit_id": "5"}, "orbit": {"n_dop_obs_used": null, "pe_used": "DE441", "data_arc": "2929", "comment": null, "model_pars": [], "sb_used": "SB441-N16", "rms": ".23262", "epoch": "2460000.5", "moid": "29.5991", "not_valid_before": null, "soln_date": "2021-11-13 00:51:37", "first_obs": "2013-11-04", "not_valid_after": null, "elements": [{"units": null, "title": "eccentricity", "label": "e", "name": "e", "sigma": ".00017521", "value": ".23276920207152"}, {"value": "39.87054212872771", "sigma": ".011142", "name": "a", "label": "a", "title": "semi-major axis", "units": "au"}, {"value": "30.58990785126484", "name": "q", "sigma": ".0022544", "label": "q", "title": "perihelion distance", "units": "au"}, {"title": "inclination; angle with respect to x-y ecliptic plane", "label": "i", "units": "deg", "value": "9.178404132039294", "name": "i", "sigma": ".00010653"}, {"value": "85.16066802838577", "sigma": ".00076012", "name": "om", "title": "longitude of the ascending node", "label": "node", "units": "deg"}, {"value": "277.5795828850946", "name": "w", "sigma": ".025741", "title": "argument of perihelion", "label": "peri", "units": "deg"}, {"units": "deg", "title": "mean anomaly", "label": "M", "name": "ma", "sigma": ".023633", "value": "27.61215153995886"}, {"label": "tp", "title": "time of perihelion passage", "units": "TDB", "value": "2452947.491850473223", "name": "tp", "sigma": "3.7985"}, {"units": "d", "title": "sidereal orbital period", "label": "period", "sigma": "38.545", "name": "per", "value": "91955.27303097739"}, {"name": "n", "sigma": "1.641E-6", "value": ".003914946779383985", "units": "deg/d", "title": "mean motion", "label": "n"}, {"value": "49.15117640619059", "sigma": ".013735", "name": "ad", "label": "Q", "title": "aphelion distance", "units": "au"}], "n_del_obs_used": null, "moid_jup": "25.689", "producer": "Otto Matic", "equinox": "J2000", "two_body": null, "t_jup": "5.446", "covariance": {"epoch": "2458256.5", "data": [["2.994520144356594E-8", "2.382900994543856E-7", ".000300259970071614", "9.116068023610356E-9", "1.877991953728991E-6", "6.978382058946429E-10"], ["2.382900994543856E-7", "5.412264233554022E-6", ".009141619875750488", "-3.354243499883849E-8", "6.147834864733112E-5", "2.735119476489315E-8"], [".000300259970071614", ".009141619875750488", "15.99288132177779", "-.0001125858293575993", ".1082860509774702", "4.88554800312013E-5"], ["9.116068023610356E-9", "-3.354243499883849E-8", "-.0001125858293575993", "5.787269685563199E-7", "-1.39928740189755E-6", "-7.788328942378709E-8"], ["1.877991953728991E-6", "6.147834864733112E-5", ".1082860509774702", "-1.39928740189755E-6", ".0007347511378814226", "4.086807341606027E-7"], ["6.978382058946429E-10", "2.735119476489315E-8", "4.88554800312013E-5", "-7.788328942378709E-8", "4.086807341606027E-7", "1.148750337625291E-8"]], "elements": [{"sigma": 0.000173046818646186, "name": "e", "value": ".2235893649025774", "units": null, "label": "e", "title": "eccentricity"}, {"units": "au", "label": "q", "title": "perihelion distance", "name": "q", "sigma": 0.00232642735402463, "value": "30.52873203222588"}, {"value": "2452693.399447683400", "sigma": 3.99911006622446, "name": "tp", "label": "tp", "title": "time of perihelion passage", "units": "TDB"}, {"title": "longitude of the ascending node", "label": "node", "units": "deg", "value": "85.06457514064044", "name": "om", "sigma": 0.00076074106538054}, {"label": "peri", "title": "argument of perihelion", "units": "deg", "value": "276.1612092412308", "sigma": 0.0271062933261157, "name": "w"}, {"units": "deg", "label": "i", "title": "inclination", "name": "i", "sigma": 0.000107179771301552, "value": "9.196320300527615"}], "labels": ["e", "q", "tp", "node", "peri", "i"]}, "condition_code": "4", "source": "JPL", "n_obs_used": 23, "last_obs": "2021-11-11", "orbit_id": "5"}}