{"orbit": {"t_jup": "4.797", "source": "JPL", "last_obs": "2018-10-27", "first_obs": "2013-09-03", "not_valid_after": null, "sb_used": "SB441-N16", "soln_date": "2021-09-08 23:29:12", "elements": [{"name": "e", "sigma": ".00039071", "units": null, "label": "e", "value": ".245273749787053", "title": "eccentricity"}, {"units": "au", "sigma": ".028379", "name": "a", "title": "semi-major axis", "value": "39.73947849805339", "label": "a"}, {"value": "29.99242759225386", "title": "perihelion distance", "label": "q", "sigma": ".0069545", "units": "au", "name": "q"}, {"units": "deg", "sigma": ".00011777", "name": "i", "title": "inclination; angle with respect to x-y ecliptic plane", "value": "29.4422310648106", "label": "i"}, {"name": "om", "units": "deg", "sigma": ".0010393", "label": "node", "value": "20.68428298609609", "title": "longitude of the ascending node"}, {"label": "peri", "value": "233.5476251366381", "title": "argument of perihelion", "name": "w", "sigma": ".067717", "units": "deg"}, {"label": "M", "title": "mean anomaly", "value": "38.04955774217174", "name": "ma", "sigma": ".076055", "units": "deg"}, {"name": "tp", "sigma": "9.4501", "units": "TDB", "label": "tp", "value": "2450329.335182209143", "title": "time of perihelion passage"}, {"name": "per", "units": "d", "sigma": "98.016", "label": "period", "value": "91502.22869859799", "title": "sidereal orbital period"}, {"label": "n", "title": "mean motion", "value": ".003934330399599502", "name": "n", "sigma": "4.2144E-6", "units": "deg/d"}, {"value": "49.48652940385291", "title": "aphelion distance", "label": "Q", "sigma": ".03534", "units": "au", "name": "ad"}], "n_dop_obs_used": null, "condition_code": "4", "model_pars": [], "data_arc": "1880", "n_del_obs_used": null, "n_obs_used": 37, "not_valid_before": null, "comment": null, "moid_jup": "25.1188", "two_body": null, "pe_used": "DE441", "equinox": "J2000", "moid": "29.0624", "orbit_id": "3", "rms": ".19967", "producer": "Otto Matic", "epoch": "2460000.5", "covariance": {"epoch": "2457286.5", "elements": [{"units": null, "sigma": 0.000383644453234227, "name": "e", "title": "eccentricity", "value": ".2439063029395841", "label": "e"}, {"name": "q", "units": "au", "sigma": 0.00714473249088059, "label": "q", "title": "perihelion distance", "value": "29.84669950576944"}, {"sigma": 9.63620401577196, "units": "TDB", "name": "tp", "value": "2450100.453174142319", "title": "time of perihelion passage", "label": "tp"}, {"units": "deg", "sigma": 0.00102027171685689, "name": "om", "value": "20.44480582671112", "title": "longitude of the ascending node", "label": "node"}, {"label": "peri", "title": "argument of perihelion", "value": "232.0938025251689", "name": "w", "units": "deg", "sigma": 0.0697246393079526}, {"name": "i", "sigma": 0.000115054034851229, "units": "deg", "label": "i", "title": "inclination", "value": "29.48321645719923"}], "labels": ["e", "q", "tp", "node", "peri", "i"], "data": [["1.471830664973888E-7", "2.129509312405208E-6", ".002984904376556445", "-2.552152814282304E-7", "2.086835304937492E-5", "3.573262463238924E-8"], ["2.129509312405208E-6", "5.104720236624475E-5", ".06874541779725418", "-4.959781540381811E-6", ".0004980618471595248", "6.752386095114489E-7"], [".002984904376556445", ".06874541779725418", "92.8564278335796", "-.006773080761041488", ".6711706287158892", ".0009240627381518333"], ["-2.552152814282304E-7", "-4.959781540381811E-6", "-.006773080761041488", "1.040954376218107E-6", "-4.889998413625249E-5", "-1.095884440537789E-7"], ["2.086835304937492E-5", ".0004980618471595248", ".6711706287158892", "-4.889998413625249E-5", ".004861525326624087", "6.630096474299141E-6"], ["3.573262463238924E-8", "6.752386095114489E-7", ".0009240627381518333", "-1.095884440537789E-7", "6.630096474299141E-6", "1.323743093554776E-8"]]}}, "object": {"spkid": "3989533", "orbit_id": "3", "fullname": "(2013 RX124)", "pha": false, "des": "2013 RX124", "orbit_class": {"code": "TNO", "name": "TransNeptunian Object"}, "kind": "au", "prefix": null, "neo": false}, "signature": {"version": "1.3", "source": "NASA/JPL Small-Body Database (SBDB) API"}}