{"object": {"orbit_class": {"code": "TNO", "name": "TransNeptunian Object"}, "kind": "au", "prefix": null, "neo": false, "spkid": "3144128", "fullname": "(2002 VX130)", "orbit_id": "5", "pha": false, "des": "2002 VX130"}, "orbit": {"pe_used": "DE441", "two_body": null, "equinox": "J2000", "moid_jup": "25.6992", "comment": null, "not_valid_before": null, "n_obs_used": 24, "data_arc": "6938", "n_del_obs_used": null, "model_pars": [], "covariance": {"elements": [{"value": ".2196232509798129", "title": "eccentricity", "label": "e", "units": null, "sigma": 0.000199090885273872, "name": "e"}, {"label": "q", "title": "perihelion distance", "value": "30.68762916642386", "name": "q", "sigma": 0.00141225046051158, "units": "au"}, {"sigma": 0.900187646339571, "units": "TDB", "name": "tp", "value": "2454364.522386819559", "title": "time of perihelion passage", "label": "tp"}, {"title": "longitude of the ascending node", "value": "296.9778162466108", "label": "node", "units": "deg", "sigma": 0.00976753298464006, "name": "om"}, {"title": "argument of perihelion", "value": "106.1798531171557", "label": "peri", "units": "deg", "sigma": 0.0113091850747743, "name": "w"}, {"label": "i", "value": "1.320650350757962", "title": "inclination", "name": "i", "sigma": 5.75634744727072e-05, "units": "deg"}], "epoch": "2453540.5", "labels": ["e", "q", "tp", "node", "peri", "i"], "data": [["3.963718059913405E-8", "2.797330844295365E-7", "2.020754058275676E-5", "1.817994672163985E-8", "1.259730076106755E-7", "2.610182057931377E-10"], ["2.797330844295365E-7", "1.994451363215165E-6", ".0002502857308830703", "1.256177004109288E-7", "1.569865456035769E-6", "1.882789896129091E-9"], ["2.020754058275676E-5", ".0002502857308830703", ".8103377986223762", "-1.195517271771622E-5", ".005135822734420898", "3.930658682085071E-7"], ["1.817994672163985E-8", "1.256177004109288E-7", "-1.195517271771622E-5", "9.540470060603147E-5", "-9.544726542896655E-5", "-3.791876021696332E-7"], ["1.259730076106755E-7", "1.569865456035769E-6", ".005135822734420898", "-9.544726542896655E-5", ".0001278976670554986", "3.816758359121061E-7"], ["2.610182057931377E-10", "1.882789896129091E-9", "3.930658682085071E-7", "-3.791876021696332E-7", "3.816758359121061E-7", "3.313553593370011E-9"]]}, "epoch": "2460000.5", "producer": "Otto Matic", "rms": ".54523", "orbit_id": "5", "moid": "29.6841", "source": "JPL", "t_jup": "5.510", "n_dop_obs_used": null, "condition_code": "3", "elements": [{"title": "eccentricity", "value": ".2275002508931684", "label": "e", "sigma": ".00020003", "units": null, "name": "e"}, {"name": "a", "units": "au", "sigma": ".012103", "label": "a", "value": "39.71065789408256", "title": "semi-major axis"}, {"sigma": ".0014127", "units": "au", "name": "q", "title": "perihelion distance", "value": "30.67647326004599", "label": "q"}, {"value": "1.321354799085147", "title": "inclination; angle with respect to x-y ecliptic plane", "label": "i", "units": "deg", "sigma": "5.7573E-5", "name": "i"}, {"title": "longitude of the ascending node", "value": "296.8375211937293", "label": "node", "sigma": ".0097268", "units": "deg", "name": "om"}, {"title": "argument of perihelion", "value": "105.9371253945121", "label": "peri", "units": "deg", "sigma": ".011198", "name": "w"}, {"label": "M", "value": "22.38523962259109", "title": "mean anomaly", "name": "ma", "sigma": ".011333", "units": "deg"}, {"name": "tp", "units": "TDB", "sigma": ".87313", "label": "tp", "title": "time of perihelion passage", "value": "2454316.968164266614"}, {"label": "period", "value": "91402.705325483", "title": "sidereal orbital period", "name": "per", "sigma": "41.787", "units": "d"}, {"label": "n", "value": ".003938614275343908", "title": "mean motion", "name": "n", "units": "deg/d", "sigma": "1.8006E-6"}, {"value": "48.74484252811912", "title": "aphelion distance", "label": "Q", "units": "au", "sigma": ".014857", "name": "ad"}], "soln_date": "2021-11-12 23:35:36", "not_valid_after": null, "sb_used": "SB441-N16", "first_obs": "2002-11-07", "last_obs": "2021-11-05"}, "signature": {"version": "1.3", "source": "NASA/JPL Small-Body Database (SBDB) API"}}