{"signature": {"version": "1.3", "source": "NASA/JPL Small-Body Database (SBDB) API"}, "orbit": {"last_obs": "2016-10-10", "first_obs": "2014-08-17", "not_valid_after": null, "sb_used": "SB441-N16", "condition_code": "5", "n_dop_obs_used": null, "elements": [{"value": ".04793007417253752", "title": "eccentricity", "label": "e", "sigma": ".0033439", "units": null, "name": "e"}, {"title": "semi-major axis", "value": "38.19433112104492", "label": "a", "sigma": ".020079", "units": "au", "name": "a"}, {"title": "perihelion distance", "value": "36.36367399744278", "label": "q", "units": "au", "sigma": ".11204", "name": "q"}, {"sigma": ".00044147", "units": "deg", "name": "i", "title": "inclination; angle with respect to x-y ecliptic plane", "value": "26.67719999825672", "label": "i"}, {"name": "om", "units": "deg", "sigma": ".0056348", "label": "node", "value": "34.83715354995608", "title": "longitude of the ascending node"}, {"name": "w", "units": "deg", "sigma": "2.1908", "label": "peri", "value": "220.1668574006158", "title": "argument of perihelion"}, {"name": "ma", "sigma": "1.7569", "units": "deg", "label": "M", "value": "67.43979531727307", "title": "mean anomaly"}, {"name": "tp", "units": "TDB", "sigma": "430.33", "label": "tp", "title": "time of perihelion passage", "value": "2443849.086610668806"}, {"units": "d", "sigma": "67.989", "name": "per", "title": "sidereal orbital period", "value": "86217.77086962754", "label": "period"}, {"sigma": "3.2927E-6", "units": "deg/d", "name": "n", "title": "mean motion", "value": ".004175473297081257", "label": "n"}, {"title": "aphelion distance", "value": "40.02498824464706", "label": "Q", "units": "au", "sigma": ".021042", "name": "ad"}], "soln_date": "2021-09-15 12:42:05", "source": "JPL", "t_jup": "4.972", "orbit_id": "1", "moid": "35.3911", "rms": ".23708", "producer": "Otto Matic", "epoch": "2460000.5", "covariance": {"epoch": "2457019.5", "elements": [{"label": "e", "title": "eccentricity", "value": ".04697700546680741", "name": "e", "units": null, "sigma": 0.00361616276870914}, {"title": "perihelion distance", "value": "36.05345009628935", "label": "q", "units": "au", "sigma": 0.120697499072621, "name": "q"}, {"name": "tp", "sigma": 240.502240850554, "units": "TDB", "label": "tp", "title": "time of perihelion passage", "value": "2441465.720443189881"}, {"label": "node", "value": "34.64485009337815", "title": "longitude of the ascending node", "name": "om", "sigma": 0.00557860376144231, "units": "deg"}, {"name": "w", "sigma": 1.40204288116753, "units": "deg", "label": "peri", "value": "209.0836558373075", "title": "argument of perihelion"}, {"label": "i", "title": "inclination", "value": "26.71368224183486", "name": "i", "units": "deg", "sigma": 0.000445306235533699}], "labels": ["e", "q", "tp", "node", "peri", "i"], "data": [["1.307663316979812E-5", "-.0004348920862641906", "-.8442164112426461", "7.775879364068551E-6", "-.004966221783656725", "-6.215708021120438E-7"], ["-.0004348920862641906", ".01456788628238533", "28.66388231149828", "-.000261434801555461", ".1680354686506069", "2.107527872063145E-5"], ["-.8442164112426461", "28.66388231149828", "57841.32785413788", "-.5175073552686258", "336.9220870968371", ".04233141900376815"], ["7.775879364068551E-6", "-.000261434801555461", "-.5175073552686258", "3.112081992717824E-5", "-.003052708101370356", "-2.472700767077534E-6"], ["-.004966221783656725", ".1680354686506069", "336.9220870968371", "-.003052708101370356", "1.965724240632539", ".0002487323730665949"], ["-6.215708021120438E-7", "2.107527872063145E-5", ".04233141900376815", "-2.472700767077534E-6", ".0002487323730665949", "1.982976434051939E-7"]]}, "model_pars": [], "n_del_obs_used": null, "data_arc": "785", "not_valid_before": null, "n_obs_used": 13, "comment": null, "pe_used": "DE441", "two_body": null, "equinox": "J2000", "moid_jup": "31.1534"}, "object": {"des": "2014 QJ562", "orbit_id": "1", "pha": false, "fullname": "(2014 QJ562)", "spkid": "54197649", "neo": false, "prefix": null, "kind": "au", "orbit_class": {"name": "TransNeptunian Object", "code": "TNO"}}}