{"signature": {"source": "NASA/JPL Small-Body Database (SBDB) API", "version": "1.3"}, "object": {"neo": false, "prefix": null, "kind": "au", "orbit_class": {"code": "TNO", "name": "TransNeptunian Object"}, "orbit_id": "3", "pha": false, "fullname": "(2015 VO164)", "des": "2015 VO164", "spkid": "3830948"}, "orbit": {"moid_jup": "22.6021", "pe_used": "DE441", "two_body": null, "equinox": "J2000", "comment": null, "n_obs_used": 35, "not_valid_before": null, "model_pars": [], "data_arc": "1652", "n_del_obs_used": null, "covariance": {"elements": [{"sigma": 6.79992084041344e-05, "units": null, "name": "e", "title": "eccentricity", "value": ".2999636080570497", "label": "e"}, {"label": "q", "title": "perihelion distance", "value": "27.61008689199016", "name": "q", "sigma": 0.00064986438221342, "units": "au"}, {"name": "tp", "units": "TDB", "sigma": 5.3973730364247, "label": "tp", "value": "2458225.905320582524", "title": "time of perihelion passage"}, {"label": "node", "value": "58.14969128282871", "title": "longitude of the ascending node", "name": "om", "sigma": 0.000453231787427859, "units": "deg"}, {"value": "356.6689360169812", "title": "argument of perihelion", "label": "peri", "units": "deg", "sigma": 0.0418074883346251, "name": "w"}, {"label": "i", "value": "14.17612565823272", "title": "inclination", "name": "i", "units": "deg", "sigma": 0.00068269633150649}], "epoch": "2457489.5", "labels": ["e", "q", "tp", "node", "peri", "i"], "data": [["4.623892343588906E-9", "3.18964291432434E-8", "-8.47082553174844E-6", "-2.773740077500912E-9", "-6.244527145531386E-8", "4.876052133791399E-9"], ["3.18964291432434E-8", "4.223237152696299E-7", "-.002112290573368871", "-3.009657993693119E-8", "-1.635198349592572E-5", "4.898141869971887E-8"], ["-8.47082553174844E-6", "-.002112290573368871", "29.13163569432439", "8.987691722130454E-5", ".2256379296042903", "-.000102206810376798"], ["-2.773740077500912E-9", "-3.009657993693119E-8", "8.987691722130454E-5", "2.054190531350522E-7", "4.984706941568586E-7", "-3.022233676496762E-7"], ["-6.244527145531386E-8", "-1.635198349592572E-5", ".2256379296042903", "4.984706941568586E-7", ".001747866080849813", "-5.010825305509946E-7"], ["4.876052133791399E-9", "4.898141869971887E-8", "-.000102206810376798", "-3.022233676496762E-7", "-5.010825305509946E-7", "4.6607428105242E-7"]]}, "epoch": "2460000.5", "rms": ".10277", "producer": "Otto Matic", "moid": "26.6231", "orbit_id": "3", "t_jup": "5.238", "source": "JPL", "soln_date": "2021-04-15 15:18:22", "condition_code": "4", "n_dop_obs_used": null, "elements": [{"value": ".3069740463743454", "title": "eccentricity", "label": "e", "sigma": "6.8353E-5", "units": null, "name": "e"}, {"value": "39.84384027411288", "title": "semi-major axis", "label": "a", "sigma": ".0046581", "units": "au", "name": "a"}, {"label": "q", "value": "27.61281540207534", "title": "perihelion distance", "name": "q", "sigma": ".00062374", "units": "au"}, {"name": "i", "units": "deg", "sigma": ".00068068", "label": "i", "value": "14.13934476183432", "title": "inclination; angle with respect to x-y ecliptic plane"}, {"value": "58.12541167515199", "title": "longitude of the ascending node", "label": "node", "sigma": ".00045433", "units": "deg", "name": "om"}, {"label": "peri", "title": "argument of perihelion", "value": "356.1010802670822", "name": "w", "units": "deg", "sigma": ".04097"}, {"sigma": ".020522", "units": "deg", "name": "ma", "value": "7.235676399948002", "title": "mean anomaly", "label": "M"}, {"label": "tp", "title": "time of perihelion passage", "value": "2458154.138024914780", "name": "tp", "sigma": "5.2771", "units": "TDB"}, {"title": "sidereal orbital period", "value": "91862.91291792098", "label": "period", "units": "d", "sigma": "16.109", "name": "per"}, {"units": "deg/d", "sigma": "6.8723E-7", "name": "n", "title": "mean motion", "value": ".003918882915477088", "label": "n"}, {"name": "ad", "units": "au", "sigma": ".006088", "label": "Q", "title": "aphelion distance", "value": "52.07486514615042"}], "not_valid_after": null, "sb_used": "SB441-N16", "first_obs": "2015-08-11", "last_obs": "2020-02-18"}}