{"signature": {"version": "1.3", "source": "NASA/JPL Small-Body Database (SBDB) API"}, "orbit": {"not_valid_after": null, "first_obs": "1999-02-12", "sb_used": "SB441-N16", "n_dop_obs_used": null, "condition_code": "4", "elements": [{"label": "e", "title": "eccentricity", "value": ".09511809670216069", "name": "e", "sigma": ".00010645", "units": null}, {"label": "a", "value": "41.12585012032444", "title": "semi-major axis", "name": "a", "units": "au", "sigma": ".0087978"}, {"sigma": ".012153", "units": "au", "name": "q", "title": "perihelion distance", "value": "37.21403753162085", "label": "q"}, {"name": "i", "sigma": ".00026366", "units": "deg", "label": "i", "title": "inclination; angle with respect to x-y ecliptic plane", "value": "13.29242376201722"}, {"sigma": ".00031695", "units": "deg", "name": "om", "title": "longitude of the ascending node", "value": "123.3223331592095", "label": "node"}, {"title": "argument of perihelion", "value": "139.778610054384", "label": "peri", "units": "deg", "sigma": ".080348", "name": "w"}, {"units": "deg", "sigma": ".074983", "name": "ma", "title": "mean anomaly", "value": "258.971576927459", "label": "M"}, {"label": "tp", "title": "time of perihelion passage", "value": "2487034.594838036646", "name": "tp", "sigma": "11.889", "units": "TDB"}, {"label": "period", "value": "96332.04048632103", "title": "sidereal orbital period", "name": "per", "sigma": "30.912", "units": "d"}, {"label": "n", "value": ".003737074375073778", "title": "mean motion", "name": "n", "units": "deg/d", "sigma": "1.1992E-6"}, {"value": "45.03766270902803", "title": "aphelion distance", "label": "Q", "sigma": ".0096347", "units": "au", "name": "ad"}], "soln_date": "2021-05-04 13:45:04", "last_obs": "2021-03-20", "source": "JPL", "t_jup": "5.574", "epoch": "2460000.5", "covariance": {"labels": ["e", "q", "tp", "node", "peri", "i"], "data": [["1.091636935142777E-8", "-1.224650079118239E-6", ".0008712404627473757", "-2.873350966886817E-9", "7.210881521234469E-6", "-4.320997252357642E-9"], ["-1.224650079118239E-6", ".0001459637097857623", "-.1230579306361225", "3.552179356813585E-7", "-.0009307345770735472", "5.19779026594652E-7"], [".0008712404627473757", "-.1230579306361225", "144.5166926766289", "-.0003258103883140651", ".9358290131664877", "-.000447408084526455"], ["-2.873350966886817E-9", "3.552179356813585E-7", "-.0003258103883140651", "1.001943425293437E-7", "-2.459569110743249E-6", "6.599380616017758E-8"], ["7.210881521234469E-6", "-.0009307345770735472", ".9358290131664877", "-2.459569110743249E-6", ".00649532491178246", "-3.41175412895471E-6"], ["-4.320997252357642E-9", "5.19779026594652E-7", "-.000447408084526455", "6.599380616017758E-8", "-3.41175412895471E-6", "6.949629771871026E-8"]], "epoch": "2455421.5", "elements": [{"value": ".09603561045649749", "title": "eccentricity", "label": "e", "units": null, "sigma": 0.000104481430653623, "name": "e"}, {"label": "q", "value": "37.24119753067919", "title": "perihelion distance", "name": "q", "units": "au", "sigma": 0.0120815441805161}, {"units": "TDB", "sigma": 12.0215095839345, "name": "tp", "title": "time of perihelion passage", "value": "2486809.382207720922", "label": "tp"}, {"name": "om", "sigma": 0.000316534899386061, "units": "deg", "label": "node", "value": "123.3118918592859", "title": "longitude of the ascending node"}, {"sigma": 0.080593578601415, "units": "deg", "name": "w", "value": "138.8117549441431", "title": "argument of perihelion", "label": "peri"}, {"value": "13.29710640995148", "title": "inclination", "label": "i", "sigma": 0.000263621504659067, "units": "deg", "name": "i"}]}, "orbit_id": "9", "moid": "36.2094", "producer": "Otto Matic", "rms": ".3087", "comment": null, "two_body": null, "pe_used": "DE441", "equinox": "J2000", "moid_jup": "31.9839", "n_del_obs_used": null, "model_pars": [], "data_arc": "8072", "not_valid_before": null, "n_obs_used": 32}, "object": {"neo": false, "prefix": null, "kind": "au", "orbit_class": {"code": "TNO", "name": "TransNeptunian Object"}, "fullname": "(1999 CQ133)", "orbit_id": "9", "pha": false, "des": "1999 CQ133", "spkid": "3027750"}}