{"signature": {"version": "1.3", "source": "NASA/JPL Small-Body Database (SBDB) API"}, "orbit": {"pe_used": "DE441", "n_dop_obs_used": null, "data_arc": "2537", "model_pars": [], "rms": ".20229", "sb_used": "SB441-N16", "comment": null, "producer": "Otto Matic", "n_del_obs_used": null, "moid_jup": "32.5836", "elements": [{"value": ".04723156170331758", "name": "e", "sigma": ".0001173", "label": "e", "title": "eccentricity", "units": null}, {"value": "39.92608759962377", "sigma": ".0059177", "name": "a", "title": "semi-major axis", "label": "a", "units": "au"}, {"label": "q", "title": "perihelion distance", "units": "au", "value": "38.04031612959008", "name": "q", "sigma": ".010247"}, {"units": "deg", "label": "i", "title": "inclination; angle with respect to x-y ecliptic plane", "sigma": ".00043941", "name": "i", "value": "6.127050582571303"}, {"units": "deg", "label": "node", "title": "longitude of the ascending node", "name": "om", "sigma": ".0041424", "value": "148.7871570665581"}, {"value": "38.28561543471019", "name": "w", "sigma": ".26066", "title": "argument of perihelion", "label": "peri", "units": "deg"}, {"value": "197.6600273852661", "sigma": ".28595", "name": "ma", "label": "M", "title": "mean anomaly", "units": "deg"}, {"label": "tp", "title": "time of perihelion passage", "units": "TDB", "value": "2501553.896441961595", "sigma": "72.525", "name": "tp"}, {"name": "per", "sigma": "20.487", "value": "92147.50057034619", "units": "d", "label": "period", "title": "sidereal orbital period"}, {"sigma": "8.6857E-7", "name": "n", "value": ".003906779866754746", "units": "deg/d", "label": "n", "title": "mean motion"}, {"title": "aphelion distance", "label": "Q", "units": "au", "value": "41.81185906965747", "sigma": ".0061972", "name": "ad"}], "equinox": "J2000", "two_body": null, "soln_date": "2021-09-08 23:30:15", "not_valid_before": null, "moid": "37.0446", "epoch": "2460000.5", "first_obs": "2013-10-11", "not_valid_after": null, "n_obs_used": 36, "last_obs": "2020-09-21", "orbit_id": "4", "t_jup": "5.633", "source": "JPL", "condition_code": "4", "covariance": {"elements": [{"label": "e", "title": "eccentricity", "units": null, "value": ".05862802047309725", "sigma": 0.000116005751879878, "name": "e"}, {"units": "au", "title": "perihelion distance", "label": "q", "sigma": 0.00996088531893812, "name": "q", "value": "37.16770534688296"}, {"sigma": 58.5331827404445, "name": "tp", "value": "2501116.134778437277", "units": "TDB", "label": "tp", "title": "time of perihelion passage"}, {"label": "node", "title": "longitude of the ascending node", "units": "deg", "value": "148.9938487158695", "name": "om", "sigma": 0.00414176424285609}, {"units": "deg", "label": "peri", "title": "argument of perihelion", "name": "w", "sigma": 0.208868204877693, "value": "39.31173087004376"}, {"value": "6.14664241753524", "sigma": 0.000443390283135989, "name": "i", "label": "i", "title": "inclination", "units": "deg"}], "labels": ["e", "q", "tp", "node", "peri", "i"], "epoch": "2457413.5", "data": [["1.345733446921576E-8", "-1.148406603885392E-6", "-.001536200170163216", "1.678156281339812E-8", "-1.45372512194163E-6", "1.240752764298854E-9"], ["-1.148406603885392E-6", "9.921923633703698E-5", ".06981289855884805", "-1.636960225857778E-6", "-.0001003692443982126", "-1.263569921180881E-7"], ["-.001536200170163216", ".06981289855884805", "3426.133481726275", ".008540656067972243", "12.05059420601087", ".0009122545805833757"], ["1.678156281339812E-8", "-1.636960225857778E-6", ".008540656067972243", "1.71542110434013E-5", "1.946208407003653E-5", "1.830973666746366E-6"], ["-1.45372512194163E-6", "-.0001003692443982126", "12.05059420601087", "1.946208407003653E-5", ".04362592700882979", "1.907194951786887E-6"], ["1.240752764298854E-9", "-1.263569921180881E-7", ".0009122545805833757", "1.830973666746366E-6", "1.907194951786887E-6", "1.965949431794129E-7"]]}}, "object": {"prefix": null, "kind": "au", "des": "2013 TV187", "orbit_id": "4", "fullname": "(2013 TV187)", "pha": false, "spkid": "3989569", "neo": false, "orbit_class": {"code": "TNO", "name": "TransNeptunian Object"}}}