{"object": {"orbit_class": {"name": "TransNeptunian Object", "code": "TNO"}, "kind": "au", "prefix": null, "neo": false, "spkid": "3830905", "des": "2015 GP54", "orbit_id": "2", "pha": false, "fullname": "(2015 GP54)"}, "orbit": {"t_jup": "5.284", "source": "JPL", "last_obs": "2017-06-26", "soln_date": "2021-04-15 13:31:03", "condition_code": "4", "n_dop_obs_used": null, "elements": [{"name": "e", "sigma": ".00074271", "units": null, "label": "e", "value": ".2927488474453501", "title": "eccentricity"}, {"label": "a", "title": "semi-major axis", "value": "39.1618276887874", "name": "a", "units": "au", "sigma": ".019325"}, {"units": "au", "sigma": ".015822", "name": "q", "value": "27.69724776904149", "title": "perihelion distance", "label": "q"}, {"value": "10.94094134289768", "title": "inclination; angle with respect to x-y ecliptic plane", "label": "i", "units": "deg", "sigma": ".001", "name": "i"}, {"name": "om", "sigma": ".00056251", "units": "deg", "label": "node", "title": "longitude of the ascending node", "value": "33.30838793535909"}, {"sigma": ".033076", "units": "deg", "name": "w", "value": "96.68335374593158", "title": "argument of perihelion", "label": "peri"}, {"value": "57.25272996490565", "title": "mean anomaly", "label": "M", "units": "deg", "sigma": ".058672", "name": "ma"}, {"sigma": "4.0902", "units": "TDB", "name": "tp", "title": "time of perihelion passage", "value": "2445764.546713864947", "label": "tp"}, {"label": "period", "value": "89514.38972691902", "title": "sidereal orbital period", "name": "per", "sigma": "66.259", "units": "d"}, {"label": "n", "title": "mean motion", "value": ".004021699763560358", "name": "n", "units": "deg/d", "sigma": "2.9769E-6"}, {"title": "aphelion distance", "value": "50.62640760853331", "label": "Q", "units": "au", "sigma": ".024983", "name": "ad"}], "sb_used": "SB441-N16", "not_valid_after": null, "first_obs": "2015-02-17", "n_obs_used": 35, "not_valid_before": null, "data_arc": "860", "model_pars": [], "n_del_obs_used": null, "moid_jup": "22.4793", "two_body": null, "equinox": "J2000", "pe_used": "DE441", "comment": null, "rms": ".20679", "producer": "Otto Matic", "moid": "26.7303", "orbit_id": "2", "covariance": {"labels": ["e", "q", "tp", "node", "peri", "i"], "data": [["5.500927031641542E-7", "-1.156354114232843E-5", ".002295002833636823", "8.510485812656298E-9", "-2.470761866234299E-5", "-1.875204040114722E-8"], ["-1.156354114232843E-5", ".0002489827977520369", "-.04513305243994817", "-2.064162064550924E-7", ".0005545399844341911", "4.505078162259616E-7"], [".002295002833636823", "-.04513305243994817", "11.32852049964361", "2.260835343869674E-5", "-.08395866565053375", "-5.18190272762972E-5"], ["8.510485812656298E-9", "-2.064162064550924E-7", "2.260835343869674E-5", "3.194330625893375E-7", "-8.511636226452054E-7", "-5.493245629701665E-7"], ["-2.470761866234299E-5", ".0005545399844341911", "-.08395866565053375", "-8.511636226452054E-7", ".001322554251656175", "1.699475464150084E-6"], ["-1.875204040114722E-8", "4.505078162259616E-7", "-5.18190272762972E-5", "-5.493245629701665E-7", "1.699475464150084E-6", "9.911127077556861E-7"]], "elements": [{"sigma": 0.000741682346536679, "units": null, "name": "e", "value": ".2981936905088294", "title": "eccentricity", "label": "e"}, {"title": "perihelion distance", "value": "27.84346870551888", "label": "q", "units": "au", "sigma": 0.0157791887545601, "name": "q"}, {"title": "time of perihelion passage", "value": "2446006.311962558917", "label": "tp", "sigma": 3.36578675789831, "units": "TDB", "name": "tp"}, {"title": "longitude of the ascending node", "value": "33.29141883422236", "label": "node", "sigma": 0.000565184096192858, "units": "deg", "name": "om"}, {"label": "peri", "value": "98.39438074099375", "title": "argument of perihelion", "name": "w", "units": "deg", "sigma": 0.0363669389921145}, {"name": "i", "sigma": 0.000995546436765099, "units": "deg", "label": "i", "value": "10.89115926370096", "title": "inclination"}], "epoch": "2457343.5"}, "epoch": "2460000.5"}, "signature": {"version": "1.3", "source": "NASA/JPL Small-Body Database (SBDB) API"}}