{"orbit": {"orbit_id": "7", "n_obs_used": 40, "last_obs": "2021-02-15", "source": "JPL", "condition_code": "4", "covariance": {"epoch": "2455158.5", "data": [["4.043957581661798E-8", "3.553310498852555E-7", ".0003111490344932993", "-2.938792909739318E-8", "2.32015257392465E-6", "2.66812982160738E-8"], ["3.553310498852555E-7", "3.255855611162428E-6", ".003130657666763213", "-2.617094504815673E-7", "2.332998313945577E-5", "2.40097869517183E-7"], [".0003111490344932993", ".003130657666763213", "3.656075369324126", "-.0002348794956841837", ".02720235804176996", ".0002211284850836572"], ["-2.938792909739318E-8", "-2.617094504815673E-7", "-.0002348794956841837", "1.56738310030177E-7", "-1.870175241505072E-6", "-9.256876114385876E-8"], ["2.32015257392465E-6", "2.332998313945577E-5", ".02720235804176996", "-1.870175241505072E-6", ".0002025043863168366", "1.712602798713818E-6"], ["2.66812982160738E-8", "2.40097869517183E-7", ".0002211284850836572", "-9.256876114385876E-8", "1.712602798713818E-6", "6.180578597448904E-8"]], "elements": [{"units": null, "title": "eccentricity", "label": "e", "sigma": 0.00020109593684761, "name": "e", "value": ".2785498939187477"}, {"name": "q", "sigma": 0.00180439896119523, "value": "28.45439627057259", "units": "au", "title": "perihelion distance", "label": "q"}, {"sigma": 1.91208665319439, "name": "tp", "value": "2454027.156855532065", "units": "TDB", "title": "time of perihelion passage", "label": "tp"}, {"name": "om", "sigma": 0.000395901894451362, "value": "96.30924379603853", "units": "deg", "title": "longitude of the ascending node", "label": "node"}, {"units": "deg", "title": "argument of perihelion", "label": "peri", "name": "w", "sigma": 0.0142304035893869, "value": "312.4434747593778"}, {"name": "i", "sigma": 0.000248607694922118, "value": "28.55895264044141", "units": "deg", "title": "inclination", "label": "i"}], "labels": ["e", "q", "tp", "node", "peri", "i"]}, "t_jup": "4.780", "two_body": null, "equinox": "J2000", "producer": "Otto Matic", "n_del_obs_used": null, "moid_jup": "23.7267", "elements": [{"name": "e", "sigma": ".00020163", "value": ".2804163479918806", "units": null, "title": "eccentricity", "label": "e"}, {"label": "a", "title": "semi-major axis", "units": "au", "value": "39.51431054493629", "sigma": ".013528", "name": "a"}, {"value": "28.4338518885082", "name": "q", "sigma": ".0017972", "title": "perihelion distance", "label": "q", "units": "au"}, {"value": "28.5317454069861", "name": "i", "sigma": ".00024853", "label": "i", "title": "inclination; angle with respect to x-y ecliptic plane", "units": "deg"}, {"value": "96.33647570680748", "sigma": ".0003968", "name": "om", "label": "node", "title": "longitude of the ascending node", "units": "deg"}, {"name": "w", "sigma": ".014006", "value": "312.6533004286316", "units": "deg", "label": "peri", "title": "argument of perihelion"}, {"value": "23.53614759680625", "sigma": ".018721", "name": "ma", "title": "mean anomaly", "label": "M", "units": "deg"}, {"value": "2454069.022081168841", "name": "tp", "sigma": "1.8785", "label": "tp", "title": "time of perihelion passage", "units": "TDB"}, {"value": "90725.63986932902", "name": "per", "sigma": "46.592", "title": "sidereal orbital period", "label": "period", "units": "d"}, {"units": "deg/d", "title": "mean motion", "label": "n", "name": "n", "sigma": "2.0378E-6", "value": ".00396800728568576"}, {"units": "au", "label": "Q", "title": "aphelion distance", "name": "ad", "sigma": ".017322", "value": "50.59476920136439"}], "not_valid_after": null, "first_obs": "2007-10-03", "soln_date": "2021-04-14 15:34:56", "not_valid_before": null, "moid": "27.508", "epoch": "2460000.5", "sb_used": "SB441-N16", "rms": ".20617", "model_pars": [], "comment": null, "data_arc": "4884", "pe_used": "DE441", "n_dop_obs_used": null}, "object": {"orbit_id": "7", "fullname": "456826 (2007 TH422)", "prefix": null, "kind": "an", "des": "456826", "neo": false, "orbit_class": {"code": "TNO", "name": "TransNeptunian Object"}, "pha": false, "spkid": "20456826"}, "signature": {"version": "1.3", "source": "NASA/JPL Small-Body Database (SBDB) API"}}