{"signature": {"version": "1.3", "source": "NASA/JPL Small-Body Database (SBDB) API"}, "orbit": {"source": "JPL", "condition_code": "3", "covariance": {"labels": ["e", "q", "tp", "node", "peri", "i"], "elements": [{"sigma": 1.33989484576476e-05, "name": "e", "value": ".1221457531355119", "units": null, "label": "e", "title": "eccentricity"}, {"name": "q", "sigma": 0.000920235152132593, "value": "33.78874302216564", "units": "au", "label": "q", "title": "perihelion distance"}, {"title": "time of perihelion passage", "label": "tp", "units": "TDB", "value": "2441495.730725805222", "name": "tp", "sigma": 2.2865475291613}, {"units": "deg", "title": "longitude of the ascending node", "label": "node", "sigma": 4.32934699089135e-05, "name": "om", "value": "127.4159989778371"}, {"value": "125.4180114681603", "name": "w", "sigma": 0.0130218799567865, "label": "peri", "title": "argument of perihelion", "units": "deg"}, {"units": "deg", "title": "inclination", "label": "i", "name": "i", "sigma": 5.29238603654438e-05, "value": "33.79305565235502"}], "data": [["1.795318197706983E-10", "1.084305640466494E-8", "2.848212216696834E-5", "-5.93195692768494E-11", "1.606114777147618E-7", "-4.276087877428085E-11"], ["1.084305640466494E-8", "8.468327352204961E-7", ".002088509524904169", "-4.488467911429741E-9", "1.1926712674174E-5", "-3.385102380023728E-9"], ["2.848212216696834E-5", ".002088509524904169", "5.228299603113637", "-1.113686296716554E-5", ".0297657529055343", "-8.315904028214693E-6"], ["-5.93195692768494E-11", "-4.488467911429741E-9", "-1.113686296716554E-5", "1.874324536753995E-9", "-6.505895373830045E-8", "2.174499059380836E-9"], ["1.606114777147618E-7", "1.1926712674174E-5", ".0297657529055343", "-6.505895373830045E-8", ".0001695693576089582", "-4.932038599328463E-8"], ["-4.276087877428085E-11", "-3.385102380023728E-9", "-8.315904028214693E-6", "2.174499059380836E-9", "-4.932038599328463E-8", "2.800934995980991E-9"]], "epoch": "2457143.5"}, "t_jup": "4.648", "orbit_id": "12", "n_obs_used": 91, "last_obs": "2020-06-28", "first_obs": "2000-07-31", "not_valid_after": null, "not_valid_before": null, "moid": "33.2129", "soln_date": "2021-04-13 13:27:18", "epoch": "2460000.5", "two_body": null, "equinox": "J2000", "producer": "Otto Matic", "n_del_obs_used": null, "moid_jup": "29.3324", "elements": [{"label": "e", "title": "eccentricity", "units": null, "value": ".1218885366493706", "name": "e", "sigma": "1.5467E-5"}, {"sigma": ".0016229", "name": "a", "value": "38.87241553720647", "units": "au", "label": "a", "title": "semi-major axis"}, {"units": "au", "title": "perihelion distance", "label": "q", "sigma": ".0008593", "name": "q", "value": "34.13431369135012"}, {"label": "i", "title": "inclination; angle with respect to x-y ecliptic plane", "units": "deg", "value": "33.68922764394464", "name": "i", "sigma": "5.2612E-5"}, {"value": "127.3306377001526", "name": "om", "sigma": "4.3215E-5", "label": "node", "title": "longitude of the ascending node", "units": "deg"}, {"title": "argument of perihelion", "label": "peri", "units": "deg", "value": "130.0761382163643", "name": "w", "sigma": ".012629"}, {"label": "M", "title": "mean anomaly", "units": "deg", "value": "71.98603882115049", "sigma": ".013761", "name": "ma"}, {"title": "time of perihelion passage", "label": "tp", "units": "TDB", "value": "2442299.145679057998", "sigma": "2.2775", "name": "tp"}, {"units": "d", "title": "sidereal orbital period", "label": "period", "sigma": "5.5436", "name": "per", "value": "88523.93686186266"}, {"title": "mean motion", "label": "n", "units": "deg/d", "value": ".004066696678456163", "name": "n", "sigma": "2.5467E-7"}, {"value": "43.61051738306283", "name": "ad", "sigma": ".0018207", "label": "Q", "title": "aphelion distance", "units": "au"}], "comment": null, "sb_used": "SB441-N16", "rms": ".68867", "model_pars": [], "data_arc": "7272", "pe_used": "DE441", "n_dop_obs_used": null}, "object": {"neo": false, "orbit_class": {"code": "TNO", "name": "TransNeptunian Object"}, "spkid": "20076803", "pha": false, "orbit_id": "12", "fullname": "76803 (2000 PK30)", "prefix": null, "des": "76803", "kind": "an"}}