{"object": {"fullname": "145452 (2005 RN43)", "orbit_id": "26", "pha": false, "des": "145452", "spkid": "20145452", "prefix": null, "neo": false, "orbit_class": {"code": "TNO", "name": "TransNeptunian Object"}, "kind": "an"}, "orbit": {"source": "JPL", "t_jup": "5.477", "last_obs": "2022-11-16", "first_obs": "1954-06-02", "not_valid_after": null, "sb_used": "SB441-N16", "elements": [{"sigma": "6.8233E-6", "units": null, "name": "e", "title": "eccentricity", "value": ".0301598258235122", "label": "e"}, {"label": "a", "value": "41.84264890339932", "title": "semi-major axis", "name": "a", "units": "au", "sigma": ".00044272"}, {"value": "40.58068190047842", "title": "perihelion distance", "label": "q", "sigma": ".00015231", "units": "au", "name": "q"}, {"title": "inclination; angle with respect to x-y ecliptic plane", "value": "19.21519199500321", "label": "i", "sigma": "2.404E-5", "units": "deg", "name": "i"}, {"label": "node", "title": "longitude of the ascending node", "value": "187.0440039783708", "name": "om", "units": "deg", "sigma": "3.5758E-5"}, {"label": "peri", "title": "argument of perihelion", "value": "172.2789223373229", "name": "w", "units": "deg", "sigma": ".0099137"}, {"value": "350.5539906812514", "title": "mean anomaly", "label": "M", "sigma": ".0094357", "units": "deg", "name": "ma"}, {"label": "tp", "title": "time of perihelion passage", "value": "2462594.518393635617", "name": "tp", "sigma": "2.5559", "units": "TDB"}, {"label": "period", "title": "sidereal orbital period", "value": "98861.49697685594", "name": "per", "sigma": "1.569", "units": "d"}, {"value": ".003641458110676577", "title": "mean motion", "label": "n", "sigma": "5.7793E-8", "units": "deg/d", "name": "n"}, {"title": "aphelion distance", "value": "43.10461590632022", "label": "Q", "sigma": ".00045607", "units": "au", "name": "ad"}], "n_dop_obs_used": null, "condition_code": "2", "soln_date": "2023-02-10 09:08:45", "data_arc": "25004", "n_del_obs_used": null, "model_pars": [], "not_valid_before": null, "n_obs_used": 1075, "comment": null, "two_body": null, "equinox": "J2000", "pe_used": "DE441", "moid_jup": "35.6333", "orbit_id": "26", "moid": "39.5769", "producer": "Otto Matic", "rms": ".34998", "epoch": "2460000.5", "covariance": {"epoch": "2457943.5", "elements": [{"name": "e", "sigma": 7.03704718859445e-06, "units": null, "label": "e", "value": ".02043455350881154", "title": "eccentricity"}, {"title": "perihelion distance", "value": "40.59541582666957", "label": "q", "units": "au", "sigma": 0.000139883767188684, "name": "q"}, {"title": "time of perihelion passage", "value": "2461614.194340698756", "label": "tp", "sigma": 3.52968802121665, "units": "TDB", "name": "tp"}, {"name": "om", "sigma": 3.55643979705417e-05, "units": "deg", "label": "node", "value": "186.9239896599736", "title": "longitude of the ascending node"}, {"name": "w", "sigma": 0.013600774202072, "units": "deg", "label": "peri", "value": "168.5440583610753", "title": "argument of perihelion"}, {"units": "deg", "sigma": 2.4152727782422e-05, "name": "i", "title": "inclination", "value": "19.31365729242056", "label": "i"}], "data": [["4.952003313450499E-11", "9.221520576312398E-10", "-1.881337829767219E-5", "-6.958278111487324E-12", "-7.247169140186812E-8", "9.497599081317135E-12"], ["9.221520576312398E-10", "1.956746832289781E-8", "-.0004592854662592216", "-1.177819704963977E-10", "-1.769594175643789E-6", "1.729389753186858E-10"], ["-1.881337829767219E-5", "-.0004592854662592216", "12.45869752712033", "1.977948456058649E-6", ".04800633467617372", "-3.303110709194607E-6"], ["-6.958278111487324E-12", "-1.177819704963977E-10", "1.977948456058649E-6", "1.264826403007069E-9", "6.425935545990296E-9", "-8.304464688315336E-10"], ["-7.247169140186812E-8", "-1.769594175643789E-6", ".04800633467617372", "6.425935545990296E-9", ".0001849810588957462", "-1.194204949130222E-8"], ["9.497599081317135E-12", "1.729389753186858E-10", "-3.303110709194607E-6", "-8.304464688315336E-10", "-1.194204949130222E-8", "5.833542593317798E-10"]], "labels": ["e", "q", "tp", "node", "peri", "i"]}}, "signature": {"version": "1.3", "source": "NASA/JPL Small-Body Database (SBDB) API"}}