{"orbit": {"sb_used": "SB441-N16", "rms": ".50129", "model_pars": [], "comment": null, "data_arc": "4775", "n_dop_obs_used": null, "pe_used": "DE441", "orbit_id": "6", "n_obs_used": 96, "last_obs": "2023-01-13", "covariance": {"data": [["4.971786556332902E-10", "1.290637862739238E-8", ".0001087429679343305", "-4.63447771841953E-12", "4.483012295441079E-7", "7.86866654790635E-11"], ["1.290637862739238E-8", "7.594207562651785E-7", ".005746492111424594", "-7.034381267260461E-10", "2.39949075096743E-5", "3.931995408582842E-9"], [".0001087429679343305", ".005746492111424594", "43.98317936435474", "-5.030627056775696E-6", ".1834125141586744", "3.017252297482614E-5"], ["-4.63447771841953E-12", "-7.034381267260461E-10", "-5.030627056775696E-6", "2.874932090068013E-9", "-2.388132786358929E-8", "-3.504275537079179E-9"], ["4.483012295441079E-7", "2.39949075096743E-5", ".1834125141586744", "-2.388132786358929E-8", ".0007649648636849932", "1.290710628359633E-7"], ["7.86866654790635E-11", "3.931995408582842E-9", "3.017252297482614E-5", "-3.504275537079179E-9", "1.290710628359633E-7", "4.866174145375953E-9"]], "epoch": "2457518.5", "labels": ["e", "q", "tp", "node", "peri", "i"], "elements": [{"value": ".05060313422771953", "sigma": 2.22975033497764e-05, "name": "e", "label": "e", "title": "eccentricity", "units": null}, {"units": "au", "title": "perihelion distance", "label": "q", "name": "q", "sigma": 0.000871447506316461, "value": "39.32448414881308"}, {"units": "TDB", "title": "time of perihelion passage", "label": "tp", "name": "tp", "sigma": 6.63198155639434, "value": "2445168.346368811999"}, {"units": "deg", "label": "node", "title": "longitude of the ascending node", "sigma": 5.36183932066974e-05, "name": "om", "value": "118.6207674379797"}, {"name": "w", "sigma": 0.0276579981865101, "value": "296.9517039304752", "units": "deg", "title": "argument of perihelion", "label": "peri"}, {"title": "inclination", "label": "i", "units": "deg", "value": "18.61949744382166", "sigma": 6.9757968328901e-05, "name": "i"}]}, "source": "JPL", "condition_code": "3", "t_jup": "5.458", "two_body": null, "equinox": "J2000", "n_del_obs_used": null, "elements": [{"units": null, "title": "eccentricity", "label": "e", "name": "e", "sigma": "2.0629E-5", "value": ".05365932858975608"}, {"units": "au", "label": "a", "title": "semi-major axis", "sigma": ".0017175", "name": "a", "value": "41.32662661354897"}, {"name": "q", "sigma": ".00095487", "value": "39.10906757658638", "units": "au", "title": "perihelion distance", "label": "q"}, {"sigma": "6.9792E-5", "name": "i", "value": "18.65560315834978", "units": "deg", "title": "inclination; angle with respect to x-y ecliptic plane", "label": "i"}, {"value": "118.5877915280991", "sigma": "5.349E-5", "name": "om", "label": "node", "title": "longitude of the ascending node", "units": "deg"}, {"units": "deg", "title": "argument of perihelion", "label": "peri", "sigma": ".027548", "name": "w", "value": "291.5265267607132"}, {"units": "deg", "title": "mean anomaly", "label": "M", "name": "ma", "sigma": ".027747", "value": "59.69678111097662"}, {"value": "2443909.176165810308", "name": "tp", "sigma": "6.5103", "title": "time of perihelion passage", "label": "tp", "units": "TDB"}, {"label": "period", "title": "sidereal orbital period", "units": "d", "value": "97038.3406358092", "name": "per", "sigma": "6.0492"}, {"units": "deg/d", "title": "mean motion", "label": "n", "sigma": "2.3127E-7", "name": "n", "value": ".003709873825554189"}, {"value": "43.54418565051154", "name": "ad", "sigma": ".0018096", "label": "Q", "title": "aphelion distance", "units": "au"}], "moid_jup": "34.3047", "producer": "Otto Matic", "not_valid_after": null, "first_obs": "2009-12-17", "epoch": "2460000.5", "not_valid_before": null, "soln_date": "2023-01-20 21:22:33", "moid": "38.1644"}, "object": {"neo": false, "orbit_class": {"code": "TNO", "name": "TransNeptunian Object"}, "pha": false, "spkid": "3841220", "orbit_id": "6", "fullname": "(2009 YR26)", "prefix": null, "kind": "au", "des": "2009 YR26"}, "signature": {"version": "1.3", "source": "NASA/JPL Small-Body Database (SBDB) API"}}