{"object": {"orbit_class": {"code": "TNO", "name": "TransNeptunian Object"}, "kind": "au", "prefix": null, "neo": false, "spkid": "3074749", "des": "2001 FU172", "orbit_id": "6", "fullname": "(2001 FU172)", "pha": false}, "orbit": {"t_jup": "4.939", "source": "JPL", "last_obs": "2006-05-26", "soln_date": "2021-04-14 21:03:16", "elements": [{"title": "eccentricity", "value": ".2656583272724797", "label": "e", "sigma": ".00044814", "units": null, "name": "e"}, {"label": "a", "value": "39.23052328139781", "title": "semi-major axis", "name": "a", "units": "au", "sigma": ".020695"}, {"label": "q", "value": "28.80860808843759", "title": "perihelion distance", "name": "q", "sigma": ".0055186", "units": "au"}, {"value": "24.78692426982359", "title": "inclination; angle with respect to x-y ecliptic plane", "label": "i", "sigma": ".00078809", "units": "deg", "name": "i"}, {"value": "32.56499474729619", "title": "longitude of the ascending node", "label": "node", "units": "deg", "sigma": ".00015396", "name": "om"}, {"label": "peri", "title": "argument of perihelion", "value": "133.8745215852723", "name": "w", "units": "deg", "sigma": ".052885"}, {"title": "mean anomaly", "value": "55.50668155123267", "label": "M", "sigma": ".046301", "units": "deg", "name": "ma"}, {"value": "2446162.372056578650", "title": "time of perihelion passage", "label": "tp", "sigma": "6.1109", "units": "TDB", "name": "tp"}, {"label": "period", "value": "89750.02504939074", "title": "sidereal orbital period", "name": "per", "units": "d", "sigma": "71.018"}, {"units": "deg/d", "sigma": "3.1739E-6", "name": "n", "title": "mean motion", "value": ".004011140941764493", "label": "n"}, {"name": "ad", "units": "au", "sigma": ".026193", "label": "Q", "title": "aphelion distance", "value": "49.65243847435802"}], "n_dop_obs_used": null, "condition_code": "4", "sb_used": "SB441-N16", "not_valid_after": null, "first_obs": "2001-03-22", "n_obs_used": 31, "not_valid_before": null, "n_del_obs_used": null, "data_arc": "1891", "model_pars": [], "moid_jup": "23.6021", "two_body": null, "pe_used": "DE441", "equinox": "J2000", "comment": null, "producer": "Otto Matic", "rms": ".26237", "moid": "27.8626", "orbit_id": "6", "covariance": {"elements": [{"name": "e", "sigma": 0.00044980933437984, "units": null, "label": "e", "value": ".2700829533523593", "title": "eccentricity"}, {"units": "au", "sigma": 0.0054772011158615, "name": "q", "title": "perihelion distance", "value": "28.75082191615297", "label": "q"}, {"label": "tp", "title": "time of perihelion passage", "value": "2446181.315506921901", "name": "tp", "units": "TDB", "sigma": 5.93020038992919}, {"sigma": 0.000153811375097836, "units": "deg", "name": "om", "value": "32.44536119496261", "title": "longitude of the ascending node", "label": "node"}, {"sigma": 0.0517485495498227, "units": "deg", "name": "w", "value": "133.8072940499621", "title": "argument of perihelion", "label": "peri"}, {"sigma": 0.000785344013042837, "units": "deg", "name": "i", "value": "24.75018527455861", "title": "inclination", "label": "i"}], "epoch": "2452413.5", "data": [["2.023284372952343E-7", "-1.368498022949614E-6", "-.001226030605853896", "-6.42762123823729E-9", "-1.285935147673394E-5", "1.958859600633057E-8"], ["-1.368498022949614E-6", "2.999973206359449E-5", ".03221761009526821", "2.397633752193523E-8", ".0002831236064140556", "-2.489145341397193E-7"], ["-.001226030605853896", ".03221761009526821", "35.16727666471631", "1.688991349655454E-5", ".305070795063102", "-.0002530335082730021"], ["-6.42762123823729E-9", "2.397633752193523E-8", "1.688991349655454E-5", "2.36579391094873E-8", "2.056174277219121E-7", "-7.966794045229917E-8"], ["-1.285935147673394E-5", ".0002831236064140556", ".305070795063102", "2.056174277219121E-7", ".002677912380510454", "-2.274324285291614E-6"], ["1.958859600633057E-8", "-2.489145341397193E-7", "-.0002530335082730021", "-7.966794045229917E-8", "-2.274324285291614E-6", "6.167652188222281E-7"]], "labels": ["e", "q", "tp", "node", "peri", "i"]}, "epoch": "2460000.5"}, "signature": {"version": "1.3", "source": "NASA/JPL Small-Body Database (SBDB) API"}}