{"signature": {"version": "1.3", "source": "NASA/JPL Small-Body Database (SBDB) API"}, "orbit": {"model_pars": [], "n_del_obs_used": null, "data_arc": "3021", "not_valid_before": null, "n_obs_used": 108, "comment": null, "equinox": "J2000", "two_body": null, "pe_used": "DE441", "moid_jup": "25.8637", "orbit_id": "3", "moid": "30.0988", "producer": "Otto Matic", "rms": ".72756", "epoch": "2460000.5", "covariance": {"labels": ["e", "q", "tp", "node", "peri", "i"], "data": [["1.953711822100169E-9", "-4.766144318950415E-8", "1.050613369379071E-5", "-6.319407870637533E-10", "1.958799777177007E-7", "4.311047276306028E-10"], ["-4.766144318950415E-8", "1.629645144299098E-6", "-.0007001548798430551", "1.565455696386512E-8", "-8.313582525994103E-6", "-8.645206964185409E-9"], ["1.050613369379071E-5", "-.0007001548798430551", ".4833692598066713", "-3.673198162234194E-6", ".004438505639270726", "6.162260638158877E-7"], ["-6.319407870637533E-10", "1.565455696386512E-8", "-3.673198162234194E-6", "2.477938009156832E-8", "-8.649418933586097E-8", "-1.657331798447558E-8"], ["1.958799777177007E-7", "-8.313582525994103E-6", ".004438505639270726", "-8.649418933586097E-8", "4.654454964883097E-5", "4.354249659942838E-8"], ["4.311047276306028E-10", "-8.645206964185409E-9", "6.162260638158877E-7", "-1.657331798447558E-8", "4.354249659942838E-8", "1.117589626980232E-8"]], "elements": [{"label": "e", "title": "eccentricity", "value": ".2172140014364534", "name": "e", "sigma": 4.42008124597294e-05, "units": null}, {"units": "au", "sigma": 0.0012765755536979, "name": "q", "value": "30.93626177098644", "title": "perihelion distance", "label": "q"}, {"value": "2468881.808120198953", "title": "time of perihelion passage", "label": "tp", "units": "TDB", "sigma": 0.69524762481196, "name": "tp"}, {"title": "longitude of the ascending node", "value": "114.5298858688476", "label": "node", "sigma": 0.000157414675591472, "units": "deg", "name": "om"}, {"label": "peri", "title": "argument of perihelion", "value": "30.01609264470708", "name": "w", "units": "deg", "sigma": 0.00682235660522308}, {"name": "i", "units": "deg", "sigma": 0.000105716111685033, "label": "i", "title": "inclination", "value": "30.88715505830546"}], "epoch": "2457299.5"}, "source": "JPL", "t_jup": "4.750", "last_obs": "2021-02-15", "not_valid_after": null, "first_obs": "2012-11-08", "sb_used": "SB441-N16", "elements": [{"label": "e", "title": "eccentricity", "value": ".2140815120979953", "name": "e", "units": null, "sigma": "4.3931E-5"}, {"value": "39.51320532365488", "title": "semi-major axis", "label": "a", "units": "au", "sigma": ".0012112", "name": "a"}, {"title": "perihelion distance", "value": "31.05415858012828", "label": "q", "units": "au", "sigma": ".0012759", "name": "q"}, {"label": "i", "title": "inclination; angle with respect to x-y ecliptic plane", "value": "30.93414034753045", "name": "i", "sigma": ".00010565", "units": "deg"}, {"label": "node", "value": "114.4486423871715", "title": "longitude of the ascending node", "name": "om", "units": "deg", "sigma": ".00015691"}, {"sigma": ".0070651", "units": "deg", "name": "w", "title": "argument of perihelion", "value": "29.15324779013781", "label": "peri"}, {"name": "ma", "sigma": ".0038432", "units": "deg", "label": "M", "value": "325.1960898050626", "title": "mean anomaly"}, {"label": "tp", "value": "2468771.262625536263", "title": "time of perihelion passage", "name": "tp", "sigma": ".73764", "units": "TDB"}, {"value": "90721.83348100747", "title": "sidereal orbital period", "label": "period", "sigma": "4.1713", "units": "d", "name": "per"}, {"label": "n", "title": "mean motion", "value": ".003968173770158267", "name": "n", "sigma": "1.8245E-7", "units": "deg/d"}, {"sigma": ".0014705", "units": "au", "name": "ad", "title": "aphelion distance", "value": "47.97225206718147", "label": "Q"}], "n_dop_obs_used": null, "condition_code": "2", "soln_date": "2021-04-15 07:24:55"}, "object": {"des": "2012 YG12", "pha": false, "orbit_id": "3", "fullname": "(2012 YG12)", "spkid": "3841275", "neo": false, "prefix": null, "kind": "au", "orbit_class": {"name": "TransNeptunian Object", "code": "TNO"}}}