{"signature": {"version": "1.3", "source": "NASA/JPL Small-Body Database (SBDB) API"}, "orbit": {"not_valid_after": null, "first_obs": "2003-11-19", "not_valid_before": null, "soln_date": "2023-02-09 04:00:53", "moid": "28.1845", "epoch": "2460000.5", "two_body": null, "equinox": "J2000", "producer": "Otto Matic", "moid_jup": "23.945", "n_del_obs_used": null, "elements": [{"sigma": "1.9193E-5", "name": "e", "value": ".2556993019887457", "units": null, "label": "e", "title": "eccentricity"}, {"label": "a", "title": "semi-major axis", "units": "au", "value": "39.18543940285495", "name": "a", "sigma": ".0012237"}, {"sigma": ".00016008", "name": "q", "value": "29.16574989942265", "units": "au", "label": "q", "title": "perihelion distance"}, {"units": "deg", "title": "inclination; angle with respect to x-y ecliptic plane", "label": "i", "name": "i", "sigma": "6.3171E-6", "value": "4.148030083017211"}, {"title": "longitude of the ascending node", "label": "node", "units": "deg", "value": "10.23055031740557", "sigma": ".00044046", "name": "om"}, {"sigma": ".0013108", "name": "w", "value": "100.0585019802022", "units": "deg", "title": "argument of perihelion", "label": "peri"}, {"label": "M", "title": "mean anomaly", "units": "deg", "value": "2.529754059487892", "sigma": ".00060893", "name": "ma"}, {"value": "2459370.904943726036", "name": "tp", "sigma": ".17636", "title": "time of perihelion passage", "label": "tp", "units": "TDB"}, {"value": "89595.35786040383", "name": "per", "sigma": "4.1968", "title": "sidereal orbital period", "label": "period", "units": "d"}, {"value": ".004018065317188715", "sigma": "1.8821E-7", "name": "n", "label": "n", "title": "mean motion", "units": "deg/d"}, {"label": "Q", "title": "aphelion distance", "units": "au", "value": "49.20512890628725", "sigma": ".0015366", "name": "ad"}], "condition_code": "2", "source": "JPL", "covariance": {"epoch": "2458342.5", "data": [["3.636373789253881E-10", "3.059587233143743E-9", "-3.089065633193332E-6", "-3.544918805459249E-11", "-2.155474030922958E-8", "1.120150368842404E-11"], ["3.059587233143743E-9", "2.634760939335899E-8", "-2.804275199716597E-5", "-2.297385138686121E-10", "-1.958844680021766E-7", "9.542604595978384E-11"], ["-3.089065633193332E-6", "-2.804275199716597E-5", ".03488620090095123", "5.800519204162065E-9", ".0002441156520520301", "-9.824895748833039E-8"], ["-3.544918805459249E-11", "-2.297385138686121E-10", "5.800519204162065E-9", "1.948418121810385E-7", "-1.943006772630518E-7", "-7.421494285473575E-10"], ["-2.155474030922958E-8", "-1.958844680021766E-7", ".0002441156520520301", "-1.943006772630518E-7", "1.902099100564806E-6", "5.324137066646681E-11"], ["1.120150368842404E-11", "9.542604595978384E-11", "-9.824895748833039E-8", "-7.421494285473575E-10", "5.324137066646681E-11", "3.95764806431781E-11"]], "elements": [{"units": null, "title": "eccentricity", "label": "e", "sigma": 1.90692784059961e-05, "name": "e", "value": ".252584872948708"}, {"units": "au", "label": "q", "title": "perihelion distance", "name": "q", "sigma": 0.000162319467080689, "value": "29.16090129109805"}, {"units": "TDB", "title": "time of perihelion passage", "label": "tp", "name": "tp", "sigma": 0.186778480829434, "value": "2459522.830100960702"}, {"units": "deg", "label": "node", "title": "longitude of the ascending node", "sigma": 0.000441408894542281, "name": "om", "value": "10.4115403841458"}, {"label": "peri", "title": "argument of perihelion", "units": "deg", "value": "100.950724115377", "name": "w", "sigma": 0.00137916608882498}, {"units": "deg", "title": "inclination", "label": "i", "name": "i", "sigma": 6.29098407589608e-06, "value": "4.146567413864299"}], "labels": ["e", "q", "tp", "node", "peri", "i"]}, "t_jup": "5.425", "orbit_id": "17", "n_obs_used": 179, "last_obs": "2023-01-20", "data_arc": "7002", "pe_used": "DE441", "n_dop_obs_used": null, "comment": null, "rms": ".37353", "sb_used": "SB441-N16", "model_pars": []}, "object": {"des": "450265", "kind": "an", "prefix": null, "fullname": "450265 (2003 WU172)", "orbit_id": "17", "spkid": "20450265", "pha": false, "orbit_class": {"name": "TransNeptunian Object", "code": "TNO"}, "neo": false}}