{"orbit": {"t_jup": "5.081", "condition_code": "5", "source": "JPL", "covariance": {"data": [["2.60890789925111E-8", "2.262641703801215E-7", ".0008709927188333866", "3.514580562498271E-9", "3.89852107665584E-6", "7.527801013464269E-10"], ["2.262641703801215E-7", "7.938377991280983E-6", "-.2936447821334772", "2.416682696816125E-7", "-.001311196663561435", "-2.623417141422942E-7"], [".0008709927188333866", "-.2936447821334772", "16466.23688562811", "-.01096739567827031", "73.52508660861837", ".01466200726287212"], ["3.514580562498271E-9", "2.416682696816125E-7", "-.01096739567827031", "1.491812915429922E-6", "-5.029802038467977E-5", "-2.039314467564885E-6"], ["3.89852107665584E-6", "-.001311196663561435", "73.52508660861837", "-5.029802038467977E-5", ".3283056320282643", "6.728287155586628E-5"], ["7.527801013464269E-10", "-2.623417141422942E-7", ".01466200726287212", "-2.039314467564885E-6", "6.728287155586628E-5", "2.798587559271679E-6"]], "epoch": "2456637.5", "labels": ["e", "q", "tp", "node", "peri", "i"], "elements": [{"value": ".06904073103947957", "name": "e", "sigma": 0.000161521141007953, "title": "eccentricity", "label": "e", "units": null}, {"sigma": 0.00281751273134319, "name": "q", "value": "37.35676056533595", "units": "au", "title": "perihelion distance", "label": "q"}, {"title": "time of perihelion passage", "label": "tp", "units": "TDB", "value": "2457787.992166425184", "name": "tp", "sigma": 128.3208357424}, {"units": "deg", "title": "longitude of the ascending node", "label": "node", "name": "om", "sigma": 0.00122139793492126, "value": "74.76959498344372"}, {"name": "w", "sigma": 0.572979608736877, "value": "167.0310616396135", "units": "deg", "label": "peri", "title": "argument of perihelion"}, {"title": "inclination", "label": "i", "units": "deg", "value": "26.65138340504977", "name": "i", "sigma": 0.00167289795243813}]}, "last_obs": "2017-05-26", "n_obs_used": 22, "orbit_id": "5", "moid": "36.35", "not_valid_before": null, "soln_date": "2021-04-15 08:11:55", "epoch": "2460000.5", "not_valid_after": null, "first_obs": "2013-04-19", "producer": "Otto Matic", "n_del_obs_used": null, "moid_jup": "32.0116", "elements": [{"value": ".06852814755073676", "sigma": ".00016812", "name": "e", "title": "eccentricity", "label": "e", "units": null}, {"value": "40.10949933344398", "sigma": ".0087921", "name": "a", "title": "semi-major axis", "label": "a", "units": "au"}, {"title": "perihelion distance", "label": "q", "units": "au", "value": "37.36086964493555", "name": "q", "sigma": ".0040523"}, {"value": "26.64437955252605", "sigma": ".0016734", "name": "i", "title": "inclination; angle with respect to x-y ecliptic plane", "label": "i", "units": "deg"}, {"value": "74.81067696815532", "sigma": ".0012216", "name": "om", "title": "longitude of the ascending node", "label": "node", "units": "deg"}, {"title": "argument of perihelion", "label": "peri", "units": "deg", "value": "170.3897281303273", "sigma": ".57575", "name": "w"}, {"sigma": ".49969", "name": "ma", "value": "5.66422930345393", "units": "deg", "title": "mean anomaly", "label": "M"}, {"name": "tp", "sigma": "128.9", "value": "2458540.652084834557", "units": "TDB", "title": "time of perihelion passage", "label": "tp"}, {"title": "sidereal orbital period", "label": "period", "units": "d", "value": "92783.187491914", "name": "per", "sigma": "30.507"}, {"value": ".00388001328399473", "name": "n", "sigma": "1.2758E-6", "title": "mean motion", "label": "n", "units": "deg/d"}, {"value": "42.85812902195241", "sigma": ".0093946", "name": "ad", "title": "aphelion distance", "label": "Q", "units": "au"}], "equinox": "J2000", "two_body": null, "comment": null, "model_pars": [], "rms": ".31952", "sb_used": "SB441-N16", "pe_used": "DE441", "n_dop_obs_used": null, "data_arc": "1498"}, "object": {"spkid": "3727191", "pha": false, "neo": false, "orbit_class": {"code": "TNO", "name": "TransNeptunian Object"}, "prefix": null, "des": "2013 JU64", "kind": "au", "orbit_id": "5", "fullname": "(2013 JU64)"}, "signature": {"version": "1.3", "source": "NASA/JPL Small-Body Database (SBDB) API"}}