{"signature": {"version": "1.3", "source": "NASA/JPL Small-Body Database (SBDB) API"}, "object": {"pha": false, "spkid": "20129746", "orbit_class": {"code": "TNO", "name": "TransNeptunian Object"}, "neo": false, "kind": "an", "des": "129746", "prefix": null, "fullname": "129746 (1999 CE119)", "orbit_id": "9"}, "orbit": {"pe_used": "DE441", "n_dop_obs_used": null, "data_arc": "7805", "model_pars": [], "rms": ".80012", "sb_used": "SB441-N16", "comment": null, "producer": "Otto Matic", "n_del_obs_used": null, "moid_jup": "23.3044", "elements": [{"sigma": "1.6182E-5", "name": "e", "value": ".2643622881504273", "units": null, "label": "e", "title": "eccentricity"}, {"label": "a", "title": "semi-major axis", "units": "au", "value": "39.09938481020455", "name": "a", "sigma": ".001019"}, {"sigma": ".00011934", "name": "q", "value": "28.76298197650481", "units": "au", "label": "q", "title": "perihelion distance"}, {"value": "1.475971005651673", "sigma": "2.9471E-5", "name": "i", "label": "i", "title": "inclination; angle with respect to x-y ecliptic plane", "units": "deg"}, {"sigma": ".0011821", "name": "om", "value": "171.6960618381412", "units": "deg", "title": "longitude of the ascending node", "label": "node"}, {"units": "deg", "title": "argument of perihelion", "label": "peri", "name": "w", "sigma": ".0015219", "value": "34.77849866686571"}, {"value": "16.00933787780506", "name": "ma", "sigma": ".00088566", "title": "mean anomaly", "label": "M", "units": "deg"}, {"units": "TDB", "title": "time of perihelion passage", "label": "tp", "name": "tp", "sigma": ".13304", "value": "2456029.277842164494"}, {"label": "period", "title": "sidereal orbital period", "units": "d", "value": "89300.38129826712", "sigma": "3.4911", "name": "per"}, {"title": "mean motion", "label": "n", "units": "deg/d", "value": ".004031337769965219", "sigma": "1.576E-7", "name": "n"}, {"name": "ad", "sigma": ".0012884", "value": "49.43578764390428", "units": "au", "title": "aphelion distance", "label": "Q"}], "equinox": "J2000", "two_body": null, "not_valid_before": null, "soln_date": "2021-04-13 17:47:54", "moid": "27.7595", "epoch": "2460000.5", "first_obs": "1999-02-10", "not_valid_after": null, "n_obs_used": 138, "last_obs": "2020-06-24", "orbit_id": "9", "t_jup": "5.419", "condition_code": "2", "source": "JPL", "covariance": {"elements": [{"name": "e", "sigma": 1.62728746004141e-05, "value": ".2744255757062149", "units": null, "title": "eccentricity", "label": "e"}, {"title": "perihelion distance", "label": "q", "units": "au", "value": "28.75901295599946", "name": "q", "sigma": 0.000119387668860864}, {"value": "2456026.364711488566", "sigma": 0.128088460088219, "name": "tp", "label": "tp", "title": "time of perihelion passage", "units": "TDB"}, {"units": "deg", "title": "longitude of the ascending node", "label": "node", "name": "om", "sigma": 0.00118295329761325, "value": "171.4988468672011"}, {"sigma": 0.00150267329039585, "name": "w", "value": "34.86106094439027", "units": "deg", "label": "peri", "title": "argument of perihelion"}, {"value": "1.472953631394044", "name": "i", "sigma": 2.92826931503774e-05, "title": "inclination", "label": "i", "units": "deg"}], "labels": ["e", "q", "tp", "node", "peri", "i"], "epoch": "2457563.5", "data": [["2.648064477608024E-10", "1.896265028053544E-9", "2.707542148734957E-7", "5.634669385795949E-11", "1.877775334498618E-9", "3.950825267067221E-12"], ["1.896265028053544E-9", "1.425341547603143E-8", "4.692438651372936E-6", "3.787001746928564E-10", "3.350625709306312E-8", "2.7931093553398E-11"], ["2.707542148734957E-7", "4.692438651372936E-6", ".01640665360777116", "-1.104297568595224E-7", ".0001187477940880275", "-1.516647624834536E-10"], ["5.634669385795949E-11", "3.787001746928564E-10", "-1.104297568595224E-7", "1.399378504334073E-6", "-1.399717659640696E-6", "3.364511135466968E-8"], ["1.877775334498618E-9", "3.350625709306312E-8", ".0001187477940880275", "-1.399717659640696E-6", "2.258027017669091E-6", "-3.363524392279706E-8"], ["3.950825267067221E-12", "2.7931093553398E-11", "-1.516647624834536E-10", "3.364511135466968E-8", "-3.363524392279706E-8", "8.574761181391586E-10"]]}}}