{"signature": {"version": "1.3", "source": "NASA/JPL Small-Body Database (SBDB) API"}, "object": {"prefix": null, "kind": "an", "des": "91133", "orbit_id": "9", "fullname": "91133 (1998 HK151)", "pha": false, "spkid": "20091133", "neo": false, "orbit_class": {"code": "TNO", "name": "TransNeptunian Object"}}, "orbit": {"condition_code": "4", "source": "JPL", "covariance": {"elements": [{"units": null, "label": "e", "title": "eccentricity", "sigma": 0.000191109238179006, "name": "e", "value": ".2240585093588112"}, {"name": "q", "sigma": 0.00107828562227581, "value": "30.37271680015517", "units": "au", "label": "q", "title": "perihelion distance"}, {"sigma": 31.0253294732742, "name": "tp", "value": "2451175.465287459662", "units": "TDB", "label": "tp", "title": "time of perihelion passage"}, {"value": "50.25230727233334", "sigma": 0.000339791573744216, "name": "om", "label": "node", "title": "longitude of the ascending node", "units": "deg"}, {"title": "argument of perihelion", "label": "peri", "units": "deg", "value": "181.1771407904464", "sigma": 0.202077893918862, "name": "w"}, {"sigma": 0.000599779110641215, "name": "i", "value": "5.955002596997174", "units": "deg", "label": "i", "title": "inclination"}], "labels": ["e", "q", "tp", "node", "peri", "i"], "epoch": "2451357.5", "data": [["3.652274091736002E-8", "1.952659293285316E-7", "-.005003541998690138", "3.194036487730246E-9", "-3.258986993492664E-5", "5.392612046973648E-9"], ["1.952659293285316E-7", "1.162699883206739E-6", "-.02211144743540801", "1.560340295407795E-8", "-.0001440181630364125", "2.429950881734306E-8"], ["-.005003541998690138", "-.02211144743540801", "962.5710689252181", "-.0005376551326166216", "6.269524433990746", "-.001012878103511378"], ["3.194036487730246E-9", "1.560340295407795E-8", "-.0005376551326166216", "1.154583135875707E-7", "-3.616432577985011E-6", "1.423530817032124E-7"], ["-3.258986993492664E-5", "-.0001440181630364125", "6.269524433990746", "-3.616432577985011E-6", ".04083547521068294", "-6.738206530872688E-6"], ["5.392612046973648E-9", "2.429950881734306E-8", "-.001012878103511378", "1.423530817032124E-7", "-6.738206530872688E-6", "3.597349815615668E-7"]]}, "t_jup": "5.464", "orbit_id": "9", "n_obs_used": 31, "last_obs": "2001-07-19", "not_valid_after": null, "first_obs": "1998-04-28", "moid": "29.4467", "not_valid_before": null, "soln_date": "2021-04-13 14:43:48", "epoch": "2460000.5", "equinox": "J2000", "two_body": null, "producer": "Otto Matic", "n_del_obs_used": null, "moid_jup": "25.0477", "elements": [{"label": "e", "title": "eccentricity", "units": null, "value": ".2272476894672131", "name": "e", "sigma": ".00018584"}, {"name": "a", "sigma": ".010893", "value": "39.4137650900183", "units": "au", "title": "semi-major axis", "label": "a"}, {"sigma": ".001127", "name": "q", "value": "30.45707804010814", "units": "au", "label": "q", "title": "perihelion distance"}, {"sigma": ".00059977", "name": "i", "value": "5.948833925689296", "units": "deg", "title": "inclination; angle with respect to x-y ecliptic plane", "label": "i"}, {"sigma": ".00034089", "name": "om", "value": "50.35178190261704", "units": "deg", "label": "node", "title": "longitude of the ascending node"}, {"value": "181.5217373758199", "name": "w", "sigma": ".20056", "label": "peri", "title": "argument of perihelion", "units": "deg"}, {"name": "ma", "sigma": ".1114", "value": "34.96316250732656", "units": "deg", "label": "M", "title": "mean anomaly"}, {"label": "tp", "title": "time of perihelion passage", "units": "TDB", "value": "2451222.844728456894", "sigma": "30.871", "name": "tp"}, {"title": "sidereal orbital period", "label": "period", "units": "d", "value": "90379.57870925854", "sigma": "37.468", "name": "per"}, {"title": "mean motion", "label": "n", "units": "deg/d", "value": ".003983200686939265", "sigma": "1.6513E-6", "name": "n"}, {"value": "48.37045213992847", "name": "ad", "sigma": ".013368", "label": "Q", "title": "aphelion distance", "units": "au"}], "comment": null, "sb_used": "SB441-N16", "rms": ".21092", "model_pars": [], "data_arc": "1178", "pe_used": "DE441", "n_dop_obs_used": null}}