{"orbit": {"pe_used": "DE441", "n_dop_obs_used": null, "data_arc": "4413", "model_pars": [], "rms": ".47887", "sb_used": "SB441-N16", "comment": null, "producer": "Otto Matic", "moid_jup": "24.399", "n_del_obs_used": null, "elements": [{"title": "eccentricity", "label": "e", "units": null, "value": ".2590521176794142", "name": "e", "sigma": "2.5347E-5"}, {"value": "39.56733722418539", "name": "a", "sigma": ".0019173", "title": "semi-major axis", "label": "a", "units": "au"}, {"units": "au", "title": "perihelion distance", "label": "q", "name": "q", "sigma": ".00048324", "value": "29.31733472532465"}, {"units": "deg", "label": "i", "title": "inclination; angle with respect to x-y ecliptic plane", "sigma": "5.3142E-5", "name": "i", "value": "9.278887351694246"}, {"units": "deg", "label": "node", "title": "longitude of the ascending node", "name": "om", "sigma": ".00014974", "value": "304.2587044225776"}, {"title": "argument of perihelion", "label": "peri", "units": "deg", "value": "107.4054013551678", "name": "w", "sigma": ".0045444"}, {"name": "ma", "sigma": ".0051128", "value": "38.3535349866528", "units": "deg", "title": "mean anomaly", "label": "M"}, {"value": "2450315.345321629402", "name": "tp", "sigma": ".60882", "title": "time of perihelion passage", "label": "tp", "units": "TDB"}, {"value": "90908.32658389343", "sigma": "6.6076", "name": "per", "title": "sidereal orbital period", "label": "period", "units": "d"}, {"value": ".003960033294285526", "sigma": "2.8783E-7", "name": "n", "label": "n", "title": "mean motion", "units": "deg/d"}, {"units": "au", "title": "aphelion distance", "label": "Q", "sigma": ".0024139", "name": "ad", "value": "49.81733972304614"}], "two_body": null, "equinox": "J2000", "not_valid_before": null, "moid": "28.3392", "soln_date": "2022-02-02 17:06:14", "epoch": "2460000.5", "not_valid_after": null, "first_obs": "2009-12-08", "last_obs": "2022-01-07", "n_obs_used": 76, "orbit_id": "6", "t_jup": "5.389", "source": "JPL", "condition_code": "2", "covariance": {"data": [["6.500889518032171E-10", "9.832681706914827E-9", "1.322676304369552E-5", "-1.744090057664123E-11", "9.476018768305559E-8", "8.099981215231226E-11"], ["9.832681706914827E-9", "2.29139326766981E-7", ".000294540834061938", "-1.286521320245188E-9", "2.181016559908824E-6", "1.843699595023065E-9"], ["1.322676304369552E-5", ".000294540834061938", ".3810553314828165", "-1.559130748917298E-6", ".002812142778216808", "2.37044415914974E-6"], ["-1.744090057664123E-11", "-1.286521320245188E-9", "-1.559130748917298E-6", "2.254687341858738E-8", "-3.430732280776311E-8", "-7.592809246376889E-9"], ["9.476018768305559E-8", "2.181016559908824E-6", ".002812142778216808", "-3.430732280776311E-8", "2.082121563599205E-5", "2.501631809278032E-8"], ["8.099981215231226E-11", "1.843699595023065E-9", "2.37044415914974E-6", "-7.592809246376889E-9", "2.501631809278032E-8", "2.825419496048848E-9"]], "epoch": "2457694.5", "labels": ["e", "q", "tp", "node", "peri", "i"], "elements": [{"units": null, "label": "e", "title": "eccentricity", "name": "e", "sigma": 2.54968419966712e-05, "value": ".2553313339496913"}, {"units": "au", "label": "q", "title": "perihelion distance", "sigma": 0.00047868499743253, "name": "q", "value": "29.42224015566976"}, {"units": "TDB", "label": "tp", "title": "time of perihelion passage", "sigma": 0.617296793676119, "name": "tp", "value": "2450392.621064176475"}, {"title": "longitude of the ascending node", "label": "node", "units": "deg", "value": "304.3073729021254", "name": "om", "sigma": 0.000150156163438559}, {"units": "deg", "title": "argument of perihelion", "label": "peri", "sigma": 0.00456302702556012, "name": "w", "value": "108.1212865894804"}, {"label": "i", "title": "inclination", "units": "deg", "value": "9.265322568658036", "name": "i", "sigma": 5.31546752040575e-05}]}}, "object": {"orbit_id": "6", "fullname": "(2014 WC509)", "prefix": null, "des": "2014 WC509", "kind": "au", "neo": false, "orbit_class": {"name": "TransNeptunian Object", "code": "TNO"}, "spkid": "3755659", "pha": false}, "signature": {"version": "1.3", "source": "NASA/JPL Small-Body Database (SBDB) API"}}