{"orbit": {"last_obs": "2015-02-18", "not_valid_after": null, "sb_used": "SB441-N16", "first_obs": "2009-02-18", "n_dop_obs_used": null, "condition_code": "4", "elements": [{"sigma": ".0002904", "units": null, "name": "e", "title": "eccentricity", "value": ".1934227145994112", "label": "e"}, {"name": "a", "units": "au", "sigma": ".012181", "label": "a", "value": "39.13048909097516", "title": "semi-major axis"}, {"sigma": ".0051948", "units": "au", "name": "q", "title": "perihelion distance", "value": "31.5617636673961", "label": "q"}, {"units": "deg", "sigma": "3.919E-5", "name": "i", "title": "inclination; angle with respect to x-y ecliptic plane", "value": "10.56563605746082", "label": "i"}, {"name": "om", "units": "deg", "sigma": ".003588", "label": "node", "title": "longitude of the ascending node", "value": "95.03203132627347"}, {"value": "129.7378600376165", "title": "argument of perihelion", "label": "peri", "sigma": ".085393", "units": "deg", "name": "w"}, {"value": "353.2837288665767", "title": "mean anomaly", "label": "M", "sigma": ".05216", "units": "deg", "name": "ma"}, {"units": "TDB", "sigma": "13.082", "name": "tp", "value": "2461668.503895206219", "title": "time of perihelion passage", "label": "tp"}, {"value": "89406.96263525792", "title": "sidereal orbital period", "label": "period", "sigma": "41.749", "units": "d", "name": "per"}, {"title": "mean motion", "value": ".004026532043915256", "label": "n", "sigma": "1.8802E-6", "units": "deg/d", "name": "n"}, {"value": "46.69921451455422", "title": "aphelion distance", "label": "Q", "units": "au", "sigma": ".014538", "name": "ad"}], "soln_date": "2021-04-15 02:38:11", "source": "JPL", "t_jup": "5.423", "orbit_id": "6", "moid": "30.5633", "rms": ".099109", "producer": "Otto Matic", "epoch": "2460000.5", "covariance": {"epoch": "2455040.5", "elements": [{"value": ".1974277619168437", "title": "eccentricity", "label": "e", "units": null, "sigma": 0.000290817353997286, "name": "e"}, {"sigma": 0.00520186482917379, "units": "au", "name": "q", "value": "31.53797481731877", "title": "perihelion distance", "label": "q"}, {"label": "tp", "value": "2461678.341814362951", "title": "time of perihelion passage", "name": "tp", "sigma": 12.7718368138177, "units": "TDB"}, {"sigma": 0.00358607669040546, "units": "deg", "name": "om", "value": "95.11946847903774", "title": "longitude of the ascending node", "label": "node"}, {"title": "argument of perihelion", "value": "129.7253096001258", "label": "peri", "units": "deg", "sigma": 0.0837584392984919, "name": "w"}, {"sigma": 3.89921628329329e-05, "units": "deg", "name": "i", "title": "inclination", "value": "10.56251829216797", "label": "i"}], "labels": ["e", "q", "tp", "node", "peri", "i"], "data": [["8.457473338598281E-8", "-7.632475904238532E-7", ".002293808589520267", "-1.181773403648792E-7", "1.538551306264512E-5", "5.388585916345923E-9"], ["-7.632475904238532E-7", "2.705939770099522E-5", "-.06573666603832312", "2.052310754187558E-6", "-.00042966746057359", "-2.485115348637679E-8"], [".002293808589520267", "-.06573666603832312", "163.1198155987884", "-.005415610287122174", "1.068612578276902", "9.413713126371607E-5"], ["-1.181773403648792E-7", "2.052310754187558E-6", "-.005415610287122174", "1.285994602946935E-5", "-4.819697944813218E-5", "-1.970236968175956E-8"], ["1.538551306264512E-5", "-.00042966746057359", "1.068612578276902", "-4.819697944813218E-5", ".007015476153719147", "6.566492798629216E-7"], ["5.388585916345923E-9", "-2.485115348637679E-8", "9.413713126371607E-5", "-1.970236968175956E-8", "6.566492798629216E-7", "1.520388762389952E-9"]]}, "model_pars": [], "data_arc": "2191", "n_del_obs_used": null, "not_valid_before": null, "n_obs_used": 21, "comment": null, "pe_used": "DE441", "two_body": null, "equinox": "J2000", "moid_jup": "26.1849"}, "object": {"neo": false, "prefix": null, "kind": "au", "orbit_class": {"code": "TNO", "name": "TransNeptunian Object"}, "des": "2009 DN143", "orbit_id": "6", "pha": false, "fullname": "(2009 DN143)", "spkid": "3587880"}, "signature": {"version": "1.3", "source": "NASA/JPL Small-Body Database (SBDB) API"}}