{"object": {"neo": false, "prefix": null, "kind": "au", "orbit_class": {"name": "TransNeptunian Object", "code": "TNO"}, "pha": false, "orbit_id": "5", "fullname": "(2013 JF65)", "des": "2013 JF65", "spkid": "3727206"}, "orbit": {"last_obs": "2016-05-06", "sb_used": "SB441-N16", "not_valid_after": null, "first_obs": "2013-04-09", "elements": [{"name": "e", "sigma": ".0001348", "units": null, "label": "e", "title": "eccentricity", "value": ".1741356179879054"}, {"label": "a", "value": "39.32530492131043", "title": "semi-major axis", "name": "a", "sigma": ".0067284", "units": "au"}, {"units": "au", "sigma": ".0018522", "name": "q", "value": "32.47736864627522", "title": "perihelion distance", "label": "q"}, {"title": "inclination; angle with respect to x-y ecliptic plane", "value": "8.313193520933211", "label": "i", "units": "deg", "sigma": ".00049953", "name": "i"}, {"label": "node", "value": "112.7063246777661", "title": "longitude of the ascending node", "name": "om", "units": "deg", "sigma": ".0044812"}, {"sigma": ".12772", "units": "deg", "name": "w", "title": "argument of perihelion", "value": "119.8686418387479", "label": "peri"}, {"value": "18.52148619738811", "title": "mean anomaly", "label": "M", "units": "deg", "sigma": ".086937", "name": "ma"}, {"units": "TDB", "sigma": "21.973", "name": "tp", "value": "2455366.245220177357", "title": "time of perihelion passage", "label": "tp"}, {"value": "90075.47790476009", "title": "sidereal orbital period", "label": "period", "units": "d", "sigma": "23.117", "name": "per"}, {"name": "n", "sigma": "1.0257E-6", "units": "deg/d", "label": "n", "title": "mean motion", "value": ".003996648237388653"}, {"name": "ad", "sigma": ".0079001", "units": "au", "label": "Q", "value": "46.17324119634564", "title": "aphelion distance"}], "n_dop_obs_used": null, "condition_code": "4", "soln_date": "2021-04-15 08:11:57", "source": "JPL", "t_jup": "5.490", "orbit_id": "5", "moid": "31.4749", "producer": "Otto Matic", "rms": ".23578", "epoch": "2460000.5", "covariance": {"data": [["1.957179008569322E-8", "-4.108986733783314E-8", "-.001704846609907052", "3.797195504392856E-8", "-9.949287217940699E-6", "-3.459175647163694E-9"], ["-4.108986733783314E-8", "4.220097771009143E-6", ".03954824476199185", "-7.427908846048876E-7", ".0002305074118687312", "9.252637007457717E-8"], ["-.001704846609907052", ".03954824476199185", "467.9531050199436", "-.009208978265151034", "2.728024764843986", ".001053918340547227"], ["3.797195504392856E-8", "-7.427908846048876E-7", "-.009208978265151034", "1.998037012131903E-5", "-7.327754837327771E-5", "-2.229656943791524E-6"], ["-9.949287217940699E-6", ".0002305074118687312", "2.728024764843986", "-7.327754837327771E-5", ".01592296330751063", "8.329717443727212E-6"], ["-3.459175647163694E-9", "9.252637007457717E-8", ".001053918340547227", "-2.229656943791524E-6", "8.329717443727212E-6", "2.498518740237437E-7"]], "labels": ["e", "q", "tp", "node", "peri", "i"], "epoch": "2456710.5", "elements": [{"name": "e", "units": null, "sigma": 0.000139899214028147, "label": "e", "title": "eccentricity", "value": ".175438925780333"}, {"label": "q", "title": "perihelion distance", "value": "32.43990563619343", "name": "q", "sigma": 0.00205428765537087, "units": "au"}, {"value": "2455149.967815647363", "title": "time of perihelion passage", "label": "tp", "units": "TDB", "sigma": 21.6322237650211, "name": "tp"}, {"label": "node", "title": "longitude of the ascending node", "value": "112.6044939008611", "name": "om", "sigma": 0.00446994072906107, "units": "deg"}, {"name": "w", "sigma": 0.126186224713756, "units": "deg", "label": "peri", "value": "118.6542731948392", "title": "argument of perihelion"}, {"label": "i", "title": "inclination", "value": "8.324211948639109", "name": "i", "sigma": 0.000499851852075936, "units": "deg"}]}, "data_arc": "1123", "model_pars": [], "n_del_obs_used": null, "not_valid_before": null, "n_obs_used": 30, "comment": null, "two_body": null, "equinox": "J2000", "pe_used": "DE441", "moid_jup": "27.1086"}, "signature": {"version": "1.3", "source": "NASA/JPL Small-Body Database (SBDB) API"}}