{"signature": {"version": "1.3", "source": "NASA/JPL Small-Body Database (SBDB) API"}, "object": {"prefix": null, "des": "2012 TD324", "kind": "au", "orbit_id": "9", "fullname": "(2012 TD324)", "spkid": "3756010", "pha": false, "neo": false, "orbit_class": {"name": "TransNeptunian Object", "code": "TNO"}}, "orbit": {"moid_jup": "29.0036", "n_del_obs_used": null, "elements": [{"label": "e", "title": "eccentricity", "units": null, "value": ".1416922815100938", "sigma": "2.1749E-5", "name": "e"}, {"sigma": ".0016567", "name": "a", "value": "39.73414905864438", "units": "au", "label": "a", "title": "semi-major axis"}, {"units": "au", "title": "perihelion distance", "label": "q", "sigma": ".00090739", "name": "q", "value": "34.10412682466291"}, {"name": "i", "sigma": "2.3458E-5", "value": "9.574069681264968", "units": "deg", "label": "i", "title": "inclination; angle with respect to x-y ecliptic plane"}, {"label": "node", "title": "longitude of the ascending node", "units": "deg", "value": "114.5718872925867", "name": "om", "sigma": ".00054558"}, {"sigma": ".010718", "name": "w", "value": "194.0441011023176", "units": "deg", "label": "peri", "title": "argument of perihelion"}, {"sigma": ".010962", "name": "ma", "value": "60.16256758028084", "units": "deg", "title": "mean anomaly", "label": "M"}, {"value": "2444711.884321115791", "name": "tp", "sigma": "1.8629", "label": "tp", "title": "time of perihelion passage", "units": "TDB"}, {"value": "91483.82234607787", "name": "per", "sigma": "5.7216", "label": "period", "title": "sidereal orbital period", "units": "d"}, {"units": "deg/d", "label": "n", "title": "mean motion", "name": "n", "sigma": "2.4611E-7", "value": ".003935121978595749"}, {"label": "Q", "title": "aphelion distance", "units": "au", "value": "45.36417129262585", "sigma": ".0018914", "name": "ad"}], "producer": "Otto Matic", "two_body": null, "equinox": "J2000", "epoch": "2460000.5", "moid": "33.0892", "not_valid_before": null, "soln_date": "2022-11-05 00:33:06", "first_obs": "2009-10-15", "not_valid_after": null, "last_obs": "2022-10-16", "n_obs_used": 138, "orbit_id": "9", "t_jup": "5.526", "covariance": {"labels": ["e", "q", "tp", "node", "peri", "i"], "elements": [{"title": "eccentricity", "label": "e", "units": null, "value": ".1363349742456437", "name": "e", "sigma": 2.08443563159167e-05}, {"name": "q", "sigma": 0.000952812145094701, "value": "33.93655073960246", "units": "au", "label": "q", "title": "perihelion distance"}, {"value": "2444051.256991402774", "sigma": 1.95190513054089, "name": "tp", "title": "time of perihelion passage", "label": "tp", "units": "TDB"}, {"units": "deg", "label": "node", "title": "longitude of the ascending node", "name": "om", "sigma": 0.000547465342231235, "value": "114.7135241412285"}, {"value": "190.5141237734736", "sigma": 0.0113315562073051, "name": "w", "label": "peri", "title": "argument of perihelion", "units": "deg"}, {"sigma": 2.36942460734551e-05, "name": "i", "value": "9.580480433493516", "units": "deg", "title": "inclination", "label": "i"}], "data": [["4.344871902248967E-10", "4.714273864998911E-9", "2.196195275756716E-5", "2.863250098484861E-10", "1.105770967597898E-7", "4.167764604317125E-11"], ["4.714273864998911E-9", "9.078509838399662E-7", ".001757070720195646", "-1.402164507033446E-8", "1.044712709906984E-5", "1.265255655694981E-9"], ["2.196195275756716E-5", ".001757070720195646", "3.809933638631857", "-1.59010366151074E-5", ".02201678391653697", "3.531316808997814E-6"], ["2.863250098484861E-10", "-1.402164507033446E-8", "-1.59010366151074E-5", "2.997183009443633E-7", "-4.070684634578785E-7", "1.24130118980828E-8"], ["1.105770967597898E-7", "1.044712709906984E-5", ".02201678391653697", "-4.070684634578785E-7", ".0001284041660793154", "7.077322072114494E-9"], ["4.167764604317125E-11", "1.265255655694981E-9", "3.531316808997814E-6", "1.24130118980828E-8", "7.077322072114494E-9", "5.614172969894436E-10"]], "epoch": "2457010.5"}, "source": "JPL", "condition_code": "3", "n_dop_obs_used": null, "pe_used": "DE441", "data_arc": "4749", "model_pars": [], "rms": ".5033", "sb_used": "SB441-N16", "comment": null}}