{"orbit": {"orbit_id": "7", "last_obs": "2019-06-06", "n_obs_used": 19, "condition_code": "4", "source": "JPL", "covariance": {"labels": ["e", "q", "tp", "node", "peri", "i"], "elements": [{"units": null, "title": "eccentricity", "label": "e", "name": "e", "sigma": 0.000102979055940382, "value": ".2446884759519427"}, {"value": "29.89265670658507", "name": "q", "sigma": 0.0108173221572437, "title": "perihelion distance", "label": "q", "units": "au"}, {"value": "2435655.051661696813", "name": "tp", "sigma": 9.00016328211061, "label": "tp", "title": "time of perihelion passage", "units": "TDB"}, {"units": "deg", "label": "node", "title": "longitude of the ascending node", "name": "om", "sigma": 0.000141896322145792, "value": "203.2393292966414"}, {"value": "264.0865071181423", "sigma": 0.0745663206151674, "name": "w", "label": "peri", "title": "argument of perihelion", "units": "deg"}, {"units": "deg", "title": "inclination", "label": "i", "name": "i", "sigma": 0.000417979616795333, "value": "22.64356687250275"}], "data": [["1.060468596237229E-8", "4.966282634848138E-7", ".0007541731890444455", "-2.721748176428363E-9", "5.081789829134919E-6", "2.279111805796229E-9"], ["4.966282634848138E-7", ".0001170144586535952", ".08593150735208253", "-6.760548479248965E-7", ".0007792005058610644", "-7.697090115986732E-8"], [".0007541731890444455", ".08593150735208253", "81.00293910465201", "-.0004891040024567997", ".6537493679903806", "6.328415774113053E-5"], ["-2.721748176428363E-9", "-6.760548479248965E-7", "-.0004891040024567997", "2.013456623850229E-8", "-4.483598019600845E-6", "3.250966522704348E-8"], ["5.081789829134919E-6", ".0007792005058610644", ".6537493679903806", "-4.483598019600845E-6", ".005560136170083937", "3.641067120591331E-9"], ["2.279111805796229E-9", "-7.697090115986732E-8", "6.328415774113053E-5", "3.250966522704348E-8", "3.641067120591331E-9", "1.747069600563737E-7"]], "epoch": "2453838.5"}, "t_jup": "5.038", "two_body": null, "equinox": "J2000", "producer": "Otto Matic", "n_del_obs_used": null, "moid_jup": "24.8447", "elements": [{"value": ".2453541416068155", "name": "e", "sigma": "9.4373E-5", "title": "eccentricity", "label": "e", "units": null}, {"sigma": ".017002", "name": "a", "value": "39.17673005293452", "units": "au", "label": "a", "title": "semi-major axis"}, {"name": "q", "sigma": ".011027", "value": "29.56455707983484", "units": "au", "label": "q", "title": "perihelion distance"}, {"name": "i", "sigma": ".00042052", "value": "22.76955735984373", "units": "deg", "label": "i", "title": "inclination; angle with respect to x-y ecliptic plane"}, {"value": "203.3442336143369", "name": "om", "sigma": ".00014518", "label": "node", "title": "longitude of the ascending node", "units": "deg"}, {"label": "peri", "title": "argument of perihelion", "units": "deg", "value": "261.6632979517611", "sigma": ".07442", "name": "w"}, {"units": "deg", "label": "M", "title": "mean anomaly", "name": "ma", "sigma": ".098742", "value": "99.08878408740647"}, {"units": "TDB", "label": "tp", "title": "time of perihelion passage", "sigma": "8.6758", "name": "tp", "value": "2435347.901568671288"}, {"name": "per", "sigma": "58.305", "value": "89565.48934387702", "units": "d", "label": "period", "title": "sidereal orbital period"}, {"units": "deg/d", "title": "mean motion", "label": "n", "sigma": "2.6165E-6", "name": "n", "value": ".004019405271351992"}, {"sigma": ".021174", "name": "ad", "value": "48.78890302603419", "units": "au", "title": "aphelion distance", "label": "Q"}], "not_valid_after": null, "first_obs": "2004-04-26", "moid": "28.6582", "not_valid_before": null, "soln_date": "2021-04-14 22:13:41", "epoch": "2460000.5", "rms": ".21464", "sb_used": "SB441-N16", "model_pars": [], "comment": null, "data_arc": "5519", "pe_used": "DE441", "n_dop_obs_used": null}, "object": {"fullname": "(2004 HA79)", "orbit_id": "7", "kind": "au", "des": "2004 HA79", "prefix": null, "orbit_class": {"code": "TNO", "name": "TransNeptunian Object"}, "neo": false, "pha": false, "spkid": "3563283"}, "signature": {"version": "1.3", "source": "NASA/JPL Small-Body Database (SBDB) API"}}