{"signature": {"version": "1.3", "source": "NASA/JPL Small-Body Database (SBDB) API"}, "object": {"des": "2015 GN54", "pha": false, "orbit_id": "2", "fullname": "(2015 GN54)", "spkid": "3830903", "neo": false, "prefix": null, "kind": "au", "orbit_class": {"name": "TransNeptunian Object", "code": "TNO"}}, "orbit": {"source": "JPL", "t_jup": "5.554", "last_obs": "2017-06-25", "elements": [{"units": null, "sigma": ".0010284", "name": "e", "title": "eccentricity", "value": ".1683701972287616", "label": "e"}, {"name": "a", "units": "au", "sigma": ".014503", "label": "a", "value": "39.37646146470762", "title": "semi-major axis"}, {"units": "au", "sigma": ".02903", "name": "q", "title": "perihelion distance", "value": "32.74663888172407", "label": "q"}, {"label": "i", "title": "inclination; angle with respect to x-y ecliptic plane", "value": "1.228568638654766", "name": "i", "sigma": ".001054", "units": "deg"}, {"name": "om", "sigma": ".026452", "units": "deg", "label": "node", "value": "178.3423778606983", "title": "longitude of the ascending node"}, {"label": "peri", "value": "120.7081752432521", "title": "argument of perihelion", "name": "w", "sigma": ".038978", "units": "deg"}, {"name": "ma", "sigma": ".12604", "units": "deg", "label": "M", "title": "mean anomaly", "value": "297.3878004102453"}, {"title": "time of perihelion passage", "value": "2475697.256315287694", "label": "tp", "units": "TDB", "sigma": "22.968", "name": "tp"}, {"value": "90251.29783857997", "title": "sidereal orbital period", "label": "period", "sigma": "49.861", "units": "d", "name": "per"}, {"units": "deg/d", "sigma": "2.2037E-6", "name": "n", "value": ".003988862305823926", "title": "mean motion", "label": "n"}, {"sigma": ".016945", "units": "au", "name": "ad", "title": "aphelion distance", "value": "46.00628404769117", "label": "Q"}], "n_dop_obs_used": null, "condition_code": "4", "soln_date": "2021-04-15 13:31:03", "first_obs": "2015-02-17", "not_valid_after": null, "sb_used": "SB441-N16", "not_valid_before": null, "n_obs_used": 36, "model_pars": [], "data_arc": "859", "n_del_obs_used": null, "pe_used": "DE441", "two_body": null, "equinox": "J2000", "moid_jup": "27.6074", "comment": null, "rms": ".17968", "producer": "Otto Matic", "orbit_id": "2", "moid": "31.7301", "covariance": {"labels": ["e", "q", "tp", "node", "peri", "i"], "data": [["1.068802113921448E-6", "-3.039106956212853E-5", "-.01860117470902895", "-2.700350429601597E-7", "9.391845234413744E-6", "-1.06042290355055E-8"], ["-3.039106956212853E-5", ".0008743474818882804", ".5170304450955492", "7.836662707562195E-6", "-.0003501567032446385", "3.095597722737904E-7"], ["-.01860117470902895", ".5170304450955492", "338.2953179818603", ".004533635728247724", "-.06363870256977738", ".0001761422996106862"], ["-2.700350429601597E-7", "7.836662707562195E-6", ".004533635728247724", ".0007028668921896935", "-.0007062226368261803", "2.774459131572743E-5"], ["9.391845234413744E-6", "-.0003501567032446385", "-.06363870256977738", "-.0007062226368261803", ".001474546620251969", "-2.789018844333566E-5"], ["-1.06042290355055E-8", "3.095597722737904E-7", ".0001761422996106862", "2.774459131572743E-5", "-2.789018844333566E-5", "1.097459298080869E-6"]], "epoch": "2457359.5", "elements": [{"units": null, "sigma": 0.00103382886104106, "name": "e", "title": "eccentricity", "value": ".1671796208166466", "label": "e"}, {"value": "33.11392108977036", "title": "perihelion distance", "label": "q", "units": "au", "sigma": 0.029569367289279, "name": "q"}, {"sigma": 18.3928061475638, "units": "TDB", "name": "tp", "title": "time of perihelion passage", "value": "2475166.875012631594", "label": "tp"}, {"label": "node", "value": "178.1824682525775", "title": "longitude of the ascending node", "name": "om", "sigma": 0.0265116369202223, "units": "deg"}, {"value": "117.4204139084837", "title": "argument of perihelion", "label": "peri", "sigma": 0.0383998257841357, "units": "deg", "name": "w"}, {"value": "1.224514215428552", "title": "inclination", "label": "i", "units": "deg", "sigma": 0.00104759691584162, "name": "i"}]}, "epoch": "2460000.5"}}