{"object": {"neo": false, "orbit_class": {"code": "TNO", "name": "TransNeptunian Object"}, "pha": false, "spkid": "3830949", "orbit_id": "3", "fullname": "(2015 VR164)", "prefix": null, "kind": "au", "des": "2015 VR164"}, "orbit": {"t_jup": "5.517", "condition_code": "4", "source": "JPL", "covariance": {"labels": ["e", "q", "tp", "node", "peri", "i"], "elements": [{"units": null, "title": "eccentricity", "label": "e", "sigma": 0.000112262674353407, "name": "e", "value": ".2044951674237967"}, {"value": "31.16452409057898", "sigma": 0.0008382932037282, "name": "q", "title": "perihelion distance", "label": "q", "units": "au"}, {"title": "time of perihelion passage", "label": "tp", "units": "TDB", "value": "2458160.031257540696", "name": "tp", "sigma": 6.90247735388545}, {"units": "deg", "title": "longitude of the ascending node", "label": "node", "sigma": 0.0150990466257165, "name": "om", "value": "100.1617959326279"}, {"name": "w", "sigma": 0.0455867546230541, "value": "318.0049157352728", "units": "deg", "title": "argument of perihelion", "label": "peri"}, {"name": "i", "sigma": 0.000422508293418915, "value": "1.654422735624529", "units": "deg", "title": "inclination", "label": "i"}], "data": [["1.260290805297906E-8", "9.147878044316678E-8", "-.0004369073852476497", "1.919933757152507E-8", "-2.728862261482016E-6", "-4.230652147036593E-10"], ["9.147878044316678E-8", "7.027354954168894E-7", "-.00308399025147526", "1.431416111749544E-7", "-1.927593917424589E-5", "-3.114838121765002E-9"], ["-.0004369073852476497", "-.00308399025147526", "47.64419362090152", "-.001156950098250918", ".2969180440292957", "3.023092739505673E-5"], ["1.919933757152507E-8", "1.431416111749544E-7", "-.001156950098250918", ".0002279812090055601", "-.0002350665787787182", "-6.357198227160915E-6"], ["-2.728862261482016E-6", "-1.927593917424589E-5", ".2969180440292957", "-.0002350665787787182", ".002078152197062548", "6.542185665706473E-6"], ["-4.230652147036593E-10", "-3.114838121765002E-9", "3.023092739505673E-5", "-6.357198227160915E-6", "6.542185665706473E-6", "1.785132580077636E-7"]], "epoch": "2457533.5"}, "n_obs_used": 31, "last_obs": "2021-11-05", "orbit_id": "3", "soln_date": "2021-11-13 01:32:15", "not_valid_before": null, "moid": "30.1758", "epoch": "2460000.5", "not_valid_after": null, "first_obs": "2015-08-20", "producer": "Otto Matic", "elements": [{"title": "eccentricity", "label": "e", "units": null, "value": ".2116408524710586", "sigma": ".00011419", "name": "e"}, {"sigma": ".0067185", "name": "a", "value": "39.53127053345658", "units": "au", "label": "a", "title": "semi-major axis"}, {"units": "au", "title": "perihelion distance", "label": "q", "sigma": ".00080657", "name": "q", "value": "31.16483873849179"}, {"value": "1.654200484394188", "name": "i", "sigma": ".00042084", "title": "inclination; angle with respect to x-y ecliptic plane", "label": "i", "units": "deg"}, {"title": "longitude of the ascending node", "label": "node", "units": "deg", "value": "100.1622646917597", "name": "om", "sigma": ".015065"}, {"value": "317.0536300927605", "sigma": ".044094", "name": "w", "label": "peri", "title": "argument of perihelion", "units": "deg"}, {"title": "mean anomaly", "label": "M", "units": "deg", "value": "7.882450051418275", "name": "ma", "sigma": ".025219"}, {"title": "time of perihelion passage", "label": "tp", "units": "TDB", "value": "2458012.720018015930", "sigma": "6.6291", "name": "tp"}, {"sigma": "23.144", "name": "per", "value": "90784.05684099554", "units": "d", "label": "period", "title": "sidereal orbital period"}, {"title": "mean motion", "label": "n", "units": "deg/d", "value": ".00396545398527987", "name": "n", "sigma": "1.0109E-6"}, {"value": "47.89770232842138", "name": "ad", "sigma": ".0081404", "label": "Q", "title": "aphelion distance", "units": "au"}], "n_del_obs_used": null, "moid_jup": "26.145", "two_body": null, "equinox": "J2000", "comment": null, "model_pars": [], "sb_used": "SB441-N16", "rms": ".11429", "pe_used": "DE441", "n_dop_obs_used": null, "data_arc": "2269"}, "signature": {"version": "1.3", "source": "NASA/JPL Small-Body Database (SBDB) API"}}