{"object": {"fullname": "(2013 RZ155)", "orbit_id": "1", "kind": "au", "des": "2013 RZ155", "prefix": null, "orbit_class": {"name": "TransNeptunian Object", "code": "TNO"}, "neo": false, "pha": false, "spkid": "54194326"}, "orbit": {"data_arc": "1838", "n_dop_obs_used": null, "pe_used": "DE441", "comment": null, "rms": ".31744", "sb_used": "SB441-N16", "model_pars": [], "not_valid_after": null, "first_obs": "2013-09-02", "epoch": "2460000.5", "not_valid_before": null, "soln_date": "2021-09-10 14:12:03", "moid": "35.7736", "two_body": null, "equinox": "J2000", "moid_jup": "31.3151", "n_del_obs_used": null, "elements": [{"value": ".09977929229444479", "name": "e", "sigma": ".00031025", "title": "eccentricity", "label": "e", "units": null}, {"units": "au", "title": "semi-major axis", "label": "a", "name": "a", "sigma": ".012742", "value": "40.84553918087728"}, {"label": "q", "title": "perihelion distance", "units": "au", "value": "36.77000018802433", "name": "q", "sigma": ".023173"}, {"units": "deg", "label": "i", "title": "inclination; angle with respect to x-y ecliptic plane", "name": "i", "sigma": ".0010408", "value": "28.78746682565216"}, {"value": "186.1749998287121", "sigma": ".00033742", "name": "om", "title": "longitude of the ascending node", "label": "node", "units": "deg"}, {"units": "deg", "label": "peri", "title": "argument of perihelion", "name": "w", "sigma": ".37808", "value": "356.287326119355"}, {"value": "204.3681554543679", "sigma": ".4622", "name": "ma", "title": "mean anomaly", "label": "M", "units": "deg"}, {"value": "2501220.818279956613", "name": "tp", "sigma": "124.66", "label": "tp", "title": "time of perihelion passage", "units": "TDB"}, {"units": "d", "label": "period", "title": "sidereal orbital period", "name": "per", "sigma": "44.615", "value": "95348.83188018385"}, {"value": ".003775609967119252", "name": "n", "sigma": "1.7667E-6", "label": "n", "title": "mean motion", "units": "deg/d"}, {"units": "au", "title": "aphelion distance", "label": "Q", "sigma": ".014013", "name": "ad", "value": "44.92107817373023"}], "producer": "Otto Matic", "covariance": {"data": [["8.975581398870582E-8", "-6.4998272526665E-6", "-.02305207407603424", "2.765816863252985E-8", "-5.362244544089676E-5", "1.054336843104552E-7"], ["-6.4998272526665E-6", ".0005019427244217642", "1.200074380668267", "-2.252727837839866E-6", ".002250392723003773", "-8.37797266533197E-6"], ["-.02305207407603424", "1.200074380668267", "13008.13152316706", "-.00341226123183728", "38.41722380605798", "-.01615242320220566"], ["2.765816863252985E-8", "-2.252727837839866E-6", "-.00341226123183728", "1.139931690434708E-7", "-3.748805078723945E-6", "3.447103232608329E-7"], ["-5.362244544089676E-5", ".002250392723003773", "38.41722380605798", "-3.748805078723945E-6", ".117738195707326", "-2.515561248940304E-5"], ["1.054336843104552E-7", "-8.37797266533197E-6", "-.01615242320220566", "3.447103232608329E-7", "-2.515561248940304E-5", "1.106379651162273E-6"]], "epoch": "2457568.5", "labels": ["e", "q", "tp", "node", "peri", "i"], "elements": [{"value": ".1099322502012238", "name": "e", "sigma": 0.000299592746889349, "label": "e", "title": "eccentricity", "units": null}, {"title": "perihelion distance", "label": "q", "units": "au", "value": "36.00268158002937", "sigma": 0.022404078298867, "name": "q"}, {"value": "2500931.264164169814", "sigma": 114.053196023466, "name": "tp", "title": "time of perihelion passage", "label": "tp", "units": "TDB"}, {"units": "deg", "title": "longitude of the ascending node", "label": "node", "sigma": 0.000337628744397557, "name": "om", "value": "186.2578198708315"}, {"label": "peri", "title": "argument of perihelion", "units": "deg", "value": "357.5478154250515", "name": "w", "sigma": 0.343129998262067}, {"units": "deg", "label": "i", "title": "inclination", "name": "i", "sigma": 0.00105184583051048, "value": "28.96340041694788"}]}, "source": "JPL", "condition_code": "5", "t_jup": "5.014", "orbit_id": "1", "last_obs": "2018-09-14", "n_obs_used": 13}, "signature": {"version": "1.3", "source": "NASA/JPL Small-Body Database (SBDB) API"}}