{"orbit": {"source": "JPL", "t_jup": "4.919", "not_valid_after": null, "first_obs": "2014-09-04", "sb_used": "SB441-N16", "elements": [{"sigma": ".00037165", "units": null, "name": "e", "value": ".1233755525632193", "title": "eccentricity", "label": "e"}, {"name": "a", "sigma": ".015925", "units": "au", "label": "a", "value": "38.46020193835452", "title": "semi-major axis"}, {"label": "q", "title": "perihelion distance", "value": "33.71515327251703", "name": "q", "units": "au", "sigma": ".0088513"}, {"units": "deg", "sigma": ".00026112", "name": "i", "title": "inclination; angle with respect to x-y ecliptic plane", "value": "27.55443056087086", "label": "i"}, {"title": "longitude of the ascending node", "value": "8.140325919410696", "label": "node", "sigma": ".0011148", "units": "deg", "name": "om"}, {"label": "peri", "title": "argument of perihelion", "value": "247.071784487299", "name": "w", "units": "deg", "sigma": ".12624"}, {"label": "M", "title": "mean anomaly", "value": "50.18006657649159", "name": "ma", "units": "deg", "sigma": ".10736"}, {"label": "tp", "value": "2447856.982595647265", "title": "time of perihelion passage", "name": "tp", "sigma": "21.706", "units": "TDB"}, {"label": "period", "value": "87119.57882525065", "title": "sidereal orbital period", "name": "per", "units": "d", "sigma": "54.111"}, {"name": "n", "sigma": "2.5666E-6", "units": "deg/d", "label": "n", "title": "mean motion", "value": ".004132251382001149"}, {"units": "au", "sigma": ".01789", "name": "ad", "title": "aphelion distance", "value": "43.20525060419201", "label": "Q"}], "n_dop_obs_used": null, "condition_code": "4", "soln_date": "2021-09-08 23:43:28", "last_obs": "2018-09-15", "comment": null, "two_body": null, "equinox": "J2000", "pe_used": "DE441", "moid_jup": "28.924", "model_pars": [], "data_arc": "1472", "n_del_obs_used": null, "not_valid_before": null, "n_obs_used": 43, "epoch": "2460000.5", "covariance": {"labels": ["e", "q", "tp", "node", "peri", "i"], "data": [["1.400338383445679E-7", "-1.296144674015318E-6", "-.0009066821548766079", "1.445613967832988E-8", "-8.916136932505254E-6", "4.104109553567975E-10"], ["-1.296144674015318E-6", "8.578255110081736E-5", ".1868259679537659", "-5.648344401911446E-7", ".001125793051667192", "1.925716508316089E-7"], ["-.0009066821548766079", ".1868259679537659", "437.7761994289904", "-.001135420418128743", "2.582624568386297", ".0004715378794884178"], ["1.445613967832988E-8", "-5.648344401911446E-7", "-.001135420418128743", "1.235317807971156E-6", "-8.103107220747753E-6", "-2.905104924093726E-7"], ["-8.916136932505254E-6", ".001125793051667192", "2.582624568386297", "-8.103107220747753E-6", ".01532939277234423", "3.003412683605664E-6"], ["4.104109553567975E-10", "1.925716508316089E-7", ".0004715378794884178", "-2.905104924093726E-7", "3.003412683605664E-6", "6.92081143190087E-8"]], "epoch": "2457414.5", "elements": [{"units": null, "sigma": 0.000374210954335343, "name": "e", "value": ".1230287897015451", "title": "eccentricity", "label": "e"}, {"value": "33.51393580956649", "title": "perihelion distance", "label": "q", "sigma": 0.00926188701619802, "units": "au", "name": "q"}, {"title": "time of perihelion passage", "value": "2447248.657043913907", "label": "tp", "sigma": 20.9231020508191, "units": "TDB", "name": "tp"}, {"label": "node", "title": "longitude of the ascending node", "value": "7.88957041692844", "name": "om", "sigma": 0.00111144851791307, "units": "deg"}, {"value": "243.8589452133506", "title": "argument of perihelion", "label": "peri", "sigma": 0.12381192500056, "units": "deg", "name": "w"}, {"sigma": 0.000263074351313481, "units": "deg", "name": "i", "value": "27.63192248731066", "title": "inclination", "label": "i"}]}, "orbit_id": "4", "moid": "32.7993", "producer": "Otto Matic", "rms": ".17364"}, "object": {"des": "2014 RH70", "orbit_id": "4", "fullname": "(2014 RH70)", "pha": false, "spkid": "3841655", "prefix": null, "neo": false, "orbit_class": {"code": "TNO", "name": "TransNeptunian Object"}, "kind": "au"}, "signature": {"version": "1.3", "source": "NASA/JPL Small-Body Database (SBDB) API"}}