{"object": {"pha": false, "spkid": "3523336", "neo": false, "orbit_class": {"name": "TransNeptunian Object", "code": "TNO"}, "prefix": null, "kind": "au", "des": "2010 JK124", "orbit_id": "5", "fullname": "(2010 JK124)"}, "orbit": {"equinox": "J2000", "two_body": null, "moid_jup": "30.4272", "n_del_obs_used": null, "elements": [{"title": "eccentricity", "label": "e", "units": null, "value": ".1158165756597275", "sigma": ".00038819", "name": "e"}, {"label": "a", "title": "semi-major axis", "units": "au", "value": "40.32938729652813", "name": "a", "sigma": ".0088638"}, {"name": "q", "sigma": ".017576", "value": "35.65857576138933", "units": "au", "title": "perihelion distance", "label": "q"}, {"label": "i", "title": "inclination; angle with respect to x-y ecliptic plane", "units": "deg", "value": "15.51885356697743", "name": "i", "sigma": ".00040242"}, {"value": "277.5594276210774", "sigma": ".00098125", "name": "om", "label": "node", "title": "longitude of the ascending node", "units": "deg"}, {"label": "peri", "title": "argument of perihelion", "units": "deg", "value": "220.6283529169869", "name": "w", "sigma": ".083871"}, {"name": "ma", "sigma": ".11002", "value": "107.3277957425332", "units": "deg", "label": "M", "title": "mean anomaly"}, {"title": "time of perihelion passage", "label": "tp", "units": "TDB", "value": "2432111.010024378655", "name": "tp", "sigma": "21.725"}, {"sigma": "30.84", "name": "per", "value": "93547.21506914191", "units": "d", "label": "period", "title": "sidereal orbital period"}, {"value": ".003848324076071314", "name": "n", "sigma": "1.2687E-6", "title": "mean motion", "label": "n", "units": "deg/d"}, {"value": "45.00019883166694", "name": "ad", "sigma": ".0098904", "label": "Q", "title": "aphelion distance", "units": "au"}], "producer": "Otto Matic", "first_obs": "2010-05-11", "not_valid_after": null, "epoch": "2460000.5", "not_valid_before": null, "soln_date": "2021-04-15 03:48:30", "moid": "34.6877", "orbit_id": "5", "n_obs_used": 26, "last_obs": "2014-06-04", "covariance": {"labels": ["e", "q", "tp", "node", "peri", "i"], "elements": [{"value": ".1189508712431341", "sigma": 0.000387575929466616, "name": "e", "label": "e", "title": "eccentricity", "units": null}, {"name": "q", "sigma": 0.0174341872400727, "value": "35.49941133358018", "units": "au", "title": "perihelion distance", "label": "q"}, {"title": "time of perihelion passage", "label": "tp", "units": "TDB", "value": "2432224.784472799452", "name": "tp", "sigma": 21.2388895629302}, {"sigma": 0.000978599110818558, "name": "om", "value": "277.4746539373181", "units": "deg", "title": "longitude of the ascending node", "label": "node"}, {"sigma": 0.0817439822302442, "name": "w", "value": "220.6239671535473", "units": "deg", "title": "argument of perihelion", "label": "peri"}, {"title": "inclination", "label": "i", "units": "deg", "value": "15.54713838468939", "sigma": 0.000402683917272068, "name": "i"}], "data": [["1.50215101101911E-7", "-6.041414328263891E-6", ".006260321330767109", "5.437621261576524E-8", "6.553203835746479E-6", "-2.403833914712973E-8"], ["-6.041414328263891E-6", ".0003039508847219131", "-.1441753074480277", "-2.255068197452915E-6", ".0003607099816259901", "1.104567239466398E-6"], [".006260321330767109", "-.1441753074480277", "451.090429866346", ".002146899917171409", "1.375859529702237", "-.0007596324170133041"], ["5.437621261576524E-8", "-2.255068197452915E-6", ".002146899917171409", "9.576562196948716E-7", "7.745861061058419E-7", "-3.924477203657728E-7"], ["6.553203835746479E-6", ".0003607099816259901", "1.375859529702237", "7.745861061058419E-7", ".006682078630858473", "7.27949435158345E-7"], ["-2.403833914712973E-8", "1.104567239466398E-6", "-.0007596324170133041", "-3.924477203657728E-7", "7.27949435158345E-7", "1.62154337229578E-7"]], "epoch": "2456328.5"}, "source": "JPL", "condition_code": "4", "t_jup": "5.458", "data_arc": "1485", "n_dop_obs_used": null, "pe_used": "DE441", "sb_used": "SB441-N16", "rms": ".65614", "model_pars": [], "comment": null}, "signature": {"version": "1.3", "source": "NASA/JPL Small-Body Database (SBDB) API"}}