{"object": {"orbit_id": "5", "fullname": "69990 (1998 WU31)", "prefix": null, "des": "69990", "kind": "an", "neo": false, "orbit_class": {"code": "TNO", "name": "TransNeptunian Object"}, "spkid": "20069990", "pha": false}, "orbit": {"covariance": {"data": [["3.365198049298703E-8", "5.432874546853593E-7", ".001116253981870849", "3.778335992405786E-9", "6.728153369531276E-6", "2.491402896849195E-9"], ["5.432874546853593E-7", "1.005015571078162E-5", ".02000332748082478", "6.650903066413354E-8", ".0001217426330565871", "4.162001693803469E-8"], [".001116253981870849", ".02000332748082478", "40.11378146851177", ".0001338055124568776", ".2435875180702655", "8.476835828759503E-5"], ["3.778335992405786E-9", "6.650903066413354E-8", ".0001338055124568776", "4.091472405783116E-7", "4.056027228464053E-7", "8.2328695402331E-8"], ["6.728153369531276E-6", ".0001217426330565871", ".2435875180702655", "4.056027228464053E-7", ".00148057949865923", "4.307519137136039E-7"], ["2.491402896849195E-9", "4.162001693803469E-8", "8.476835828759503E-5", "8.2328695402331E-8", "4.307519137136039E-7", "2.604129671839838E-8"]], "epoch": "2456412.5", "labels": ["e", "q", "tp", "node", "peri", "i"], "elements": [{"value": ".18959249935551", "sigma": 0.000183444761421489, "name": "e", "label": "e", "title": "eccentricity", "units": null}, {"name": "q", "sigma": 0.00317019805545042, "value": "32.00988077218819", "units": "au", "label": "q", "title": "perihelion distance"}, {"units": "TDB", "label": "tp", "title": "time of perihelion passage", "name": "tp", "sigma": 6.33354414751423, "value": "2446141.620947594753"}, {"units": "deg", "label": "node", "title": "longitude of the ascending node", "sigma": 0.000639646183900374, "name": "om", "value": "237.1217814541029"}, {"units": "deg", "title": "argument of perihelion", "label": "peri", "sigma": 0.038478299061409, "name": "w", "value": "143.2304733047625"}, {"value": "6.564680964434221", "name": "i", "sigma": 0.000161373159845119, "title": "inclination", "label": "i", "units": "deg"}]}, "condition_code": "4", "source": "JPL", "t_jup": "5.497", "orbit_id": "5", "n_obs_used": 31, "last_obs": "2017-12-26", "not_valid_after": null, "first_obs": "1998-11-18", "epoch": "2460000.5", "not_valid_before": null, "moid": "30.8884", "soln_date": "2021-04-13 12:46:15", "two_body": null, "equinox": "J2000", "moid_jup": "26.9576", "n_del_obs_used": null, "elements": [{"sigma": ".00018102", "name": "e", "value": ".1899805854773441", "units": null, "title": "eccentricity", "label": "e"}, {"value": "39.36323499038124", "sigma": ".012609", "name": "a", "label": "a", "title": "semi-major axis", "units": "au"}, {"name": "q", "sigma": ".0032364", "value": "31.88498456062633", "units": "au", "label": "q", "title": "perihelion distance"}, {"name": "i", "sigma": ".00016145", "value": "6.568356174843682", "units": "deg", "title": "inclination; angle with respect to x-y ecliptic plane", "label": "i"}, {"value": "237.0789515520136", "sigma": ".00064027", "name": "om", "label": "node", "title": "longitude of the ascending node", "units": "deg"}, {"sigma": ".039343", "name": "w", "value": "142.0969791625084", "units": "deg", "title": "argument of perihelion", "label": "peri"}, {"title": "mean anomaly", "label": "M", "units": "deg", "value": "55.96099520415987", "name": "ma", "sigma": ".052355"}, {"value": "2445978.255684496780", "sigma": "6.4248", "name": "tp", "title": "time of perihelion passage", "label": "tp", "units": "TDB"}, {"value": "90205.82881281416", "name": "per", "sigma": "43.342", "label": "period", "title": "sidereal orbital period", "units": "d"}, {"title": "mean motion", "label": "n", "units": "deg/d", "value": ".003990872926261061", "name": "n", "sigma": "1.9175E-6"}, {"sigma": ".015004", "name": "ad", "value": "46.84148542013615", "units": "au", "label": "Q", "title": "aphelion distance"}], "producer": "Otto Matic", "comment": null, "sb_used": "SB441-N16", "rms": ".18153", "model_pars": [], "data_arc": "6978", "n_dop_obs_used": null, "pe_used": "DE441"}, "signature": {"version": "1.3", "source": "NASA/JPL Small-Body Database (SBDB) API"}}