{"signature": {"version": "1.3", "source": "NASA/JPL Small-Body Database (SBDB) API"}, "object": {"prefix": null, "des": "2015 GU54", "kind": "au", "orbit_id": "2", "fullname": "(2015 GU54)", "spkid": "3830911", "pha": false, "neo": false, "orbit_class": {"name": "TransNeptunian Object", "code": "TNO"}}, "orbit": {"covariance": {"labels": ["e", "q", "tp", "node", "peri", "i"], "elements": [{"value": ".09714981738338413", "name": "e", "sigma": 0.00209775317165669, "label": "e", "title": "eccentricity", "units": null}, {"value": "35.75158910597919", "sigma": 0.0671727920536882, "name": "q", "title": "perihelion distance", "label": "q", "units": "au"}, {"units": "TDB", "label": "tp", "title": "time of perihelion passage", "name": "tp", "sigma": 324.109605252286, "value": "2426931.938889640700"}, {"name": "om", "sigma": 0.0076203852451066, "value": "46.78072413182933", "units": "deg", "title": "longitude of the ascending node", "label": "node"}, {"sigma": 1.03669983540479, "name": "w", "value": "28.78118578805657", "units": "deg", "title": "argument of perihelion", "label": "peri"}, {"title": "inclination", "label": "i", "units": "deg", "value": "5.57414071119683", "sigma": 0.00182550428712122, "name": "i"}], "data": [["4.400568369195691E-6", "-.0001405938672577304", ".679178510868177", "5.352677173382004E-7", ".002169299619624188", "-1.329228410382942E-7"], ["-.0001405938672577304", ".004512183992288032", "-21.63344880352442", "-1.776987782352635E-5", "-.06898266409345437", "4.417134890202048E-6"], [".679178510868177", "-21.63344880352442", "105047.0362167925", ".08080837710176143", "335.8943710232952", "-.02005525557138326"], ["5.352677173382004E-7", "-1.776987782352635E-5", ".08080837710176143", "5.807027128383835E-5", ".0001967453037983702", "-1.390118489695733E-5"], [".002169299619624188", "-.06898266409345437", "335.8943710232952", ".0001967453037983702", "1.074746548728319", "-4.931311677193629E-5"], ["-1.329228410382942E-7", "4.417134890202048E-6", "-.02005525557138326", "-1.390118489695733E-5", "-4.931311677193629E-5", "3.332465902297948E-6"]], "epoch": "2457300.5"}, "source": "JPL", "condition_code": "5", "t_jup": "5.568", "orbit_id": "2", "n_obs_used": 28, "last_obs": "2017-05-18", "not_valid_after": null, "first_obs": "2015-02-17", "epoch": "2460000.5", "not_valid_before": null, "moid": "34.2114", "soln_date": "2021-04-15 13:31:03", "equinox": "J2000", "two_body": null, "n_del_obs_used": null, "moid_jup": "30.1392", "elements": [{"sigma": ".0019198", "name": "e", "value": ".1021932854494709", "units": null, "label": "e", "title": "eccentricity"}, {"units": "au", "label": "a", "title": "semi-major axis", "name": "a", "sigma": ".017553", "value": "39.20366077341762"}, {"name": "q", "sigma": ".060311", "value": "35.19730987733553", "units": "au", "label": "q", "title": "perihelion distance"}, {"name": "i", "sigma": ".0018364", "value": "5.598107955359183", "units": "deg", "label": "i", "title": "inclination; angle with respect to x-y ecliptic plane"}, {"value": "46.71795447382962", "name": "om", "sigma": ".0075948", "label": "node", "title": "longitude of the ascending node", "units": "deg"}, {"units": "deg", "title": "argument of perihelion", "label": "peri", "name": "w", "sigma": "1.0817", "value": "23.61323562776859"}, {"value": "136.4387395601961", "name": "ma", "sigma": "1.4169", "label": "M", "title": "mean anomaly", "units": "deg"}, {"value": "2426020.485589332704", "name": "tp", "sigma": "330.67", "title": "time of perihelion passage", "label": "tp", "units": "TDB"}, {"value": "89657.85837125219", "name": "per", "sigma": "60.216", "label": "period", "title": "sidereal orbital period", "units": "d"}, {"title": "mean motion", "label": "n", "units": "deg/d", "value": ".004015264323059383", "name": "n", "sigma": "2.6967E-6"}, {"value": "43.21001166949971", "sigma": ".019347", "name": "ad", "title": "aphelion distance", "label": "Q", "units": "au"}], "producer": "Otto Matic", "comment": null, "rms": ".18314", "sb_used": "SB441-N16", "model_pars": [], "data_arc": "821", "n_dop_obs_used": null, "pe_used": "DE441"}}