{"orbit": {"rms": ".12627", "sb_used": "SB441-N16", "model_pars": [], "comment": null, "data_arc": "846", "n_dop_obs_used": null, "pe_used": "DE441", "orbit_id": "2", "n_obs_used": 33, "last_obs": "2017-12-13", "covariance": {"epoch": "2457506.5", "data": [["1.417595169073881E-6", "-3.783103396194926E-5", "-.06599743854457876", "8.54159537022423E-7", "-.0004285930558078318", "3.004756941212545E-8"], ["-3.783103396194926E-5", ".001019229724562372", "1.78187395131399", "-2.273112798479975E-5", ".01156179135135383", "-7.97948272153703E-7"], ["-.06599743854457876", "1.78187395131399", "3117.775083120281", "-.03966347995700963", "20.22446441429655", "-.001391946839003766"], ["8.54159537022423E-7", "-2.273112798479975E-5", "-.03966347995700963", ".0008075646580097706", "-.001064409684963514", "2.807761001073832E-5"], ["-.0004285930558078318", ".01156179135135383", "20.22446441429655", "-.001064409684963514", ".1320112571540176", "-3.709266577703171E-5"], ["3.004756941212545E-8", "-7.97948272153703E-7", "-.001391946839003766", "2.807761001073832E-5", "-3.709266577703171E-5", "9.779345901582079E-7"]], "elements": [{"sigma": 0.00119062805656254, "name": "e", "value": ".1565896784449337", "units": null, "label": "e", "title": "eccentricity"}, {"sigma": 0.0319253774380566, "name": "q", "value": "33.16706029691674", "units": "au", "label": "q", "title": "perihelion distance"}, {"value": "2448629.122486387592", "name": "tp", "sigma": 55.8370404222885, "label": "tp", "title": "time of perihelion passage", "units": "TDB"}, {"sigma": 0.0284176821364757, "name": "om", "value": "197.6498756839155", "units": "deg", "label": "node", "title": "longitude of the ascending node"}, {"value": "166.9976828724708", "name": "w", "sigma": 0.363333534309755, "label": "peri", "title": "argument of perihelion", "units": "deg"}, {"sigma": 0.000988905753931186, "name": "i", "value": "1.383781254033713", "units": "deg", "label": "i", "title": "inclination"}], "labels": ["e", "q", "tp", "node", "peri", "i"]}, "condition_code": "5", "source": "JPL", "t_jup": "5.579", "equinox": "J2000", "two_body": null, "n_del_obs_used": null, "moid_jup": "28.2217", "elements": [{"sigma": ".0011753", "name": "e", "value": ".1644706123877149", "units": null, "label": "e", "title": "eccentricity"}, {"sigma": ".019055", "name": "a", "value": "39.70305663878465", "units": "au", "label": "a", "title": "semi-major axis"}, {"units": "au", "label": "q", "title": "perihelion distance", "name": "q", "sigma": ".031199", "value": "33.17307059973961"}, {"units": "deg", "label": "i", "title": "inclination; angle with respect to x-y ecliptic plane", "sigma": ".0009834", "name": "i", "value": "1.379355199546301"}, {"value": "197.4510736137804", "sigma": ".028517", "name": "om", "title": "longitude of the ascending node", "label": "node", "units": "deg"}, {"name": "w", "sigma": ".35541", "value": "168.3758980414592", "units": "deg", "title": "argument of perihelion", "label": "peri"}, {"units": "deg", "label": "M", "title": "mean anomaly", "name": "ma", "sigma": ".18578", "value": "43.79208562198055"}, {"units": "TDB", "title": "time of perihelion passage", "label": "tp", "sigma": "54.701", "name": "tp", "value": "2448885.039230214690"}, {"units": "d", "title": "sidereal orbital period", "label": "period", "sigma": "65.784", "name": "per", "value": "91376.46267101301"}, {"value": ".00393974541667393", "name": "n", "sigma": "2.8363E-6", "label": "n", "title": "mean motion", "units": "deg/d"}, {"title": "aphelion distance", "label": "Q", "units": "au", "value": "46.23304267782969", "name": "ad", "sigma": ".022189"}], "producer": "Otto Matic", "not_valid_after": null, "first_obs": "2015-08-20", "epoch": "2460000.5", "not_valid_before": null, "moid": "32.17", "soln_date": "2021-04-15 15:18:25"}, "object": {"neo": false, "orbit_class": {"code": "TNO", "name": "TransNeptunian Object"}, "pha": false, "spkid": "3830955", "orbit_id": "2", "fullname": "(2015 VW164)", "prefix": null, "kind": "au", "des": "2015 VW164"}, "signature": {"version": "1.3", "source": "NASA/JPL Small-Body Database (SBDB) API"}}