{"orbit": {"orbit_id": "2", "n_obs_used": 35, "last_obs": "2017-08-24", "covariance": {"data": [["2.079288580911183E-8", "-1.2619458674982E-6", "-.03127840679385794", "-7.711803896103434E-8", "-.0001094778592373965", "-5.235593507300536E-9"], ["-1.2619458674982E-6", "8.224414730639386E-5", "1.558509565499553", "3.191126133942899E-6", ".005386244727495154", "2.291082917338828E-7"], ["-.03127840679385794", "1.558509565499553", "68450.83369333926", ".2059948400761997", "243.8123341567718", ".013275808357607"], ["-7.711803896103434E-8", "3.191126133942899E-6", ".2059948400761997", "8.463283200406421E-5", ".0006558483858418599", "5.343633551768997E-6"], ["-.0001094778592373965", ".005386244727495154", "243.8123341567718", ".0006558483858418599", ".8690918652792181", "4.22916213827131E-5"], ["-5.235593507300536E-9", "2.291082917338828E-7", ".013275808357607", "5.343633551768997E-6", "4.22916213827131E-5", "3.380748603351591E-7"]], "epoch": "2457265.5", "labels": ["e", "q", "tp", "node", "peri", "i"], "elements": [{"name": "e", "sigma": 0.00014419738488999, "value": ".06135407056285835", "units": null, "title": "eccentricity", "label": "e"}, {"units": "au", "title": "perihelion distance", "label": "q", "name": "q", "sigma": 0.00906885589842478, "value": "36.51572741379901"}, {"name": "tp", "sigma": 261.631102305019, "value": "2500266.916058877847", "units": "TDB", "title": "time of perihelion passage", "label": "tp"}, {"units": "deg", "label": "node", "title": "longitude of the ascending node", "sigma": 0.00919961042675527, "name": "om", "value": "169.7034648874717"}, {"value": "238.3927484287916", "sigma": 0.932250966896371, "name": "w", "label": "peri", "title": "argument of perihelion", "units": "deg"}, {"label": "i", "title": "inclination", "units": "deg", "value": "7.154610469052952", "name": "i", "sigma": 0.000581442052430987}]}, "condition_code": "5", "source": "JPL", "t_jup": "5.533", "equinox": "J2000", "two_body": null, "n_del_obs_used": null, "moid_jup": "31.0955", "elements": [{"sigma": ".00018671", "name": "e", "value": ".06789804201465388", "units": null, "label": "e", "title": "eccentricity"}, {"value": "38.68931089608994", "name": "a", "sigma": ".0040434", "label": "a", "title": "semi-major axis", "units": "au"}, {"value": "36.06238243934922", "sigma": ".010036", "name": "q", "label": "q", "title": "perihelion distance", "units": "au"}, {"sigma": ".00058862", "name": "i", "value": "7.168993137972125", "units": "deg", "title": "inclination; angle with respect to x-y ecliptic plane", "label": "i"}, {"units": "deg", "label": "node", "title": "longitude of the ascending node", "sigma": ".0091939", "name": "om", "value": "169.9965243007718"}, {"value": "235.1683584302899", "sigma": ".83353", "name": "w", "label": "peri", "title": "argument of perihelion", "units": "deg"}, {"title": "mean anomaly", "label": "M", "units": "deg", "value": "199.9927421837809", "name": "ma", "sigma": ".95559"}, {"sigma": "234.76", "name": "tp", "value": "2499068.582865479082", "units": "TDB", "title": "time of perihelion passage", "label": "tp"}, {"value": "87899.19922086698", "sigma": "13.78", "name": "per", "label": "period", "title": "sidereal orbital period", "units": "d"}, {"title": "mean motion", "label": "n", "units": "deg/d", "value": ".004095600451323989", "name": "n", "sigma": "6.4205E-7"}, {"units": "au", "title": "aphelion distance", "label": "Q", "name": "ad", "sigma": ".004318", "value": "41.31623935283067"}], "producer": "Otto Matic", "not_valid_after": null, "first_obs": "2014-05-29", "epoch": "2460000.5", "moid": "35.0756", "not_valid_before": null, "soln_date": "2021-04-15 13:49:25", "rms": ".2912", "sb_used": "SB441-N16", "model_pars": [], "comment": null, "data_arc": "1183", "n_dop_obs_used": null, "pe_used": "DE441"}, "object": {"prefix": null, "des": "2015 KP174", "kind": "au", "orbit_id": "2", "fullname": "(2015 KP174)", "spkid": "3831112", "pha": false, "neo": false, "orbit_class": {"code": "TNO", "name": "TransNeptunian Object"}}, "signature": {"version": "1.3", "source": "NASA/JPL Small-Body Database (SBDB) API"}}