{"orbit": {"n_dop_obs_used": null, "pe_used": "DE441", "data_arc": "829", "comment": null, "model_pars": [], "rms": ".2587", "sb_used": "SB441-N16", "epoch": "2460000.5", "soln_date": "2021-04-15 08:53:30", "not_valid_before": null, "moid": "31.5989", "not_valid_after": null, "first_obs": "2013-08-30", "n_del_obs_used": null, "elements": [{"label": "e", "title": "eccentricity", "units": null, "value": ".1789699096173929", "name": "e", "sigma": ".0010825"}, {"value": "39.72516761264574", "name": "a", "sigma": ".017107", "title": "semi-major axis", "label": "a", "units": "au"}, {"value": "32.61555795547475", "name": "q", "sigma": ".02956", "title": "perihelion distance", "label": "q", "units": "au"}, {"units": "deg", "title": "inclination; angle with respect to x-y ecliptic plane", "label": "i", "name": "i", "sigma": ".00081662", "value": "2.080686138503431"}, {"value": "64.95067207127974", "sigma": ".024382", "name": "om", "label": "node", "title": "longitude of the ascending node", "units": "deg"}, {"value": "208.1138270222387", "sigma": ".10137", "name": "w", "title": "argument of perihelion", "label": "peri", "units": "deg"}, {"value": "96.60371754948127", "name": "ma", "sigma": ".23621", "label": "M", "title": "mean anomaly", "units": "deg"}, {"units": "TDB", "label": "tp", "title": "time of perihelion passage", "sigma": "44.317", "name": "tp", "value": "2435459.719385842818"}, {"title": "sidereal orbital period", "label": "period", "units": "d", "value": "91452.80580502903", "sigma": "59.076", "name": "per"}, {"title": "mean motion", "label": "n", "units": "deg/d", "value": ".003936456589068407", "name": "n", "sigma": "2.5428E-6"}, {"name": "ad", "sigma": ".020169", "value": "46.83477726981673", "units": "au", "label": "Q", "title": "aphelion distance"}], "moid_jup": "27.3605", "producer": "Otto Matic", "two_body": null, "equinox": "J2000", "t_jup": "5.564", "covariance": {"epoch": "2456835.5", "data": [["1.129862371341032E-6", "-3.044716799986925E-5", ".05027256617053721", "8.227623273397641E-7", ".0001169744817012593", "-2.788789218844155E-8"], ["-3.044716799986925E-5", ".0008316662392983154", "-1.343453119996528", "-2.255181491508417E-5", "-.003066980945416204", "7.676150951043983E-7"], [".05027256617053721", "-1.343453119996528", "2249.009914568862", ".03627657000166142", "5.293539725484881", "-.001226756715545426"], ["8.227623273397641E-7", "-2.255181491508417E-5", ".03627657000166142", ".0005945028972918112", "-.0005110204010908499", "-2.003275250442044E-5"], [".0001169744817012593", "-.003066980945416204", "5.293539725484881", "-.0005110204010908499", ".01336337529969561", "1.72260687381531E-5"], ["-2.788789218844155E-8", "7.676150951043983E-7", "-.001226756715545426", "-2.003275250442044E-5", "1.72260687381531E-5", "6.757878929199937E-7"]], "elements": [{"label": "e", "title": "eccentricity", "units": null, "value": ".1790364001085791", "name": "e", "sigma": 0.00106294984422645}, {"label": "q", "title": "perihelion distance", "units": "au", "value": "32.33034365416876", "name": "q", "sigma": 0.028838624088162}, {"label": "tp", "title": "time of perihelion passage", "units": "TDB", "value": "2435027.353048818550", "name": "tp", "sigma": 47.4237273373663}, {"value": "64.86605047131471", "name": "om", "sigma": 0.0243824300940618, "title": "longitude of the ascending node", "label": "node", "units": "deg"}, {"label": "peri", "title": "argument of perihelion", "units": "deg", "value": "205.5500426087079", "sigma": 0.115600066175135, "name": "w"}, {"value": "2.084980339854937", "sigma": 0.000822063192777778, "name": "i", "title": "inclination", "label": "i", "units": "deg"}], "labels": ["e", "q", "tp", "node", "peri", "i"]}, "condition_code": "5", "source": "JPL", "n_obs_used": 47, "last_obs": "2015-12-07", "orbit_id": "2"}, "object": {"orbit_class": {"code": "TNO", "name": "TransNeptunian Object"}, "neo": false, "spkid": "3787145", "pha": false, "fullname": "(2013 UV17)", "orbit_id": "2", "des": "2013 UV17", "kind": "au", "prefix": null}, "signature": {"version": "1.3", "source": "NASA/JPL Small-Body Database (SBDB) API"}}