{"orbit": {"moid": "35.8158", "orbit_id": "7", "producer": "Otto Matic", "rms": ".39206", "epoch": "2460000.5", "covariance": {"data": [["6.78553290265091E-10", "7.660236458720302E-9", "3.278410489191781E-5", "3.141718745832043E-10", "1.482717247170995E-7", "1.722410917257476E-10"], ["7.660236458720302E-9", "2.244938322037204E-7", ".001363387507894049", "-1.141455748722189E-9", "6.298344182844523E-6", "1.423025882479448E-9"], ["3.278410489191781E-5", ".001363387507894049", "8.798936309782652", "-1.897358496102864E-5", ".04074331807022484", "4.392208581677262E-6"], ["3.141718745832043E-10", "-1.141455748722189E-9", "-1.897358496102864E-5", "3.230554957391345E-8", "-1.197464100567585E-7", "6.918178706686516E-9"], ["1.482717247170995E-7", "6.298344182844523E-6", ".04074331807022484", "-1.197464100567585E-7", ".0001887128315918", "1.309334635650301E-8"], ["1.722410917257476E-10", "1.423025882479448E-9", "4.392208581677262E-6", "6.918178706686516E-9", "1.309334635650301E-8", "1.557744960689618E-9"]], "labels": ["e", "q", "tp", "node", "peri", "i"], "elements": [{"sigma": 2.60490554582137e-05, "units": null, "name": "e", "title": "eccentricity", "value": ".06926572450837795", "label": "e"}, {"label": "q", "value": "36.80878501294594", "title": "perihelion distance", "name": "q", "sigma": 0.000473807800910581, "units": "au"}, {"label": "tp", "title": "time of perihelion passage", "value": "2450406.509861345261", "name": "tp", "sigma": 2.96630010447066, "units": "TDB"}, {"label": "node", "value": "330.9782274240126", "title": "longitude of the ascending node", "name": "om", "sigma": 0.000179737446220629, "units": "deg"}, {"sigma": 0.0137372789005611, "units": "deg", "name": "w", "title": "argument of perihelion", "value": "209.7928356033195", "label": "peri"}, {"value": "22.96674610934256", "title": "inclination", "label": "i", "units": "deg", "sigma": 3.94682779037751e-05, "name": "i"}], "epoch": "2457322.5"}, "n_del_obs_used": null, "data_arc": "4457", "model_pars": [], "n_obs_used": 171, "not_valid_before": null, "comment": null, "moid_jup": "31.4463", "two_body": null, "pe_used": "DE441", "equinox": "J2000", "last_obs": "2022-05-25", "sb_used": "SB441-N16", "not_valid_after": null, "first_obs": "2010-03-12", "soln_date": "2022-06-15 22:25:53", "condition_code": "2", "n_dop_obs_used": null, "elements": [{"units": null, "sigma": "2.5535E-5", "name": "e", "value": ".06032981878602239", "title": "eccentricity", "label": "e"}, {"title": "semi-major axis", "value": "39.15751883608899", "label": "a", "sigma": ".0014447", "units": "au", "name": "a"}, {"title": "perihelion distance", "value": "36.79515282059748", "label": "q", "units": "au", "sigma": ".000502", "name": "q"}, {"units": "deg", "sigma": "3.98E-5", "name": "i", "value": "23.01189365965227", "title": "inclination; angle with respect to x-y ecliptic plane", "label": "i"}, {"label": "node", "value": "331.2209087775561", "title": "longitude of the ascending node", "name": "om", "units": "deg", "sigma": ".0001798"}, {"title": "argument of perihelion", "value": "206.8977157973019", "label": "peri", "sigma": ".016211", "units": "deg", "name": "w"}, {"sigma": ".015818", "units": "deg", "name": "ma", "title": "mean anomaly", "value": "41.11482801898728", "label": "M"}, {"units": "TDB", "sigma": "3.5148", "name": "tp", "value": "2449778.940704266559", "title": "time of perihelion passage", "label": "tp"}, {"label": "period", "value": "89499.61665325913", "title": "sidereal orbital period", "name": "per", "sigma": "4.9531", "units": "d"}, {"name": "n", "sigma": "2.2261E-7", "units": "deg/d", "label": "n", "title": "mean motion", "value": ".004022363597318163"}, {"title": "aphelion distance", "value": "41.5198848515805", "label": "Q", "sigma": ".0015319", "units": "au", "name": "ad"}], "t_jup": "5.174", "source": "JPL"}, "object": {"spkid": "3515020", "des": "2010 EL139", "fullname": "(2010 EL139)", "orbit_id": "7", "pha": false, "kind": "au", "orbit_class": {"code": "TNO", "name": "TransNeptunian Object"}, "neo": false, "prefix": null}, "signature": {"version": "1.3", "source": "NASA/JPL Small-Body Database (SBDB) API"}}