{"signature": {"version": "1.3", "source": "NASA/JPL Small-Body Database (SBDB) API"}, "orbit": {"moid_jup": null, "n_del_obs_used": null, "elements": [{"sigma": null, "name": "e", "value": "0.250248713478499", "units": null, "label": "e", "title": "eccentricity"}, {"sigma": null, "name": "a", "value": "39.4450697257358", "units": "au", "label": "a", "title": "semi-major axis"}, {"name": "q", "sigma": null, "value": "29.5739917738007", "units": "au", "label": "q", "title": "perihelion distance"}, {"value": "17.089000919562", "name": "i", "sigma": null, "title": "inclination; angle with respect to x-y ecliptic plane", "label": "i", "units": "deg"}, {"value": "110.3769579554089", "sigma": null, "name": "om", "title": "longitude of the ascending node", "label": "node", "units": "deg"}, {"sigma": null, "name": "w", "value": "112.5971416774872", "units": "deg", "label": "peri", "title": "argument of perihelion"}, {"sigma": null, "name": "ma", "value": "25.24718971218841", "units": "deg", "label": "M", "title": "mean anomaly"}, {"units": "TDB", "label": "tp", "title": "time of perihelion passage", "name": "tp", "sigma": null, "value": "2447654.529313563835"}, {"value": "90487.27692706819", "name": "per", "sigma": null, "title": "sidereal orbital period", "label": "period", "units": "d"}, {"sigma": null, "name": "n", "value": ".003978459870000909", "units": "deg/d", "label": "n", "title": "mean motion"}, {"sigma": null, "name": "ad", "value": "49.31614767767086", "units": "au", "label": "Q", "title": "aphelion distance"}], "producer": "E.M. Standish", "two_body": null, "equinox": "J2000", "epoch": "2454000.5", "not_valid_before": null, "moid": "28.6031", "soln_date": null, "first_obs": "1914-01-23", "not_valid_after": null, "last_obs": "2004-09-09", "n_obs_used": 4379, "orbit_id": "0", "t_jup": "5.228", "covariance": null, "condition_code": null, "source": "JPL", "n_dop_obs_used": null, "pe_used": "DE413", "data_arc": "33102", "model_pars": [], "rms": null, "sb_used": null, "comment": null}, "object": {"kind": "an", "shortname": "134340 Pluto", "des": "134340", "prefix": null, "fullname": "134340 Pluto (1930 BM)", "orbit_id": "0", "pha": false, "spkid": "20134340", "orbit_class": {"code": "TNO", "name": "TransNeptunian Object"}, "neo": false}}