{"object": {"kind": "au", "orbit_class": {"code": "TNO", "name": "TransNeptunian Object"}, "neo": false, "prefix": null, "spkid": "54198357", "orbit_id": "1", "fullname": "(2014 RR86)", "pha": false, "des": "2014 RR86"}, "orbit": {"n_obs_used": 8, "not_valid_before": null, "data_arc": "1144", "n_del_obs_used": null, "model_pars": [], "moid_jup": "30.0778", "two_body": null, "pe_used": "DE441", "equinox": "J2000", "comment": null, "producer": "Otto Matic", "rms": ".21907", "moid": "34.5371", "orbit_id": "1", "covariance": {"epoch": "2457298.5", "elements": [{"label": "e", "title": "eccentricity", "value": ".08152223750863966", "name": "e", "sigma": 0.00171768537746649, "units": null}, {"title": "perihelion distance", "value": "35.06140977268341", "label": "q", "units": "au", "sigma": 0.0597415921409352, "name": "q"}, {"label": "tp", "title": "time of perihelion passage", "value": "2430543.390848036419", "name": "tp", "sigma": 226.379447706032, "units": "TDB"}, {"name": "om", "units": "deg", "sigma": 0.00219871892896079, "label": "node", "value": "10.03566639949065", "title": "longitude of the ascending node"}, {"sigma": 0.808864013395306, "units": "deg", "name": "w", "title": "argument of perihelion", "value": "180.6569307903294", "label": "peri"}, {"value": "35.48029608895825", "title": "inclination", "label": "i", "units": "deg", "sigma": 0.000761469501698922, "name": "i"}], "data": [["2.950443055962188E-6", "-9.463450958150005E-5", ".3680799806467959", "-8.874145062824715E-8", ".001220981240636279", "2.763729875460906E-8"], ["-9.463450958150005E-5", ".003569057831533848", "-10.12082003179968", "-1.196125110143951E-6", "-.03024886294066111", "5.425954754442414E-7"], [".3680799806467959", "-10.12082003179968", "51247.65434368795", "-.02380198074891973", "180.4954058860367", ".007948355033350967"], ["-8.874145062824715E-8", "-1.196125110143951E-6", "-.02380198074891973", "4.834364928570476E-6", "-.0001080199193303925", "-1.669638389115864E-6"], [".001220981240636279", "-.03024886294066111", "180.4954058860367", "-.0001080199193303925", ".654260992165962", "3.66086855437545E-5"], ["2.763729875460906E-8", "5.425954754442414E-7", ".007948355033350967", "-1.669638389115864E-6", "3.66086855437545E-5", "5.798358020176042E-7"]], "labels": ["e", "q", "tp", "node", "peri", "i"]}, "epoch": "2460000.5", "t_jup": "4.555", "source": "JPL", "last_obs": "2017-10-22", "soln_date": "2021-09-17 12:42:06", "n_dop_obs_used": null, "condition_code": "5", "elements": [{"name": "e", "sigma": ".0017783", "units": null, "label": "e", "value": ".07531990903511526", "title": "eccentricity"}, {"sigma": ".027717", "units": "au", "name": "a", "value": "38.43083554474786", "title": "semi-major axis", "label": "a"}, {"label": "q", "value": "35.53622850737397", "title": "perihelion distance", "name": "q", "sigma": ".062327", "units": "au"}, {"units": "deg", "sigma": ".00075561", "name": "i", "value": "35.36719785595731", "title": "inclination; angle with respect to x-y ecliptic plane", "label": "i"}, {"name": "om", "sigma": ".0022047", "units": "deg", "label": "node", "title": "longitude of the ascending node", "value": "10.29450773323293"}, {"units": "deg", "sigma": ".81419", "name": "w", "value": "183.627313123718", "title": "argument of perihelion", "label": "peri"}, {"sigma": "1.0441", "units": "deg", "name": "ma", "value": "120.2427745083784", "title": "mean anomaly", "label": "M"}, {"units": "TDB", "sigma": "229.4", "name": "tp", "title": "time of perihelion passage", "value": "2430935.210369085213", "label": "tp"}, {"label": "period", "title": "sidereal orbital period", "value": "87019.81728141372", "name": "per", "units": "d", "sigma": "94.139"}, {"value": ".004136988691159792", "title": "mean motion", "label": "n", "units": "deg/d", "sigma": "4.4755E-6", "name": "n"}, {"title": "aphelion distance", "value": "41.32544258212175", "label": "Q", "units": "au", "sigma": ".029804", "name": "ad"}], "first_obs": "2014-09-04", "not_valid_after": null, "sb_used": "SB441-N16"}, "signature": {"version": "1.3", "source": "NASA/JPL Small-Body Database (SBDB) API"}}