{"object": {"orbit_class": {"name": "TransNeptunian Object", "code": "TNO"}, "kind": "an", "prefix": null, "shortname": "47171 Lempo", "neo": false, "spkid": "20047171", "orbit_id": "40", "pha": false, "fullname": "47171 Lempo (1999 TC36)", "des": "47171"}, "orbit": {"elements": [{"units": null, "sigma": "6.6791E-6", "name": "e", "value": ".2316117571485826", "title": "eccentricity", "label": "e"}, {"name": "a", "units": "au", "sigma": ".00041254", "label": "a", "value": "39.7692458876625", "title": "semi-major axis"}, {"units": "au", "sigma": "5.1638E-5", "name": "q", "value": "30.55822096714694", "title": "perihelion distance", "label": "q"}, {"units": "deg", "sigma": "7.9309E-6", "name": "i", "value": "8.412514492794413", "title": "inclination; angle with respect to x-y ecliptic plane", "label": "i"}, {"label": "node", "value": "97.10421548940649", "title": "longitude of the ascending node", "name": "om", "sigma": "9.5614E-5", "units": "deg"}, {"name": "w", "units": "deg", "sigma": ".00037627", "label": "peri", "title": "argument of perihelion", "value": "295.0360111526558"}, {"units": "deg", "sigma": ".00023374", "name": "ma", "value": "11.1534627434918", "title": "mean anomaly", "label": "M"}, {"label": "tp", "value": "2457162.406618838812", "title": "time of perihelion passage", "name": "tp", "sigma": ".056325", "units": "TDB"}, {"units": "d", "sigma": "1.4254", "name": "per", "title": "sidereal orbital period", "value": "91605.0594076007", "label": "period"}, {"title": "mean motion", "value": ".003929913940649985", "label": "n", "sigma": "6.115E-8", "units": "deg/d", "name": "n"}, {"value": "48.98027080817805", "title": "aphelion distance", "label": "Q", "units": "au", "sigma": ".00050809", "name": "ad"}], "n_dop_obs_used": null, "condition_code": "1", "soln_date": "2023-02-10 18:00:28", "not_valid_after": null, "sb_used": "SB441-N16", "first_obs": "1974-06-18", "last_obs": "2023-01-11", "source": "JPL", "t_jup": "5.452", "covariance": {"elements": [{"sigma": 6.63797844984337e-06, "units": null, "name": "e", "value": ".2211534122224923", "title": "eccentricity", "label": "e"}, {"label": "q", "value": "30.55421295103415", "title": "perihelion distance", "name": "q", "sigma": 5.16599498197463e-05, "units": "au"}, {"title": "time of perihelion passage", "value": "2457172.892609617072", "label": "tp", "sigma": 0.0590383498705658, "units": "TDB", "name": "tp"}, {"title": "longitude of the ascending node", "value": "97.0967301634204", "label": "node", "units": "deg", "sigma": 9.59251618647032e-05, "name": "om"}, {"title": "argument of perihelion", "value": "295.1665013102492", "label": "peri", "sigma": 0.000391847848663574, "units": "deg", "name": "w"}, {"sigma": 7.97230240277168e-06, "units": "deg", "name": "i", "title": "inclination", "value": "8.416719734260086", "label": "i"}], "epoch": "2457688.5", "data": [["4.406275790058497E-11", "3.407947478830193E-10", "-1.27698442148124E-7", "6.161414329888485E-12", "-8.281685352952713E-10", "1.601887514988436E-12"], ["3.407947478830193E-10", "2.668750415378704E-9", "-9.116478018144502E-7", "4.644803242030314E-11", "-5.91157076841191E-9", "1.266130810133255E-11"], ["-1.27698442148124E-7", "-9.116478018144502E-7", ".003485526755439332", "-7.745873815690791E-8", "2.244494126296687E-5", "-4.35857027924056E-11"], ["6.161414329888485E-12", "4.644803242030314E-11", "-7.745873815690791E-8", "9.201636678769503E-9", "-9.599795958982527E-9", "-7.051222082724039E-10"], ["-8.281685352952713E-10", "-5.91157076841191E-9", "2.244494126296687E-5", "-9.599795958982527E-9", "1.535447365022711E-7", "6.971688952221388E-10"], ["1.601887514988436E-12", "1.266130810133255E-11", "-4.35857027924056E-11", "-7.051222082724039E-10", "6.971688952221388E-10", "6.355760560123908E-11"]], "labels": ["e", "q", "tp", "node", "peri", "i"]}, "epoch": "2460000.5", "producer": "Otto Matic", "rms": ".39759", "orbit_id": "40", "moid": "29.5719", "pe_used": "DE441", "two_body": null, "equinox": "J2000", "moid_jup": "25.6308", "comment": null, "not_valid_before": null, "n_obs_used": 844, "data_arc": "17739", "n_del_obs_used": null, "model_pars": []}, "signature": {"version": "1.3", "source": "NASA/JPL Small-Body Database (SBDB) API"}}