{"orbit": {"equinox": "J2000", "two_body": null, "producer": "Otto Matic", "elements": [{"units": null, "label": "e", "title": "eccentricity", "name": "e", "sigma": ".00023744", "value": ".2408252236486716"}, {"units": "au", "label": "a", "title": "semi-major axis", "sigma": ".012956", "name": "a", "value": "39.08417772379554"}, {"sigma": ".019048", "name": "q", "value": "29.67172188233805", "units": "au", "title": "perihelion distance", "label": "q"}, {"label": "i", "title": "inclination; angle with respect to x-y ecliptic plane", "units": "deg", "value": "3.501204205579278", "sigma": ".0004425", "name": "i"}, {"units": "deg", "label": "node", "title": "longitude of the ascending node", "sigma": ".0048541", "name": "om", "value": "314.3541211872979"}, {"value": "55.89402966529666", "sigma": ".038069", "name": "w", "label": "peri", "title": "argument of perihelion", "units": "deg"}, {"units": "deg", "label": "M", "title": "mean anomaly", "name": "ma", "sigma": ".056281", "value": "169.2397246429952"}, {"units": "TDB", "title": "time of perihelion passage", "label": "tp", "name": "tp", "sigma": "12.373", "value": "2418043.956234617253"}, {"units": "d", "label": "period", "title": "sidereal orbital period", "sigma": "44.379", "name": "per", "value": "89248.28841100901"}, {"label": "n", "title": "mean motion", "units": "deg/d", "value": ".00403369080135315", "name": "n", "sigma": "2.0058E-6"}, {"title": "aphelion distance", "label": "Q", "units": "au", "value": "48.49663356525303", "sigma": ".016077", "name": "ad"}], "n_del_obs_used": null, "moid_jup": "24.736", "first_obs": "2001-02-20", "not_valid_after": null, "not_valid_before": null, "soln_date": "2021-05-04 13:51:37", "moid": "28.6713", "epoch": "2460000.5", "orbit_id": "9", "n_obs_used": 23, "last_obs": "2021-03-20", "source": "JPL", "condition_code": "4", "covariance": {"data": [["5.734726341655758E-8", "-4.644570308527696E-6", ".002554807093352711", "2.073483390820877E-8", "-7.098130532739536E-6", "-6.700060869598189E-10"], ["-4.644570308527696E-6", ".0003789683247873995", "-.1958892458823099", "-1.588465820199514E-6", ".0006180148061899521", "6.339414987526488E-8"], [".002554807093352711", "-.1958892458823099", "158.2618381958356", ".001293006931199655", "-.1436698146593726", "6.594728589448312E-6"], ["2.073483390820877E-8", "-1.588465820199514E-6", ".001293006931199655", "2.340484197744254E-5", "-2.448717155129412E-5", "2.075249817297019E-6"], ["-7.098130532739536E-6", ".0006180148061899521", "-.1436698146593726", "-2.448717155129412E-5", ".001573378213775088", "-1.846476860944873E-6"], ["-6.700060869598189E-10", "6.339414987526488E-8", "6.594728589448312E-6", "2.075249817297019E-6", "-1.846476860944873E-6", "1.937481279990594E-7"]], "epoch": "2454051.5", "labels": ["e", "q", "tp", "node", "peri", "i"], "elements": [{"units": null, "label": "e", "title": "eccentricity", "name": "e", "sigma": 0.000239472886600044, "value": ".231702673688572"}, {"value": "30.23770957116976", "sigma": 0.0194671087937423, "name": "q", "title": "perihelion distance", "label": "q", "units": "au"}, {"units": "TDB", "title": "time of perihelion passage", "label": "tp", "name": "tp", "sigma": 12.5802161426517, "value": "2417545.192913967207"}, {"units": "deg", "label": "node", "title": "longitude of the ascending node", "name": "om", "sigma": 0.0048378551009143, "value": "314.2826247484561"}, {"name": "w", "sigma": 0.0396658318175113, "value": "55.96574712353551", "units": "deg", "label": "peri", "title": "argument of perihelion"}, {"name": "i", "sigma": 0.000440168295086163, "value": "3.496809483135392", "units": "deg", "title": "inclination", "label": "i"}]}, "t_jup": "5.443", "data_arc": "7333", "pe_used": "DE441", "n_dop_obs_used": null, "sb_used": "SB441-N16", "rms": ".29092", "model_pars": [], "comment": null}, "object": {"neo": false, "orbit_class": {"name": "TransNeptunian Object", "code": "TNO"}, "spkid": "3153500", "pha": false, "orbit_id": "9", "fullname": "(2003 FL127)", "prefix": null, "des": "2003 FL127", "kind": "au"}, "signature": {"version": "1.3", "source": "NASA/JPL Small-Body Database (SBDB) API"}}