{"signature": {"version": "1.3", "source": "NASA/JPL Small-Body Database (SBDB) API"}, "orbit": {"source": "JPL", "t_jup": "5.421", "sb_used": "SB441-N16", "not_valid_after": null, "first_obs": "2014-05-29", "n_dop_obs_used": null, "condition_code": "4", "elements": [{"label": "e", "title": "eccentricity", "value": ".2506127958132283", "name": "e", "sigma": ".0003809", "units": null}, {"label": "a", "value": "39.418268063485", "title": "semi-major axis", "name": "a", "units": "au", "sigma": ".010354"}, {"title": "perihelion distance", "value": "29.53954569797974", "label": "q", "units": "au", "sigma": ".0086388", "name": "q"}, {"name": "i", "units": "deg", "sigma": ".00015496", "label": "i", "value": "7.037978357461935", "title": "inclination; angle with respect to x-y ecliptic plane"}, {"name": "om", "sigma": ".007858", "units": "deg", "label": "node", "value": "154.0913988402789", "title": "longitude of the ascending node"}, {"value": "134.630895841473", "title": "argument of perihelion", "label": "peri", "sigma": ".063396", "units": "deg", "name": "w"}, {"label": "M", "title": "mean anomaly", "value": "337.915337929362", "name": "ma", "sigma": ".022962", "units": "deg"}, {"units": "TDB", "sigma": "6.6213", "name": "tp", "value": "2465545.901457872121", "title": "time of perihelion passage", "label": "tp"}, {"sigma": "35.615", "units": "d", "name": "per", "value": "90395.06778272784", "title": "sidereal orbital period", "label": "period"}, {"label": "n", "value": ".003982518170850763", "title": "mean motion", "name": "n", "units": "deg/d", "sigma": "1.5691E-6"}, {"name": "ad", "units": "au", "sigma": ".012948", "label": "Q", "title": "aphelion distance", "value": "49.29699042899026"}], "soln_date": "2021-04-15 13:49:20", "last_obs": "2017-03-28", "comment": null, "equinox": "J2000", "two_body": null, "pe_used": "DE441", "moid_jup": "24.3821", "n_del_obs_used": null, "data_arc": "1034", "model_pars": [], "not_valid_before": null, "n_obs_used": 27, "epoch": "2460000.5", "covariance": {"labels": ["e", "q", "tp", "node", "peri", "i"], "data": [["1.40606512380889E-7", "-2.951271936758421E-6", ".002258078229059077", "-2.313951101726544E-7", "2.17572021287619E-5", "-3.84363785630626E-9"], ["-2.951271936758421E-6", "7.280339789320395E-5", "-.05957351779654441", "4.678755928385879E-6", "-.0005529757804777426", "8.990357463584222E-8"], [".002258078229059077", "-.05957351779654441", "50.10431062729036", "-.003542589686497426", ".4585072758593549", "-7.204552817316581E-5"], ["-2.313951101726544E-7", "4.678755928385879E-6", "-.003542589686497426", "6.152029342660282E-5", "-9.505434485329443E-5", "1.171463783520237E-6"], ["2.17572021287619E-5", "-.0005529757804777426", ".4585072758593549", "-9.505434485329443E-5", ".004287512385873996", "-1.83293346407284E-6"], ["-3.84363785630626E-9", "8.990357463584222E-8", "-7.204552817316581E-5", "1.171463783520237E-6", "-1.83293346407284E-6", "2.302430615312147E-8"]], "epoch": "2457257.5", "elements": [{"name": "e", "sigma": 0.000374975349030958, "units": null, "label": "e", "value": ".2508059171182683", "title": "eccentricity"}, {"units": "au", "sigma": 0.00853249072037022, "name": "q", "title": "perihelion distance", "value": "29.65507834688826", "label": "q"}, {"name": "tp", "sigma": 7.07843984415283, "units": "TDB", "label": "tp", "title": "time of perihelion passage", "value": "2465349.165136818457"}, {"label": "node", "value": "153.8690129564741", "title": "longitude of the ascending node", "name": "om", "units": "deg", "sigma": 0.00784348732558438}, {"label": "peri", "title": "argument of perihelion", "value": "133.3864776262973", "name": "w", "units": "deg", "sigma": 0.065479098847449}, {"name": "i", "sigma": 0.000151737622734513, "units": "deg", "label": "i", "title": "inclination", "value": "7.037106225522469"}]}, "orbit_id": "2", "moid": "28.5264", "producer": "Otto Matic", "rms": ".21338"}, "object": {"spkid": "3830916", "orbit_id": "2", "fullname": "(2015 KD173)", "pha": false, "des": "2015 KD173", "kind": "au", "orbit_class": {"name": "TransNeptunian Object", "code": "TNO"}, "neo": false, "prefix": null}}