{"object": {"kind": "au", "des": "2013 RD98", "prefix": null, "fullname": "(2013 RD98)", "orbit_id": "8", "pha": false, "spkid": "3703307", "orbit_class": {"name": "TransNeptunian Object", "code": "TNO"}, "neo": false}, "orbit": {"comment": null, "model_pars": [], "rms": ".234", "sb_used": "SB441-N16", "n_dop_obs_used": null, "pe_used": "DE441", "data_arc": "1904", "t_jup": "5.200", "covariance": {"data": [["5.420152406521989E-8", "-1.287594295649721E-6", ".006621542070338236", "1.130987701814164E-7", "1.911615890320161E-5", "1.490153704295565E-8"], ["-1.287594295649721E-6", "4.054530563925085E-5", "-.1432849320463628", "-2.196415629123732E-6", "-.0003699766272203394", "-2.587828934471143E-7"], [".006621542070338236", "-.1432849320463628", "829.4473982530982", ".0145012436489769", "2.456051687623363", ".001951288453198971"], ["1.130987701814164E-7", "-2.196415629123732E-6", ".0145012436489769", "5.024826704793373E-6", "3.952607629776516E-5", "6.87966071056305E-7"], ["1.911615890320161E-5", "-.0003699766272203394", "2.456051687623363", "3.952607629776516E-5", ".007463839546937571", "5.436522881309012E-6"], ["1.490153704295565E-8", "-2.587828934471143E-7", ".001951288453198971", "6.87966071056305E-7", "5.436522881309012E-6", "9.461855038435542E-8"]], "epoch": "2457009.5", "labels": ["e", "q", "tp", "node", "peri", "i"], "elements": [{"sigma": 0.000232812207723779, "name": "e", "value": ".2317336119563403", "units": null, "title": "eccentricity", "label": "e"}, {"title": "perihelion distance", "label": "q", "units": "au", "value": "30.27726873057128", "sigma": 0.00636751958294993, "name": "q"}, {"units": "TDB", "label": "tp", "title": "time of perihelion passage", "name": "tp", "sigma": 28.8001284416077, "value": "2425573.796526612288"}, {"value": "145.0051470777098", "name": "om", "sigma": 0.0022416125233397, "title": "longitude of the ascending node", "label": "node", "units": "deg"}, {"units": "deg", "title": "argument of perihelion", "label": "peri", "sigma": 0.0863935156533033, "name": "w", "value": "104.2656308198293"}, {"value": "19.56584066270086", "name": "i", "sigma": 0.000307601284757322, "title": "inclination", "label": "i", "units": "deg"}]}, "condition_code": "4", "source": "JPL", "last_obs": "2018-11-29", "n_obs_used": 161, "orbit_id": "8", "epoch": "2460000.5", "moid": "29.6887", "not_valid_before": null, "soln_date": "2021-09-08 23:28:52", "not_valid_after": null, "first_obs": "2013-09-12", "moid_jup": "25.6245", "n_del_obs_used": null, "elements": [{"sigma": ".00024339", "name": "e", "value": ".2277831308415551", "units": null, "title": "eccentricity", "label": "e"}, {"name": "a", "sigma": ".0064609", "value": "39.6880831429096", "units": "au", "label": "a", "title": "semi-major axis"}, {"name": "q", "sigma": ".0066375", "value": "30.64780730751771", "units": "au", "title": "perihelion distance", "label": "q"}, {"name": "i", "sigma": ".00030306", "value": "19.53147091617345", "units": "deg", "title": "inclination; angle with respect to x-y ecliptic plane", "label": "i"}, {"sigma": ".0022387", "name": "om", "value": "144.7086778335806", "units": "deg", "label": "node", "title": "longitude of the ascending node"}, {"sigma": ".086698", "name": "w", "value": "106.2150195646003", "units": "deg", "title": "argument of perihelion", "label": "peri"}, {"sigma": ".14375", "name": "ma", "value": "135.0293892679128", "units": "deg", "label": "M", "title": "mean anomaly"}, {"units": "TDB", "title": "time of perihelion passage", "label": "tp", "name": "tp", "sigma": "29.058", "value": "2425746.253771378018"}, {"label": "period", "title": "sidereal orbital period", "units": "d", "value": "91324.77536306441", "name": "per", "sigma": "22.301"}, {"sigma": "9.6259E-7", "name": "n", "value": ".003941975204086833", "units": "deg/d", "title": "mean motion", "label": "n"}, {"label": "Q", "title": "aphelion distance", "units": "au", "value": "48.72835897830149", "name": "ad", "sigma": ".0079326"}], "producer": "Otto Matic", "equinox": "J2000", "two_body": null}, "signature": {"version": "1.3", "source": "NASA/JPL Small-Body Database (SBDB) API"}}