{"orbit": {"comment": null, "two_body": null, "equinox": "J2000", "pe_used": "DE441", "moid_jup": "24.3762", "data_arc": "8536", "model_pars": [], "n_del_obs_used": null, "not_valid_before": null, "n_obs_used": 73, "epoch": "2460000.5", "covariance": {"elements": [{"name": "e", "sigma": 3.14393047326037e-05, "units": null, "label": "e", "title": "eccentricity", "value": ".2576480346793268"}, {"units": "au", "sigma": 0.000222957752423141, "name": "q", "value": "29.37553692624976", "title": "perihelion distance", "label": "q"}, {"name": "tp", "units": "TDB", "sigma": 0.115120468076391, "label": "tp", "value": "2455686.666238857743", "title": "time of perihelion passage"}, {"value": "16.0300254712394", "title": "longitude of the ascending node", "label": "node", "sigma": 0.000394030441357665, "units": "deg", "name": "om"}, {"label": "peri", "value": "30.56352541253217", "title": "argument of perihelion", "name": "w", "units": "deg", "sigma": 0.000889817204361621}, {"units": "deg", "sigma": 3.56946439154473e-05, "name": "i", "value": "4.743760599526558", "title": "inclination", "label": "i"}], "epoch": "2457270.5", "labels": ["e", "q", "tp", "node", "peri", "i"], "data": [["9.88429882069518E-10", "6.989837474365111E-9", "-2.284066614407562E-6", "1.706638805363773E-10", "-1.623553488852438E-8", "6.227527577833801E-11"], ["6.989837474365111E-9", "4.971015936557857E-8", "-1.658748347358558E-5", "1.21447814697477E-9", "-1.176476375144832E-7", "4.431215038978211E-10"], ["-2.284066614407562E-6", "-1.658748347358558E-5", ".01325272217012743", "-4.680131769906303E-7", "9.189392342682743E-5", "-1.615979187893702E-7"], ["1.706638805363773E-10", "1.21447814697477E-9", "-4.680131769906303E-7", "1.552599887165162E-7", "-1.580016074580464E-7", "1.301841336273873E-8"], ["-1.623553488852438E-8", "-1.176476375144832E-7", "9.189392342682743E-5", "-1.580016074580464E-7", "7.917746571779313E-7", "-1.410555044395247E-8"], ["6.227527577833801E-11", "4.431215038978211E-10", "-1.615979187893702E-7", "1.301841336273873E-8", "-1.410555044395247E-8", "1.274107604250582E-9"]]}, "orbit_id": "5", "moid": "28.3633", "rms": ".65755", "producer": "Otto Matic", "source": "JPL", "t_jup": "5.451", "not_valid_after": null, "first_obs": "1996-09-16", "sb_used": "SB441-N16", "elements": [{"value": ".263047240925417", "title": "eccentricity", "label": "e", "units": null, "sigma": "3.1572E-5", "name": "e"}, {"name": "a", "sigma": ".0020077", "units": "au", "label": "a", "title": "semi-major axis", "value": "39.83194735078613"}, {"name": "q", "units": "au", "sigma": ".00022252", "label": "q", "title": "perihelion distance", "value": "29.35426349947537"}, {"units": "deg", "sigma": "3.5545E-5", "name": "i", "title": "inclination; angle with respect to x-y ecliptic plane", "value": "4.730819988120762", "label": "i"}, {"name": "om", "units": "deg", "sigma": ".00039543", "label": "node", "title": "longitude of the ascending node", "value": "15.83026154254413"}, {"name": "w", "units": "deg", "sigma": ".00084952", "label": "peri", "title": "argument of perihelion", "value": "30.21162951888931"}, {"label": "M", "value": "17.17737311097627", "title": "mean anomaly", "name": "ma", "sigma": ".0011018", "units": "deg"}, {"sigma": ".10818", "units": "TDB", "name": "tp", "title": "time of perihelion passage", "value": "2455619.230340806630", "label": "tp"}, {"units": "d", "sigma": "6.9423", "name": "per", "value": "91821.78596922672", "title": "sidereal orbital period", "label": "period"}, {"sigma": "2.9643E-7", "units": "deg/d", "name": "n", "value": ".003920638181886931", "title": "mean motion", "label": "n"}, {"name": "ad", "units": "au", "sigma": ".0025358", "label": "Q", "title": "aphelion distance", "value": "50.3096312020969"}], "n_dop_obs_used": null, "condition_code": "2", "soln_date": "2021-04-13 02:51:21", "last_obs": "2020-01-30"}, "object": {"pha": false, "orbit_id": "5", "fullname": "19299 (1996 SZ4)", "des": "19299", "spkid": "20019299", "neo": false, "prefix": null, "kind": "an", "orbit_class": {"code": "TNO", "name": "TransNeptunian Object"}}, "signature": {"version": "1.3", "source": "NASA/JPL Small-Body Database (SBDB) API"}}