{"signature": {"version": "1.3", "source": "NASA/JPL Small-Body Database (SBDB) API"}, "object": {"kind": "an", "des": "55638", "prefix": null, "fullname": "55638 (2002 VE95)", "orbit_id": "18", "pha": false, "spkid": "20055638", "orbit_class": {"code": "TNO", "name": "TransNeptunian Object"}, "neo": false}, "orbit": {"moid_jup": "22.9881", "n_del_obs_used": null, "elements": [{"units": null, "title": "eccentricity", "label": "e", "name": "e", "sigma": "1.0774E-5", "value": ".2913128927257544"}, {"units": "au", "title": "semi-major axis", "label": "a", "sigma": ".00073169", "name": "a", "value": "39.42372207163982"}, {"title": "perihelion distance", "label": "q", "units": "au", "value": "27.93908355293425", "name": "q", "sigma": "9.9323E-5"}, {"title": "inclination; angle with respect to x-y ecliptic plane", "label": "i", "units": "deg", "value": "16.32316543882566", "name": "i", "sigma": "1.5263E-5"}, {"label": "node", "title": "longitude of the ascending node", "units": "deg", "value": "199.651803458623", "sigma": "9.4448E-5", "name": "om"}, {"sigma": ".00085873", "name": "w", "value": "207.0096866779261", "units": "deg", "title": "argument of perihelion", "label": "peri"}, {"units": "deg", "title": "mean anomaly", "label": "M", "name": "ma", "sigma": ".0012632", "value": "31.14821881403342"}, {"sigma": ".11089", "name": "tp", "value": "2452177.639609433834", "units": "TDB", "title": "time of perihelion passage", "label": "tp"}, {"value": "90413.82935627141", "sigma": "2.5171", "name": "per", "label": "period", "title": "sidereal orbital period", "units": "d"}, {"title": "mean motion", "label": "n", "units": "deg/d", "value": ".003981691767322862", "sigma": "1.1085E-7", "name": "n"}, {"sigma": ".00094484", "name": "ad", "value": "50.9083605903454", "units": "au", "label": "Q", "title": "aphelion distance"}], "producer": "Otto Matic", "two_body": null, "equinox": "J2000", "epoch": "2460000.5", "soln_date": "2021-04-13 11:11:19", "not_valid_before": null, "moid": "26.9555", "first_obs": "1990-10-12", "not_valid_after": null, "last_obs": "2018-01-18", "n_obs_used": 424, "orbit_id": "18", "t_jup": "5.186", "covariance": {"labels": ["e", "q", "tp", "node", "peri", "i"], "elements": [{"units": null, "title": "eccentricity", "label": "e", "name": "e", "sigma": 1.08216691917146e-05, "value": ".29188076676831"}, {"label": "q", "title": "perihelion distance", "units": "au", "value": "28.01122549366242", "name": "q", "sigma": 9.81155004543187e-05}, {"label": "tp", "title": "time of perihelion passage", "units": "TDB", "value": "2452273.582498530316", "sigma": 0.108655820803095, "name": "tp"}, {"sigma": 9.42545435852169e-05, "name": "om", "value": "199.8166008976407", "units": "deg", "title": "longitude of the ascending node", "label": "node"}, {"sigma": 0.000837993309741621, "name": "w", "value": "207.6793700559423", "units": "deg", "label": "peri", "title": "argument of perihelion"}, {"sigma": 1.53081246891785e-05, "name": "i", "value": "16.32753291077993", "units": "deg", "title": "inclination", "label": "i"}], "data": [["1.17108524094906E-10", "9.913154360755592E-10", "9.409019011951898E-7", "5.470108951764505E-12", "7.096571116598738E-9", "1.401872876547262E-11"], ["9.913154360755592E-10", "9.626651429401404E-9", "1.014519614356081E-5", "-1.706624171583602E-11", "7.744777694437715E-8", "1.107346054138445E-10"], ["9.409019011951898E-7", "1.014519614356081E-5", ".01180608739439419", "-7.661991200150767E-8", "9.04787718521398E-5", "9.469563757374455E-8"], ["5.470108951764505E-12", "-1.706624171583602E-11", "-7.661991200150767E-8", "8.883918986457547E-9", "-9.143121287933624E-9", "1.375222472902749E-9"], ["7.096571116598738E-9", "7.744777694437715E-8", "9.04787718521398E-5", "-9.143121287933624E-9", "7.022327871717165E-7", "-6.08352747662781E-10"], ["1.401872876547262E-11", "1.107346054138445E-10", "9.469563757374455E-8", "1.375222472902749E-9", "-6.08352747662781E-10", "2.343386814994354E-10"]], "epoch": "2456742.5"}, "condition_code": "2", "source": "JPL", "n_dop_obs_used": null, "pe_used": "DE441", "data_arc": "9960", "model_pars": [], "sb_used": "SB441-N16", "rms": ".33061", "comment": null}}