{"signature": {"version": "1.3", "source": "NASA/JPL Small-Body Database (SBDB) API"}, "orbit": {"n_obs_used": 80, "last_obs": "2017-07-15", "orbit_id": "6", "t_jup": "4.883", "condition_code": "2", "source": "JPL", "covariance": {"elements": [{"units": null, "title": "eccentricity", "label": "e", "name": "e", "sigma": 2.19087211845847e-05, "value": ".3280805498069136"}, {"value": "26.60468887865326", "sigma": 0.000199214055102687, "name": "q", "label": "q", "title": "perihelion distance", "units": "au"}, {"title": "time of perihelion passage", "label": "tp", "units": "TDB", "value": "2459599.573786184226", "sigma": 0.399276814481892, "name": "tp"}, {"name": "om", "sigma": 3.17986146162166e-05, "value": "234.1475721172953", "units": "deg", "label": "node", "title": "longitude of the ascending node"}, {"name": "w", "sigma": 0.00341143282613294, "value": "12.34974826832222", "units": "deg", "label": "peri", "title": "argument of perihelion"}, {"sigma": 8.18864885915384e-05, "name": "i", "value": "24.00743625808693", "units": "deg", "label": "i", "title": "inclination"}], "labels": ["e", "q", "tp", "node", "peri", "i"], "epoch": "2457142.5", "data": [["4.799920639438719E-10", "1.707771632968301E-9", "1.40734962021965E-6", "2.877397995528901E-11", "1.267968621722824E-8", "6.364405247816686E-11"], ["1.707771632968301E-9", "3.968623975045638E-8", "-6.64930922887663E-5", "4.307180889909506E-10", "-5.655993182588499E-7", "-2.75889697551328E-10"], ["1.40734962021965E-6", "-6.64930922887663E-5", ".1594219745828074", "-6.062836592052816E-7", ".001361950383295384", "1.288689766431703E-6"], ["2.877397995528901E-11", "4.307180889909506E-10", "-6.062836592052816E-7", "1.011151891510661E-9", "-6.062231392915929E-9", "-2.219780889967558E-9"], ["1.267968621722824E-8", "-5.655993182588499E-7", ".001361950383295384", "-6.062231392915929E-9", "1.163787392721739E-5", "1.310388537508386E-8"], ["6.364405247816686E-11", "-2.75889697551328E-10", "1.288689766431703E-6", "-2.219780889967558E-9", "1.310388537508386E-8", "6.705397013852147E-9"]]}, "producer": "Otto Matic", "n_del_obs_used": null, "moid_jup": "21.2325", "elements": [{"label": "e", "title": "eccentricity", "units": null, "value": ".3244920589734128", "name": "e", "sigma": "2.1928E-5"}, {"title": "semi-major axis", "label": "a", "units": "au", "value": "39.35193037217953", "name": "a", "sigma": ".0014157"}, {"units": "au", "label": "q", "title": "perihelion distance", "name": "q", "sigma": ".00020416", "value": "26.58254146113262"}, {"units": "deg", "title": "inclination; angle with respect to x-y ecliptic plane", "label": "i", "name": "i", "sigma": "8.2032E-5", "value": "24.04894544162051"}, {"value": "234.1937153157378", "sigma": "3.1739E-5", "name": "om", "label": "node", "title": "longitude of the ascending node", "units": "deg"}, {"units": "deg", "label": "peri", "title": "argument of perihelion", "name": "w", "sigma": ".0034307", "value": "13.22276218115815"}, {"sigma": ".001598", "name": "ma", "value": "1.173266407103694", "units": "deg", "label": "M", "title": "mean anomaly"}, {"label": "tp", "title": "time of perihelion passage", "units": "TDB", "value": "2459706.639222075587", "name": "tp", "sigma": ".40052"}, {"units": "d", "title": "sidereal orbital period", "label": "period", "name": "per", "sigma": "4.8655", "value": "90166.97266048861"}, {"sigma": "2.1545E-7", "name": "n", "value": ".003992592735208386", "units": "deg/d", "label": "n", "title": "mean motion"}, {"value": "52.12131928322645", "sigma": ".001875", "name": "ad", "label": "Q", "title": "aphelion distance", "units": "au"}], "equinox": "J2000", "two_body": null, "not_valid_before": null, "soln_date": "2021-04-15 09:45:40", "moid": "25.5736", "epoch": "2460000.5", "first_obs": "2011-04-14", "not_valid_after": null, "model_pars": [], "rms": ".68775", "sb_used": "SB441-N16", "comment": null, "pe_used": "DE441", "n_dop_obs_used": null, "data_arc": "2284"}, "object": {"fullname": "(2014 GK54)", "orbit_id": "6", "des": "2014 GK54", "kind": "au", "prefix": null, "orbit_class": {"name": "TransNeptunian Object", "code": "TNO"}, "neo": false, "spkid": "3755697", "pha": false}}