{"object": {"des": "2010 TE192", "kind": "au", "prefix": null, "fullname": "(2010 TE192)", "orbit_id": "4", "spkid": "3755969", "pha": false, "orbit_class": {"code": "TNO", "name": "TransNeptunian Object"}, "neo": false}, "orbit": {"moid_jup": "34.4036", "n_del_obs_used": null, "elements": [{"value": ".05599776506725471", "name": "e", "sigma": "6.505E-5", "label": "e", "title": "eccentricity", "units": null}, {"label": "a", "title": "semi-major axis", "units": "au", "value": "41.46555004053268", "name": "a", "sigma": ".0092478"}, {"value": "39.14357191097844", "name": "q", "sigma": ".0075509", "label": "q", "title": "perihelion distance", "units": "au"}, {"name": "i", "sigma": ".00041641", "value": "21.22255823836394", "units": "deg", "title": "inclination; angle with respect to x-y ecliptic plane", "label": "i"}, {"units": "deg", "label": "node", "title": "longitude of the ascending node", "sigma": ".00045367", "name": "om", "value": "29.57842188695463"}, {"value": "291.9241563552268", "sigma": ".16656", "name": "w", "title": "argument of perihelion", "label": "peri", "units": "deg"}, {"name": "ma", "sigma": ".17473", "value": "98.11132585596124", "units": "deg", "title": "mean anomaly", "label": "M"}, {"name": "tp", "sigma": "38.447", "value": "2433421.036116633783", "units": "TDB", "title": "time of perihelion passage", "label": "tp"}, {"units": "d", "title": "sidereal orbital period", "label": "period", "name": "per", "sigma": "32.627", "value": "97528.05717924614"}, {"title": "mean motion", "label": "n", "units": "deg/d", "value": ".003691245477579426", "name": "n", "sigma": "1.2349E-6"}, {"units": "au", "label": "Q", "title": "aphelion distance", "name": "ad", "sigma": ".0097656", "value": "43.78752817008693"}], "producer": "Otto Matic", "two_body": null, "equinox": "J2000", "epoch": "2460000.5", "moid": "38.1899", "not_valid_before": null, "soln_date": "2021-04-15 04:19:24", "not_valid_after": null, "first_obs": "1999-10-13", "n_obs_used": 19, "last_obs": "2013-10-30", "orbit_id": "4", "t_jup": "5.380", "covariance": {"data": [["4.310180978610288E-9", "1.501282210897427E-7", ".001451526110222186", "3.613354245394282E-9", "5.936582995377754E-6", "3.353863423718799E-9"], ["1.501282210897427E-7", "5.653725454184708E-5", ".2816375310978436", "7.07351506382676E-7", ".001227315169056222", "6.533705054378775E-7"], [".001451526110222186", ".2816375310978436", "1530.740074260292", ".003828336693576428", "6.599914647647465", ".003539108573945655"], ["3.613354245394282E-9", "7.07351506382676E-7", ".003828336693576428", "2.047016175863431E-7", "1.633355873540644E-5", "1.877188293650907E-7"], ["5.936582995377754E-6", ".001227315169056222", "6.599914647647465", "1.633355873540644E-5", ".0284921385499314", "1.509949410993472E-5"], ["3.353863423718799E-9", "6.533705054378775E-7", ".003539108573945655", "1.877188293650907E-7", "1.509949410993472E-5", "1.735175676964004E-7"]], "epoch": "2455934.5", "labels": ["e", "q", "tp", "node", "peri", "i"], "elements": [{"title": "eccentricity", "label": "e", "units": null, "value": ".05515529437769111", "name": "e", "sigma": 6.56519685813783e-05}, {"name": "q", "sigma": 0.00751912591607875, "value": "39.2082302316914", "units": "au", "label": "q", "title": "perihelion distance"}, {"value": "2433485.616755993044", "name": "tp", "sigma": 39.1246734716124, "title": "time of perihelion passage", "label": "tp", "units": "TDB"}, {"label": "node", "title": "longitude of the ascending node", "units": "deg", "value": "29.64600271056501", "sigma": 0.000452439628664801, "name": "om"}, {"units": "deg", "title": "argument of perihelion", "label": "peri", "sigma": 0.168796144949852, "name": "w", "value": "292.3336579187454"}, {"title": "inclination", "label": "i", "units": "deg", "value": "21.23340886450384", "name": "i", "sigma": 0.000416554399444299}]}, "condition_code": "4", "source": "JPL", "n_dop_obs_used": null, "pe_used": "DE441", "data_arc": "5131", "model_pars": [], "sb_used": "SB441-N16", "rms": ".61216", "comment": null}, "signature": {"version": "1.3", "source": "NASA/JPL Small-Body Database (SBDB) API"}}