{"signature": {"version": "1.3", "source": "NASA/JPL Small-Body Database (SBDB) API"}, "orbit": {"comment": null, "model_pars": [], "rms": ".32443", "sb_used": "SB441-N16", "n_dop_obs_used": null, "pe_used": "DE441", "data_arc": "3312", "t_jup": "5.316", "covariance": {"elements": [{"sigma": 0.00018335435973464, "name": "e", "value": ".09968262211964156", "units": null, "title": "eccentricity", "label": "e"}, {"title": "perihelion distance", "label": "q", "units": "au", "value": "36.52550016165432", "name": "q", "sigma": 0.0128796426672649}, {"name": "tp", "sigma": 37.8371878841299, "value": "2477768.979143585497", "units": "TDB", "label": "tp", "title": "time of perihelion passage"}, {"sigma": 0.00167042641470468, "name": "om", "value": "148.3394525724289", "units": "deg", "title": "longitude of the ascending node", "label": "node"}, {"title": "argument of perihelion", "label": "peri", "units": "deg", "value": "339.8255659966199", "name": "w", "sigma": 0.188083268758443}, {"label": "i", "title": "inclination", "units": "deg", "value": "21.63232146799703", "sigma": 0.00022747561244113, "name": "i"}], "labels": ["e", "q", "tp", "node", "peri", "i"], "epoch": "2457381.5", "data": [["3.361882123369978E-8", "9.001161726756637E-7", "-.004976479375306944", "-1.063088614853665E-8", "-2.278292716066861E-5", "5.663369223639437E-9"], ["9.001161726756637E-7", ".0001658851952364302", "-.4469892311692691", "1.561247378954114E-6", "-.002290678614529464", "8.447048067128596E-7"], ["-.004976479375306944", "-.4469892311692691", "1431.652786978944", "-.002504086601905348", "7.094383522198551", "-.002368803597162334"], ["-1.063088614853665E-8", "1.561247378954114E-6", "-.002504086601905348", "2.790324406943131E-6", "-1.721772645379029E-5", "3.628272251147548E-7"], ["-2.278292716066861E-5", "-.002290678614529464", "7.094383522198551", "-1.721772645379029E-5", ".03537531598686056", "-1.237164670151987E-5"], ["5.663369223639437E-9", "8.447048067128596E-7", "-.002368803597162334", "3.628272251147548E-7", "-1.237164670151987E-5", "5.17451542554671E-8"]]}, "condition_code": "4", "source": "JPL", "n_obs_used": 15, "last_obs": "2022-10-29", "orbit_id": "2", "epoch": "2460000.5", "not_valid_before": null, "moid": "35.9178", "soln_date": "2022-11-05 00:48:15", "not_valid_after": null, "first_obs": "2013-10-04", "moid_jup": "31.6453", "n_del_obs_used": null, "elements": [{"label": "e", "title": "eccentricity", "units": null, "value": ".09842589561533342", "name": "e", "sigma": ".00020371"}, {"units": "au", "title": "semi-major axis", "label": "a", "name": "a", "sigma": ".019397", "value": "40.91797132598283"}, {"value": "36.89058335146044", "sigma": ".012056", "name": "q", "label": "q", "title": "perihelion distance", "units": "au"}, {"value": "21.60473249926955", "sigma": ".00022537", "name": "i", "title": "inclination; angle with respect to x-y ecliptic plane", "label": "i", "units": "deg"}, {"sigma": ".0016687", "name": "om", "value": "148.0814455997152", "units": "deg", "label": "node", "title": "longitude of the ascending node"}, {"value": "334.8717077526785", "name": "w", "sigma": ".18464", "label": "peri", "title": "argument of perihelion", "units": "deg"}, {"value": "296.9789346314028", "sigma": ".188", "name": "ma", "title": "mean anomaly", "label": "M", "units": "deg"}, {"units": "TDB", "label": "tp", "title": "time of perihelion passage", "sigma": "38.04", "name": "tp", "value": "2476736.543933042183"}, {"value": "95602.5700399754", "sigma": "67.978", "name": "per", "label": "period", "title": "sidereal orbital period", "units": "d"}, {"name": "n", "sigma": "2.6775E-6", "value": ".003765589145244412", "units": "deg/d", "title": "mean motion", "label": "n"}, {"value": "44.94535930050522", "name": "ad", "sigma": ".021306", "title": "aphelion distance", "label": "Q", "units": "au"}], "producer": "Otto Matic", "two_body": null, "equinox": "J2000"}, "object": {"des": "2013 TF228", "kind": "au", "prefix": null, "fullname": "(2013 TF228)", "orbit_id": "2", "spkid": "54196843", "pha": false, "orbit_class": {"name": "TransNeptunian Object", "code": "TNO"}, "neo": false}}