{"signature": {"version": "1.3", "source": "NASA/JPL Small-Body Database (SBDB) API"}, "orbit": {"t_jup": "4.367", "source": "JPL", "last_obs": "2018-11-07", "sb_used": "SB441-N16", "not_valid_after": null, "first_obs": "2013-09-03", "soln_date": "2021-09-10 14:12:04", "n_dop_obs_used": null, "elements": [{"label": "e", "value": ".1148827381131367", "title": "eccentricity", "name": "e", "units": null, "sigma": ".00056039"}, {"units": "au", "sigma": ".038805", "name": "a", "title": "semi-major axis", "value": "39.08117849879722", "label": "a"}, {"name": "q", "sigma": ".045369", "units": "au", "label": "q", "value": "34.59142570416715", "title": "perihelion distance"}, {"sigma": ".00031388", "units": "deg", "name": "i", "title": "inclination; angle with respect to x-y ecliptic plane", "value": "38.96630201360593", "label": "i"}, {"value": "45.28344464739437", "title": "longitude of the ascending node", "label": "node", "sigma": ".0023644", "units": "deg", "name": "om"}, {"sigma": ".36456", "units": "deg", "name": "w", "title": "argument of perihelion", "value": "3.066456047907023", "label": "peri"}, {"name": "ma", "units": "deg", "sigma": ".36738", "label": "M", "value": "274.7771481535505", "title": "mean anomaly"}, {"name": "tp", "units": "TDB", "sigma": "61.783", "label": "tp", "title": "time of perihelion passage", "value": "2481125.828275942768"}, {"name": "per", "sigma": "132.91", "units": "d", "label": "period", "title": "sidereal orbital period", "value": "89238.01556232752"}, {"name": "n", "sigma": "6.0085E-6", "units": "deg/d", "label": "n", "value": ".004034155149366372", "title": "mean motion"}, {"sigma": ".043264", "units": "au", "name": "ad", "title": "aphelion distance", "value": "43.57093129342729", "label": "Q"}], "condition_code": "5", "data_arc": "1891", "model_pars": [], "n_del_obs_used": null, "n_obs_used": 9, "not_valid_before": null, "comment": null, "moid_jup": "29.6068", "two_body": null, "pe_used": "DE441", "equinox": "J2000", "moid": "33.6005", "orbit_id": "1", "rms": ".24768", "producer": "Otto Matic", "epoch": "2460000.5", "covariance": {"data": [["3.213046791714604E-7", "-1.925101692714578E-5", "-.006383277684245327", "2.400786839221237E-7", "3.693989249677258E-5", "-5.404707729435861E-10"], ["-1.925101692714578E-5", ".002156984232043121", "-1.551596529362951", "-6.835304581970278E-5", "-.01363840597241906", "-4.623249660533102E-6"], ["-.006383277684245327", "-1.551596529362951", "3855.654915147697", ".09917031185424645", "21.29054356135618", ".008978111961986671"], ["2.400786839221237E-7", "-6.835304581970278E-5", ".09917031185424645", "5.437143644875744E-6", ".0006399247117111396", "6.608537032996273E-7"], ["3.693989249677258E-5", "-.01363840597241906", "21.29054356135618", ".0006399247117111396", ".1343423547391806", "5.26022940376907E-5"], ["-5.404707729435861E-10", "-4.623249660533102E-6", ".008978111961986671", "6.608537032996273E-7", "5.26022940376907E-5", "9.558450493355316E-8"]], "labels": ["e", "q", "tp", "node", "peri", "i"], "elements": [{"units": null, "sigma": 0.000566837436282626, "name": "e", "title": "eccentricity", "value": ".1127499538941796", "label": "e"}, {"title": "perihelion distance", "value": "34.40759859197981", "label": "q", "sigma": 0.0464433443244898, "units": "au", "name": "q"}, {"name": "tp", "sigma": 62.0939201141923, "units": "TDB", "label": "tp", "title": "time of perihelion passage", "value": "2481914.748782391813"}, {"label": "node", "title": "longitude of the ascending node", "value": "45.05123505707762", "name": "om", "units": "deg", "sigma": 0.00233176835146113}, {"name": "w", "sigma": 0.366527426994462, "units": "deg", "label": "peri", "value": "7.093525413693834", "title": "argument of perihelion"}, {"name": "i", "units": "deg", "sigma": 0.000309167438346203, "label": "i", "title": "inclination", "value": "38.95071969896947"}], "epoch": "2457330.5"}}, "object": {"orbit_class": {"name": "TransNeptunian Object", "code": "TNO"}, "kind": "au", "prefix": null, "neo": false, "spkid": "54194330", "des": "2013 RB156", "pha": false, "orbit_id": "1", "fullname": "(2013 RB156)"}}