{"object": {"kind": "au", "des": "2013 SP102", "prefix": null, "fullname": "(2013 SP102)", "orbit_id": "4", "pha": false, "spkid": "3841803", "orbit_class": {"name": "TransNeptunian Object", "code": "TNO"}, "neo": false}, "orbit": {"first_obs": "2013-09-29", "not_valid_after": null, "epoch": "2460000.5", "not_valid_before": null, "soln_date": "2021-09-08 23:29:37", "moid": "32.8324", "equinox": "J2000", "two_body": null, "n_del_obs_used": null, "moid_jup": "28.4856", "elements": [{"value": ".1461136754940092", "sigma": ".00013821", "name": "e", "title": "eccentricity", "label": "e", "units": null}, {"label": "a", "title": "semi-major axis", "units": "au", "value": "39.60779069135111", "sigma": ".0034922", "name": "a"}, {"name": "q", "sigma": ".0077646", "value": "33.8205508152404", "units": "au", "title": "perihelion distance", "label": "q"}, {"units": "deg", "title": "inclination; angle with respect to x-y ecliptic plane", "label": "i", "name": "i", "sigma": ".00031186", "value": "11.5883978822206"}, {"label": "node", "title": "longitude of the ascending node", "units": "deg", "value": "146.5450529043817", "sigma": ".0029998", "name": "om"}, {"units": "deg", "title": "argument of perihelion", "label": "peri", "sigma": ".13455", "name": "w", "value": "76.48251763198367"}, {"value": "171.6432177787997", "name": "ma", "sigma": ".18107", "title": "mean anomaly", "label": "M", "units": "deg"}, {"units": "TDB", "title": "time of perihelion passage", "label": "tp", "name": "tp", "sigma": "47.066", "value": "2416590.128633986860"}, {"value": "91047.77860727666", "name": "per", "sigma": "12.041", "title": "sidereal orbital period", "label": "period", "units": "d"}, {"label": "n", "title": "mean motion", "units": "deg/d", "value": ".003953967966124857", "sigma": "5.2293E-7", "name": "n"}, {"name": "ad", "sigma": ".0040025", "value": "45.39503056746182", "units": "au", "label": "Q", "title": "aphelion distance"}], "producer": "Otto Matic", "covariance": {"data": [["1.687874175915183E-8", "-9.230600491178365E-7", ".005176976646260633", "4.277422068934527E-8", "1.360729560378288E-5", "3.841961359698167E-9"], ["-9.230600491178365E-7", "5.48256394981316E-5", "-.2422143863127424", "-2.077255331297885E-6", "-.0005981314216048195", "-1.764533662633847E-7"], [".005176976646260633", "-.2422143863127424", "1980.739611379697", ".01567926872282241", "5.571466119927678", ".001501762660980712"], ["4.277422068934527E-8", "-2.077255331297885E-6", ".01567926872282241", "9.039488286586814E-6", "3.483455593085026E-5", "9.486251950626599E-7"], ["1.360729560378288E-5", "-.0005981314216048195", "5.571466119927678", "3.483455593085026E-5", ".01595499351616692", "3.330226335449084E-6"], ["3.841961359698167E-9", "-1.764533662633847E-7", ".001501762660980712", "9.486251950626599E-7", "3.330226335449084E-6", "1.00015211446907E-7"]], "epoch": "2457482.5", "labels": ["e", "q", "tp", "node", "peri", "i"], "elements": [{"sigma": 0.00012991821180709, "name": "e", "value": ".1559744920142777", "units": null, "title": "eccentricity", "label": "e"}, {"label": "q", "title": "perihelion distance", "units": "au", "value": "33.11679667840635", "sigma": 0.00740443377295871, "name": "q"}, {"title": "time of perihelion passage", "label": "tp", "units": "TDB", "value": "2416737.961561083692", "sigma": 44.505500911457, "name": "tp"}, {"units": "deg", "title": "longitude of the ascending node", "label": "node", "sigma": 0.00300657417779552, "name": "om", "value": "146.8097271619505"}, {"value": "74.72812313011501", "sigma": 0.126313077375887, "name": "w", "title": "argument of perihelion", "label": "peri", "units": "deg"}, {"value": "11.61356660373121", "sigma": 0.000316251816511632, "name": "i", "label": "i", "title": "inclination", "units": "deg"}]}, "condition_code": "4", "source": "JPL", "t_jup": "5.479", "orbit_id": "4", "n_obs_used": 65, "last_obs": "2018-09-11", "data_arc": "1808", "n_dop_obs_used": null, "pe_used": "DE441", "comment": null, "sb_used": "SB441-N16", "rms": ".18069", "model_pars": []}, "signature": {"version": "1.3", "source": "NASA/JPL Small-Body Database (SBDB) API"}}