{"signature": {"version": "1.3", "source": "NASA/JPL Small-Body Database (SBDB) API"}, "object": {"spkid": "3046112", "pha": false, "orbit_class": {"name": "TransNeptunian Object", "code": "TNO"}, "neo": false, "des": "1999 CK158", "kind": "au", "prefix": null, "fullname": "(1999 CK158)", "orbit_id": "7"}, "orbit": {"soln_date": "2021-04-14 20:49:47", "not_valid_before": null, "moid": "36.6849", "epoch": "2460000.5", "not_valid_after": null, "first_obs": "1999-02-10", "producer": "Otto Matic", "n_del_obs_used": null, "moid_jup": "32.6548", "elements": [{"title": "eccentricity", "label": "e", "units": null, "value": ".07333157049727705", "sigma": ".00034611", "name": "e"}, {"value": "40.62326521456828", "sigma": ".04516", "name": "a", "title": "semi-major axis", "label": "a", "units": "au"}, {"value": "37.64429737765659", "name": "q", "sigma": ".028062", "label": "q", "title": "perihelion distance", "units": "au"}, {"units": "deg", "label": "i", "title": "inclination; angle with respect to x-y ecliptic plane", "name": "i", "sigma": ".00030762", "value": "17.10957680151379"}, {"label": "node", "title": "longitude of the ascending node", "units": "deg", "value": "127.7715558243575", "sigma": ".00051348", "name": "om"}, {"name": "w", "sigma": ".59617", "value": "309.6100911001196", "units": "deg", "title": "argument of perihelion", "label": "peri"}, {"value": "77.47867905229104", "sigma": ".62313", "name": "ma", "label": "M", "title": "mean anomaly", "units": "deg"}, {"label": "tp", "title": "time of perihelion passage", "units": "TDB", "value": "2439646.940265701905", "sigma": "129.78", "name": "tp"}, {"label": "period", "title": "sidereal orbital period", "units": "d", "value": "94571.5852925431", "sigma": "157.7", "name": "per"}, {"units": "deg/d", "title": "mean motion", "label": "n", "sigma": "6.3476E-6", "name": "n", "value": ".003806640217422534"}, {"value": "43.60223305147998", "sigma": ".048471", "name": "ad", "label": "Q", "title": "aphelion distance", "units": "au"}], "two_body": null, "equinox": "J2000", "t_jup": "5.455", "source": "JPL", "condition_code": "5", "covariance": {"labels": ["e", "q", "tp", "node", "peri", "i"], "elements": [{"units": null, "title": "eccentricity", "label": "e", "sigma": 0.000364602635616247, "name": "e", "value": ".07231228110753943"}, {"units": "au", "label": "q", "title": "perihelion distance", "sigma": 0.0274554334533557, "name": "q", "value": "37.75796729564005"}, {"value": "2439936.058127037470", "name": "tp", "sigma": 131.259949947403, "label": "tp", "title": "time of perihelion passage", "units": "TDB"}, {"sigma": 0.000510198334077224, "name": "om", "value": "127.7543864781656", "units": "deg", "label": "node", "title": "longitude of the ascending node"}, {"title": "argument of perihelion", "label": "peri", "units": "deg", "value": "311.055425723779", "sigma": 0.598412037419238, "name": "w"}, {"title": "inclination", "label": "i", "units": "deg", "value": "17.11340811170944", "sigma": 0.00030793916770134, "name": "i"}], "data": [["1.329350818983135E-7", "9.740818234131724E-6", ".0469758511100607", "-1.210153645564394E-7", ".000213952290855173", "-3.290753226685924E-8"], ["9.740818234131724E-6", ".0007538008261116429", "3.600829065626305", "-9.306143824627313E-6", ".01641925278683442", "-2.595265254872557E-6"], [".0469758511100607", "3.600829065626305", "17229.17446019462", "-.04450072801946416", "78.54653439310826", "-.01235741425370363"], ["-1.210153645564394E-7", "-9.306143824627313E-6", "-.04450072801946416", "2.60302340095175E-7", "-.0002030295590843535", "1.190325578761347E-7"], [".000213952290855173", ".01641925278683442", "78.54653439310826", "-.0002030295590843535", ".3580969665282434", "-5.645367028641866E-5"], ["-3.290753226685924E-8", "-2.595265254872557E-6", "-.01235741425370363", "1.190325578761347E-7", "-5.645367028641866E-5", "9.482653100459413E-8"]], "epoch": "2455434.5"}, "last_obs": "2018-02-18", "n_obs_used": 19, "orbit_id": "7", "pe_used": "DE441", "n_dop_obs_used": null, "data_arc": "6948", "comment": null, "model_pars": [], "sb_used": "SB441-N16", "rms": ".14765"}}