{"object": {"prefix": null, "kind": "au", "des": "2014 UV228", "orbit_id": "2", "fullname": "(2014 UV228)", "pha": false, "spkid": "3790084", "neo": false, "orbit_class": {"code": "TNO", "name": "TransNeptunian Object"}}, "orbit": {"condition_code": "3", "source": "JPL", "covariance": {"elements": [{"value": ".2307962816915248", "name": "e", "sigma": 5.95789759033559e-05, "title": "eccentricity", "label": "e", "units": null}, {"title": "perihelion distance", "label": "q", "units": "au", "value": "30.52244586007754", "name": "q", "sigma": 0.00100106933584838}, {"title": "time of perihelion passage", "label": "tp", "units": "TDB", "value": "2451367.280858434555", "name": "tp", "sigma": 2.16744855896546}, {"name": "om", "sigma": 0.000346377845455199, "value": "4.754768226417021", "units": "deg", "title": "longitude of the ascending node", "label": "node"}, {"value": "349.4460087922118", "name": "w", "sigma": 0.0143969161852275, "label": "peri", "title": "argument of perihelion", "units": "deg"}, {"title": "inclination", "label": "i", "units": "deg", "value": "10.13328254716669", "name": "i", "sigma": 0.000149657788895592}], "labels": ["e", "q", "tp", "node", "peri", "i"], "epoch": "2456346.5", "data": [["3.54965436969266E-9", "4.19715927313146E-8", "6.074543000155233E-5", "1.419382771001861E-10", "3.983773895609411E-7", "2.535871401941861E-10"], ["4.19715927313146E-8", "1.002139815175915E-6", ".00207379197968576", "1.917173009618782E-9", "1.374838120135237E-5", "2.924472970370511E-9"], ["6.074543000155233E-5", ".00207379197968576", "4.697833255761463", "3.03606343657881E-6", ".03119451843718208", "4.070549795350168E-6"], ["1.419382771001861E-10", "1.917173009618782E-9", "3.03606343657881E-6", "1.19977611822186E-7", "-9.810473461877623E-8", "4.829944850111538E-8"], ["3.983773895609411E-7", "1.374838120135237E-5", ".03119451843718208", "-9.810473461877623E-8", ".0002072711956444652", "-2.083093637213167E-8"], ["2.535871401941861E-10", "2.924472970370511E-9", "4.070549795350168E-6", "4.829944850111538E-8", "-2.083093637213167E-8", "2.239745377711771E-8"]]}, "t_jup": "5.428", "orbit_id": "2", "n_obs_used": 50, "last_obs": "2015-12-07", "first_obs": "2004-09-21", "not_valid_after": null, "not_valid_before": null, "moid": "29.5181", "soln_date": "2021-04-15 11:41:17", "epoch": "2460000.5", "equinox": "J2000", "two_body": null, "producer": "Otto Matic", "n_del_obs_used": null, "elements": [{"units": null, "label": "e", "title": "eccentricity", "name": "e", "sigma": "5.9833E-5", "value": ".2340320236725788"}, {"units": "au", "title": "semi-major axis", "label": "a", "sigma": ".0041336", "name": "a", "value": "39.84999057617581"}, {"value": "30.52381663830019", "name": "q", "sigma": ".00099503", "label": "q", "title": "perihelion distance", "units": "au"}, {"label": "i", "title": "inclination; angle with respect to x-y ecliptic plane", "units": "deg", "value": "10.11321408107938", "name": "i", "sigma": ".00014941"}, {"sigma": ".00034727", "name": "om", "value": "4.643307531875647", "units": "deg", "title": "longitude of the ascending node", "label": "node"}, {"title": "argument of perihelion", "label": "peri", "units": "deg", "value": "349.6916797621733", "name": "w", "sigma": ".014181"}, {"value": "33.67733531934274", "sigma": ".012429", "name": "ma", "label": "M", "title": "mean anomaly", "units": "deg"}, {"name": "tp", "sigma": "2.1327", "value": "2451404.904263737355", "units": "TDB", "title": "time of perihelion passage", "label": "tp"}, {"units": "d", "title": "sidereal orbital period", "label": "period", "sigma": "14.296", "name": "per", "value": "91884.183701353"}, {"label": "n", "title": "mean motion", "units": "deg/d", "value": ".003917975711359549", "name": "n", "sigma": "6.0961E-7"}, {"units": "au", "label": "Q", "title": "aphelion distance", "name": "ad", "sigma": ".005101", "value": "49.17616451405142"}], "moid_jup": "25.5587", "comment": null, "rms": ".28398", "sb_used": "SB441-N16", "model_pars": [], "data_arc": "4094", "pe_used": "DE441", "n_dop_obs_used": null}, "signature": {"version": "1.3", "source": "NASA/JPL Small-Body Database (SBDB) API"}}