{"object": {"spkid": "3830951", "pha": false, "orbit_class": {"code": "TNO", "name": "TransNeptunian Object"}, "neo": false, "des": "2015 VS164", "kind": "au", "prefix": null, "fullname": "(2015 VS164)", "orbit_id": "3"}, "orbit": {"n_dop_obs_used": null, "pe_used": "DE441", "data_arc": "1913", "model_pars": [], "rms": ".1546", "sb_used": "SB441-N16", "comment": null, "moid_jup": "28.4442", "n_del_obs_used": null, "elements": [{"title": "eccentricity", "label": "e", "units": null, "value": ".1564929801462727", "sigma": ".00020919", "name": "e"}, {"sigma": ".0054996", "name": "a", "value": "39.5637696559477", "units": "au", "title": "semi-major axis", "label": "a"}, {"sigma": ".007583", "name": "q", "value": "33.37231743666777", "units": "au", "label": "q", "title": "perihelion distance"}, {"label": "i", "title": "inclination; angle with respect to x-y ecliptic plane", "units": "deg", "value": "20.68003724987588", "name": "i", "sigma": ".0010386"}, {"title": "longitude of the ascending node", "label": "node", "units": "deg", "value": "228.6992662850406", "name": "om", "sigma": ".00028567"}, {"units": "deg", "label": "peri", "title": "argument of perihelion", "name": "w", "sigma": ".090879", "value": "235.6675453897054"}, {"units": "deg", "title": "mean anomaly", "label": "M", "name": "ma", "sigma": ".059663", "value": "332.4666671932911"}, {"value": "2466952.363040539742", "sigma": "14.683", "name": "tp", "label": "tp", "title": "time of perihelion passage", "units": "TDB"}, {"sigma": "18.953", "name": "per", "value": "90896.03180856112", "units": "d", "title": "sidereal orbital period", "label": "period"}, {"label": "n", "title": "mean motion", "units": "deg/d", "value": ".003960568936146815", "sigma": "8.2581E-7", "name": "n"}, {"sigma": ".0063602", "name": "ad", "value": "45.75522187522763", "units": "au", "label": "Q", "title": "aphelion distance"}], "producer": "Otto Matic", "two_body": null, "equinox": "J2000", "epoch": "2460000.5", "not_valid_before": null, "soln_date": "2021-04-15 15:18:25", "moid": "32.4321", "first_obs": "2015-08-20", "not_valid_after": null, "last_obs": "2020-11-14", "n_obs_used": 28, "orbit_id": "3", "t_jup": "5.227", "covariance": {"data": [["4.736267263564232E-8", "-1.447900889105557E-6", ".00241026266649197", "1.262137557017311E-9", "1.566637544914672E-5", "3.326316808377235E-9"], ["-1.447900889105557E-6", "6.171732330788226E-5", "-.1093239068393193", "1.603515164278738E-9", "-.0006943968649480593", "5.55573302630605E-9"], [".00241026266649197", "-.1093239068393193", "196.2909100384371", "-1.430129493577484E-5", "1.241474959416758", "-4.032672169071834E-5"], ["1.262137557017311E-9", "1.603515164278738E-9", "-1.430129493577484E-5", "8.091763001037898E-8", "-1.366605307948066E-7", "2.858788639015179E-7"], ["1.566637544914672E-5", "-.0006943968649480593", "1.241474959416758", "-1.366605307948066E-7", ".00786303036933172", "-4.440960355194892E-7"], ["3.326316808377235E-9", "5.55573302630605E-9", "-4.032672169071834E-5", "2.858788639015179E-7", "-4.440960355194892E-7", "1.085400945252812E-6"]], "epoch": "2457479.5", "labels": ["e", "q", "tp", "node", "peri", "i"], "elements": [{"title": "eccentricity", "label": "e", "units": null, "value": ".1546654622088169", "sigma": 0.000217629668555651, "name": "e"}, {"title": "perihelion distance", "label": "q", "units": "au", "value": "33.22967046795984", "name": "q", "sigma": 0.00785603737948606}, {"name": "tp", "sigma": 14.0103857919201, "value": "2467410.183783284701", "units": "TDB", "title": "time of perihelion passage", "label": "tp"}, {"label": "node", "title": "longitude of the ascending node", "units": "deg", "value": "228.7613218847391", "name": "om", "sigma": 0.000284460243286086}, {"units": "deg", "title": "argument of perihelion", "label": "peri", "name": "w", "sigma": 0.0886737298715449, "value": "238.2099951125847"}, {"name": "i", "sigma": 0.00104182577490328, "value": "20.7521468871606", "units": "deg", "title": "inclination", "label": "i"}]}, "condition_code": "4", "source": "JPL"}, "signature": {"version": "1.3", "source": "NASA/JPL Small-Body Database (SBDB) API"}}