{"signature": {"version": "1.3", "source": "NASA/JPL Small-Body Database (SBDB) API"}, "orbit": {"last_obs": "2021-11-05", "n_obs_used": 63, "orbit_id": "3", "t_jup": "5.527", "condition_code": "3", "source": "JPL", "covariance": {"elements": [{"name": "e", "sigma": 6.12696885851641e-05, "value": ".1854895485013349", "units": null, "title": "eccentricity", "label": "e"}, {"units": "au", "title": "perihelion distance", "label": "q", "name": "q", "sigma": 0.00088993303659286, "value": "32.19122339675417"}, {"units": "TDB", "label": "tp", "title": "time of perihelion passage", "name": "tp", "sigma": 4.04624601789718, "value": "2460266.647930413987"}, {"sigma": 0.00132157212223617, "name": "om", "value": "36.7237900263823", "units": "deg", "label": "node", "title": "longitude of the ascending node"}, {"name": "w", "sigma": 0.0240267237514722, "value": "359.9715009022547", "units": "deg", "title": "argument of perihelion", "label": "peri"}, {"name": "i", "sigma": 0.000429467181622244, "value": "6.822164535382004", "units": "deg", "label": "i", "title": "inclination"}], "labels": ["e", "q", "tp", "node", "peri", "i"], "epoch": "2456854.5", "data": [["3.75397473932299E-9", "2.948132530761158E-8", "-9.3919436501803E-6", "-1.399344754738794E-9", "-5.085511504371085E-8", "6.092800559281437E-10"], ["2.948132530761158E-8", "7.919808096193883E-7", "-.003018473203185096", "-1.178752081073813E-8", "-1.788717565692993E-5", "5.043800746994755E-9"], ["-9.3919436501803E-6", "-.003018473203185096", "16.3721068373488", "1.213300562051744E-6", ".09707047932043981", "-3.632047549932517E-8"], ["-1.399344754738794E-9", "-1.178752081073813E-8", "1.213300562051744E-6", "1.746552874271814E-6", "-1.727167220222861E-6", "-5.626904549865688E-7"], ["-5.085511504371085E-8", "-1.788717565692993E-5", ".09707047932043981", "-1.727167220222861E-6", ".0005772834542295605", "5.585671963339154E-7"], ["6.092800559281437E-10", "5.043800746994755E-9", "-3.632047549932517E-8", "-5.626904549865688E-7", "5.585671963339154E-7", "1.844420600905532E-7"]]}, "producer": "Otto Matic", "moid_jup": "27.2523", "n_del_obs_used": null, "elements": [{"units": null, "label": "e", "title": "eccentricity", "name": "e", "sigma": "6.156E-5", "value": ".1925908952759737"}, {"units": "au", "title": "semi-major axis", "label": "a", "sigma": ".0037591", "name": "a", "value": "39.90546942069047"}, {"name": "q", "sigma": ".00085961", "value": "32.2200393385517", "units": "au", "title": "perihelion distance", "label": "q"}, {"title": "inclination; angle with respect to x-y ecliptic plane", "label": "i", "units": "deg", "value": "6.8027165875701", "sigma": ".00042792", "name": "i"}, {"value": "36.72629366896331", "sigma": ".0013247", "name": "om", "label": "node", "title": "longitude of the ascending node", "units": "deg"}, {"sigma": ".023229", "name": "w", "value": "358.9548386472512", "units": "deg", "title": "argument of perihelion", "label": "peri"}, {"value": "359.6278375173403", "name": "ma", "sigma": ".015299", "label": "M", "title": "mean anomaly", "units": "deg"}, {"value": "2460095.686893208460", "name": "tp", "sigma": "3.9092", "title": "time of perihelion passage", "label": "tp", "units": "TDB"}, {"name": "per", "sigma": "13.01", "value": "92076.13113002061", "units": "d", "label": "period", "title": "sidereal orbital period"}, {"value": ".003909808064064337", "name": "n", "sigma": "5.5245E-7", "title": "mean motion", "label": "n", "units": "deg/d"}, {"value": "47.59089950282923", "name": "ad", "sigma": ".004483", "label": "Q", "title": "aphelion distance", "units": "au"}], "two_body": null, "equinox": "J2000", "soln_date": "2021-11-13 00:50:11", "not_valid_before": null, "moid": "31.2256", "epoch": "2460000.5", "not_valid_after": null, "first_obs": "2013-08-02", "model_pars": [], "rms": ".17849", "sb_used": "SB441-N16", "comment": null, "pe_used": "DE441", "n_dop_obs_used": null, "data_arc": "3017"}, "object": {"orbit_id": "3", "fullname": "(2013 UJ17)", "prefix": null, "kind": "au", "des": "2013 UJ17", "neo": false, "orbit_class": {"code": "TNO", "name": "TransNeptunian Object"}, "pha": false, "spkid": "3787131"}}