{"object": {"fullname": "32929 (1995 QY9)", "orbit_id": "11", "kind": "an", "des": "32929", "prefix": null, "orbit_class": {"name": "TransNeptunian Object", "code": "TNO"}, "neo": false, "pha": false, "spkid": "20032929"}, "orbit": {"sb_used": "SB441-N16", "rms": ".65489", "model_pars": [], "comment": null, "data_arc": "8907", "pe_used": "DE441", "n_dop_obs_used": null, "orbit_id": "11", "n_obs_used": 227, "last_obs": "2020-01-19", "source": "JPL", "condition_code": "2", "covariance": {"labels": ["e", "q", "tp", "node", "peri", "i"], "elements": [{"sigma": 1.7702338741931e-05, "name": "e", "value": ".265301050531159", "units": null, "label": "e", "title": "eccentricity"}, {"sigma": 0.000121074428347454, "name": "q", "value": "29.22854333134474", "units": "au", "label": "q", "title": "perihelion distance"}, {"units": "TDB", "title": "time of perihelion passage", "label": "tp", "sigma": 0.0644181853324644, "name": "tp", "value": "2453961.538105374811"}, {"units": "deg", "title": "longitude of the ascending node", "label": "node", "name": "om", "sigma": 0.000236861355048222, "value": "342.1199638668126"}, {"units": "deg", "title": "argument of perihelion", "label": "peri", "sigma": 0.000500296601441557, "name": "w", "value": "25.6787007503238"}, {"name": "i", "sigma": 2.03990940136662e-05, "value": "4.838869621580531", "units": "deg", "title": "inclination", "label": "i"}], "data": [["3.133727969340696E-10", "2.135617791475996E-9", "7.150786165588379E-7", "-3.284748137582295E-11", "4.838320442534107E-9", "1.003446702271224E-11"], ["2.135617791475996E-9", "1.465901719966271E-8", "5.097440720074479E-6", "-2.28784956401465E-10", "3.459616938765214E-8", "6.819073532362869E-11"], ["7.150786165588379E-7", "5.097440720074479E-6", ".004149702601527727", "-1.129678372181036E-7", "2.840790531760348E-5", "1.738998321302877E-8"], ["-3.284748137582295E-11", "-2.28784956401465E-10", "-1.129678372181036E-7", "5.610330151527969E-8", "-5.667004380361088E-8", "4.377868716731098E-9"], ["4.838320442534107E-9", "3.459616938765214E-8", "2.840790531760348E-5", "-5.667004380361088E-8", "2.502966894139721E-7", "-4.246027989883793E-9"], ["1.003446702271224E-11", "6.819073532362869E-11", "1.738998321302877E-8", "4.377868716731098E-9", "-4.246027989883793E-9", "4.161230365783925E-10"]], "epoch": "2456536.5"}, "t_jup": "5.452", "equinox": "J2000", "two_body": null, "producer": "Otto Matic", "n_del_obs_used": null, "moid_jup": "24.2867", "elements": [{"sigma": "1.7766E-5", "name": "e", "value": ".2697645730606343", "units": null, "label": "e", "title": "eccentricity"}, {"value": "40.02670402733539", "name": "a", "sigma": ".0011389", "title": "semi-major axis", "label": "a", "units": "au"}, {"units": "au", "title": "perihelion distance", "label": "q", "name": "q", "sigma": ".00012096", "value": "29.22891730437689"}, {"units": "deg", "label": "i", "title": "inclination; angle with respect to x-y ecliptic plane", "sigma": "2.0327E-5", "name": "i", "value": "4.82862328235709"}, {"value": "341.936220285773", "sigma": ".00023741", "name": "om", "title": "longitude of the ascending node", "label": "node", "units": "deg"}, {"sigma": ".00049137", "name": "w", "value": "25.86306534542255", "units": "deg", "title": "argument of perihelion", "label": "peri"}, {"units": "deg", "label": "M", "title": "mean anomaly", "sigma": ".0011693", "name": "ma", "value": "23.44954395014663"}, {"value": "2453975.527460326864", "name": "tp", "sigma": ".062883", "title": "time of perihelion passage", "label": "tp", "units": "TDB"}, {"units": "d", "title": "sidereal orbital period", "label": "period", "name": "per", "sigma": "3.9479", "value": "92496.04678426022"}, {"units": "deg/d", "title": "mean motion", "label": "n", "sigma": "1.6612E-7", "name": "n", "value": ".003892058228603778"}, {"units": "au", "title": "aphelion distance", "label": "Q", "name": "ad", "sigma": ".0014462", "value": "50.8244907502939"}], "first_obs": "1995-08-31", "not_valid_after": null, "not_valid_before": null, "moid": "28.2271", "soln_date": "2021-04-13 07:15:47", "epoch": "2460000.5"}, "signature": {"version": "1.3", "source": "NASA/JPL Small-Body Database (SBDB) API"}}