{"signature": {"version": "1.3", "source": "NASA/JPL Small-Body Database (SBDB) API"}, "orbit": {"two_body": null, "equinox": "J2000", "pe_used": "DE441", "moid_jup": "31.0635", "comment": null, "not_valid_before": null, "n_obs_used": 37, "data_arc": "1541", "n_del_obs_used": null, "model_pars": [], "covariance": {"epoch": "2456595.5", "elements": [{"units": null, "sigma": 0.000416873941202738, "name": "e", "value": ".06105203092938106", "title": "eccentricity", "label": "e"}, {"name": "q", "units": "au", "sigma": 0.0121984526606638, "label": "q", "value": "36.38976849746081", "title": "perihelion distance"}, {"value": "2449392.808412926057", "title": "time of perihelion passage", "label": "tp", "sigma": 105.675916025212, "units": "TDB", "name": "tp"}, {"sigma": 5.9017698524144e-05, "units": "deg", "name": "om", "title": "longitude of the ascending node", "value": "39.13477881766396", "label": "node"}, {"name": "w", "units": "deg", "sigma": 0.500906679732388, "label": "peri", "title": "argument of perihelion", "value": "147.1245328156395"}, {"value": "24.29513295553266", "title": "inclination", "label": "i", "sigma": 0.00121603354115408, "units": "deg", "name": "i"}], "labels": ["e", "q", "tp", "node", "peri", "i"], "data": [["1.737838828539036E-7", "-4.803522767245983E-6", "-.0419537798841107", "9.168871242388436E-10", "-.0001990122579525783", "-1.154432190253963E-8"], ["-4.803522767245983E-6", ".0001488022473144559", "1.287724142389738", "2.063527691393849E-8", ".006103830011332459", "5.287383285678536E-7"], ["-.0419537798841107", "1.287724142389738", "11167.39922776776", ".000129668598962669", "52.93357708863793", ".004402025360065338"], ["9.168871242388436E-10", "2.063527691393849E-8", ".000129668598962669", "3.483088739086744E-9", "6.021457407336731E-7", "1.46467224597367E-8"], ["-.0001990122579525783", ".006103830011332459", "52.93357708863793", "6.021457407336731E-7", ".2509075018005254", "2.082047951872089E-5"], ["-1.154432190253963E-8", "5.287383285678536E-7", ".004402025360065338", "1.46467224597367E-8", "2.082047951872089E-5", "1.478737573211741E-6"]]}, "epoch": "2460000.5", "producer": "Otto Matic", "rms": ".24576", "orbit_id": "7", "moid": "35.4662", "source": "JPL", "t_jup": "5.092", "elements": [{"name": "e", "sigma": ".00040564", "units": null, "label": "e", "value": ".05681999595409314", "title": "eccentricity"}, {"sigma": ".0063491", "units": "au", "name": "a", "title": "semi-major axis", "value": "38.63815600709079", "label": "a"}, {"value": "36.44273613909427", "title": "perihelion distance", "label": "q", "units": "au", "sigma": ".011907", "name": "q"}, {"units": "deg", "sigma": ".0012175", "name": "i", "title": "inclination; angle with respect to x-y ecliptic plane", "value": "24.3381523954897", "label": "i"}, {"title": "longitude of the ascending node", "value": "39.18745577260561", "label": "node", "sigma": "5.8622E-5", "units": "deg", "name": "om"}, {"label": "peri", "title": "argument of perihelion", "value": "148.2126910922358", "name": "w", "sigma": ".54566", "units": "deg"}, {"title": "mean anomaly", "value": "42.65706851478313", "label": "M", "units": "deg", "sigma": ".47079", "name": "ma"}, {"value": "2449605.810522143734", "title": "time of perihelion passage", "label": "tp", "sigma": "115.99", "units": "TDB", "name": "tp"}, {"value": "87724.92677811196", "title": "sidereal orbital period", "label": "period", "units": "d", "sigma": "21.623", "name": "per"}, {"name": "n", "units": "deg/d", "sigma": "1.0115E-6", "label": "n", "value": ".004103736682625795", "title": "mean motion"}, {"name": "ad", "units": "au", "sigma": ".0067099", "label": "Q", "title": "aphelion distance", "value": "40.83357587508731"}], "n_dop_obs_used": null, "condition_code": "4", "soln_date": "2021-04-15 07:59:58", "not_valid_after": null, "first_obs": "2013-03-07", "sb_used": "SB441-N16", "last_obs": "2017-05-26"}, "object": {"spkid": "3726790", "orbit_id": "7", "pha": false, "fullname": "(2013 GO136)", "des": "2013 GO136", "kind": "au", "orbit_class": {"code": "TNO", "name": "TransNeptunian Object"}, "neo": false, "prefix": null}}