{"signature": {"version": "1.3", "source": "NASA/JPL Small-Body Database (SBDB) API"}, "orbit": {"model_pars": [], "sb_used": "SB441-N16", "rms": ".21251", "comment": null, "n_dop_obs_used": null, "pe_used": "DE441", "data_arc": "4364", "n_obs_used": 147, "last_obs": "2022-08-27", "orbit_id": "5", "t_jup": "4.991", "covariance": {"epoch": "2456248.5", "data": [["5.72037275672754E-9", "1.197915667527103E-7", ".0004155012332787323", "1.658219494259844E-9", "2.245028785670915E-6", "-6.782130618169022E-10"], ["1.197915667527103E-7", "5.232566499985047E-6", ".01528076013883342", "4.676710340599515E-8", "8.54032698672723E-5", "-1.153475080490519E-8"], [".0004155012332787323", ".01528076013883342", "46.17568377545452", ".000148906983490316", ".2563023328002729", "-4.257488931097242E-5"], ["1.658219494259844E-9", "4.676710340599515E-8", ".000148906983490316", "3.205971523018831E-8", "7.89038434097968E-7", "-4.97773851976947E-8"], ["2.245028785670915E-6", "8.54032698672723E-5", ".2563023328002729", "7.89038434097968E-7", ".001424633669746701", "-1.827236505692396E-7"], ["-6.782130618169022E-10", "-1.153475080490519E-8", "-4.257488931097242E-5", "-4.97773851976947E-8", "-1.827236505692396E-7", "8.041483842202569E-8"]], "elements": [{"units": null, "label": "e", "title": "eccentricity", "name": "e", "sigma": 7.56331458867575e-05, "value": ".1180571309654767"}, {"value": "33.59772949936851", "sigma": 0.00228748038242627, "name": "q", "title": "perihelion distance", "label": "q", "units": "au"}, {"value": "2446112.164983191857", "name": "tp", "sigma": 6.79526922023363, "label": "tp", "title": "time of perihelion passage", "units": "TDB"}, {"sigma": 0.000179052269547717, "name": "om", "value": "353.544537203841", "units": "deg", "title": "longitude of the ascending node", "label": "node"}, {"value": "292.2777819135076", "sigma": 0.0377443197017339, "name": "w", "label": "peri", "title": "argument of perihelion", "units": "deg"}, {"units": "deg", "label": "i", "title": "inclination", "sigma": 0.000283575101907812, "name": "i", "value": "25.78422606399263"}], "labels": ["e", "q", "tp", "node", "peri", "i"]}, "source": "JPL", "condition_code": "3", "n_del_obs_used": null, "moid_jup": "29.0154", "elements": [{"units": null, "label": "e", "title": "eccentricity", "name": "e", "sigma": "7.851E-5", "value": ".1208328317247493"}, {"units": "au", "title": "semi-major axis", "label": "a", "name": "a", "sigma": ".0054789", "value": "38.3500089107191"}, {"sigma": ".0021946", "name": "q", "value": "33.71606873736754", "units": "au", "title": "perihelion distance", "label": "q"}, {"name": "i", "sigma": ".00028284", "value": "25.72293436079434", "units": "deg", "label": "i", "title": "inclination; angle with respect to x-y ecliptic plane"}, {"sigma": ".00017951", "name": "om", "value": "353.5286452216363", "units": "deg", "label": "node", "title": "longitude of the ascending node"}, {"title": "argument of perihelion", "label": "peri", "units": "deg", "value": "294.5812636705339", "name": "w", "sigma": ".035867"}, {"units": "deg", "title": "mean anomaly", "label": "M", "sigma": ".038563", "name": "ma", "value": "55.86630875775332"}, {"label": "tp", "title": "time of perihelion passage", "units": "TDB", "value": "2446538.979802085865", "sigma": "6.4989", "name": "tp"}, {"units": "d", "label": "period", "title": "sidereal orbital period", "name": "per", "sigma": "18.589", "value": "86745.43529021906"}, {"value": ".004150074281091211", "name": "n", "sigma": "8.8936E-7", "title": "mean motion", "label": "n", "units": "deg/d"}, {"title": "aphelion distance", "label": "Q", "units": "au", "value": "42.98394908407066", "sigma": ".006141", "name": "ad"}], "producer": "Otto Matic", "two_body": null, "equinox": "J2000", "epoch": "2460000.5", "not_valid_before": null, "moid": "32.7831", "soln_date": "2022-09-21 18:10:24", "not_valid_after": null, "first_obs": "2010-09-15"}, "object": {"neo": false, "orbit_class": {"name": "TransNeptunian Object", "code": "TNO"}, "spkid": "3756034", "pha": false, "orbit_id": "5", "fullname": "(2013 PW74)", "prefix": null, "des": "2013 PW74", "kind": "au"}}