{"signature": {"version": "1.3", "source": "NASA/JPL Small-Body Database (SBDB) API"}, "orbit": {"comment": null, "pe_used": "DE441", "two_body": null, "equinox": "J2000", "moid_jup": "23.1026", "data_arc": "1861", "n_del_obs_used": null, "model_pars": [], "not_valid_before": null, "n_obs_used": 17, "epoch": "2460000.5", "covariance": {"elements": [{"sigma": 0.000255414270841698, "units": null, "name": "e", "value": ".2855241886612688", "title": "eccentricity", "label": "e"}, {"sigma": 0.00453537140811177, "units": "au", "name": "q", "value": "27.97977814389675", "title": "perihelion distance", "label": "q"}, {"name": "tp", "units": "TDB", "sigma": 4.13505108752226, "label": "tp", "value": "2450365.304901090387", "title": "time of perihelion passage"}, {"label": "node", "value": "128.1078104446435", "title": "longitude of the ascending node", "name": "om", "units": "deg", "sigma": 0.0027340492927744}, {"label": "peri", "value": "209.8451044318022", "title": "argument of perihelion", "name": "w", "sigma": 0.0372817332497257, "units": "deg"}, {"sigma": 0.000105139822263392, "units": "deg", "name": "i", "title": "inclination", "value": "13.36249921963381", "label": "i"}], "epoch": "2457653.5", "labels": ["e", "q", "tp", "node", "peri", "i"], "data": [["6.52364497495961E-8", "-9.813664186009123E-8", ".0001650977845881548", "6.336327790680188E-8", "1.03872568510381E-7", "7.32943174320303E-9"], ["-9.813664186009123E-8", "2.056959380951772E-5", ".01816867363000587", "-1.126887146614583E-6", ".000167713445252658", "2.643858358781592E-8"], [".0001650977845881548", ".01816867363000587", "17.09864749641901", "-.0007713897027879937", ".1521080572425159", "5.166039909503999E-5"], ["6.336327790680188E-8", "-1.126887146614583E-6", "-.0007713897027879937", "7.475025535320208E-6", "-1.554993466770681E-5", "2.562415365949208E-7"], ["1.03872568510381E-7", ".000167713445252658", ".1521080572425159", "-1.554993466770681E-5", ".0013899276341037", "7.11410651246599E-8"], ["7.32943174320303E-9", "2.643858358781592E-8", "5.166039909503999E-5", "2.562415365949208E-7", "7.11410651246599E-8", "1.105438222557757E-8"]]}, "orbit_id": "2", "moid": "27.0693", "producer": "Otto Matic", "rms": ".26404", "source": "JPL", "t_jup": "5.271", "not_valid_after": null, "sb_used": "SB441-N16", "first_obs": "2013-10-03", "n_dop_obs_used": null, "elements": [{"label": "e", "value": ".2935386689840896", "title": "eccentricity", "name": "e", "sigma": ".00025708", "units": null}, {"sigma": ".015357", "units": "au", "name": "a", "title": "semi-major axis", "value": "39.73621930388325", "label": "a"}, {"label": "q", "value": "28.07210237896147", "title": "perihelion distance", "name": "q", "sigma": ".0044301", "units": "au"}, {"units": "deg", "sigma": ".00010408", "name": "i", "title": "inclination; angle with respect to x-y ecliptic plane", "value": "13.35801696229652", "label": "i"}, {"value": "127.9856398739231", "title": "longitude of the ascending node", "label": "node", "units": "deg", "sigma": ".0027232", "name": "om"}, {"value": "211.4306862308368", "title": "argument of perihelion", "label": "peri", "sigma": ".036439", "units": "deg", "name": "w"}, {"name": "ma", "units": "deg", "sigma": ".032784", "label": "M", "value": "37.06628261174011", "title": "mean anomaly"}, {"label": "tp", "title": "time of perihelion passage", "value": "2450580.416018989352", "name": "tp", "units": "TDB", "sigma": "4.0568"}, {"units": "d", "sigma": "53.037", "name": "per", "title": "sidereal orbital period", "value": "91490.97223172088", "label": "period"}, {"label": "n", "value": ".003934814454569587", "title": "mean motion", "name": "n", "sigma": "2.281E-6", "units": "deg/d"}, {"name": "ad", "sigma": ".019865", "units": "au", "label": "Q", "value": "51.40033622880502", "title": "aphelion distance"}], "condition_code": "4", "soln_date": "2021-09-16 06:34:07", "last_obs": "2018-11-07"}, "object": {"fullname": "(2014 UW276)", "orbit_id": "2", "pha": false, "des": "2014 UW276", "spkid": "54196848", "prefix": null, "neo": false, "orbit_class": {"name": "TransNeptunian Object", "code": "TNO"}, "kind": "au"}}