{"object": {"orbit_id": "1", "pha": false, "fullname": "(2014 SC404)", "des": "2014 SC404", "spkid": "54198858", "prefix": null, "neo": false, "orbit_class": {"code": "TNO", "name": "TransNeptunian Object"}, "kind": "au"}, "orbit": {"last_obs": "2018-11-15", "first_obs": "2014-09-25", "not_valid_after": null, "sb_used": "SB441-N16", "condition_code": "4", "n_dop_obs_used": null, "elements": [{"value": ".2491615586693108", "title": "eccentricity", "label": "e", "units": null, "sigma": ".0002186", "name": "e"}, {"label": "a", "title": "semi-major axis", "value": "39.71948827101895", "name": "a", "sigma": ".010195", "units": "au"}, {"sigma": ".005219", "units": "au", "name": "q", "title": "perihelion distance", "value": "29.82291866386446", "label": "q"}, {"name": "i", "units": "deg", "sigma": ".00034241", "label": "i", "value": "26.67321097659018", "title": "inclination; angle with respect to x-y ecliptic plane"}, {"label": "node", "title": "longitude of the ascending node", "value": "157.9736028755591", "name": "om", "units": "deg", "sigma": ".0011828"}, {"label": "peri", "value": "275.9258791266959", "title": "argument of perihelion", "name": "w", "sigma": ".061695", "units": "deg"}, {"name": "ma", "units": "deg", "sigma": ".032983", "label": "M", "title": "mean anomaly", "value": "346.5327582738491"}, {"name": "tp", "units": "TDB", "sigma": "8.183", "label": "tp", "value": "2463420.924813941954", "title": "time of perihelion passage"}, {"sigma": "35.203", "units": "d", "name": "per", "value": "91433.1945663415", "title": "sidereal orbital period", "label": "period"}, {"value": ".003937300908137838", "title": "mean motion", "label": "n", "sigma": "1.5159E-6", "units": "deg/d", "name": "n"}, {"title": "aphelion distance", "value": "49.61605787817344", "label": "Q", "sigma": ".012735", "units": "au", "name": "ad"}], "soln_date": "2021-09-20 15:12:06", "source": "JPL", "t_jup": "4.913", "orbit_id": "1", "moid": "28.944", "producer": "Otto Matic", "rms": ".27954", "epoch": "2460000.5", "covariance": {"data": [["4.910320089959493E-8", "-6.060010836497842E-7", ".0009910745280421419", "-4.738145836812585E-8", "7.837176218452932E-6", "-1.042176906253544E-8"], ["-6.060010836497842E-7", "2.882286833772341E-5", "-.04405503117817311", "1.652312291209921E-6", "-.0003341243557346897", "5.563348226198953E-7"], [".0009910745280421419", "-.04405503117817311", "67.60442933667154", "-.00254813938109425", ".5130861925062146", "-.0008467020520411658"], ["-4.738145836812585E-8", "1.652312291209921E-6", "-.00254813938109425", "1.401338103787246E-6", "-2.060022498022231E-5", "4.035651422587072E-7"], ["7.837176218452932E-6", "-.0003341243557346897", ".5130861925062146", "-2.060022498022231E-5", ".003898253179988442", "-6.744664241300715E-6"], ["-1.042176906253544E-8", "5.563348226198953E-7", "-.0008467020520411658", "4.035651422587072E-7", "-6.744664241300715E-6", "1.189743497881392E-7"]], "labels": ["e", "q", "tp", "node", "peri", "i"], "epoch": "2457576.5", "elements": [{"name": "e", "units": null, "sigma": 0.000221592420672718, "label": "e", "value": ".2420977209668832", "title": "eccentricity"}, {"value": "29.75538000337996", "title": "perihelion distance", "label": "q", "units": "au", "sigma": 0.00536869335478601, "name": "q"}, {"name": "tp", "sigma": 8.22219127341803, "units": "TDB", "label": "tp", "value": "2463638.673641015397", "title": "time of perihelion passage"}, {"label": "node", "value": "158.1792501549516", "title": "longitude of the ascending node", "name": "om", "units": "deg", "sigma": 0.00118378127362585}, {"label": "peri", "title": "argument of perihelion", "value": "277.1785687396267", "name": "w", "sigma": 0.0624359926643954, "units": "deg"}, {"label": "i", "value": "26.72089998407569", "title": "inclination", "name": "i", "sigma": 0.000344926586084835, "units": "deg"}]}, "model_pars": [], "n_del_obs_used": null, "data_arc": "1512", "not_valid_before": null, "n_obs_used": 14, "comment": null, "pe_used": "DE441", "two_body": null, "equinox": "J2000", "moid_jup": "25.349"}, "signature": {"version": "1.3", "source": "NASA/JPL Small-Body Database (SBDB) API"}}