{"object": {"spkid": "3989592", "des": "2014 QU510", "orbit_id": "3", "fullname": "(2014 QU510)", "pha": false, "kind": "au", "orbit_class": {"code": "TNO", "name": "TransNeptunian Object"}, "neo": false, "prefix": null}, "orbit": {"model_pars": [], "n_del_obs_used": null, "data_arc": "1557", "n_obs_used": 37, "not_valid_before": null, "comment": null, "moid_jup": "34.5285", "two_body": null, "equinox": "J2000", "pe_used": "DE441", "moid": "38.5446", "orbit_id": "3", "producer": "Otto Matic", "rms": ".19079", "epoch": "2460000.5", "covariance": {"data": [["4.689513353099778E-8", "-2.139291073135092E-6", ".03237842355197355", "9.677593894528248E-8", ".0001076613597200773", "-1.055837810407036E-8"], ["-2.139291073135092E-6", ".0001143065525485393", "-1.237924839183545", "-4.449266056588781E-6", "-.004000327191520864", "5.297872975576465E-7"], [".03237842355197355", "-1.237924839183545", "25824.01274344486", ".06674505201537087", "87.52963281867267", "-.00666513545376523"], ["9.677593894528248E-8", "-4.449266056588781E-6", ".06674505201537087", "1.936801224260011E-6", ".0002204474760877173", "-1.896208766772827E-7"], [".0001076613597200773", "-.004000327191520864", "87.52963281867267", ".0002204474760877173", ".2973766399637007", "-2.171035370964034E-5"], ["-1.055837810407036E-8", "5.297872975576465E-7", "-.00666513545376523", "-1.896208766772827E-7", "-2.171035370964034E-5", "1.927605236959495E-8"]], "labels": ["e", "q", "tp", "node", "peri", "i"], "epoch": "2457567.5", "elements": [{"units": null, "sigma": 0.000216552842352618, "name": "e", "value": ".05546429719387615", "title": "eccentricity", "label": "e"}, {"title": "perihelion distance", "value": "38.47593030943406", "label": "q", "sigma": 0.0106914242525746, "units": "au", "name": "q"}, {"units": "TDB", "sigma": 160.698515062974, "name": "tp", "value": "2415948.219051646054", "title": "time of perihelion passage", "label": "tp"}, {"label": "node", "title": "longitude of the ascending node", "value": "86.22183464034889", "name": "om", "units": "deg", "sigma": 0.00139169006041576}, {"label": "peri", "value": "118.1566562820899", "title": "argument of perihelion", "name": "w", "units": "deg", "sigma": 0.545322510046762}, {"title": "inclination", "value": "42.13274360781187", "label": "i", "sigma": 0.000138838223733938, "units": "deg", "name": "i"}]}, "t_jup": "4.298", "source": "JPL", "last_obs": "2018-11-26", "not_valid_after": null, "first_obs": "2014-08-22", "sb_used": "SB441-N16", "soln_date": "2021-09-08 23:42:51", "elements": [{"label": "e", "title": "eccentricity", "value": ".04414452578133972", "name": "e", "sigma": ".00025521", "units": null}, {"name": "a", "units": "au", "sigma": ".0045862", "label": "a", "title": "semi-major axis", "value": "41.2129489546709"}, {"label": "q", "value": "39.39362286701639", "title": "perihelion distance", "name": "q", "units": "au", "sigma": ".012145"}, {"name": "i", "sigma": ".00013733", "units": "deg", "label": "i", "title": "inclination; angle with respect to x-y ecliptic plane", "value": "42.10995523005689"}, {"sigma": ".0013886", "units": "deg", "name": "om", "value": "86.2954344257285", "title": "longitude of the ascending node", "label": "node"}, {"units": "deg", "sigma": ".66781", "name": "w", "title": "argument of perihelion", "value": "122.544662543328", "label": "peri"}, {"title": "mean anomaly", "value": "162.4731644776277", "label": "M", "sigma": ".73536", "units": "deg", "name": "ma"}, {"title": "time of perihelion passage", "value": "2416386.280781367968", "label": "tp", "units": "TDB", "sigma": "196.28", "name": "tp"}, {"name": "per", "units": "d", "sigma": "16.131", "label": "period", "value": "96638.22926812971", "title": "sidereal orbital period"}, {"sigma": "6.2181E-7", "units": "deg/d", "name": "n", "title": "mean motion", "value": ".003725233820263346", "label": "n"}, {"units": "au", "sigma": ".0047886", "name": "ad", "value": "43.03227504232541", "title": "aphelion distance", "label": "Q"}], "n_dop_obs_used": null, "condition_code": "5"}, "signature": {"version": "1.3", "source": "NASA/JPL Small-Body Database (SBDB) API"}}