{"object": {"prefix": null, "neo": false, "orbit_class": {"name": "TransNeptunian Object", "code": "TNO"}, "kind": "an", "des": "47932", "fullname": "47932 (2000 GN171)", "orbit_id": "19", "pha": false, "spkid": "20047932"}, "orbit": {"moid": "27.3019", "orbit_id": "19", "rms": ".53978", "producer": "Otto Matic", "epoch": "2460000.5", "covariance": {"data": [["1.574771509647863E-10", "1.080815161801437E-9", "9.247959865865927E-8", "-1.406989544098419E-12", "6.636580044255734E-10", "8.83734723049718E-12"], ["1.080815161801437E-9", "7.548462609498983E-9", "1.003332196715133E-6", "-1.009698499956747E-11", "7.329604422728513E-9", "6.100117833930839E-11"], ["9.247959865865927E-8", "1.003332196715133E-6", ".004229431012137324", "-3.082143216295327E-9", "3.119081567945095E-5", "1.185680173033276E-9"], ["-1.406989544098419E-12", "-1.009698499956747E-11", "-3.082143216295327E-9", "5.264295398900665E-9", "-5.193456401593554E-9", "1.852714111712804E-9"], ["6.636580044255734E-10", "7.329604422728513E-9", "3.119081567945095E-5", "-5.193456401593554E-9", "2.351539973014681E-7", "-1.811776543424562E-9"], ["8.83734723049718E-12", "6.100117833930839E-11", "1.185680173033276E-9", "1.852714111712804E-9", "-1.811776543424562E-9", "7.457542577503094E-10"]], "labels": ["e", "q", "tp", "node", "peri", "i"], "epoch": "2456603.5", "elements": [{"value": ".2803634991771369", "title": "eccentricity", "label": "e", "sigma": 1.25489900376399e-05, "units": null, "name": "e"}, {"title": "perihelion distance", "value": "28.27668348704253", "label": "q", "units": "au", "sigma": 8.68818888462894e-05, "name": "q"}, {"name": "tp", "units": "TDB", "sigma": 0.0650340757767597, "label": "tp", "title": "time of perihelion passage", "value": "2455161.759653884564"}, {"name": "om", "sigma": 7.25554642938812e-05, "units": "deg", "label": "node", "title": "longitude of the ascending node", "value": "26.09766426383249"}, {"units": "deg", "sigma": 0.00048492679581713, "name": "w", "value": "194.7529939601814", "title": "argument of perihelion", "label": "peri"}, {"title": "inclination", "value": "10.81654346095372", "label": "i", "units": "deg", "sigma": 2.73085015654523e-05, "name": "i"}]}, "model_pars": [], "n_del_obs_used": null, "data_arc": "10895", "n_obs_used": 291, "not_valid_before": null, "comment": null, "moid_jup": "22.8867", "equinox": "J2000", "two_body": null, "pe_used": "DE441", "last_obs": "2019-02-04", "not_valid_after": null, "sb_used": "SB441-N16", "first_obs": "1989-04-07", "soln_date": "2021-04-13 10:04:59", "elements": [{"units": null, "sigma": "1.2535E-5", "name": "e", "title": "eccentricity", "value": ".2787350372738637", "label": "e"}, {"name": "a", "units": "au", "sigma": ".00080151", "label": "a", "title": "semi-major axis", "value": "39.24812856078185"}, {"units": "au", "sigma": "8.6728E-5", "name": "q", "title": "perihelion distance", "value": "28.30829998346293", "label": "q"}, {"value": "10.83144548595144", "title": "inclination; angle with respect to x-y ecliptic plane", "label": "i", "units": "deg", "sigma": "2.7336E-5", "name": "i"}, {"sigma": "7.2372E-5", "units": "deg", "name": "om", "title": "longitude of the ascending node", "value": "26.20966902321382", "label": "node"}, {"label": "peri", "title": "argument of perihelion", "value": "195.3370393931173", "name": "w", "units": "deg", "sigma": ".00048585"}, {"value": "19.06476566619602", "title": "mean anomaly", "label": "M", "units": "deg", "sigma": ".00065657", "name": "ma"}, {"units": "TDB", "sigma": ".065317", "name": "tp", "title": "time of perihelion passage", "value": "2455244.346881088678", "label": "tp"}, {"value": "89810.44680995088", "title": "sidereal orbital period", "label": "period", "sigma": "2.7511", "units": "d", "name": "per"}, {"name": "n", "units": "deg/d", "sigma": "1.2279E-7", "label": "n", "title": "mean motion", "value": ".004008442367086771"}, {"value": "50.18795713810078", "title": "aphelion distance", "label": "Q", "sigma": ".0010249", "units": "au", "name": "ad"}], "n_dop_obs_used": null, "condition_code": "2", "t_jup": "5.314", "source": "JPL"}, "signature": {"version": "1.3", "source": "NASA/JPL Small-Body Database (SBDB) API"}}