{"signature": {"version": "1.3", "source": "NASA/JPL Small-Body Database (SBDB) API"}, "orbit": {"n_dop_obs_used": null, "condition_code": "5", "elements": [{"units": null, "sigma": ".00071668", "name": "e", "value": ".2165094202432854", "title": "eccentricity", "label": "e"}, {"label": "a", "value": "39.76684733596964", "title": "semi-major axis", "name": "a", "sigma": ".014416", "units": "au"}, {"units": "au", "sigma": ".018507", "name": "q", "value": "31.15695027435561", "title": "perihelion distance", "label": "q"}, {"sigma": ".00035667", "units": "deg", "name": "i", "value": "30.19615234828855", "title": "inclination; angle with respect to x-y ecliptic plane", "label": "i"}, {"name": "om", "sigma": ".0020184", "units": "deg", "label": "node", "value": "137.9705713866149", "title": "longitude of the ascending node"}, {"value": "129.5411040317518", "title": "argument of perihelion", "label": "peri", "sigma": ".11933", "units": "deg", "name": "w"}, {"value": "107.9759773104748", "title": "mean anomaly", "label": "M", "sigma": ".22755", "units": "deg", "name": "ma"}, {"title": "time of perihelion passage", "value": "2432527.580551220977", "label": "tp", "sigma": "43.496", "units": "TDB", "name": "tp"}, {"title": "sidereal orbital period", "value": "91596.77224427393", "label": "period", "units": "d", "sigma": "49.809", "name": "per"}, {"value": ".003930269497269376", "title": "mean motion", "label": "n", "sigma": "2.1372E-6", "units": "deg/d", "name": "n"}, {"label": "Q", "title": "aphelion distance", "value": "48.37674439758366", "name": "ad", "units": "au", "sigma": ".017538"}], "soln_date": "2021-09-17 12:42:07", "not_valid_after": null, "first_obs": "2014-09-04", "sb_used": "SB441-N16", "last_obs": "2018-12-03", "source": "JPL", "t_jup": "4.796", "covariance": {"data": [["4.790266834738255E-7", "-1.185521844044265E-5", ".03043269593339085", "5.596314760017227E-7", "8.390504136401165E-5", "1.006676762795778E-7"], ["-1.185521844044265E-5", ".000310720205897848", "-.7402681119534683", "-1.365720922242033E-5", "-.001963232221379147", "-2.383790402208022E-6"], [".03043269593339085", "-.7402681119534683", "1943.62709927337", ".03570107642645835", "5.416944362338284", ".006472585835489395"], ["5.596314760017227E-7", "-1.365720922242033E-5", ".03570107642645835", "4.110467216558324E-6", "9.63134789412395E-5", "7.299596700624288E-7"], ["8.390504136401165E-5", "-.001963232221379147", "5.416944362338284", "9.63134789412395E-5", ".01544710586042532", "1.779856061038869E-5"], ["1.006676762795778E-7", "-2.383790402208022E-6", ".006472585835489395", "7.299596700624288E-7", "1.779856061038869E-5", "1.309302685676563E-7"]], "labels": ["e", "q", "tp", "node", "peri", "i"], "epoch": "2457528.5", "elements": [{"label": "e", "value": ".2205148276966241", "title": "eccentricity", "name": "e", "units": null, "sigma": 0.000692117535880883}, {"label": "q", "title": "perihelion distance", "value": "30.6814784222934", "name": "q", "sigma": 0.0176272574695512, "units": "au"}, {"units": "TDB", "sigma": 44.0865863871696, "name": "tp", "value": "2432244.307834494935", "title": "time of perihelion passage", "label": "tp"}, {"sigma": 0.00202742872046302, "units": "deg", "name": "om", "title": "longitude of the ascending node", "value": "138.1980198774513", "label": "node"}, {"value": "126.7717721138368", "title": "argument of perihelion", "label": "peri", "units": "deg", "sigma": 0.12428638646459, "name": "w"}, {"units": "deg", "sigma": 0.000361842878287878, "name": "i", "value": "30.23366883109741", "title": "inclination", "label": "i"}]}, "epoch": "2460000.5", "rms": ".17898", "producer": "Otto Matic", "orbit_id": "1", "moid": "30.2205", "two_body": null, "pe_used": "DE441", "equinox": "J2000", "moid_jup": "26.3532", "comment": null, "not_valid_before": null, "n_obs_used": 22, "n_del_obs_used": null, "model_pars": [], "data_arc": "1551"}, "object": {"spkid": "54198368", "pha": false, "orbit_id": "1", "fullname": "(2014 RU86)", "des": "2014 RU86", "orbit_class": {"name": "TransNeptunian Object", "code": "TNO"}, "kind": "au", "prefix": null, "neo": false}}