{"orbit": {"covariance": {"epoch": "2457319.5", "elements": [{"label": "e", "value": ".1059129516568063", "title": "eccentricity", "name": "e", "units": null, "sigma": 0.000130679287496634}, {"value": "35.82736400946823", "title": "perihelion distance", "label": "q", "sigma": 0.00366522600793096, "units": "au", "name": "q"}, {"value": "2464734.210562597793", "title": "time of perihelion passage", "label": "tp", "sigma": 16.3669595409581, "units": "TDB", "name": "tp"}, {"name": "om", "sigma": 0.000179854619524943, "units": "deg", "label": "node", "value": "175.8768320960447", "title": "longitude of the ascending node"}, {"name": "w", "sigma": 0.0822653231330298, "units": "deg", "label": "peri", "title": "argument of perihelion", "value": "225.1416826129193"}, {"title": "inclination", "value": "23.20101275793193", "label": "i", "sigma": 0.000389594302739874, "units": "deg", "name": "i"}], "data": [["1.707707618062795E-8", "-1.627462701279902E-7", ".0009032378595816765", "-3.896206920532986E-9", "4.653121684725951E-6", "-4.503945415905704E-9"], ["-1.627462701279902E-7", "1.34338816892135E-5", "-.0596872281284261", "2.112596438757695E-8", "-.0002997140620471435", "1.363464636731982E-7"], [".0009032378595816765", "-.0596872281284261", "267.8773646153583", "-.0001395602777083292", "1.346333208531289", "-.0006410104062913097"], ["-3.896206920532986E-9", "2.112596438757695E-8", "-.0001395602777083292", "3.234768416446186E-8", "-7.571996846440647E-7", "6.604548783667602E-8"], ["4.653121684725951E-6", "-.0002997140620471435", "1.346333208531289", "-7.571996846440647E-7", ".006767583390181808", "-3.300421378474352E-6"], ["-4.503945415905704E-9", "1.363464636731982E-7", "-.0006410104062913097", "6.604548783667602E-8", "-3.300421378474352E-6", "1.517837207273689E-7"]], "labels": ["e", "q", "tp", "node", "peri", "i"]}, "epoch": "2460000.5", "producer": "Otto Matic", "rms": ".16289", "orbit_id": "5", "moid": "34.9318", "pe_used": "DE441", "two_body": null, "equinox": "J2000", "moid_jup": "31.0818", "comment": null, "not_valid_before": null, "n_obs_used": 46, "data_arc": "1912", "model_pars": [], "n_del_obs_used": null, "n_dop_obs_used": null, "elements": [{"label": "e", "title": "eccentricity", "value": ".1151372806696656", "name": "e", "units": null, "sigma": ".00012827"}, {"units": "au", "sigma": ".0060565", "name": "a", "title": "semi-major axis", "value": "40.5608979236271", "label": "a"}, {"name": "q", "units": "au", "sigma": ".0034328", "label": "q", "title": "perihelion distance", "value": "35.89082643518079"}, {"sigma": ".00038752", "units": "deg", "name": "i", "title": "inclination; angle with respect to x-y ecliptic plane", "value": "23.09208560329655", "label": "i"}, {"name": "om", "units": "deg", "sigma": ".00018015", "label": "node", "title": "longitude of the ascending node", "value": "175.7949282283119"}, {"label": "peri", "value": "222.5317560473098", "title": "argument of perihelion", "name": "w", "units": "deg", "sigma": ".077403"}, {"name": "ma", "units": "deg", "sigma": ".059812", "label": "M", "title": "mean anomaly", "value": "344.1204318734595"}, {"title": "time of perihelion passage", "value": "2464162.441332105757", "label": "tp", "units": "TDB", "sigma": "15.43", "name": "tp"}, {"units": "d", "sigma": "21.133", "name": "per", "title": "sidereal orbital period", "value": "94353.8808875964", "label": "period"}, {"units": "deg/d", "sigma": "8.5457E-7", "name": "n", "value": ".00381542334680295", "title": "mean motion", "label": "n"}, {"name": "ad", "sigma": ".0067538", "units": "au", "label": "Q", "value": "45.23096941207341", "title": "aphelion distance"}], "condition_code": "4", "soln_date": "2021-09-08 23:28:56", "not_valid_after": null, "sb_used": "SB441-N16", "first_obs": "2013-09-02", "last_obs": "2018-11-27", "source": "JPL", "t_jup": "5.231"}, "object": {"kind": "au", "orbit_class": {"name": "TransNeptunian Object", "code": "TNO"}, "neo": false, "prefix": null, "spkid": "3841727", "fullname": "(2013 RB109)", "orbit_id": "5", "pha": false, "des": "2013 RB109"}, "signature": {"version": "1.3", "source": "NASA/JPL Small-Body Database (SBDB) API"}}