{"signature": {"version": "1.3", "source": "NASA/JPL Small-Body Database (SBDB) API"}, "orbit": {"data_arc": "1532", "n_dop_obs_used": null, "pe_used": "DE441", "rms": ".19791", "sb_used": "SB441-N16", "model_pars": [], "comment": null, "two_body": null, "equinox": "J2000", "n_del_obs_used": null, "moid_jup": "26.135", "elements": [{"sigma": ".00032501", "name": "e", "value": ".2242472062732105", "units": null, "label": "e", "title": "eccentricity"}, {"units": "au", "title": "semi-major axis", "label": "a", "sigma": ".022789", "name": "a", "value": "39.68776077527102"}, {"sigma": ".0078535", "name": "q", "value": "30.78789129817699", "units": "au", "title": "perihelion distance", "label": "q"}, {"sigma": ".00030611", "name": "i", "value": "28.67990135706799", "units": "deg", "title": "inclination; angle with respect to x-y ecliptic plane", "label": "i"}, {"value": "1.367938091995194", "sigma": ".001136", "name": "om", "label": "node", "title": "longitude of the ascending node", "units": "deg"}, {"name": "w", "sigma": ".079089", "value": "251.824093563042", "units": "deg", "title": "argument of perihelion", "label": "peri"}, {"sigma": ".074576", "name": "ma", "value": "39.7386255607835", "units": "deg", "label": "M", "title": "mean anomaly"}, {"name": "tp", "sigma": "11.266", "value": "2449919.731010557358", "units": "TDB", "label": "tp", "title": "time of perihelion passage"}, {"value": "91323.66268300796", "name": "per", "sigma": "78.659", "title": "sidereal orbital period", "label": "period", "units": "d"}, {"value": ".003942023232791155", "name": "n", "sigma": "3.3953E-6", "label": "n", "title": "mean motion", "units": "deg/d"}, {"title": "aphelion distance", "label": "Q", "units": "au", "value": "48.58763025236506", "name": "ad", "sigma": ".0279"}], "producer": "Otto Matic", "first_obs": "2014-08-29", "not_valid_after": null, "epoch": "2460000.5", "not_valid_before": null, "soln_date": "2021-09-08 23:42:51", "moid": "29.8884", "orbit_id": "3", "n_obs_used": 34, "last_obs": "2018-11-08", "covariance": {"elements": [{"value": ".2250544431098794", "sigma": 0.000321320706644621, "name": "e", "title": "eccentricity", "label": "e", "units": null}, {"name": "q", "sigma": 0.00803220226900474, "value": "30.63918421662469", "units": "au", "label": "q", "title": "perihelion distance"}, {"name": "tp", "sigma": 11.1711885480794, "value": "2449702.532853652608", "units": "TDB", "label": "tp", "title": "time of perihelion passage"}, {"value": "1.136229441185373", "name": "om", "sigma": 0.00111888474343235, "title": "longitude of the ascending node", "label": "node", "units": "deg"}, {"units": "deg", "title": "argument of perihelion", "label": "peri", "name": "w", "sigma": 0.0794355818949022, "value": "250.4581128651587"}, {"label": "i", "title": "inclination", "units": "deg", "value": "28.75834307265859", "name": "i", "sigma": 0.000303244120331664}], "labels": ["e", "q", "tp", "node", "peri", "i"], "epoch": "2457594.5", "data": [["1.032469965185985E-7", "1.031351563368729E-6", ".001757360323077338", "-1.735106855687774E-7", "1.119051056670017E-5", "4.794315948400207E-8"], ["1.031351563368729E-6", "6.451627329020494E-5", ".08924011780468197", "-4.277576168534607E-6", ".0006372709864080535", "1.19629929895505E-6"], [".001757360323077338", ".08924011780468197", "124.7954535767393", "-.006309678982106932", ".8858464800223945", ".001762417273958989"], ["-1.735106855687774E-7", "-4.277576168534607E-6", "-.006309678982106932", "1.251903069085686E-6", "-4.416007674124247E-5", "-3.378023798183357E-7"], ["1.119051056670017E-5", ".0006372709864080535", ".8858464800223945", "-4.416007674124247E-5", ".006310011670981707", "1.233337041309367E-5"], ["4.794315948400207E-8", "1.19629929895505E-6", ".001762417273958989", "-3.378023798183357E-7", "1.233337041309367E-5", "9.195699651572445E-8"]]}, "condition_code": "4", "source": "JPL", "t_jup": "4.854"}, "object": {"orbit_id": "3", "fullname": "(2014 QT510)", "prefix": null, "kind": "au", "des": "2014 QT510", "neo": false, "orbit_class": {"code": "TNO", "name": "TransNeptunian Object"}, "pha": false, "spkid": "3989595"}}