{"signature": {"version": "1.3", "source": "NASA/JPL Small-Body Database (SBDB) API"}, "orbit": {"not_valid_after": null, "first_obs": "2001-05-22", "sb_used": "SB441-N16", "n_dop_obs_used": null, "condition_code": "2", "elements": [{"title": "eccentricity", "value": ".2124270049128037", "label": "e", "sigma": "2.5784E-5", "units": null, "name": "e"}, {"title": "semi-major axis", "value": "39.2235766287921", "label": "a", "units": "au", "sigma": ".0015385", "name": "a"}, {"name": "q", "sigma": ".00020746", "units": "au", "label": "q", "title": "perihelion distance", "value": "30.89142972356995"}, {"name": "i", "units": "deg", "sigma": "4.7322E-5", "label": "i", "title": "inclination; angle with respect to x-y ecliptic plane", "value": "2.815867486659021"}, {"label": "node", "title": "longitude of the ascending node", "value": "152.8876075823392", "name": "om", "sigma": ".0012291", "units": "deg"}, {"label": "peri", "title": "argument of perihelion", "value": "43.9331012563916", "name": "w", "units": "deg", "sigma": ".0030932"}, {"units": "deg", "sigma": ".0020779", "name": "ma", "value": "16.95353468610971", "title": "mean anomaly", "label": "M"}, {"label": "tp", "title": "time of perihelion passage", "value": "2455775.011013043046", "name": "tp", "sigma": ".44639", "units": "TDB"}, {"title": "sidereal orbital period", "value": "89726.18769293143", "label": "period", "units": "d", "sigma": "5.2791", "name": "per"}, {"name": "n", "sigma": "2.3606E-7", "units": "deg/d", "label": "n", "value": ".004012206572645464", "title": "mean motion"}, {"label": "Q", "value": "47.55572353401426", "title": "aphelion distance", "name": "ad", "sigma": ".0018653", "units": "au"}], "soln_date": "2021-04-15 12:46:38", "last_obs": "2020-04-27", "source": "JPL", "t_jup": "5.492", "epoch": "2460000.5", "covariance": {"elements": [{"title": "eccentricity", "value": ".2211241363204353", "label": "e", "sigma": 2.59181852864176e-05, "units": null, "name": "e"}, {"name": "q", "sigma": 0.000207757767934196, "units": "au", "label": "q", "title": "perihelion distance", "value": "30.88880453368658"}, {"label": "tp", "value": "2455740.940479932763", "title": "time of perihelion passage", "name": "tp", "units": "TDB", "sigma": 0.428367685996744}, {"title": "longitude of the ascending node", "value": "152.7212689803559", "label": "node", "units": "deg", "sigma": 0.00122847165464822, "name": "om"}, {"name": "w", "units": "deg", "sigma": 0.00299822510473762, "label": "peri", "title": "argument of perihelion", "value": "43.79756633245662"}, {"value": "2.81187560976976", "title": "inclination", "label": "i", "sigma": 4.70491955408577e-05, "units": "deg", "name": "i"}], "epoch": "2457047.5", "labels": ["e", "q", "tp", "node", "peri", "i"], "data": [["6.717523285410739E-10", "5.152578911651172E-9", "-4.860765957404759E-8", "-1.633887614346507E-12", "-4.271780633342545E-10", "1.189707086935207E-11"], ["5.152578911651172E-9", "4.316329013699937E-8", "2.276979970696447E-5", "-5.580904818925687E-10", "1.448243905304594E-7", "7.386032428863247E-11"], ["-4.860765957404759E-8", "2.276979970696447E-5", ".1834988744062052", "-4.217008652099009E-6", ".001171861568730782", "-1.472885984171865E-7"], ["-1.633887614346507E-12", "-5.580904818925687E-10", "-4.217008652099009E-6", "1.509142606274139E-6", "-1.534164546738062E-6", "5.697156588325349E-8"], ["-4.271780633342545E-10", "1.448243905304594E-7", ".001171861568730782", "-1.534164546738062E-6", "8.98935377867891E-6", "-5.784187733996393E-8"], ["1.189707086935207E-11", "7.386032428863247E-11", "-1.472885984171865E-7", "5.697156588325349E-8", "-5.784187733996393E-8", "2.213626801041861E-9"]]}, "orbit_id": "8", "moid": "29.8912", "rms": ".64015", "producer": "Otto Matic", "comment": null, "equinox": "J2000", "two_body": null, "pe_used": "DE441", "moid_jup": "25.4273", "model_pars": [], "data_arc": "6915", "n_del_obs_used": null, "not_valid_before": null, "n_obs_used": 118}, "object": {"spkid": "3755612", "des": "2015 BA519", "pha": false, "orbit_id": "8", "fullname": "(2015 BA519)", "orbit_class": {"code": "TNO", "name": "TransNeptunian Object"}, "kind": "au", "prefix": null, "neo": false}}