{"object": {"spkid": "3830932", "des": "2015 KT173", "orbit_id": "2", "fullname": "(2015 KT173)", "pha": false, "kind": "au", "orbit_class": {"code": "TNO", "name": "TransNeptunian Object"}, "neo": false, "prefix": null}, "orbit": {"model_pars": [], "n_del_obs_used": null, "data_arc": "1088", "not_valid_before": null, "n_obs_used": 41, "comment": null, "equinox": "J2000", "two_body": null, "pe_used": "DE441", "moid_jup": "24.625", "orbit_id": "2", "moid": "28.7865", "producer": "Otto Matic", "rms": ".18924", "epoch": "2460000.5", "covariance": {"data": [["8.346951649956293E-8", "-1.862712248406412E-6", ".001313565093425419", "-1.000875725548992E-7", "1.286227122165472E-5", "5.446627230040288E-9"], ["-1.862712248406412E-6", "4.904683730221528E-5", "-.03753010027619635", "2.480867144286348E-6", "-.0003519715421112594", "-1.265129366847457E-7"], [".001313565093425419", "-.03753010027619635", "29.81750385007145", "-.00184638610909982", ".2744286786240205", "9.146219777099423E-5"], ["-1.000875725548992E-7", "2.480867144286348E-6", "-.00184638610909982", "3.658602235213069E-5", "-5.377762652049504E-5", "-1.921044022311714E-6"], ["1.286227122165472E-5", "-.0003519715421112594", ".2744286786240205", "-5.377762652049504E-5", ".002585613267857245", "2.78538271995926E-6"], ["5.446627230040288E-9", "-1.265129366847457E-7", "9.146219777099423E-5", "-1.921044022311714E-6", "2.78538271995926E-6", "1.014202750843408E-7"]], "labels": ["e", "q", "tp", "node", "peri", "i"], "elements": [{"name": "e", "sigma": 0.000288910914469431, "units": null, "label": "e", "title": "eccentricity", "value": ".2463156795886543"}, {"title": "perihelion distance", "value": "29.92713651601062", "label": "q", "units": "au", "sigma": 0.00700334472250333, "name": "q"}, {"label": "tp", "title": "time of perihelion passage", "value": "2465809.878048455528", "name": "tp", "sigma": 5.4605406188464, "units": "TDB"}, {"name": "om", "sigma": 0.00604863805762344, "units": "deg", "label": "node", "title": "longitude of the ascending node", "value": "119.4928239692914"}, {"sigma": 0.0508489259262892, "units": "deg", "name": "w", "value": "168.6565837894123", "title": "argument of perihelion", "label": "peri"}, {"value": "6.690813321868581", "title": "inclination", "label": "i", "sigma": 0.000318465500618734, "units": "deg", "name": "i"}], "epoch": "2457222.5"}, "source": "JPL", "t_jup": "5.439", "last_obs": "2017-05-21", "not_valid_after": null, "sb_used": "SB441-N16", "first_obs": "2014-05-29", "n_dop_obs_used": null, "elements": [{"sigma": ".00029345", "units": null, "name": "e", "title": "eccentricity", "value": ".2463103472924171", "label": "e"}, {"sigma": ".007635", "units": "au", "name": "a", "value": "39.54336444776378", "title": "semi-major axis", "label": "a"}, {"value": "29.80342461752446", "title": "perihelion distance", "label": "q", "sigma": ".0070832", "units": "au", "name": "q"}, {"label": "i", "title": "inclination; angle with respect to x-y ecliptic plane", "value": "6.684818202424278", "name": "i", "units": "deg", "sigma": ".00031837"}, {"sigma": ".0060715", "units": "deg", "name": "om", "value": "119.6099527269294", "title": "longitude of the ascending node", "label": "node"}, {"label": "peri", "value": "170.0380319492692", "title": "argument of perihelion", "name": "w", "units": "deg", "sigma": ".049147"}, {"value": "336.170907285413", "title": "mean anomaly", "label": "M", "sigma": ".018125", "units": "deg", "name": "ma"}, {"label": "tp", "value": "2466012.429224954110", "title": "time of perihelion passage", "name": "tp", "sigma": "5.0845", "units": "TDB"}, {"name": "per", "sigma": "26.305", "units": "d", "label": "period", "value": "90825.72076521409", "title": "sidereal orbital period"}, {"label": "n", "title": "mean motion", "value": ".003963634936964669", "name": "n", "sigma": "1.1479E-6", "units": "deg/d"}, {"value": "49.28330427800309", "title": "aphelion distance", "label": "Q", "units": "au", "sigma": ".0095156", "name": "ad"}], "condition_code": "4", "soln_date": "2021-04-15 13:49:22"}, "signature": {"version": "1.3", "source": "NASA/JPL Small-Body Database (SBDB) API"}}