{"orbit": {"last_obs": "2016-05-06", "soln_date": "2021-04-15 08:11:57", "n_dop_obs_used": null, "condition_code": "4", "elements": [{"name": "e", "units": null, "sigma": ".00013691", "label": "e", "title": "eccentricity", "value": ".2488897787900873"}, {"label": "a", "value": "39.3412731069231", "title": "semi-major axis", "name": "a", "units": "au", "sigma": ".0062596"}, {"units": "au", "sigma": ".0023328", "name": "q", "value": "29.5496323460206", "title": "perihelion distance", "label": "q"}, {"name": "i", "units": "deg", "sigma": ".00056221", "label": "i", "title": "inclination; angle with respect to x-y ecliptic plane", "value": "15.94597256732181"}, {"value": "85.25236204669525", "title": "longitude of the ascending node", "label": "node", "units": "deg", "sigma": ".0009841", "name": "om"}, {"value": "175.2091755850794", "title": "argument of perihelion", "label": "peri", "sigma": ".061169", "units": "deg", "name": "w"}, {"value": ".6459772062740835", "title": "mean anomaly", "label": "M", "sigma": ".034746", "units": "deg", "name": "ma"}, {"name": "tp", "units": "TDB", "sigma": "8.6871", "label": "tp", "title": "time of perihelion passage", "value": "2459838.771806780875"}, {"value": "90130.3466955177", "title": "sidereal orbital period", "label": "period", "units": "d", "sigma": "21.511", "name": "per"}, {"value": ".003994215191650908", "title": "mean motion", "label": "n", "sigma": "9.5328E-7", "units": "deg/d", "name": "n"}, {"label": "Q", "title": "aphelion distance", "value": "49.13291386782559", "name": "ad", "units": "au", "sigma": ".0078176"}], "not_valid_after": null, "sb_used": "SB441-N16", "first_obs": "2013-04-09", "t_jup": "5.254", "source": "JPL", "producer": "Otto Matic", "rms": ".16987", "moid": "28.5342", "orbit_id": "5", "covariance": {"elements": [{"sigma": 0.000133517679121417, "units": null, "name": "e", "title": "eccentricity", "value": ".2483396102536444", "label": "e"}, {"name": "q", "units": "au", "sigma": 0.00223484832104208, "label": "q", "title": "perihelion distance", "value": "29.56341080598798"}, {"sigma": 8.79057890308612, "units": "TDB", "name": "tp", "value": "2459700.115980778032", "title": "time of perihelion passage", "label": "tp"}, {"value": "85.20366183549017", "title": "longitude of the ascending node", "label": "node", "sigma": 0.000983599149935293, "units": "deg", "name": "om"}, {"sigma": 0.0616820977076144, "units": "deg", "name": "w", "title": "argument of perihelion", "value": "174.2569362625924", "label": "peri"}, {"name": "i", "units": "deg", "sigma": 0.000562069335394996, "label": "i", "title": "inclination", "value": "15.95321023424965"}], "epoch": "2456772.5", "data": [["1.78269706379697E-8", "-1.367849717957252E-7", ".0007902714678975962", "-1.013865039840506E-8", "5.560688255220517E-6", "7.202935703714884E-9"], ["-1.367849717957252E-7", "4.994547018064625E-6", "-.0188990653302685", "2.145351649040742E-7", "-.0001325459066847571", "-1.209224749847081E-7"], [".0007902714678975962", "-.0188990653302685", "77.27427745138283", "-.0008990833935430251", ".5421531930796437", ".0005375747340587323"], ["-1.013865039840506E-8", "2.145351649040742E-7", "-.0008990833935430251", "9.674672877534306E-7", "-7.229675716054058E-6", "-5.499670187853256E-7"], ["5.560688255220517E-6", "-.0001325459066847571", ".5421531930796437", "-7.229675716054058E-6", ".003804681177611692", "4.296384696132186E-6"], ["7.202935703714884E-9", "-1.209224749847081E-7", ".0005375747340587323", "-5.499670187853256E-7", "4.296384696132186E-6", "3.159219377913724E-7"]], "labels": ["e", "q", "tp", "node", "peri", "i"]}, "epoch": "2460000.5", "n_obs_used": 31, "not_valid_before": null, "model_pars": [], "data_arc": "1123", "n_del_obs_used": null, "moid_jup": "24.2432", "pe_used": "DE441", "two_body": null, "equinox": "J2000", "comment": null}, "object": {"orbit_class": {"code": "TNO", "name": "TransNeptunian Object"}, "kind": "au", "prefix": null, "neo": false, "spkid": "3727210", "pha": false, "orbit_id": "5", "fullname": "(2013 JG65)", "des": "2013 JG65"}, "signature": {"version": "1.3", "source": "NASA/JPL Small-Body Database (SBDB) API"}}