{"signature": {"version": "1.3", "source": "NASA/JPL Small-Body Database (SBDB) API"}, "orbit": {"epoch": "2460000.5", "covariance": {"epoch": "2457689.5", "elements": [{"sigma": 0.000522535090357755, "units": null, "name": "e", "title": "eccentricity", "value": ".04130191441113747", "label": "e"}, {"value": "39.4050348559679", "title": "perihelion distance", "label": "q", "units": "au", "sigma": 0.0134202976960885, "name": "q"}, {"value": "2485920.208037184890", "title": "time of perihelion passage", "label": "tp", "sigma": 174.44897527751, "units": "TDB", "name": "tp"}, {"units": "deg", "sigma": 0.000922084206786799, "name": "om", "title": "longitude of the ascending node", "value": "19.33196439201775", "label": "node"}, {"sigma": 0.645378934004623, "units": "deg", "name": "w", "value": "93.80836625620275", "title": "argument of perihelion", "label": "peri"}, {"title": "inclination", "value": "12.83831212512202", "label": "i", "units": "deg", "sigma": 0.000693517304214557, "name": "i"}], "labels": ["e", "q", "tp", "node", "peri", "i"], "data": [["2.730429206551867E-7", "-4.69941023120387E-6", "-.08423544564369405", "-1.209390683518554E-8", "-.0003033291744431831", "1.156698955856687E-8"], ["-4.69941023120387E-6", ".0001801043902516377", ".7861064821292806", "6.932242426751644E-7", ".002412793134136989", "-4.935801374924186E-7"], ["-.08423544564369405", ".7861064821292806", "30432.44497537339", ".0005011162243157926", "112.3821748305977", "-.001607857178627726"], ["-1.209390683518554E-8", "6.932242426751644E-7", ".0005011162243157926", "8.502392844056411E-7", "-1.064287022196923E-6", "-6.303478301724809E-7"], ["-.0003033291744431831", ".002412793134136989", "112.3821748305977", "-1.064287022196923E-6", ".4165139684569441", "-3.937040926165279E-6"], ["1.156698955856687E-8", "-4.935801374924186E-7", "-.001607857178627726", "-6.303478301724809E-7", "-3.937040926165279E-6", "4.80966251245026E-7"]]}, "moid": "38.9461", "orbit_id": "1", "producer": "Otto Matic", "rms": ".25123", "comment": null, "moid_jup": "34.8618", "equinox": "J2000", "two_body": null, "pe_used": "DE441", "data_arc": "1836", "n_del_obs_used": null, "model_pars": [], "n_obs_used": 17, "not_valid_before": null, "first_obs": "2013-09-11", "not_valid_after": null, "sb_used": "SB441-N16", "soln_date": "2021-09-14 12:12:05", "elements": [{"name": "e", "sigma": ".00062711", "units": null, "label": "e", "title": "eccentricity", "value": ".04083423445412445"}, {"value": "41.60540061689901", "title": "semi-major axis", "label": "a", "sigma": ".017173", "units": "au", "name": "a"}, {"label": "q", "title": "perihelion distance", "value": "39.90647593355078", "name": "q", "sigma": ".015233", "units": "au"}, {"name": "i", "units": "deg", "sigma": ".0006894", "label": "i", "title": "inclination; angle with respect to x-y ecliptic plane", "value": "12.76468161085102"}, {"sigma": ".00092707", "units": "deg", "name": "om", "value": "19.40135406358269", "title": "longitude of the ascending node", "label": "node"}, {"sigma": ".44926", "units": "deg", "name": "w", "title": "argument of perihelion", "value": "77.10650638618236", "label": "peri"}, {"units": "deg", "sigma": ".50721", "name": "ma", "title": "mean anomaly", "value": "279.6955429728703", "label": "M"}, {"name": "tp", "sigma": "124.63", "units": "TDB", "label": "tp", "title": "time of perihelion passage", "value": "2481866.036527738888"}, {"label": "period", "title": "sidereal orbital period", "value": "98021.87128077699", "name": "per", "units": "d", "sigma": "60.69"}, {"name": "n", "units": "deg/d", "sigma": "2.2739E-6", "label": "n", "title": "mean motion", "value": ".003672649739248544"}, {"label": "Q", "value": "43.30432530024724", "title": "aphelion distance", "name": "ad", "sigma": ".017874", "units": "au"}], "n_dop_obs_used": null, "condition_code": "4", "last_obs": "2018-09-21", "t_jup": "5.636", "source": "JPL"}, "object": {"pha": false, "orbit_id": "1", "fullname": "(2013 RX157)", "des": "2013 RX157", "spkid": "54196767", "neo": false, "prefix": null, "kind": "au", "orbit_class": {"code": "TNO", "name": "TransNeptunian Object"}}}