{"signature": {"version": "1.3", "source": "NASA/JPL Small-Body Database (SBDB) API"}, "orbit": {"t_jup": "5.184", "source": "JPL", "first_obs": "2010-05-18", "not_valid_after": null, "sb_used": "SB441-N16", "soln_date": "2021-04-15 10:00:10", "n_dop_obs_used": null, "condition_code": "2", "elements": [{"title": "eccentricity", "value": ".2864913541682918", "label": "e", "sigma": "1.9513E-5", "units": null, "name": "e"}, {"name": "a", "sigma": ".0014315", "units": "au", "label": "a", "value": "39.01925130134631", "title": "semi-major axis"}, {"name": "q", "sigma": ".00047896", "units": "au", "label": "q", "title": "perihelion distance", "value": "27.84057315739072"}, {"units": "deg", "sigma": "6.1313E-5", "name": "i", "value": "15.72534883059832", "title": "inclination; angle with respect to x-y ecliptic plane", "label": "i"}, {"units": "deg", "sigma": ".00023421", "name": "om", "title": "longitude of the ascending node", "value": "196.5494247925549", "label": "node"}, {"label": "peri", "value": "346.4417121831543", "title": "argument of perihelion", "name": "w", "sigma": ".0037159", "units": "deg"}, {"label": "M", "value": "46.43665497730874", "title": "mean anomaly", "name": "ma", "sigma": ".0041523", "units": "deg"}, {"value": "2448516.974154821062", "title": "time of perihelion passage", "label": "tp", "sigma": ".41912", "units": "TDB", "name": "tp"}, {"units": "d", "sigma": "4.899", "name": "per", "value": "89025.99264060965", "title": "sidereal orbital period", "label": "period"}, {"name": "n", "sigma": "2.2252E-7", "units": "deg/d", "label": "n", "title": "mean motion", "value": ".004043762830629582"}, {"value": "50.1979294453019", "title": "aphelion distance", "label": "Q", "sigma": ".0018416", "units": "au", "name": "ad"}], "last_obs": "2020-07-13", "comment": null, "moid_jup": "22.4026", "pe_used": "DE441", "two_body": null, "equinox": "J2000", "n_del_obs_used": null, "model_pars": [], "data_arc": "3709", "n_obs_used": 105, "not_valid_before": null, "epoch": "2460000.5", "covariance": {"epoch": "2457018.5", "elements": [{"sigma": 1.95710908727916e-05, "units": null, "name": "e", "value": ".2915518166373076", "title": "eccentricity", "label": "e"}, {"label": "q", "value": "27.77593523956398", "title": "perihelion distance", "name": "q", "sigma": 0.000477236461823611, "units": "au"}, {"value": "2448549.820452571308", "title": "time of perihelion passage", "label": "tp", "sigma": 0.408561506064279, "units": "TDB", "name": "tp"}, {"title": "longitude of the ascending node", "value": "196.3535660668701", "label": "node", "units": "deg", "sigma": 0.000234902982802941, "name": "om"}, {"name": "w", "sigma": 0.00365153721110131, "units": "deg", "label": "peri", "value": "346.5624732386702", "title": "argument of perihelion"}, {"units": "deg", "sigma": 6.10866420450569e-05, "name": "i", "value": "15.69554391233225", "title": "inclination", "label": "i"}], "data": [["3.830275979510661E-10", "3.019703675165472E-9", "5.031472382265668E-6", "2.333550110559174E-10", "3.552342775537679E-8", "1.100554810675245E-10"], ["3.019703675165472E-9", "2.277546404939192E-7", ".0001822618764661043", "9.415199244070711E-11", "1.704335788437374E-6", "1.32233820129632E-9"], ["5.031472382265668E-6", ".0001822618764661043", ".1669225042375123", "1.810652476928864E-6", ".00146931363945455", "1.741977186815702E-6"], ["2.333550110559174E-10", "9.415199244070711E-11", "1.810652476928864E-6", "5.517941132971885E-8", "-4.372560381315367E-8", "1.41999654237061E-8"], ["3.552342775537679E-8", "1.704335788437374E-6", ".00146931363945455", "-4.372560381315367E-8", "1.333372400405753E-5", "-3.580123235901146E-10"], ["1.100554810675245E-10", "1.32233820129632E-9", "1.741977186815702E-6", "1.41999654237061E-8", "-3.580123235901146E-10", "3.731577836340919E-9"]], "labels": ["e", "q", "tp", "node", "peri", "i"]}, "moid": "26.8456", "orbit_id": "5", "rms": ".54651", "producer": "Otto Matic"}, "object": {"prefix": null, "neo": false, "orbit_class": {"name": "TransNeptunian Object", "code": "TNO"}, "kind": "au", "des": "2014 JO80", "pha": false, "orbit_id": "5", "fullname": "(2014 JO80)", "spkid": "3755647"}}