{"object": {"des": "2011 UO412", "orbit_id": "5", "pha": false, "fullname": "(2011 UO412)", "spkid": "3696073", "prefix": null, "neo": false, "orbit_class": {"code": "TNO", "name": "TransNeptunian Object"}, "kind": "au"}, "orbit": {"not_valid_before": null, "n_obs_used": 28, "model_pars": [], "data_arc": "2298", "n_del_obs_used": null, "two_body": null, "pe_used": "DE441", "equinox": "J2000", "moid_jup": "28.916", "comment": null, "producer": "Otto Matic", "rms": ".18446", "orbit_id": "5", "moid": "32.4938", "covariance": {"data": [["1.25508652113628E-7", "-2.721933962404419E-6", ".005797755281570931", "2.516599745337361E-8", "1.726149232012417E-5", "6.887203078082017E-8"], ["-2.721933962404419E-6", "7.577963025781085E-5", "-.09875695352548965", "-4.96360687900367E-7", "-.0002009038921165688", "-1.308979217857846E-6"], [".005797755281570931", "-.09875695352548965", "312.3799786650409", ".001238382522743073", "1.081382560132718", ".003464333489907817"], ["2.516599745337361E-8", "-4.96360687900367E-7", ".001238382522743073", "1.83537212841273E-7", "3.799389919091054E-6", "4.824679359960888E-7"], ["1.726149232012417E-5", "-.0002009038921165688", "1.081382560132718", "3.799389919091054E-6", ".004189680684837875", "1.0908973952601E-5"], ["6.887203078082017E-8", "-1.308979217857846E-6", ".003464333489907817", "4.824679359960888E-7", "1.0908973952601E-5", "1.296293267285706E-6"]], "labels": ["e", "q", "tp", "node", "peri", "i"], "elements": [{"label": "e", "value": ".1267008009002653", "title": "eccentricity", "name": "e", "sigma": 0.00035427200300564, "units": null}, {"label": "q", "title": "perihelion distance", "value": "33.37385574932757", "name": "q", "sigma": 0.00870514964017339, "units": "au"}, {"units": "TDB", "sigma": 17.6742744876569, "name": "tp", "title": "time of perihelion passage", "value": "2436880.996572671946", "label": "tp"}, {"value": "21.11219758621514", "title": "longitude of the ascending node", "label": "node", "sigma": 0.000428412433107716, "units": "deg", "name": "om"}, {"label": "peri", "value": "275.3133519349839", "title": "argument of perihelion", "name": "w", "units": "deg", "sigma": 0.0647277427757053}, {"units": "deg", "sigma": 0.0011385487549006, "name": "i", "value": "27.74122558108186", "title": "inclination", "label": "i"}], "epoch": "2456057.5"}, "epoch": "2460000.5", "source": "JPL", "t_jup": "4.899", "last_obs": "2017-12-20", "elements": [{"label": "e", "value": ".1274537024960427", "title": "eccentricity", "name": "e", "units": null, "sigma": ".00035568"}, {"name": "a", "sigma": ".0082453", "units": "au", "label": "a", "title": "semi-major axis", "value": "38.26957059040135"}, {"value": "33.39197212572103", "title": "perihelion distance", "label": "q", "units": "au", "sigma": ".0087075", "name": "q"}, {"value": "27.70847171055808", "title": "inclination; angle with respect to x-y ecliptic plane", "label": "i", "units": "deg", "sigma": ".0011362", "name": "i"}, {"sigma": ".00042865", "units": "deg", "name": "om", "title": "longitude of the ascending node", "value": "21.04219606123833", "label": "node"}, {"name": "w", "units": "deg", "sigma": ".06332", "label": "peri", "title": "argument of perihelion", "value": "275.9508295302709"}, {"sigma": ".10249", "units": "deg", "name": "ma", "value": "95.71143840023883", "title": "mean anomaly", "label": "M"}, {"label": "tp", "value": "2437010.437445595311", "title": "time of perihelion passage", "name": "tp", "sigma": "17.32", "units": "TDB"}, {"label": "period", "value": "86472.65841911153", "title": "sidereal orbital period", "name": "per", "units": "d", "sigma": "27.946"}, {"label": "n", "value": ".0041631656361849", "title": "mean motion", "name": "n", "sigma": "1.3455E-6", "units": "deg/d"}, {"label": "Q", "value": "43.14716905508167", "title": "aphelion distance", "name": "ad", "units": "au", "sigma": ".0092962"}], "n_dop_obs_used": null, "condition_code": "4", "soln_date": "2021-04-15 05:41:11", "not_valid_after": null, "sb_used": "SB441-N16", "first_obs": "2011-09-05"}, "signature": {"version": "1.3", "source": "NASA/JPL Small-Body Database (SBDB) API"}}