{"signature": {"version": "1.3", "source": "NASA/JPL Small-Body Database (SBDB) API"}, "object": {"pha": false, "spkid": "3563281", "orbit_class": {"name": "TransNeptunian Object", "code": "TNO"}, "neo": false, "kind": "au", "des": "2004 HY78", "prefix": null, "fullname": "(2004 HY78)", "orbit_id": "6"}, "orbit": {"model_pars": [], "sb_used": "SB441-N16", "rms": ".32318", "comment": null, "pe_used": "DE441", "n_dop_obs_used": null, "data_arc": "4339", "n_obs_used": 16, "last_obs": "2016-03-13", "orbit_id": "6", "t_jup": "5.387", "source": "JPL", "condition_code": "4", "covariance": {"elements": [{"value": ".2019782521954254", "sigma": 0.000208683484027912, "name": "e", "label": "e", "title": "eccentricity", "units": null}, {"units": "au", "label": "q", "title": "perihelion distance", "sigma": 0.00167583700346842, "name": "q", "value": "31.61630070915524"}, {"value": "2455597.311907127312", "name": "tp", "sigma": 2.64334522201667, "title": "time of perihelion passage", "label": "tp", "units": "TDB"}, {"title": "longitude of the ascending node", "label": "node", "units": "deg", "value": "25.17958455673103", "sigma": 0.000219898032784564, "name": "om"}, {"label": "peri", "title": "argument of perihelion", "units": "deg", "value": "193.640546147933", "sigma": 0.0159953461785367, "name": "w"}, {"name": "i", "sigma": 0.000457527857743552, "value": "12.55919415598532", "units": "deg", "label": "i", "title": "inclination"}], "labels": ["e", "q", "tp", "node", "peri", "i"], "epoch": "2453866.5", "data": [["4.354879650602766E-8", "3.478661896191089E-7", "4.238201343075196E-5", "-9.447134494785581E-9", "2.702857439502205E-7", "-6.291310831812955E-9"], ["3.478661896191089E-7", "2.808429662194009E-6", ".0001588636430261307", "-7.57909588943487E-8", "1.059928108880398E-6", "-5.089149116697533E-8"], ["4.238201343075196E-5", ".0001588636430261307", "6.987273962758333", "-2.091180074046606E-5", ".04227658316626136", "2.482522835233097E-6"], ["-9.447134494785581E-9", "-7.57909588943487E-8", "-2.091180074046606E-5", "4.835514482252117E-8", "-1.743626042726457E-7", "5.170176212141161E-8"], ["2.702857439502205E-7", "1.059928108880398E-6", ".04227658316626136", "-1.743626042726457E-7", ".000255851099371229", "-3.593116081078273E-8"], ["-6.291310831812955E-9", "-5.089149116697533E-8", "2.482522835233097E-6", "5.170176212141161E-8", "-3.593116081078273E-8", "2.093317406114039E-7"]]}, "producer": "Otto Matic", "moid_jup": "26.2006", "n_del_obs_used": null, "elements": [{"units": null, "label": "e", "title": "eccentricity", "sigma": ".00020756", "name": "e", "value": ".192465957898223"}, {"value": "39.16387658567628", "name": "a", "sigma": ".01213", "title": "semi-major axis", "label": "a", "units": "au"}, {"title": "perihelion distance", "label": "q", "units": "au", "value": "31.6261635636063", "sigma": ".0016751", "name": "q"}, {"value": "12.60875460559891", "sigma": ".0004595", "name": "i", "label": "i", "title": "inclination; angle with respect to x-y ecliptic plane", "units": "deg"}, {"sigma": ".00022011", "name": "om", "value": "25.28440492726756", "units": "deg", "label": "node", "title": "longitude of the ascending node"}, {"name": "w", "sigma": ".016692", "value": "194.1305073519437", "units": "deg", "title": "argument of perihelion", "label": "peri"}, {"label": "M", "title": "mean anomaly", "units": "deg", "value": "17.34642562542453", "sigma": ".013986", "name": "ma"}, {"value": "2455686.953992732359", "sigma": "2.7701", "name": "tp", "label": "tp", "title": "time of perihelion passage", "units": "TDB"}, {"units": "d", "title": "sidereal orbital period", "label": "period", "sigma": "41.592", "name": "per", "value": "89521.41473689608"}, {"value": ".004021384168894582", "name": "n", "sigma": "1.8684E-6", "title": "mean motion", "label": "n", "units": "deg/d"}, {"units": "au", "title": "aphelion distance", "label": "Q", "name": "ad", "sigma": ".014465", "value": "46.70158960774625"}], "equinox": "J2000", "two_body": null, "soln_date": "2021-04-14 22:13:41", "not_valid_before": null, "moid": "30.6205", "epoch": "2460000.5", "first_obs": "2004-04-26", "not_valid_after": null}}