{"orbit": {"orbit_id": "1", "n_obs_used": 18, "last_obs": "2016-12-25", "covariance": {"elements": [{"name": "e", "sigma": 0.000363102868974872, "value": ".2873631008784326", "units": null, "title": "eccentricity", "label": "e"}, {"value": "28.12413188151519", "name": "q", "sigma": 0.00887136326296102, "title": "perihelion distance", "label": "q", "units": "au"}, {"label": "tp", "title": "time of perihelion passage", "units": "TDB", "value": "2465915.054076246046", "sigma": 3.8298960232831, "name": "tp"}, {"value": "128.7886799812763", "sigma": 0.00432008754691069, "name": "om", "title": "longitude of the ascending node", "label": "node", "units": "deg"}, {"sigma": 0.0491521318081747, "name": "w", "value": "330.8871085374995", "units": "deg", "title": "argument of perihelion", "label": "peri"}, {"label": "i", "title": "inclination", "units": "deg", "value": "11.18967690547106", "name": "i", "sigma": 3.46724090593375e-05}], "labels": ["e", "q", "tp", "node", "peri", "i"], "epoch": "2456950.5", "data": [["1.318436934577832E-7", "-2.934239543417624E-6", ".0009910264585367809", "-1.811622148789371E-7", "1.5094823048132E-5", "-5.321510269563696E-11"], ["-2.934239543417624E-6", "7.870108614341439E-5", "-.0318240108646821", "3.990440079014131E-6", "-.0004304462746544278", "3.157882408993127E-8"], [".0009910264585367809", "-.0318240108646821", "14.66810354915968", "-.001340818395173254", ".182939261463626", "-2.196334161911635E-5"], ["-1.811622148789371E-7", "3.990440079014131E-6", "-.001340818395173254", "1.866315641297286E-5", "-3.856742458562215E-5", "4.426019091047196E-8"], ["1.5094823048132E-5", "-.0004304462746544278", ".182939261463626", "-3.856742458562215E-5", ".002415932061288179", "-2.604365052291444E-7"], ["-5.321510269563696E-11", "3.157882408993127E-8", "-2.196334161911635E-5", "4.426019091047196E-8", "-2.604365052291444E-7", "1.202175949978026E-9"]]}, "condition_code": "4", "source": "JPL", "t_jup": "5.318", "two_body": null, "equinox": "J2000", "moid_jup": "23.0684", "n_del_obs_used": null, "elements": [{"units": null, "label": "e", "title": "eccentricity", "name": "e", "sigma": ".0003596", "value": ".2884738952831701"}, {"name": "a", "sigma": ".01018", "value": "39.66880809047862", "units": "au", "label": "a", "title": "semi-major axis"}, {"title": "perihelion distance", "label": "q", "units": "au", "value": "28.22539249937772", "sigma": ".0088249", "name": "q"}, {"name": "i", "sigma": "3.4167E-5", "value": "11.19147753969771", "units": "deg", "title": "inclination; angle with respect to x-y ecliptic plane", "label": "i"}, {"name": "om", "sigma": ".0043091", "value": "128.6095304302591", "units": "deg", "label": "node", "title": "longitude of the ascending node"}, {"title": "argument of perihelion", "label": "peri", "units": "deg", "value": "329.9588769521146", "name": "w", "sigma": ".050349"}, {"label": "M", "title": "mean anomaly", "units": "deg", "value": "337.1910741999303", "sigma": ".01588", "name": "ma"}, {"sigma": "4.0725", "name": "tp", "value": "2465782.452053066474", "units": "TDB", "label": "tp", "title": "time of perihelion passage"}, {"sigma": "35.13", "name": "per", "value": "91258.25377964821", "units": "d", "title": "sidereal orbital period", "label": "period"}, {"label": "n", "title": "mean motion", "units": "deg/d", "value": ".003944848658503312", "name": "n", "sigma": "1.5186E-6"}, {"title": "aphelion distance", "label": "Q", "units": "au", "value": "51.11222368157951", "name": "ad", "sigma": ".013117"}], "producer": "Otto Matic", "not_valid_after": null, "first_obs": "2013-11-08", "epoch": "2460000.5", "moid": "27.2463", "not_valid_before": null, "soln_date": "2021-09-15 12:12:05", "rms": ".18604", "sb_used": "SB441-N16", "model_pars": [], "comment": null, "data_arc": "1143", "n_dop_obs_used": null, "pe_used": "DE441"}, "object": {"spkid": "54197635", "pha": false, "neo": false, "orbit_class": {"code": "TNO", "name": "TransNeptunian Object"}, "prefix": null, "des": "2013 VT71", "kind": "au", "orbit_id": "1", "fullname": "(2013 VT71)"}, "signature": {"version": "1.3", "source": "NASA/JPL Small-Body Database (SBDB) API"}}