{"orbit": {"source": "JPL", "t_jup": "5.553", "last_obs": "2017-12-16", "n_dop_obs_used": null, "elements": [{"sigma": ".0016298", "units": null, "name": "e", "title": "eccentricity", "value": ".1853109531763215", "label": "e"}, {"units": "au", "sigma": ".026659", "name": "a", "value": "39.72339226775269", "title": "semi-major axis", "label": "a"}, {"units": "au", "sigma": ".043725", "name": "q", "value": "32.36221258321852", "title": "perihelion distance", "label": "q"}, {"title": "inclination; angle with respect to x-y ecliptic plane", "value": "3.073029206436843", "label": "i", "units": "deg", "sigma": ".00060377", "name": "i"}, {"title": "longitude of the ascending node", "value": "120.2948743963695", "label": "node", "sigma": ".031567", "units": "deg", "name": "om"}, {"name": "w", "units": "deg", "sigma": ".11527", "label": "peri", "value": "189.0065136713357", "title": "argument of perihelion"}, {"value": "89.21219016542912", "title": "mean anomaly", "label": "M", "sigma": ".311", "units": "deg", "name": "ma"}, {"name": "tp", "units": "TDB", "sigma": "56.327", "label": "tp", "value": "2437338.949495584344", "title": "time of perihelion passage"}, {"units": "d", "sigma": "92.056", "name": "per", "title": "sidereal orbital period", "value": "91446.67524092496", "label": "period"}, {"sigma": "3.963E-6", "units": "deg/d", "name": "n", "title": "mean motion", "value": ".003936720488213987", "label": "n"}, {"title": "aphelion distance", "value": "47.08457195228686", "label": "Q", "sigma": ".031599", "units": "au", "name": "ad"}], "condition_code": "5", "soln_date": "2021-04-15 15:18:27", "sb_used": "SB441-N16", "not_valid_after": null, "first_obs": "2015-08-11", "not_valid_before": null, "n_obs_used": 23, "model_pars": [], "n_del_obs_used": null, "data_arc": "858", "pe_used": "DE441", "two_body": null, "equinox": "J2000", "moid_jup": "27.2647", "comment": null, "producer": "Otto Matic", "rms": ".20058", "orbit_id": "2", "moid": "31.3466", "covariance": {"data": [["2.574650104956675E-6", "-6.847075123293984E-5", ".09858793699106523", "2.629999978382717E-6", ".0002085178239847942", "-5.117930681279459E-8"], ["-6.847075123293984E-5", ".001840990562501056", "-2.601684504309361", "-7.043137948338099E-5", "-.005392653293705494", "1.377570185232735E-6"], [".09858793699106523", "-2.601684504309361", "3796.797153053106", ".1002935623357876", "8.143395883505457", "-.001945597360525418"], ["2.629999978382717E-6", "-7.043137948338099E-5", ".1002935623357876", ".00100770973273713", "-.0007939871513009086", "-1.91514452706239E-5"], [".0002085178239847942", "-.005392653293705494", "8.143395883505457", "-.0007939871513009086", ".01907198396381593", "1.50425242031964E-5"], ["-5.117930681279459E-8", "1.377570185232735E-6", "-.001945597360525418", "-1.91514452706239E-5", "1.50425242031964E-5", "3.648860084021305E-7"]], "labels": ["e", "q", "tp", "node", "peri", "i"], "elements": [{"units": null, "sigma": 0.00160457162662085, "name": "e", "value": ".183233342306352", "title": "eccentricity", "label": "e"}, {"value": "32.1442316233489", "title": "perihelion distance", "label": "q", "units": "au", "sigma": 0.0429067659291755, "name": "q"}, {"title": "time of perihelion passage", "value": "2436845.938096811613", "label": "tp", "sigma": 61.6181560341845, "units": "TDB", "name": "tp"}, {"value": "120.4107580711551", "title": "longitude of the ascending node", "label": "node", "units": "deg", "sigma": 0.0317444441239271, "name": "om"}, {"label": "peri", "title": "argument of perihelion", "value": "186.1607072341241", "name": "w", "sigma": 0.138101353953594, "units": "deg"}, {"title": "inclination", "value": "3.070744563039266", "label": "i", "units": "deg", "sigma": 0.00060405795119519, "name": "i"}], "epoch": "2457486.5"}, "epoch": "2460000.5"}, "object": {"des": "2015 VS165", "orbit_id": "2", "fullname": "(2015 VS165)", "pha": false, "spkid": "3830975", "neo": false, "prefix": null, "kind": "au", "orbit_class": {"name": "TransNeptunian Object", "code": "TNO"}}, "signature": {"source": "NASA/JPL Small-Body Database (SBDB) API", "version": "1.3"}}