{"signature": {"version": "1.3", "source": "NASA/JPL Small-Body Database (SBDB) API"}, "orbit": {"not_valid_after": null, "first_obs": "2010-02-08", "epoch": "2460000.5", "not_valid_before": null, "soln_date": "2022-03-09 00:38:49", "moid": "34.765", "two_body": null, "equinox": "J2000", "moid_jup": "30.5854", "n_del_obs_used": null, "elements": [{"units": null, "label": "e", "title": "eccentricity", "name": "e", "sigma": "1.9118E-5", "value": ".1335282941231976"}, {"title": "semi-major axis", "label": "a", "units": "au", "value": "41.2938132518854", "name": "a", "sigma": ".00099553"}, {"name": "q", "sigma": ".0015695", "value": "35.77992081051925", "units": "au", "title": "perihelion distance", "label": "q"}, {"label": "i", "title": "inclination; angle with respect to x-y ecliptic plane", "units": "deg", "value": "22.93960889782929", "sigma": ".0001036", "name": "i"}, {"units": "deg", "title": "longitude of the ascending node", "label": "node", "name": "om", "sigma": ".00017442", "value": "276.5692277795743"}, {"value": "9.966205318793781", "sigma": ".010415", "name": "w", "title": "argument of perihelion", "label": "peri", "units": "deg"}, {"units": "deg", "label": "M", "title": "mean anomaly", "name": "ma", "sigma": ".013181", "value": "219.7640311830529"}, {"value": "2497756.226318480178", "sigma": "3.2423", "name": "tp", "title": "time of perihelion passage", "label": "tp", "units": "TDB"}, {"units": "d", "label": "period", "title": "sidereal orbital period", "sigma": "3.505", "name": "per", "value": "96922.79084544179"}, {"value": ".003714296677383909", "name": "n", "sigma": "1.3432E-7", "label": "n", "title": "mean motion", "units": "deg/d"}, {"name": "ad", "sigma": ".0011285", "value": "46.80770569325156", "units": "au", "label": "Q", "title": "aphelion distance"}], "producer": "Otto Matic", "covariance": {"labels": ["e", "q", "tp", "node", "peri", "i"], "elements": [{"sigma": 1.93726881600666e-05, "name": "e", "value": ".1285208435219332", "units": null, "title": "eccentricity", "label": "e"}, {"label": "q", "title": "perihelion distance", "units": "au", "value": "36.27421835442237", "name": "q", "sigma": 0.0015837865634293}, {"title": "time of perihelion passage", "label": "tp", "units": "TDB", "value": "2497204.428457482718", "sigma": 3.30201331935848, "name": "tp"}, {"title": "longitude of the ascending node", "label": "node", "units": "deg", "value": "276.5591245980472", "sigma": 0.000173886069870977, "name": "om"}, {"units": "deg", "label": "peri", "title": "argument of perihelion", "sigma": 0.0108222745158041, "name": "w", "value": "6.708903210927791"}, {"units": "deg", "label": "i", "title": "inclination", "name": "i", "sigma": 0.000103176405561423, "value": "22.92040589243092"}], "data": [["3.75301046547184E-10", "-2.855166074299068E-8", "-3.71413281978766E-5", "2.930781835530045E-11", "-2.832470453086934E-8", "-1.108355819041076E-11"], ["-2.855166074299068E-8", "2.508379878499179E-6", ".001277038116593576", "-6.331326827339344E-9", "-4.039872494253834E-6", "-9.789466783527382E-10"], ["-3.71413281978766E-5", ".001277038116593576", "10.90329196122079", "1.587921794339565E-5", ".03161490173186681", "9.508573438820062E-6"], ["2.930781835530045E-11", "-6.331326827339344E-9", "1.587921794339565E-5", "3.023636529517413E-8", "4.522695006008477E-8", "1.787212375635145E-8"], ["-2.832470453086934E-8", "-4.039872494253834E-6", ".03161490173186681", "4.522695006008477E-8", ".000117121625695422", "1.802325343333228E-8"], ["-1.108355819041076E-11", "-9.789466783527382E-10", "9.508573438820062E-6", "1.787212375635145E-8", "1.802325343333228E-8", "1.064537066457521E-8"]], "epoch": "2457323.5"}, "condition_code": "3", "source": "JPL", "t_jup": "5.268", "orbit_id": "5", "last_obs": "2022-03-02", "n_obs_used": 130, "data_arc": "4405", "n_dop_obs_used": null, "pe_used": "DE441", "comment": null, "sb_used": "SB441-N16", "rms": ".62145", "model_pars": []}, "object": {"spkid": "3841284", "pha": false, "neo": false, "orbit_class": {"code": "TNO", "name": "TransNeptunian Object"}, "prefix": null, "des": "2014 BD70", "kind": "au", "orbit_id": "5", "fullname": "(2014 BD70)"}}