{"orbit": {"n_dop_obs_used": null, "pe_used": "DE441", "data_arc": "858", "comment": null, "model_pars": [], "rms": ".22624", "sb_used": "SB441-N16", "epoch": "2460000.5", "not_valid_before": null, "moid": "29.1201", "soln_date": "2021-04-15 13:31:04", "not_valid_after": null, "first_obs": "2015-02-17", "n_del_obs_used": null, "elements": [{"sigma": ".00097048", "name": "e", "value": ".2345255363942767", "units": null, "label": "e", "title": "eccentricity"}, {"label": "a", "title": "semi-major axis", "units": "au", "value": "39.37062543591621", "name": "a", "sigma": ".019747"}, {"sigma": ".023546", "name": "q", "value": "30.13720838737981", "units": "au", "title": "perihelion distance", "label": "q"}, {"label": "i", "title": "inclination; angle with respect to x-y ecliptic plane", "units": "deg", "value": "3.100948285976807", "name": "i", "sigma": "2.2614E-5"}, {"value": "114.875460788985", "name": "om", "sigma": ".021986", "label": "node", "title": "longitude of the ascending node", "units": "deg"}, {"value": "176.1851141518905", "name": "w", "sigma": ".033244", "label": "peri", "title": "argument of perihelion", "units": "deg"}, {"value": "310.796089090975", "name": "ma", "sigma": ".084901", "label": "M", "title": "mean anomaly", "units": "deg"}, {"value": "2472333.082248741406", "name": "tp", "sigma": "12.009", "title": "time of perihelion passage", "label": "tp", "units": "TDB"}, {"name": "per", "sigma": "67.887", "value": "90231.23421542019", "units": "d", "label": "period", "title": "sidereal orbital period"}, {"sigma": "3.0018E-6", "name": "n", "value": ".003989749260666516", "units": "deg/d", "title": "mean motion", "label": "n"}, {"name": "ad", "sigma": ".024379", "value": "48.60404248445261", "units": "au", "label": "Q", "title": "aphelion distance"}], "moid_jup": "24.9626", "producer": "Otto Matic", "equinox": "J2000", "two_body": null, "t_jup": "5.472", "covariance": {"data": [["9.434290134466154E-7", "-2.296216112589549E-5", "-.009465588925946953", "-1.094284155459891E-6", "2.622145223414524E-5", "7.486688093903404E-10"], ["-2.296216112589549E-5", ".0005672803247028114", ".2245020190009811", "2.649419697656955E-5", "-.0006919495833936464", "-1.417592399372078E-8"], ["-.009465588925946953", ".2245020190009811", "99.42379591524255", ".01105623090154805", "-.22392871543383", "-9.94985515445921E-6"], ["-1.094284155459891E-6", "2.649419697656955E-5", ".01105623090154805", ".000478877117519491", "-.0005065204171935897", "-8.741249245927691E-8"], ["2.622145223414524E-5", "-.0006919495833936464", "-.22392871543383", "-.0005065204171935897", ".001555761721876131", "8.305318293973769E-8"], ["7.486688093903404E-10", "-1.417592399372078E-8", "-9.94985515445921E-6", "-8.741249245927691E-8", "8.305318293973769E-8", "5.190457847608023E-10"]], "epoch": "2457343.5", "labels": ["e", "q", "tp", "node", "peri", "i"], "elements": [{"value": ".2347970409454992", "name": "e", "sigma": 0.000971302740368118, "title": "eccentricity", "label": "e", "units": null}, {"sigma": 0.023817647337695, "name": "q", "value": "30.4250070338914", "units": "au", "label": "q", "title": "perihelion distance"}, {"label": "tp", "title": "time of perihelion passage", "units": "TDB", "value": "2472012.715601031206", "name": "tp", "sigma": 9.97114817437002}, {"value": "114.7773811210786", "name": "om", "sigma": 0.0218832611262465, "label": "node", "title": "longitude of the ascending node", "units": "deg"}, {"units": "deg", "label": "peri", "title": "argument of perihelion", "name": "w", "sigma": 0.0394431454358819, "value": "173.8482750185755"}, {"units": "deg", "title": "inclination", "label": "i", "sigma": 2.27825763415993e-05, "name": "i", "value": "3.100882639123568"}]}, "source": "JPL", "condition_code": "4", "n_obs_used": 40, "last_obs": "2017-06-24", "orbit_id": "2"}, "object": {"des": "2015 GV54", "kind": "au", "prefix": null, "fullname": "(2015 GV54)", "orbit_id": "2", "spkid": "3830913", "pha": false, "orbit_class": {"name": "TransNeptunian Object", "code": "TNO"}, "neo": false}, "signature": {"version": "1.3", "source": "NASA/JPL Small-Body Database (SBDB) API"}}