{"signature": {"version": "1.3", "source": "NASA/JPL Small-Body Database (SBDB) API"}, "object": {"prefix": null, "des": "2014 UH277", "kind": "au", "orbit_id": "1", "fullname": "(2014 UH277)", "spkid": "54198935", "pha": false, "neo": false, "orbit_class": {"name": "TransNeptunian Object", "code": "TNO"}}, "orbit": {"equinox": "J2000", "two_body": null, "producer": "Otto Matic", "n_del_obs_used": null, "moid_jup": "23.0799", "elements": [{"units": null, "title": "eccentricity", "label": "e", "sigma": ".00091691", "name": "e", "value": ".2811068804422433"}, {"units": "au", "title": "semi-major axis", "label": "a", "name": "a", "sigma": ".018678", "value": "39.57400667666404"}, {"sigma": ".030108", "name": "q", "value": "28.4494811131865", "units": "au", "label": "q", "title": "perihelion distance"}, {"sigma": ".0013733", "name": "i", "value": "7.783906206207429", "units": "deg", "label": "i", "title": "inclination; angle with respect to x-y ecliptic plane"}, {"title": "longitude of the ascending node", "label": "node", "units": "deg", "value": "147.0789221377757", "name": "om", "sigma": ".017298"}, {"value": "83.22534599950252", "name": "w", "sigma": ".36645", "title": "argument of perihelion", "label": "peri", "units": "deg"}, {"name": "ma", "sigma": ".65747", "value": "150.957766153779", "units": "deg", "title": "mean anomaly", "label": "M"}, {"units": "TDB", "label": "tp", "title": "time of perihelion passage", "sigma": "145.22", "name": "tp", "value": "2421870.533759748323"}, {"title": "sidereal orbital period", "label": "period", "units": "d", "value": "90931.31275211956", "name": "per", "sigma": "64.375"}, {"sigma": "2.8028E-6", "name": "n", "value": ".003959032253073995", "units": "deg/d", "label": "n", "title": "mean motion"}, {"units": "au", "label": "Q", "title": "aphelion distance", "sigma": ".023928", "name": "ad", "value": "50.69853224014158"}], "first_obs": "2014-10-21", "not_valid_after": null, "soln_date": "2021-09-21 12:42:08", "not_valid_before": null, "moid": "27.449", "epoch": "2460000.5", "orbit_id": "1", "n_obs_used": 10, "last_obs": "2017-08-27", "source": "JPL", "condition_code": "6", "covariance": {"data": [["7.661412443237241E-7", "-2.34615512894419E-5", ".1219526125092631", "2.118353112373755E-6", ".0002963067733483261", "1.605294023956193E-7"], ["-2.34615512894419E-5", ".0008264578414331037", "-3.466562947279564", "-6.654610692704843E-5", "-.007910367049609656", "-4.933007925448916E-6"], [".1219526125092631", "-3.466562947279564", "20088.27909099237", ".3337307484365332", "50.07911210418658", ".02555565978883021"], ["2.118353112373755E-6", "-6.654610692704843E-5", ".3337307484365332", ".0003001882370712268", ".0005113503949016002", "2.413238394002007E-5"], [".0002963067733483261", "-.007910367049609656", "50.07911210418658", ".0005113503949016002", ".1274834809310728", "3.854338571158449E-5"], ["1.605294023956193E-7", "-4.933007925448916E-6", ".02555565978883021", "2.413238394002007E-5", "3.854338571158449E-5", "1.942801137250612E-6"]], "epoch": "2457351.5", "labels": ["e", "q", "tp", "node", "peri", "i"], "elements": [{"value": ".2892849398820974", "name": "e", "sigma": 0.000875294947045694, "label": "e", "title": "eccentricity", "units": null}, {"value": "27.88724945931246", "name": "q", "sigma": 0.0287481797933905, "title": "perihelion distance", "label": "q", "units": "au"}, {"value": "2421961.054773497053", "name": "tp", "sigma": 141.733126300778, "label": "tp", "title": "time of perihelion passage", "units": "TDB"}, {"value": "147.376761371332", "name": "om", "sigma": 0.0173259411597531, "title": "longitude of the ascending node", "label": "node", "units": "deg"}, {"units": "deg", "title": "argument of perihelion", "label": "peri", "sigma": 0.357048289354637, "name": "w", "value": "81.72378642204957"}, {"value": "7.805659226454035", "sigma": 0.0013938440146769, "name": "i", "title": "inclination", "label": "i", "units": "deg"}]}, "t_jup": "5.376", "data_arc": "1041", "pe_used": "DE441", "n_dop_obs_used": null, "rms": ".20953", "sb_used": "SB441-N16", "model_pars": [], "comment": null}}