{"object": {"orbit_id": "3", "fullname": "(2013 TL187)", "prefix": null, "des": "2013 TL187", "kind": "au", "neo": false, "orbit_class": {"code": "TNO", "name": "TransNeptunian Object"}, "spkid": "3989555", "pha": false}, "orbit": {"orbit_id": "3", "last_obs": "2016-11-06", "n_obs_used": 21, "condition_code": "4", "source": "JPL", "covariance": {"epoch": "2457143.5", "data": [["2.871556148502962E-8", "2.14326818014268E-7", ".001630724159025478", "6.821775933372461E-9", "1.002002523639367E-5", "-1.249254673791332E-8"], ["2.14326818014268E-7", "1.654372946140021E-6", ".009497801504285745", "5.23505068533005E-8", "5.834184741834059E-5", "-9.46523518067078E-8"], [".001630724159025478", ".009497801504285745", "497.4342923842883", ".0003431909111648199", "3.058799416170362", "-.000796049259960768"], ["6.821775933372461E-9", "5.23505068533005E-8", ".0003431909111648199", "1.413303666773059E-7", "1.976256837448341E-6", "-2.075400766154584E-7"], ["1.002002523639367E-5", "5.834184741834059E-5", "3.058799416170362", "1.976256837448341E-6", ".01880915317613018", "-4.698179845852352E-6"], ["-1.249254673791332E-8", "-9.46523518067078E-8", "-.000796049259960768", "-2.075400766154584E-7", "-4.698179845852352E-6", "3.249196591572733E-7"]], "elements": [{"value": ".2003922369728366", "name": "e", "sigma": 0.000169456665507821, "title": "eccentricity", "label": "e", "units": null}, {"value": "31.34624649565558", "sigma": 0.00128622429853429, "name": "q", "title": "perihelion distance", "label": "q", "units": "au"}, {"value": "2457218.515512524095", "name": "tp", "sigma": 22.3032350206038, "label": "tp", "title": "time of perihelion passage", "units": "TDB"}, {"sigma": 0.000375939312492463, "name": "om", "value": "25.06801768192184", "units": "deg", "title": "longitude of the ascending node", "label": "node"}, {"name": "w", "sigma": 0.13714646614525, "value": "348.7333380148559", "units": "deg", "title": "argument of perihelion", "label": "peri"}, {"value": "18.87094498587325", "sigma": 0.000570017244613944, "name": "i", "title": "inclination", "label": "i", "units": "deg"}], "labels": ["e", "q", "tp", "node", "peri", "i"]}, "t_jup": "5.244", "two_body": null, "equinox": "J2000", "producer": "Otto Matic", "moid_jup": "26.4122", "n_del_obs_used": null, "elements": [{"name": "e", "sigma": ".00016974", "value": ".2100064847327872", "units": null, "label": "e", "title": "eccentricity"}, {"sigma": ".010144", "name": "a", "value": "39.69499119144922", "units": "au", "label": "a", "title": "semi-major axis"}, {"units": "au", "title": "perihelion distance", "label": "q", "name": "q", "sigma": ".0012919", "value": "31.35878562983402"}, {"value": "18.79900694459002", "name": "i", "sigma": ".00056695", "label": "i", "title": "inclination; angle with respect to x-y ecliptic plane", "units": "deg"}, {"units": "deg", "label": "node", "title": "longitude of the ascending node", "name": "om", "sigma": ".00037705", "value": "25.06105387238265"}, {"label": "peri", "title": "argument of perihelion", "units": "deg", "value": "348.615643236758", "sigma": ".13146", "name": "w"}, {"label": "M", "title": "mean anomaly", "units": "deg", "value": "11.01387538650419", "sigma": ".085792", "name": "ma"}, {"title": "time of perihelion passage", "label": "tp", "units": "TDB", "value": "2457205.771334967882", "sigma": "21.306", "name": "tp"}, {"name": "per", "sigma": "35.017", "value": "91348.6201818105", "units": "d", "label": "period", "title": "sidereal orbital period"}, {"units": "deg/d", "label": "n", "title": "mean motion", "sigma": "1.5107E-6", "name": "n", "value": ".003940946226483712"}, {"sigma": ".012275", "name": "ad", "value": "48.03119675306442", "units": "au", "title": "aphelion distance", "label": "Q"}], "not_valid_after": null, "first_obs": "2013-10-04", "not_valid_before": null, "soln_date": "2021-09-08 23:30:13", "moid": "30.3603", "epoch": "2460000.5", "rms": ".181", "sb_used": "SB441-N16", "model_pars": [], "comment": null, "data_arc": "1129", "pe_used": "DE441", "n_dop_obs_used": null}, "signature": {"version": "1.3", "source": "NASA/JPL Small-Body Database (SBDB) API"}}