{"orbit": {"n_del_obs_used": null, "model_pars": [], "data_arc": "846", "not_valid_before": null, "n_obs_used": 31, "comment": null, "equinox": "J2000", "two_body": null, "pe_used": "DE441", "moid_jup": "26.2027", "orbit_id": "2", "moid": "30.1539", "producer": "Otto Matic", "rms": ".18007", "epoch": "2460000.5", "covariance": {"data": [["4.003007146749473E-7", "-9.866797302592455E-6", "-.01054250753218346", "3.747511889320962E-8", "-8.403243556396728E-5", "-2.586508443276448E-9"], ["-9.866797302592455E-6", ".0002521010770833056", ".2725856770344968", "-9.214324309536365E-7", ".002160827168449667", "6.494779190053564E-8"], ["-.01054250753218346", ".2725856770344968", "296.2460789880172", "-.000985712232726087", "2.34333346182283", "6.984945041919442E-5"], ["3.747511889320962E-8", "-9.214324309536365E-7", "-.000985712232726087", ".0002487189992576678", "-.0002565555586237823", "-1.658004778807279E-5"], ["-8.403243556396728E-5", ".002160827168449667", "2.34333346182283", "-.0002565555586237823", ".01880189789122827", "1.713391706135282E-5"], ["-2.586508443276448E-9", "6.494779190053564E-8", "6.984945041919442E-5", "-1.658004778807279E-5", "1.713391706135282E-5", "1.128397022170097E-6"]], "labels": ["e", "q", "tp", "node", "peri", "i"], "epoch": "2457538.5", "elements": [{"label": "e", "value": ".2105363364423457", "title": "eccentricity", "name": "e", "sigma": 0.000632693223193474, "units": null}, {"units": "au", "sigma": 0.0158776911760906, "name": "q", "title": "perihelion distance", "value": "31.14278940410563", "label": "q"}, {"units": "TDB", "sigma": 17.2118005736767, "name": "tp", "value": "2449100.281956799892", "title": "time of perihelion passage", "label": "tp"}, {"value": "61.72416513719672", "title": "longitude of the ascending node", "label": "node", "sigma": 0.0157708274753631, "units": "deg", "name": "om"}, {"sigma": 0.137120012730558, "units": "deg", "name": "w", "title": "argument of perihelion", "value": "300.5058366313247", "label": "peri"}, {"sigma": 0.0010622603363442, "units": "deg", "name": "i", "title": "inclination", "value": ".6275904403314401", "label": "i"}]}, "source": "JPL", "t_jup": "5.532", "last_obs": "2017-12-13", "sb_used": "SB441-N16", "not_valid_after": null, "first_obs": "2015-08-20", "n_dop_obs_used": null, "elements": [{"title": "eccentricity", "value": ".2183430895439022", "label": "e", "sigma": ".00062684", "units": null, "name": "e"}, {"name": "a", "units": "au", "sigma": ".012953", "label": "a", "title": "semi-major axis", "value": "39.86106071932045"}, {"sigma": ".015594", "units": "au", "name": "q", "value": "31.15767356936694", "title": "perihelion distance", "label": "q"}, {"label": "i", "value": ".6252114381984122", "title": "inclination; angle with respect to x-y ecliptic plane", "name": "i", "sigma": ".0010582", "units": "deg"}, {"label": "node", "title": "longitude of the ascending node", "value": "61.76456316949164", "name": "om", "units": "deg", "sigma": ".015913"}, {"units": "deg", "sigma": ".13543", "name": "w", "value": "301.4577448967018", "title": "argument of perihelion", "label": "peri"}, {"name": "ma", "sigma": ".050547", "units": "deg", "label": "M", "title": "mean anomaly", "value": "41.91469752794738"}, {"value": "2449297.992533436594", "title": "time of perihelion passage", "label": "tp", "units": "TDB", "sigma": "17.076", "name": "tp"}, {"name": "per", "units": "d", "sigma": "44.805", "label": "period", "title": "sidereal orbital period", "value": "91922.47386239241"}, {"label": "n", "value": ".003916343684776355", "title": "mean motion", "name": "n", "sigma": "1.9089E-6", "units": "deg/d"}, {"label": "Q", "title": "aphelion distance", "value": "48.56444786927396", "name": "ad", "units": "au", "sigma": ".015781"}], "condition_code": "4", "soln_date": "2021-04-15 15:18:25"}, "object": {"kind": "au", "orbit_class": {"code": "TNO", "name": "TransNeptunian Object"}, "neo": false, "prefix": null, "spkid": "3830961", "des": "2015 VE165", "orbit_id": "2", "pha": false, "fullname": "(2015 VE165)"}, "signature": {"source": "NASA/JPL Small-Body Database (SBDB) API", "version": "1.3"}}