{"orbit": {"equinox": "J2000", "two_body": null, "producer": "Otto Matic", "moid_jup": "32.9144", "n_del_obs_used": null, "elements": [{"sigma": "1.2001E-5", "name": "e", "value": ".1079899228290008", "units": null, "label": "e", "title": "eccentricity"}, {"name": "a", "sigma": ".00090524", "value": "42.01995889636413", "units": "au", "title": "semi-major axis", "label": "a"}, {"title": "perihelion distance", "label": "q", "units": "au", "value": "37.48222677786799", "name": "q", "sigma": ".00031339"}, {"name": "i", "sigma": "2.8748E-5", "value": "26.98873623086626", "units": "deg", "label": "i", "title": "inclination; angle with respect to x-y ecliptic plane"}, {"units": "deg", "label": "node", "title": "longitude of the ascending node", "sigma": "4.0412E-5", "name": "om", "value": "20.91196729616878"}, {"name": "w", "sigma": ".0054112", "value": "69.136390906662", "units": "deg", "title": "argument of perihelion", "label": "peri"}, {"label": "M", "title": "mean anomaly", "units": "deg", "value": "340.058198826138", "sigma": ".0048785", "name": "ma"}, {"units": "TDB", "title": "time of perihelion passage", "label": "tp", "name": "tp", "sigma": "1.1731", "value": "2465511.669177524128"}, {"label": "period", "title": "sidereal orbital period", "units": "d", "value": "99490.55687653608", "sigma": "3.215", "name": "per"}, {"units": "deg/d", "title": "mean motion", "label": "n", "sigma": "1.1693E-7", "name": "n", "value": ".003618433862489543"}, {"label": "Q", "title": "aphelion distance", "units": "au", "value": "46.55769101486028", "sigma": ".001003", "name": "ad"}], "not_valid_after": null, "first_obs": "1982-09-16", "not_valid_before": null, "soln_date": "2023-02-08 07:41:43", "moid": "36.5921", "epoch": "2460000.5", "orbit_id": "26", "last_obs": "2023-01-20", "n_obs_used": 324, "condition_code": "2", "source": "JPL", "covariance": {"data": [["1.315609884372423E-10", "3.585045131397007E-9", "-1.359017501021641E-5", "1.94321742573494E-11", "-6.287219370220862E-8", "4.659329504215044E-11"], ["3.585045131397007E-9", "1.098226492882062E-7", "-.0004119941773963058", "6.26606163447503E-10", "-1.912549762836771E-6", "1.411599988918611E-9"], ["-1.359017501021641E-5", "-.0004119941773963058", "1.550086961529032", "-2.339747871485835E-6", ".007192701470226226", "-5.291285068191663E-6"], ["1.94321742573494E-11", "6.26606163447503E-10", "-2.339747871485835E-6", "1.615946301364755E-9", "-1.231253517938488E-8", "1.102676585354177E-9"], ["-6.287219370220862E-8", "-1.912549762836771E-6", ".007192701470226226", "-1.231253517938488E-8", "3.338032043232658E-5", "-2.553297542474015E-8"], ["4.659329504215044E-11", "1.411599988918611E-9", "-5.291285068191663E-6", "1.102676585354177E-9", "-2.553297542474015E-8", "8.2889719113593E-10"]], "epoch": "2457200.5", "labels": ["e", "q", "tp", "node", "peri", "i"], "elements": [{"sigma": 1.14700038551538e-05, "name": "e", "value": ".1062669548975003", "units": null, "title": "eccentricity", "label": "e"}, {"value": "37.38053118389195", "name": "q", "sigma": 0.000331395004923439, "label": "q", "title": "perihelion distance", "units": "au"}, {"units": "TDB", "label": "tp", "title": "time of perihelion passage", "sigma": 1.24502488389953, "name": "tp", "value": "2466167.072391498106"}, {"units": "deg", "title": "longitude of the ascending node", "label": "node", "name": "om", "sigma": 4.01988345771958e-05, "value": "21.09048959982966"}, {"value": "71.99057111740629", "name": "w", "sigma": 0.00577757046104386, "title": "argument of perihelion", "label": "peri", "units": "deg"}, {"units": "deg", "label": "i", "title": "inclination", "name": "i", "sigma": 2.87905746926999e-05, "value": "27.08273608113434"}]}, "t_jup": "5.159", "data_arc": "14736", "pe_used": "DE441", "n_dop_obs_used": null, "sb_used": "SB441-N16", "rms": ".47128", "model_pars": [], "comment": null}, "object": {"pha": false, "spkid": "20024835", "orbit_class": {"code": "TNO", "name": "TransNeptunian Object"}, "neo": false, "kind": "an", "des": "24835", "prefix": null, "fullname": "24835 (1995 SM55)", "orbit_id": "26"}, "signature": {"version": "1.3", "source": "NASA/JPL Small-Body Database (SBDB) API"}}