{"signature": {"version": "1.3", "source": "NASA/JPL Small-Body Database (SBDB) API"}, "orbit": {"producer": "Otto Matic", "moid_jup": "26.4466", "n_del_obs_used": null, "elements": [{"title": "eccentricity", "label": "e", "units": null, "value": ".1902629577490884", "name": "e", "sigma": ".00041062"}, {"value": "39.18698042257869", "sigma": ".029482", "name": "a", "title": "semi-major axis", "label": "a", "units": "au"}, {"value": "31.73114962212324", "sigma": ".0080227", "name": "q", "title": "perihelion distance", "label": "q", "units": "au"}, {"title": "inclination; angle with respect to x-y ecliptic plane", "label": "i", "units": "deg", "value": "5.636697240742644", "name": "i", "sigma": ".00010378"}, {"label": "node", "title": "longitude of the ascending node", "units": "deg", "value": "287.5572028931924", "name": "om", "sigma": ".0042848"}, {"value": "336.9735879506169", "sigma": ".094082", "name": "w", "label": "peri", "title": "argument of perihelion", "units": "deg"}, {"label": "M", "title": "mean anomaly", "units": "deg", "value": "347.6767340136177", "name": "ma", "sigma": ".074505"}, {"value": "2463067.645992909028", "sigma": "15.119", "name": "tp", "title": "time of perihelion passage", "label": "tp", "units": "TDB"}, {"name": "per", "sigma": "101.12", "value": "89600.64309797458", "units": "d", "label": "period", "title": "sidereal orbital period"}, {"units": "deg/d", "title": "mean motion", "label": "n", "sigma": "4.5342E-6", "name": "n", "value": ".004017828305164673"}, {"units": "au", "title": "aphelion distance", "label": "Q", "name": "ad", "sigma": ".035092", "value": "46.64281122303413"}], "equinox": "J2000", "two_body": null, "soln_date": "2021-04-13 20:38:29", "not_valid_before": null, "moid": "30.7158", "epoch": "2460000.5", "not_valid_after": null, "first_obs": "2001-03-26", "n_obs_used": 16, "last_obs": "2016-06-08", "orbit_id": "5", "t_jup": "5.495", "source": "JPL", "condition_code": "4", "covariance": {"labels": ["e", "q", "tp", "node", "peri", "i"], "elements": [{"value": ".1938564527410599", "name": "e", "sigma": 0.000424268822586924, "label": "e", "title": "eccentricity", "units": null}, {"value": "31.85728556493182", "name": "q", "sigma": 0.0076850531848301, "label": "q", "title": "perihelion distance", "units": "au"}, {"title": "time of perihelion passage", "label": "tp", "units": "TDB", "value": "2462675.115275506778", "sigma": 14.266282584319, "name": "tp"}, {"name": "om", "sigma": 0.004266882677331, "value": "287.4416620482122", "units": "deg", "title": "longitude of the ascending node", "label": "node"}, {"units": "deg", "label": "peri", "title": "argument of perihelion", "name": "w", "sigma": 0.0881007678939045, "value": "334.6725736080583"}, {"label": "i", "title": "inclination", "units": "deg", "value": "5.637991270063621", "sigma": 0.000103592160321629, "name": "i"}], "data": [["1.800040338192951E-7", "3.121427874042356E-6", "-.005835319907433854", "-1.129469617158592E-7", "-3.581055555006613E-5", "1.158470941514121E-8"], ["3.121427874042356E-6", "5.906004245366726E-5", "-.1095734436661712", "-1.860368575074683E-6", "-.0006761308708283375", "2.014467966421737E-7"], ["-.005835319907433854", "-.1095734436661712", "203.5268187756442", ".003491429076832688", "1.255199237025473", "-.0003762487617582703"], ["-1.129469617158592E-7", "-1.860368575074683E-6", ".003491429076832688", "1.820628778210732E-5", "3.309956494131945E-6", "-3.403106109906592E-7"], ["-3.581055555006613E-5", "-.0006761308708283375", "1.255199237025473", "3.309956494131945E-6", ".007761745303495628", "-1.978194979190853E-6"], ["1.158470941514121E-8", "2.014467966421737E-7", "-.0003762487617582703", "-3.403106109906592E-7", "-1.978194979190853E-6", "1.073133568010212E-8"]], "epoch": "2453267.5"}, "pe_used": "DE441", "n_dop_obs_used": null, "data_arc": "5553", "model_pars": [], "rms": ".43055", "sb_used": "SB441-N16", "comment": null}, "object": {"fullname": "169071 (2001 FR185)", "orbit_id": "5", "kind": "an", "des": "169071", "prefix": null, "orbit_class": {"code": "TNO", "name": "TransNeptunian Object"}, "neo": false, "pha": false, "spkid": "20169071"}}