{"signature": {"version": "1.3", "source": "NASA/JPL Small-Body Database (SBDB) API"}, "orbit": {"t_jup": "5.259", "source": "JPL", "last_obs": "2019-10-26", "first_obs": "2013-08-05", "not_valid_after": null, "sb_used": "SB441-N16", "soln_date": "2021-09-08 23:29:34", "condition_code": "4", "n_dop_obs_used": null, "elements": [{"sigma": ".00021134", "units": null, "name": "e", "value": ".01210871309466759", "title": "eccentricity", "label": "e"}, {"label": "a", "title": "semi-major axis", "value": "38.57186796360944", "name": "a", "sigma": ".0037896", "units": "au"}, {"name": "q", "sigma": ".0088829", "units": "au", "label": "q", "title": "perihelion distance", "value": "38.1048122809127"}, {"name": "i", "sigma": ".00057142", "units": "deg", "label": "i", "value": "19.78197607671728", "title": "inclination; angle with respect to x-y ecliptic plane"}, {"units": "deg", "sigma": ".00031398", "name": "om", "title": "longitude of the ascending node", "value": "183.0205084848321", "label": "node"}, {"sigma": ".62563", "units": "deg", "name": "w", "value": "76.18998964373613", "title": "argument of perihelion", "label": "peri"}, {"units": "deg", "sigma": ".65037", "name": "ma", "title": "mean anomaly", "value": "125.7642895315491", "label": "M"}, {"title": "time of perihelion passage", "value": "2429433.045458874960", "label": "tp", "units": "TDB", "sigma": "155.26", "name": "tp"}, {"title": "sidereal orbital period", "value": "87499.27086452066", "label": "period", "sigma": "12.895", "units": "d", "name": "per"}, {"name": "n", "units": "deg/d", "sigma": "6.0633E-7", "label": "n", "value": ".004114319998819251", "title": "mean motion"}, {"value": "39.03892364630619", "title": "aphelion distance", "label": "Q", "units": "au", "sigma": ".0038355", "name": "ad"}], "n_del_obs_used": null, "model_pars": [], "data_arc": "2273", "n_obs_used": 44, "not_valid_before": null, "comment": null, "moid_jup": "32.8629", "two_body": null, "equinox": "J2000", "pe_used": "DE441", "moid": "37.1467", "orbit_id": "5", "rms": ".25858", "producer": "Otto Matic", "epoch": "2460000.5", "covariance": {"data": [["2.025595892525931E-8", "-9.10181491153592E-7", ".02051792358828211", "-7.319975937659983E-10", "8.11570371795479E-5", "-1.81241902596358E-9"], ["-9.10181491153592E-7", "5.3347489218258E-5", "-.5663330021435314", "3.773474461940977E-8", "-.002134526595617366", "1.084949694444451E-7"], [".02051792358828211", "-.5663330021435314", "30995.76638662774", "-.0006093914504836242", "125.622307054408", "-.001084374787656612"], ["-7.319975937659983E-10", "3.773474461940977E-8", "-.0006093914504836242", "9.780244115650617E-8", "-2.46194708548431E-6", "1.755939752646191E-7"], ["8.11570371795479E-5", "-.002134526595617366", "125.622307054408", "-2.46194708548431E-6", ".5097341710785818", "-4.22706062144328E-6"], ["-1.81241902596358E-9", "1.084949694444451E-7", "-.001084374787656612", "1.755939752646191E-7", "-4.22706062144328E-6", "3.290864942644793E-7"]], "labels": ["e", "q", "tp", "node", "peri", "i"], "epoch": "2456867.5", "elements": [{"units": null, "sigma": 0.000142323430696633, "name": "e", "title": "eccentricity", "value": ".01631783119671514", "label": "e"}, {"sigma": 0.00730393655628648, "units": "au", "name": "q", "value": "37.63125916527738", "title": "perihelion distance", "label": "q"}, {"name": "tp", "sigma": 176.056145552002, "units": "TDB", "label": "tp", "title": "time of perihelion passage", "value": "2422927.398355968908"}, {"sigma": 0.000312733818376757, "units": "deg", "name": "om", "title": "longitude of the ascending node", "value": "183.109257448365", "label": "node"}, {"label": "peri", "title": "argument of perihelion", "value": "47.76991510253419", "name": "w", "sigma": 0.713956701123102, "units": "deg"}, {"value": "19.86322306315996", "title": "inclination", "label": "i", "units": "deg", "sigma": 0.000573660608953133, "name": "i"}]}}, "object": {"spkid": "3775194", "pha": false, "orbit_id": "5", "fullname": "(2013 SZ99)", "des": "2013 SZ99", "kind": "au", "orbit_class": {"name": "TransNeptunian Object", "code": "TNO"}, "neo": false, "prefix": null}}