{"object": {"des": "2014 UB229", "kind": "au", "prefix": null, "fullname": "(2014 UB229)", "orbit_id": "2", "spkid": "3790086", "pha": false, "orbit_class": {"name": "TransNeptunian Object", "code": "TNO"}, "neo": false}, "orbit": {"comment": null, "model_pars": [], "rms": ".18602", "sb_used": "SB441-N16", "n_dop_obs_used": null, "pe_used": "DE441", "data_arc": "1482", "t_jup": "5.459", "covariance": {"epoch": "2456895.5", "data": [["1.404426365104988E-7", "-2.940446677369909E-6", ".005963749440546671", "-6.370522022228809E-9", "1.61572306300989E-5", "-7.275767235438637E-10"], ["-2.940446677369909E-6", "7.138118035700644E-5", "-.1192681820512373", "-3.507141069181404E-8", "-.0002804923391492049", "2.092377239571288E-9"], [".005963749440546671", "-.1192681820512373", "256.7309061578184", "-.000354888494436944", ".7200761312034221", "-3.749119646217687E-5"], ["-6.370522022228809E-9", "-3.507141069181404E-8", "-.000354888494436944", "9.032233801650817E-5", "-9.177147058141917E-5", "8.774384908683552E-6"], ["1.61572306300989E-5", "-.0002804923391492049", ".7200761312034221", "-9.177147058141917E-5", ".002292509353770401", "-8.909576734893782E-6"], ["-7.275767235438637E-10", "2.092377239571288E-9", "-3.749119646217687E-5", "8.774384908683552E-6", "-8.909576734893782E-6", "8.539614424227753E-7"]], "elements": [{"value": ".2612962299383443", "sigma": 0.000374756769799424, "name": "e", "title": "eccentricity", "label": "e", "units": null}, {"title": "perihelion distance", "label": "q", "units": "au", "value": "29.19581921596171", "sigma": 0.00844873838848182, "name": "q"}, {"name": "tp", "sigma": 16.0228245374471, "value": "2435648.146239185367", "units": "TDB", "label": "tp", "title": "time of perihelion passage"}, {"value": "353.5126374169582", "name": "om", "sigma": 0.00950380650142395, "label": "node", "title": "longitude of the ascending node", "units": "deg"}, {"value": "282.6060176907689", "sigma": 0.0478801561585841, "name": "w", "label": "peri", "title": "argument of perihelion", "units": "deg"}, {"value": "4.100204122087271", "name": "i", "sigma": 0.00092410034218302, "title": "inclination", "label": "i", "units": "deg"}], "labels": ["e", "q", "tp", "node", "peri", "i"]}, "source": "JPL", "condition_code": "4", "n_obs_used": 34, "last_obs": "2017-08-30", "orbit_id": "2", "epoch": "2460000.5", "not_valid_before": null, "soln_date": "2021-04-15 11:41:18", "moid": "28.408", "first_obs": "2013-08-09", "not_valid_after": null, "moid_jup": "24.2054", "n_del_obs_used": null, "elements": [{"sigma": ".00038184", "name": "e", "value": ".2615533703393036", "units": null, "title": "eccentricity", "label": "e"}, {"units": "au", "label": "a", "title": "semi-major axis", "name": "a", "sigma": ".010618", "value": "39.84378133926274"}, {"title": "perihelion distance", "label": "q", "units": "au", "value": "29.42250604291632", "name": "q", "sigma": ".0086256"}, {"value": "4.081006768660379", "sigma": ".00091815", "name": "i", "label": "i", "title": "inclination; angle with respect to x-y ecliptic plane", "units": "deg"}, {"label": "node", "title": "longitude of the ascending node", "units": "deg", "value": "353.2740125830549", "sigma": ".009554", "name": "om"}, {"name": "w", "sigma": ".045944", "value": "284.5129136915272", "units": "deg", "label": "peri", "title": "argument of perihelion"}, {"label": "M", "title": "mean anomaly", "units": "deg", "value": "94.50958993235648", "name": "ma", "sigma": ".098071"}, {"name": "tp", "sigma": "15.656", "value": "2435884.091758002345", "units": "TDB", "title": "time of perihelion passage", "label": "tp"}, {"name": "per", "sigma": "36.722", "value": "91862.70910002966", "units": "d", "title": "sidereal orbital period", "label": "period"}, {"sigma": "1.5666E-6", "name": "n", "value": ".00391889161039214", "units": "deg/d", "title": "mean motion", "label": "n"}, {"name": "ad", "sigma": ".013395", "value": "50.26505663560916", "units": "au", "label": "Q", "title": "aphelion distance"}], "producer": "Otto Matic", "two_body": null, "equinox": "J2000"}, "signature": {"version": "1.3", "source": "NASA/JPL Small-Body Database (SBDB) API"}}