{"orbit": {"source": "JPL", "t_jup": "5.282", "last_obs": "2022-11-28", "n_dop_obs_used": null, "condition_code": "2", "elements": [{"label": "e", "title": "eccentricity", "value": ".231896053562806", "name": "e", "units": null, "sigma": "1.5575E-5"}, {"sigma": ".0011305", "units": "au", "name": "a", "value": "39.69003034198056", "title": "semi-major axis", "label": "a"}, {"title": "perihelion distance", "value": "30.48606893988724", "label": "q", "units": "au", "sigma": ".00025499", "name": "q"}, {"sigma": "2.4163E-5", "units": "deg", "name": "i", "value": "16.54380136022609", "title": "inclination; angle with respect to x-y ecliptic plane", "label": "i"}, {"name": "om", "sigma": "9.121E-5", "units": "deg", "label": "node", "title": "longitude of the ascending node", "value": "346.7104979554162"}, {"sigma": ".0027312", "units": "deg", "name": "w", "title": "argument of perihelion", "value": "81.30372687711557", "label": "peri"}, {"sigma": ".0020867", "units": "deg", "name": "ma", "value": "348.7011426307274", "title": "mean anomaly", "label": "M"}, {"value": "2462867.004308323767", "title": "time of perihelion passage", "label": "tp", "units": "TDB", "sigma": ".40804", "name": "tp"}, {"name": "per", "sigma": "3.9021", "units": "d", "label": "period", "title": "sidereal orbital period", "value": "91331.49638678783"}, {"label": "n", "title": "mean motion", "value": ".003941685116768527", "name": "n", "units": "deg/d", "sigma": "1.684E-7"}, {"label": "Q", "value": "48.89399174407388", "title": "aphelion distance", "name": "ad", "units": "au", "sigma": ".0013926"}], "soln_date": "2023-02-09 19:30:55", "sb_used": "SB441-N16", "not_valid_after": null, "first_obs": "1997-08-28", "not_valid_before": null, "n_obs_used": 105, "data_arc": "9223", "n_del_obs_used": null, "model_pars": [], "equinox": "J2000", "two_body": null, "pe_used": "DE441", "moid_jup": "25.6968", "comment": null, "rms": ".68287", "producer": "Otto Matic", "orbit_id": "13", "moid": "29.5401", "covariance": {"elements": [{"name": "e", "units": null, "sigma": 1.52258499570825e-05, "label": "e", "title": "eccentricity", "value": ".2249850930278499"}, {"name": "q", "units": "au", "sigma": 0.000262217544929838, "label": "q", "value": "30.42206298205184", "title": "perihelion distance"}, {"units": "TDB", "sigma": 0.43124788610082, "name": "tp", "title": "time of perihelion passage", "value": "2463101.842623679860", "label": "tp"}, {"name": "om", "sigma": 9.10552272749137e-05, "units": "deg", "label": "node", "title": "longitude of the ascending node", "value": "346.9193204458281"}, {"value": "82.60505429396244", "title": "argument of perihelion", "label": "peri", "sigma": 0.00289156487307028, "units": "deg", "name": "w"}, {"sigma": 2.42914735521787e-05, "units": "deg", "name": "i", "title": "inclination", "value": "16.58896295256074", "label": "i"}], "epoch": "2457412.5", "data": [["2.318265069155891E-10", "3.882345969083219E-9", "-6.414774373168958E-6", "2.358457308622604E-11", "-4.286306643865471E-8", "3.402155940869161E-11"], ["3.882345969083219E-9", "6.875804086903166E-8", "-.000112894039859812", "4.30283257964424E-10", "-7.570205757683911E-7", "5.978306793224764E-10"], ["-6.414774373168958E-6", "-.000112894039859812", ".1859747392664255", "-7.053866269061051E-7", ".001246257844009533", "-9.808378414465731E-7"], ["2.358457308622604E-11", "4.30283257964424E-10", "-7.053866269061051E-7", "8.291054414086183E-9", "-1.268110966044611E-8", "2.046153791918136E-9"], ["-4.286306643865471E-8", "-7.570205757683911E-7", ".001246257844009533", "-1.268110966044611E-8", "8.361147415173955E-6", "-8.532385519338715E-9"], ["3.402155940869161E-11", "5.978306793224764E-10", "-9.808378414465731E-7", "2.046153791918136E-9", "-8.532385519338715E-9", "5.900756873361986E-10"]], "labels": ["e", "q", "tp", "node", "peri", "i"]}, "epoch": "2460000.5"}, "object": {"orbit_class": {"code": "TNO", "name": "TransNeptunian Object"}, "kind": "an", "prefix": null, "neo": false, "spkid": "20024952", "orbit_id": "13", "pha": false, "fullname": "24952 (1997 QJ4)", "des": "24952"}, "signature": {"version": "1.3", "source": "NASA/JPL Small-Body Database (SBDB) API"}}