{"object": {"neo": false, "orbit_class": {"code": "TNO", "name": "TransNeptunian Object"}, "spkid": "3330235", "pha": false, "orbit_id": "7", "fullname": "(2005 TV189)", "prefix": null, "des": "2005 TV189", "kind": "au"}, "orbit": {"comment": null, "model_pars": [], "sb_used": "SB441-N16", "rms": ".21341", "pe_used": "DE441", "n_dop_obs_used": null, "data_arc": "5890", "t_jup": "4.595", "source": "JPL", "condition_code": "4", "covariance": {"elements": [{"value": ".1846880584390664", "name": "e", "sigma": 0.000242923796728084, "label": "e", "title": "eccentricity", "units": null}, {"units": "au", "label": "q", "title": "perihelion distance", "name": "q", "sigma": 0.00215375226590259, "value": "31.97249253328535"}, {"sigma": 2.09812708777354, "name": "tp", "value": "2454108.087512653162", "units": "TDB", "label": "tp", "title": "time of perihelion passage"}, {"units": "deg", "label": "node", "title": "longitude of the ascending node", "sigma": 0.000172866586955066, "name": "om", "value": "246.2817684095845"}, {"units": "deg", "label": "peri", "title": "argument of perihelion", "name": "w", "sigma": 0.0124298016114614, "value": "185.1319879400631"}, {"sigma": 0.000236165754944998, "name": "i", "value": "34.46354567981416", "units": "deg", "title": "inclination", "label": "i"}], "labels": ["e", "q", "tp", "node", "peri", "i"], "epoch": "2458594.5", "data": [["5.901197101678739E-8", "5.18094217931302E-7", ".0002680905735346886", "1.577918172307144E-8", "1.582881267808475E-6", "4.523208554284513E-8"], ["5.18094217931302E-7", "4.638648822880555E-6", ".002876713156486309", "1.395338084459371E-7", "1.700383549351324E-5", "3.959748075574139E-7"], [".0002680905735346886", ".002876713156486309", "4.402137276449083", "7.707260910625927E-5", ".02607727500701262", ".0001967070192892632"], ["1.577918172307144E-8", "1.395338084459371E-7", "7.707260910625927E-5", "2.988285688549331E-8", "4.341890913144648E-7", "3.46428898014331E-8"], ["1.582881267808475E-6", "1.700383549351324E-5", ".02607727500701262", "4.341890913144648E-7", ".000154499968100289", "1.14293292278177E-6"], ["4.523208554284513E-8", "3.959748075574139E-7", ".0001967070192892632", "3.46428898014331E-8", "1.14293292278177E-6", "5.577426380874093E-8"]]}, "n_obs_used": 30, "last_obs": "2020-01-31", "orbit_id": "7", "not_valid_before": null, "soln_date": "2021-04-14 22:58:29", "moid": "30.9587", "epoch": "2460000.5", "not_valid_after": null, "first_obs": "2003-12-16", "producer": "Otto Matic", "moid_jup": "26.8886", "n_del_obs_used": null, "elements": [{"value": ".1901508489262488", "sigma": ".00024366", "name": "e", "label": "e", "title": "eccentricity", "units": null}, {"title": "semi-major axis", "label": "a", "units": "au", "value": "39.44477166582769", "name": "a", "sigma": ".014509"}, {"sigma": ".0021564", "name": "q", "value": "31.94431484786852", "units": "au", "label": "q", "title": "perihelion distance"}, {"value": "34.35706230583008", "name": "i", "sigma": ".00023973", "label": "i", "title": "inclination; angle with respect to x-y ecliptic plane", "units": "deg"}, {"sigma": ".00017654", "name": "om", "value": "246.1438690708965", "units": "deg", "title": "longitude of the ascending node", "label": "node"}, {"name": "w", "sigma": ".012223", "value": "184.9650140352771", "units": "deg", "title": "argument of perihelion", "label": "peri"}, {"title": "mean anomaly", "label": "M", "units": "deg", "value": "23.56856582056033", "sigma": ".018853", "name": "ma"}, {"value": "2454076.524528713766", "name": "tp", "sigma": "2.0556", "label": "tp", "title": "time of perihelion passage", "units": "TDB"}, {"title": "sidereal orbital period", "label": "period", "units": "d", "value": "90486.25130183429", "name": "per", "sigma": "49.925"}, {"value": ".003978504964242034", "sigma": "2.1951E-6", "name": "n", "title": "mean motion", "label": "n", "units": "deg/d"}, {"title": "aphelion distance", "label": "Q", "units": "au", "value": "46.94522848378688", "name": "ad", "sigma": ".017268"}], "equinox": "J2000", "two_body": null}, "signature": {"version": "1.3", "source": "NASA/JPL Small-Body Database (SBDB) API"}}