{"orbit": {"epoch": "2460000.5", "covariance": {"labels": ["e", "q", "tp", "node", "peri", "i"], "data": [["9.511078075776971E-8", "7.095019390407076E-7", ".0001658845652742929", "-5.324381561707332E-9", "1.131986549998024E-6", "1.793322367066062E-8"], ["7.095019390407076E-7", "5.309201032355121E-6", ".001331384897304291", "-3.957265336605433E-8", "9.071163318302031E-6", "1.335891553899476E-7"], [".0001658845652742929", ".001331384897304291", "1.105817330113899", "-7.738646525862867E-6", ".007428255834325839", "2.871998397076285E-5"], ["-5.324381561707332E-9", "-3.957265336605433E-8", "-7.738646525862867E-6", "3.157260444546711E-8", "-8.26492921569298E-8", "-4.145057212228908E-9"], ["1.131986549998024E-6", "9.071163318302031E-6", ".007428255834325839", "-8.26492921569298E-8", "4.99343796679199E-5", "1.993112367654575E-7"], ["1.793322367066062E-8", "1.335891553899476E-7", "2.871998397076285E-5", "-4.145057212228908E-9", "1.993112367654575E-7", "5.182831966369538E-8"]], "epoch": "2454134.5", "elements": [{"value": ".2433614989168409", "title": "eccentricity", "label": "e", "units": null, "sigma": 0.000308400357907979, "name": "e"}, {"label": "q", "value": "29.72641249930457", "title": "perihelion distance", "name": "q", "sigma": 0.00230417035662625, "units": "au"}, {"label": "tp", "title": "time of perihelion passage", "value": "2454393.506089243782", "name": "tp", "sigma": 1.05157849450904, "units": "TDB"}, {"units": "deg", "sigma": 0.00017768681562082, "name": "om", "title": "longitude of the ascending node", "value": "70.44095464643497", "label": "node"}, {"name": "w", "sigma": 0.0070664262302751, "units": "deg", "label": "peri", "title": "argument of perihelion", "value": "1.501196300988801"}, {"label": "i", "value": "18.69180629708557", "title": "inclination", "name": "i", "sigma": 0.000227658339763109, "units": "deg"}]}, "moid": "28.7043", "orbit_id": "8", "rms": ".20814", "producer": "Otto Matic", "comment": null, "moid_jup": "24.6257", "two_body": null, "pe_used": "DE441", "equinox": "J2000", "n_del_obs_used": null, "data_arc": "6675", "model_pars": [], "n_obs_used": 24, "not_valid_before": null, "sb_used": "SB441-N16", "not_valid_after": null, "first_obs": "2001-11-09", "soln_date": "2021-04-14 21:14:39", "n_dop_obs_used": null, "condition_code": "4", "elements": [{"label": "e", "title": "eccentricity", "value": ".2483596459622304", "name": "e", "units": null, "sigma": ".00030913"}, {"value": "39.50141408902692", "title": "semi-major axis", "label": "a", "units": "au", "sigma": ".019313", "name": "a"}, {"value": "29.69085687086874", "title": "perihelion distance", "label": "q", "units": "au", "sigma": ".0023087", "name": "q"}, {"name": "i", "units": "deg", "sigma": ".00022788", "label": "i", "value": "18.64209273139168", "title": "inclination; angle with respect to x-y ecliptic plane"}, {"units": "deg", "sigma": ".00017805", "name": "om", "value": "70.37930779566599", "title": "longitude of the ascending node", "label": "node"}, {"units": "deg", "sigma": ".0072821", "name": "w", "title": "argument of perihelion", "value": ".9471704006792715", "label": "peri"}, {"units": "deg", "sigma": ".019365", "name": "ma", "value": "22.58592848588297", "title": "mean anomaly", "label": "M"}, {"label": "tp", "value": "2454311.278543863215", "title": "time of perihelion passage", "name": "tp", "sigma": "1.0786", "units": "TDB"}, {"title": "sidereal orbital period", "value": "90681.22771615932", "label": "period", "units": "d", "sigma": "66.504", "name": "per"}, {"sigma": "2.9115E-6", "units": "deg/d", "name": "n", "title": "mean motion", "value": ".00396995066196979", "label": "n"}, {"value": "49.31197130718511", "title": "aphelion distance", "label": "Q", "sigma": ".02411", "units": "au", "name": "ad"}], "last_obs": "2020-02-18", "t_jup": "5.190", "source": "JPL"}, "object": {"neo": false, "prefix": null, "kind": "au", "orbit_class": {"code": "TNO", "name": "TransNeptunian Object"}, "orbit_id": "8", "fullname": "(2001 VN71)", "pha": false, "des": "2001 VN71", "spkid": "3092514"}, "signature": {"version": "1.3", "source": "NASA/JPL Small-Body Database (SBDB) API"}}