{"signature": {"version": "1.3", "source": "NASA/JPL Small-Body Database (SBDB) API"}, "orbit": {"n_obs_used": 57, "not_valid_before": null, "model_pars": [], "n_del_obs_used": null, "data_arc": "2180", "moid_jup": "31.5125", "two_body": null, "equinox": "J2000", "pe_used": "DE441", "comment": null, "producer": "Otto Matic", "rms": ".56783", "moid": "35.7666", "orbit_id": "5", "covariance": {"epoch": "2457056.5", "elements": [{"sigma": 6.66219271751213e-05, "units": null, "name": "e", "title": "eccentricity", "value": ".06616353553434808", "label": "e"}, {"label": "q", "title": "perihelion distance", "value": "36.75601771398122", "name": "q", "units": "au", "sigma": 0.00306323027069864}, {"label": "tp", "title": "time of perihelion passage", "value": "2441735.988310812427", "name": "tp", "sigma": 8.80896622041665, "units": "TDB"}, {"units": "deg", "sigma": 0.000357114549367438, "name": "om", "value": "67.84227054262483", "title": "longitude of the ascending node", "label": "node"}, {"value": "84.69266073877455", "title": "argument of perihelion", "label": "peri", "sigma": 0.0449236993397134, "units": "deg", "name": "w"}, {"label": "i", "title": "inclination", "value": "14.85400252743422", "name": "i", "units": "deg", "sigma": 0.000177329272179709}], "data": [["4.438481180527165E-9", "-1.630022262223985E-7", "-.0003040753279429108", "1.582524500131852E-9", "-1.732736979595969E-6", "-7.986615206161084E-10"], ["-1.630022262223985E-7", "9.383379691324476E-6", ".02503662847036742", "-3.522761848428061E-8", ".0001310805820738735", "2.367457605334125E-8"], ["-.0003040753279429108", ".02503662847036742", "77.59788587244154", "-1.601514892650795E-5", ".3946658208795803", "3.198233325919582E-5"], ["1.582524500131852E-9", "-3.522761848428061E-8", "-1.601514892650795E-5", "1.275308013699084E-7", "-2.903573106027357E-7", "-6.302034623893324E-8"], ["-1.732736979595969E-6", ".0001310805820738735", ".3946658208795803", "-2.903573106027357E-7", ".00201813876236497", "2.616116091554366E-7"], ["-7.986615206161084E-10", "2.367457605334125E-8", "3.198233325919582E-5", "-6.302034623893324E-8", "2.616116091554366E-7", "3.14456707717852E-8"]], "labels": ["e", "q", "tp", "node", "peri", "i"]}, "epoch": "2460000.5", "t_jup": "5.421", "source": "JPL", "last_obs": "2018-04-16", "soln_date": "2021-04-15 09:54:54", "condition_code": "3", "n_dop_obs_used": null, "elements": [{"name": "e", "units": null, "sigma": "6.8608E-5", "label": "e", "title": "eccentricity", "value": ".06045773761920743"}, {"units": "au", "sigma": ".0019546", "name": "a", "value": "39.08467093726062", "title": "semi-major axis", "label": "a"}, {"sigma": ".0031994", "units": "au", "name": "q", "value": "36.72170015680265", "title": "perihelion distance", "label": "q"}, {"name": "i", "units": "deg", "sigma": ".00017795", "label": "i", "title": "inclination; angle with respect to x-y ecliptic plane", "value": "14.87590869004196"}, {"label": "node", "title": "longitude of the ascending node", "value": "67.83910276737959", "name": "om", "units": "deg", "sigma": ".00035712"}, {"name": "w", "units": "deg", "sigma": ".046235", "label": "peri", "value": "80.25022773595401", "title": "argument of perihelion"}, {"label": "M", "value": "77.89781112813003", "title": "mean anomaly", "name": "ma", "units": "deg", "sigma": ".041618"}, {"title": "time of perihelion passage", "value": "2440688.339130867320", "label": "tp", "sigma": "9.0401", "units": "TDB", "name": "tp"}, {"units": "d", "sigma": "6.6951", "name": "per", "value": "89249.97778759358", "title": "sidereal orbital period", "label": "period"}, {"name": "n", "units": "deg/d", "sigma": "3.0258E-7", "label": "n", "value": ".004033614449258078", "title": "mean motion"}, {"units": "au", "sigma": ".0020728", "name": "ad", "value": "41.44764171771858", "title": "aphelion distance", "label": "Q"}], "not_valid_after": null, "first_obs": "2012-04-27", "sb_used": "SB441-N16"}, "object": {"prefix": null, "neo": false, "orbit_class": {"name": "TransNeptunian Object", "code": "TNO"}, "kind": "au", "des": "2014 HD200", "orbit_id": "5", "pha": false, "fullname": "(2014 HD200)", "spkid": "3755694"}}