{"orbit": {"condition_code": "4", "n_dop_obs_used": null, "elements": [{"value": ".2006340060524727", "title": "eccentricity", "label": "e", "units": null, "sigma": ".00015104", "name": "e"}, {"label": "a", "title": "semi-major axis", "value": "39.57409882908343", "name": "a", "units": "au", "sigma": ".0049116"}, {"title": "perihelion distance", "value": "31.63418884508795", "label": "q", "units": "au", "sigma": ".0050547", "name": "q"}, {"label": "i", "value": "6.33969142071772", "title": "inclination; angle with respect to x-y ecliptic plane", "name": "i", "units": "deg", "sigma": ".0010248"}, {"title": "longitude of the ascending node", "value": "57.29334397926798", "label": "node", "sigma": ".001335", "units": "deg", "name": "om"}, {"sigma": ".070501", "units": "deg", "name": "w", "title": "argument of perihelion", "value": "209.2887196843302", "label": "peri"}, {"sigma": ".10735", "units": "deg", "name": "ma", "title": "mean anomaly", "value": "136.8209036832077", "label": "M"}, {"sigma": "21.928", "units": "TDB", "name": "tp", "value": "2425441.200443651454", "title": "time of perihelion passage", "label": "tp"}, {"name": "per", "sigma": "16.928", "units": "d", "label": "period", "value": "90931.63036762213", "title": "sidereal orbital period"}, {"name": "n", "units": "deg/d", "sigma": "7.3703E-7", "label": "n", "title": "mean motion", "value": ".003959018424552351"}, {"sigma": ".005897", "units": "au", "name": "ad", "title": "aphelion distance", "value": "47.51400881307891", "label": "Q"}], "soln_date": "2023-01-06 22:40:39", "not_valid_after": null, "sb_used": "SB441-N16", "first_obs": "2014-11-17", "last_obs": "2022-12-26", "source": "JPL", "t_jup": "5.502", "covariance": {"epoch": "2457471.5", "elements": [{"title": "eccentricity", "value": ".2049597296512541", "label": "e", "sigma": 0.000141986923700307, "units": null, "name": "e"}, {"sigma": 0.00488841943437024, "units": "au", "name": "q", "title": "perihelion distance", "value": "31.21621411671322", "label": "q"}, {"label": "tp", "title": "time of perihelion passage", "value": "2425160.321538439472", "name": "tp", "units": "TDB", "sigma": 21.67068072348}, {"label": "node", "value": "57.28560617794953", "title": "longitude of the ascending node", "name": "om", "sigma": 0.00132915205025378, "units": "deg"}, {"units": "deg", "sigma": 0.0700122689318848, "name": "w", "value": "207.0864828232939", "title": "argument of perihelion", "label": "peri"}, {"name": "i", "units": "deg", "sigma": 0.00102996200846246, "label": "i", "title": "inclination", "value": "6.367903409093872"}], "data": [["2.016028650187687E-8", "-5.177079088731467E-7", ".002933704928071513", "-1.076547556081137E-9", "8.67404133388504E-6", "8.034695848055329E-10"], ["-5.177079088731467E-7", "2.389664456632865E-5", "-.05449727729349239", "-1.025964669932615E-7", "-.0001121968697409597", "7.576492111289814E-8"], [".002933704928071513", "-.05449727729349239", "469.6184030190091", "-.0003945177362772893", "1.484688681460625", ".0002929868278627218"], ["-1.076547556081137E-9", "-1.025964669932615E-7", "-.0003945177362772893", "1.766645172693825E-6", "-3.521597573879013E-6", "-1.355740139956126E-6"], ["8.67404133388504E-6", "-.0001121968697409597", "1.484688681460625", "-3.521597573879013E-6", ".004901717800990565", "2.657278303944067E-6"], ["8.034695848055329E-10", "7.576492111289814E-8", ".0002929868278627218", "-1.355740139956126E-6", "2.657278303944067E-6", "1.060821738876018E-6"]], "labels": ["e", "q", "tp", "node", "peri", "i"]}, "epoch": "2460000.5", "rms": ".20572", "producer": "Otto Matic", "orbit_id": "3", "moid": "30.6194", "pe_used": "DE441", "two_body": null, "equinox": "J2000", "moid_jup": "26.3597", "comment": null, "not_valid_before": null, "n_obs_used": 48, "data_arc": "2961", "model_pars": [], "n_del_obs_used": null}, "object": {"neo": false, "prefix": null, "kind": "au", "orbit_class": {"name": "TransNeptunian Object", "code": "TNO"}, "des": "2015 VJ164", "orbit_id": "3", "fullname": "(2015 VJ164)", "pha": false, "spkid": "3830941"}, "signature": {"source": "NASA/JPL Small-Body Database (SBDB) API", "version": "1.3"}}