{"signature": {"version": "1.3", "source": "NASA/JPL Small-Body Database (SBDB) API"}, "orbit": {"rms": ".19163", "producer": "Otto Matic", "orbit_id": "9", "moid": "32.4131", "covariance": {"data": [["1.615064046954381E-8", "1.446016557526938E-7", "6.047836256187222E-5", "-2.292115091097188E-9", "3.331733868801215E-7", "7.482528725973891E-10"], ["1.446016557526938E-7", "1.310828775532254E-6", ".0003766331334485521", "-2.049852181183102E-8", "2.075664953555622E-6", "6.823928577548273E-9"], ["6.047836256187222E-5", ".0003766331334485521", "8.97792347357403", "-1.952656689732586E-5", ".04904465133091759", "-6.199427601243129E-8"], ["-2.292115091097188E-9", "-2.049852181183102E-8", "-1.952656689732586E-5", "2.689599246412439E-8", "-1.324493031739861E-7", "3.627784634348115E-8"], ["3.331733868801215E-7", "2.075664953555622E-6", ".04904465133091759", "-1.324493031739861E-7", ".0002679510609139425", "-3.517295399864282E-8"], ["7.482528725973891E-10", "6.823928577548273E-9", "-6.199427601243129E-8", "3.627784634348115E-8", "-3.517295399864282E-8", "9.243192337687529E-8"]], "labels": ["e", "q", "tp", "node", "peri", "i"], "epoch": "2453678.5", "elements": [{"name": "e", "units": null, "sigma": 0.000127085170140122, "label": "e", "title": "eccentricity", "value": ".1578009786844147"}, {"title": "perihelion distance", "value": "33.40871065774282", "label": "q", "sigma": 0.00114491430925299, "units": "au", "name": "q"}, {"name": "tp", "units": "TDB", "sigma": 2.99631831980082, "label": "tp", "title": "time of perihelion passage", "value": "2455883.412406918609"}, {"title": "longitude of the ascending node", "value": "228.9426680824342", "label": "node", "units": "deg", "sigma": 0.000163999977024768, "name": "om"}, {"label": "peri", "value": "18.55988366891596", "title": "argument of perihelion", "name": "w", "units": "deg", "sigma": 0.016369210760264}, {"name": "i", "units": "deg", "sigma": 0.000304026188636564, "label": "i", "title": "inclination", "value": "16.24273968632436"}]}, "epoch": "2460000.5", "not_valid_before": null, "n_obs_used": 28, "model_pars": [], "data_arc": "5490", "n_del_obs_used": null, "two_body": null, "pe_used": "DE441", "equinox": "J2000", "moid_jup": "28.0805", "comment": null, "last_obs": "2019-05-06", "n_dop_obs_used": null, "elements": [{"label": "e", "value": ".1521020931239758", "title": "eccentricity", "name": "e", "sigma": ".00012684", "units": null}, {"value": "39.41751561991466", "title": "semi-major axis", "label": "a", "units": "au", "sigma": ".0072332", "name": "a"}, {"label": "q", "title": "perihelion distance", "value": "33.42202898837863", "name": "q", "units": "au", "sigma": ".0011426"}, {"label": "i", "value": "16.2962548811776", "title": "inclination; angle with respect to x-y ecliptic plane", "name": "i", "sigma": ".00030497", "units": "deg"}, {"label": "node", "value": "229.0495527668662", "title": "longitude of the ascending node", "name": "om", "units": "deg", "sigma": ".00016374"}, {"title": "argument of perihelion", "value": "20.40706981469459", "label": "peri", "units": "deg", "sigma": ".016765", "name": "w"}, {"value": "15.00425193566488", "title": "mean anomaly", "label": "M", "units": "deg", "sigma": ".013181", "name": "ma"}, {"title": "time of perihelion passage", "value": "2456233.079067688169", "label": "tp", "sigma": "3.0765", "units": "TDB", "name": "tp"}, {"sigma": "24.881", "units": "d", "name": "per", "value": "90392.47950832002", "title": "sidereal orbital period", "label": "period"}, {"name": "n", "sigma": "1.0962E-6", "units": "deg/d", "label": "n", "title": "mean motion", "value": ".003982632205225264"}, {"label": "Q", "value": "45.41300225145069", "title": "aphelion distance", "name": "ad", "sigma": ".0083334", "units": "au"}], "condition_code": "3", "soln_date": "2021-04-14 22:13:41", "first_obs": "2004-04-24", "not_valid_after": null, "sb_used": "SB441-N16", "source": "JPL", "t_jup": "5.354"}, "object": {"prefix": null, "neo": false, "orbit_class": {"name": "TransNeptunian Object", "code": "TNO"}, "kind": "au", "orbit_id": "9", "pha": false, "fullname": "(2004 HX78)", "des": "2004 HX78", "spkid": "3563280"}}