{"orbit": {"first_obs": "2004-04-26", "not_valid_after": null, "sb_used": "SB441-N16", "elements": [{"name": "e", "units": null, "sigma": ".00018935", "label": "e", "title": "eccentricity", "value": ".1484707764492198"}, {"name": "a", "sigma": ".01165", "units": "au", "label": "a", "title": "semi-major axis", "value": "39.45297059683687"}, {"units": "au", "sigma": ".0027229", "name": "q", "title": "perihelion distance", "value": "33.59535741909626", "label": "q"}, {"name": "i", "units": "deg", "sigma": ".0004865", "label": "i", "value": "13.33886092056104", "title": "inclination; angle with respect to x-y ecliptic plane"}, {"label": "node", "title": "longitude of the ascending node", "value": "25.85019305822274", "name": "om", "sigma": ".00016516", "units": "deg"}, {"name": "w", "units": "deg", "sigma": ".039464", "label": "peri", "value": "221.5313657509663", "title": "argument of perihelion"}, {"value": "354.9792530020027", "title": "mean anomaly", "label": "M", "units": "deg", "sigma": ".030525", "name": "ma"}, {"value": "2461262.861749420383", "title": "time of perihelion passage", "label": "tp", "sigma": "7.1833", "units": "TDB", "name": "tp"}, {"label": "period", "title": "sidereal orbital period", "value": "90514.46527232128", "name": "per", "sigma": "40.092", "units": "d"}, {"name": "n", "units": "deg/d", "sigma": "1.7617E-6", "label": "n", "title": "mean motion", "value": ".003977264837359489"}, {"title": "aphelion distance", "value": "45.31058377457747", "label": "Q", "sigma": ".01338", "units": "au", "name": "ad"}], "n_dop_obs_used": null, "condition_code": "4", "soln_date": "2021-04-14 22:13:41", "last_obs": "2016-03-13", "source": "JPL", "t_jup": "5.431", "epoch": "2460000.5", "covariance": {"elements": [{"name": "e", "units": null, "sigma": 0.000193595831446059, "label": "e", "title": "eccentricity", "value": ".1559091237729447"}, {"sigma": 0.00259864502479257, "units": "au", "name": "q", "title": "perihelion distance", "value": "33.65793656726515", "label": "q"}, {"value": "2460806.090001345306", "title": "time of perihelion passage", "label": "tp", "sigma": 6.47659474471098, "units": "TDB", "name": "tp"}, {"label": "node", "value": "25.75455044506127", "title": "longitude of the ascending node", "name": "om", "sigma": 0.000164232726173272, "units": "deg"}, {"value": "219.180043428227", "title": "argument of perihelion", "label": "peri", "units": "deg", "sigma": 0.0355557189407557, "name": "w"}, {"name": "i", "sigma": 0.000484165506203115, "units": "deg", "label": "i", "title": "inclination", "value": "13.28051995860091"}], "epoch": "2453693.5", "labels": ["e", "q", "tp", "node", "peri", "i"], "data": [["3.74793459532907E-8", "4.405071402847994E-7", "-.0009686520680635797", "-1.015216431009284E-8", "-5.237769040156832E-6", "-7.551818150613984E-9"], ["4.405071402847994E-7", "6.752955964879202E-6", "-.01648642375203748", "-1.227401407846864E-7", "-9.023648996033802E-5", "-9.746815570093346E-8"], ["-.0009686520680635797", "-.01648642375203748", "41.94627948721788", ".0002707930191226891", ".2302315334018015", ".000221857827197945"], ["-1.015216431009284E-8", "-1.227401407846864E-7", ".0002707930191226891", "2.697238834630492E-8", "1.443828672540691E-6", "2.490343363269562E-8"], ["-5.237769040156832E-6", "-9.023648996033802E-5", ".2302315334018015", "1.443828672540691E-6", ".001264209149394013", "1.183887458368944E-6"], ["-7.551818150613984E-9", "-9.746815570093346E-8", ".000221857827197945", "2.490343363269562E-8", "1.183887458368944E-6", "2.344162373969185E-7"]]}, "orbit_id": "6", "moid": "32.5941", "rms": ".3473", "producer": "Otto Matic", "comment": null, "two_body": null, "equinox": "J2000", "pe_used": "DE441", "moid_jup": "28.3089", "model_pars": [], "data_arc": "4339", "n_del_obs_used": null, "not_valid_before": null, "n_obs_used": 21}, "object": {"neo": false, "prefix": null, "kind": "au", "orbit_class": {"code": "TNO", "name": "TransNeptunian Object"}, "orbit_id": "6", "fullname": "(2004 HZ78)", "pha": false, "des": "2004 HZ78", "spkid": "3563282"}, "signature": {"version": "1.3", "source": "NASA/JPL Small-Body Database (SBDB) API"}}