{"signature": {"version": "1.3", "source": "NASA/JPL Small-Body Database (SBDB) API"}, "orbit": {"n_dop_obs_used": null, "pe_used": "DE441", "data_arc": "4026", "model_pars": [], "sb_used": "SB441-N16", "rms": ".3721", "comment": null, "n_del_obs_used": null, "moid_jup": "30.5882", "elements": [{"label": "e", "title": "eccentricity", "units": null, "value": ".0843561541314661", "name": "e", "sigma": "2.4041E-5"}, {"sigma": ".00081719", "name": "a", "value": "39.3059133303562", "units": "au", "title": "semi-major axis", "label": "a"}, {"label": "q", "title": "perihelion distance", "units": "au", "value": "35.99021764718262", "sigma": ".0012134", "name": "q"}, {"value": "11.01614675665222", "name": "i", "sigma": "2.4527E-5", "title": "inclination; angle with respect to x-y ecliptic plane", "label": "i", "units": "deg"}, {"name": "om", "sigma": ".00046758", "value": "176.4458128870788", "units": "deg", "label": "node", "title": "longitude of the ascending node"}, {"value": "341.3507275960321", "sigma": ".010811", "name": "w", "label": "peri", "title": "argument of perihelion", "units": "deg"}, {"units": "deg", "label": "M", "title": "mean anomaly", "sigma": ".011123", "name": "ma", "value": "95.93245946986644"}, {"value": "2436015.023909895845", "sigma": "2.0422", "name": "tp", "title": "time of perihelion passage", "label": "tp", "units": "TDB"}, {"label": "period", "title": "sidereal orbital period", "units": "d", "value": "90008.86081889502", "sigma": "2.807", "name": "per"}, {"units": "deg/d", "label": "n", "title": "mean motion", "name": "n", "sigma": "1.2473E-7", "value": ".003999606224595473"}, {"name": "ad", "sigma": ".00088613", "value": "42.62160901352978", "units": "au", "title": "aphelion distance", "label": "Q"}], "producer": "Otto Matic", "equinox": "J2000", "two_body": null, "epoch": "2460000.5", "soln_date": "2021-04-15 00:40:01", "not_valid_before": null, "moid": "35.0017", "not_valid_after": null, "first_obs": "2007-05-12", "n_obs_used": 225, "last_obs": "2018-05-20", "orbit_id": "8", "t_jup": "5.509", "covariance": {"labels": ["e", "q", "tp", "node", "peri", "i"], "elements": [{"value": ".08906294590460406", "sigma": 2.40043095272062e-05, "name": "e", "title": "eccentricity", "label": "e", "units": null}, {"label": "q", "title": "perihelion distance", "units": "au", "value": "35.84475312654966", "name": "q", "sigma": 0.00119907215947732}, {"title": "time of perihelion passage", "label": "tp", "units": "TDB", "value": "2436295.250221409839", "name": "tp", "sigma": 1.91060555153572}, {"title": "longitude of the ascending node", "label": "node", "units": "deg", "value": "176.1699667164157", "name": "om", "sigma": 0.000467948171308152}, {"value": "342.3045999453684", "name": "w", "sigma": 0.0102732409775031, "label": "peri", "title": "argument of perihelion", "units": "deg"}, {"name": "i", "sigma": 2.41480821358094e-05, "value": "11.00987889826519", "units": "deg", "label": "i", "title": "inclination"}], "data": [["5.762068758779229E-10", "-2.252100065127483E-8", "7.319392731864017E-6", "7.004715754217463E-10", "-3.71011076447483E-8", "3.209087036255484E-11"], ["-2.252100065127483E-8", "1.437774043633602E-6", ".001119079474493632", "-3.209791856349905E-8", "9.01649581783114E-6", "-6.079013200412542E-10"], ["7.319392731864017E-6", ".001119079474493632", "3.650413573559122", "-2.88022031405934E-6", ".0186623248914897", "2.019111162881489E-6"], ["7.004715754217463E-10", "-3.209791856349905E-8", "-2.88022031405934E-6", "2.189754910306436E-7", "-3.227565266978973E-7", "1.110036287584108E-8"], ["-3.71011076447483E-8", "9.01649581783114E-6", ".0186623248914897", "-3.227565266978973E-7", ".0001055394801818492", "-4.227883922314458E-9"], ["3.209087036255484E-11", "-6.079013200412542E-10", "2.019111162881489E-6", "1.110036287584108E-8", "-4.227883922314458E-9", "5.831298708377967E-10"]], "epoch": "2456977.5"}, "condition_code": "2", "source": "JPL"}, "object": {"des": "2007 JF45", "kind": "au", "prefix": null, "fullname": "(2007 JF45)", "orbit_id": "8", "spkid": "3424767", "pha": false, "orbit_class": {"name": "TransNeptunian Object", "code": "TNO"}, "neo": false}}