{"orbit": {"last_obs": "2022-10-29", "not_valid_after": null, "sb_used": "SB441-N16", "first_obs": "2015-09-12", "condition_code": "5", "n_dop_obs_used": null, "elements": [{"label": "e", "value": ".09626718516002981", "title": "eccentricity", "name": "e", "sigma": ".00032191", "units": null}, {"name": "a", "sigma": ".020316", "units": "au", "label": "a", "value": "40.68342697656623", "title": "semi-major axis"}, {"name": "q", "units": "au", "sigma": ".0087448", "label": "q", "value": "36.76694797886858", "title": "perihelion distance"}, {"title": "inclination; angle with respect to x-y ecliptic plane", "value": "16.33283098839019", "label": "i", "units": "deg", "sigma": ".00021494", "name": "i"}, {"title": "longitude of the ascending node", "value": "141.0731226109955", "label": "node", "units": "deg", "sigma": ".004273", "name": "om"}, {"units": "deg", "sigma": ".41193", "name": "w", "value": "248.4233466739562", "title": "argument of perihelion", "label": "peri"}, {"label": "M", "value": "17.13326412199074", "title": "mean anomaly", "name": "ma", "units": "deg", "sigma": ".34198"}, {"title": "time of perihelion passage", "value": "2455489.609041786541", "label": "tp", "units": "TDB", "sigma": "88.366", "name": "tp"}, {"label": "period", "title": "sidereal orbital period", "value": "94781.74931492035", "name": "per", "sigma": "70.996", "units": "d"}, {"label": "n", "value": ".003798199575362021", "title": "mean motion", "name": "n", "units": "deg/d", "sigma": "2.845E-6"}, {"label": "Q", "value": "44.59990597426388", "title": "aphelion distance", "name": "ad", "units": "au", "sigma": ".022272"}], "soln_date": "2022-11-05 01:29:31", "source": "JPL", "t_jup": "5.470", "orbit_id": "5", "moid": "35.8058", "rms": ".098397", "producer": "Otto Matic", "epoch": "2460000.5", "covariance": {"elements": [{"units": null, "sigma": 0.000319238867675974, "name": "e", "value": ".08520210763622676", "title": "eccentricity", "label": "e"}, {"sigma": 0.00924225531801598, "units": "au", "name": "q", "value": "36.75652744052017", "title": "perihelion distance", "label": "q"}, {"value": "2455207.437440031662", "title": "time of perihelion passage", "label": "tp", "sigma": 99.7989693659543, "units": "TDB", "name": "tp"}, {"name": "om", "sigma": 0.00429229369560892, "units": "deg", "label": "node", "value": "141.1925671391131", "title": "longitude of the ascending node"}, {"units": "deg", "sigma": 0.463131124486897, "name": "w", "title": "argument of perihelion", "value": "247.0939434825158", "label": "peri"}, {"name": "i", "sigma": 0.000217430495766856, "units": "deg", "label": "i", "value": "16.33836868903967", "title": "inclination"}], "epoch": "2458147.5", "labels": ["e", "q", "tp", "node", "peri", "i"], "data": [["1.019134546350381E-7", "9.671185311707496E-7", ".00035801719357743", "7.679567495951947E-8", "1.492722161722678E-6", "1.422117337024138E-8"], ["9.671185311707496E-7", "8.541928336339459E-5", ".8732661247952314", "-5.450901364180262E-6", ".00405093897469964", "1.267440637256766E-7"], [".00035801719357743", ".8732661247952314", "9959.834286506695", "-.07059813330453366", "46.21819867287584", "-7.960784785648395E-5"], ["7.679567495951947E-8", "-5.450901364180262E-6", "-.07059813330453366", "1.842378516936406E-5", "-.0003448735155857619", "8.382861438903295E-7"], ["1.492722161722678E-6", ".00405093897469964", "46.21819867287584", "-.0003448735155857619", ".2144904384684973", "-1.184518959553493E-6"], ["1.422117337024138E-8", "1.267440637256766E-7", "-7.960784785648395E-5", "8.382861438903295E-7", "-1.184518959553493E-6", "4.727602048942066E-8"]]}, "data_arc": "2604", "model_pars": [], "n_del_obs_used": null, "not_valid_before": null, "n_obs_used": 22, "comment": null, "pe_used": "DE441", "two_body": null, "equinox": "J2000", "moid_jup": "31.9743"}, "object": {"kind": "au", "orbit_class": {"name": "TransNeptunian Object", "code": "TNO"}, "neo": false, "prefix": null, "spkid": "3771801", "des": "2015 RS245", "orbit_id": "5", "pha": false, "fullname": "(2015 RS245)"}, "signature": {"version": "1.3", "source": "NASA/JPL Small-Body Database (SBDB) API"}}