{"object": {"orbit_class": {"name": "TransNeptunian Object", "code": "TNO"}, "neo": false, "pha": false, "spkid": "20455502", "fullname": "455502 (2003 UZ413)", "orbit_id": "22", "kind": "an", "des": "455502", "prefix": null}, "orbit": {"n_dop_obs_used": null, "pe_used": "DE441", "data_arc": "24984", "comment": null, "model_pars": [], "sb_used": "SB441-N16", "rms": ".43853", "epoch": "2460000.5", "soln_date": "2023-02-09 22:58:48", "not_valid_before": null, "moid": "29.7246", "first_obs": "1954-07-29", "not_valid_after": null, "moid_jup": "25.5711", "n_del_obs_used": null, "elements": [{"label": "e", "title": "eccentricity", "units": null, "value": ".2209859039112134", "sigma": "2.1054E-6", "name": "e"}, {"sigma": ".00041626", "name": "a", "value": "39.45368792882067", "units": "au", "title": "semi-major axis", "label": "a"}, {"label": "q", "title": "perihelion distance", "units": "au", "value": "30.73497903923931", "name": "q", "sigma": ".00034979"}, {"units": "deg", "label": "i", "title": "inclination; angle with respect to x-y ecliptic plane", "name": "i", "sigma": "5.8337E-6", "value": "12.04906892923599"}, {"units": "deg", "label": "node", "title": "longitude of the ascending node", "name": "om", "sigma": ".00020783", "value": "135.9105006598261"}, {"value": "147.0714518108979", "name": "w", "sigma": ".0022445", "label": "peri", "title": "argument of perihelion", "units": "deg"}, {"units": "deg", "label": "M", "title": "mean anomaly", "name": "ma", "sigma": ".0029378", "value": "116.9316598883397"}, {"label": "tp", "title": "time of perihelion passage", "units": "TDB", "value": "2430599.679649032551", "name": "tp", "sigma": ".28984"}, {"value": "90516.93387792005", "sigma": "1.4325", "name": "per", "title": "sidereal orbital period", "label": "period", "units": "d"}, {"value": ".003977156368172292", "name": "n", "sigma": "6.2942E-8", "label": "n", "title": "mean motion", "units": "deg/d"}, {"value": "48.17239681840204", "sigma": ".00050825", "name": "ad", "title": "aphelion distance", "label": "Q", "units": "au"}], "producer": "Otto Matic", "two_body": null, "equinox": "J2000", "t_jup": "5.385", "covariance": {"epoch": "2457636.5", "data": [["4.671442212794412E-12", "-4.210572950233086E-10", "5.939579283906453E-8", "2.543313495549818E-12", "-1.220838246139155E-9", "-5.519297304252601E-13"], ["-4.210572950233086E-10", "1.25570433139946E-7", "7.451870347532515E-5", "1.105677960060601E-9", "7.348402442585304E-7", "1.833018293593852E-10"], ["5.939579283906453E-8", "7.451870347532515E-5", ".0746917777878181", "1.265215906181048E-6", ".0005575789845229313", "1.117014787831911E-7"], ["2.543313495549818E-12", "1.105677960060601E-9", "1.265215906181048E-6", "4.370451814224359E-8", "-3.38163459139896E-8", "-9.752946823558621E-10"], ["-1.220838246139155E-9", "7.348402442585304E-7", ".0005575789845229313", "-3.38163459139896E-8", "4.827370813951981E-6", "2.042566807056443E-9"], ["-5.519297304252601E-13", "1.833018293593852E-10", "1.117014787831911E-7", "-9.752946823558621E-10", "2.042566807056443E-9", "3.298225679193229E-11"]], "elements": [{"title": "eccentricity", "label": "e", "units": null, "value": ".2236851512674853", "name": "e", "sigma": 2.16135194098379e-06}, {"name": "q", "sigma": 0.000354359186617119, "value": "30.3586867053734", "units": "au", "label": "q", "title": "perihelion distance"}, {"title": "time of perihelion passage", "label": "tp", "units": "TDB", "value": "2430287.946898604128", "sigma": 0.273297965209802, "name": "tp"}, {"name": "om", "sigma": 0.000209056255927068, "value": "136.1255034143441", "units": "deg", "title": "longitude of the ascending node", "label": "node"}, {"sigma": 0.00219712785562242, "name": "w", "value": "144.5347160865439", "units": "deg", "label": "peri", "title": "argument of perihelion"}, {"value": "12.04346202329319", "name": "i", "sigma": 5.74301809085887e-06, "title": "inclination", "label": "i", "units": "deg"}], "labels": ["e", "q", "tp", "node", "peri", "i"]}, "source": "JPL", "condition_code": "2", "last_obs": "2022-12-23", "n_obs_used": 391, "orbit_id": "22"}, "signature": {"version": "1.3", "source": "NASA/JPL Small-Body Database (SBDB) API"}}