{"signature": {"version": "1.3", "source": "NASA/JPL Small-Body Database (SBDB) API"}, "object": {"spkid": "3830938", "pha": false, "orbit_class": {"name": "TransNeptunian Object", "code": "TNO"}, "neo": false, "des": "2015 RR277", "kind": "au", "prefix": null, "fullname": "(2015 RR277)", "orbit_id": "2"}, "orbit": {"t_jup": "5.445", "condition_code": "6", "source": "JPL", "covariance": {"data": [["2.251922251635979E-6", "-5.442458825652914E-5", ".3567898007709897", "-7.164792982468741E-8", ".001007407393829712", "1.30551263146218E-7"], ["-5.442458825652914E-5", ".00133008051503091", "-8.600206738793942", "1.403111395697334E-6", "-.02421677005313286", "-1.906312544831623E-6"], [".3567898007709897", "-8.600206738793942", "56576.80711852655", "-.01169680070878041", "159.8465707684391", ".02198544211247156"], ["-7.164792982468741E-8", "1.403111395697334E-6", "-.01169680070878041", "1.986107066865764E-7", "-3.470867857320213E-5", "-7.674531902042453E-7"], [".001007407393829712", "-.02421677005313286", "159.8465707684391", "-3.470867857320213E-5", ".4519122403645344", "6.849098916238769E-5"], ["1.30551263146218E-7", "-1.906312544831623E-6", ".02198544211247156", "-7.674531902042453E-7", "6.849098916238769E-5", "3.324159914780562E-6"]], "epoch": "2457565.5", "labels": ["e", "q", "tp", "node", "peri", "i"], "elements": [{"sigma": 0.00150064061375, "name": "e", "value": ".2446108972424631", "units": null, "label": "e", "title": "eccentricity"}, {"units": "au", "label": "q", "title": "perihelion distance", "name": "q", "sigma": 0.0364702689190923, "value": "29.64856878962106"}, {"units": "TDB", "label": "tp", "title": "time of perihelion passage", "sigma": 237.858796596902, "name": "tp", "value": "2423295.377453001252"}, {"units": "deg", "label": "node", "title": "longitude of the ascending node", "name": "om", "sigma": 0.000445657611498532, "value": "8.325561017037515"}, {"units": "deg", "title": "argument of perihelion", "label": "peri", "sigma": 0.672244182097945, "name": "w", "value": "205.5074762739918"}, {"units": "deg", "title": "inclination", "label": "i", "sigma": 0.00182322788339268, "name": "i", "value": "8.026563684069409"}]}, "last_obs": "2017-12-23", "n_obs_used": 47, "orbit_id": "2", "not_valid_before": null, "soln_date": "2021-04-15 14:36:54", "moid": "29.3362", "epoch": "2460000.5", "first_obs": "2015-06-23", "not_valid_after": null, "producer": "Otto Matic", "moid_jup": "24.914", "n_del_obs_used": null, "elements": [{"units": null, "title": "eccentricity", "label": "e", "name": "e", "sigma": ".0015745", "value": ".2344861733198464"}, {"label": "a", "title": "semi-major axis", "units": "au", "value": "39.63375162012365", "sigma": ".03086", "name": "a"}, {"units": "au", "label": "q", "title": "perihelion distance", "name": "q", "sigma": ".039305", "value": "30.34018486841159"}, {"value": "7.968290246898439", "name": "i", "sigma": ".0018096", "label": "i", "title": "inclination; angle with respect to x-y ecliptic plane", "units": "deg"}, {"sigma": ".00044875", "name": "om", "value": "8.31646637523337", "units": "deg", "label": "node", "title": "longitude of the ascending node"}, {"units": "deg", "label": "peri", "title": "argument of perihelion", "name": "w", "sigma": ".69837", "value": "206.7902911621615"}, {"units": "deg", "title": "mean anomaly", "label": "M", "name": "ma", "sigma": "1.1477", "value": "145.8308696141555"}, {"value": "2423082.074854764600", "name": "tp", "sigma": "247.8", "title": "time of perihelion passage", "label": "tp", "units": "TDB"}, {"sigma": "106.44", "name": "per", "value": "91137.3091818596", "units": "d", "title": "sidereal orbital period", "label": "period"}, {"units": "deg/d", "label": "n", "title": "mean motion", "name": "n", "sigma": "4.6135E-6", "value": ".003950083705912793"}, {"units": "au", "label": "Q", "title": "aphelion distance", "name": "ad", "sigma": ".038096", "value": "48.9273183718357"}], "equinox": "J2000", "two_body": null, "comment": null, "model_pars": [], "sb_used": "SB441-N16", "rms": ".15939", "pe_used": "DE441", "n_dop_obs_used": null, "data_arc": "914"}}