{"signature": {"version": "1.3", "source": "NASA/JPL Small-Body Database (SBDB) API"}, "orbit": {"not_valid_before": null, "n_obs_used": 23, "data_arc": "6948", "model_pars": [], "n_del_obs_used": null, "two_body": null, "pe_used": "DE441", "equinox": "J2000", "moid_jup": "31.3215", "comment": null, "rms": ".27342", "producer": "Otto Matic", "orbit_id": "6", "moid": "35.1592", "covariance": {"epoch": "2453858.5", "elements": [{"name": "e", "sigma": 0.000143528601852418, "units": null, "label": "e", "title": "eccentricity", "value": ".05787262986350265"}, {"name": "q", "units": "au", "sigma": 0.0162625865069812, "label": "q", "title": "perihelion distance", "value": "36.54855222999152"}, {"title": "time of perihelion passage", "value": "2482884.278787769410", "label": "tp", "sigma": 34.687925529589, "units": "TDB", "name": "tp"}, {"units": "deg", "sigma": 0.00102231756066074, "name": "om", "value": "147.9109641193001", "title": "longitude of the ascending node", "label": "node"}, {"name": "w", "units": "deg", "sigma": 0.193707260785003, "label": "peri", "title": "argument of perihelion", "value": "225.9475655431179"}, {"name": "i", "sigma": 0.000105112198716296, "units": "deg", "label": "i", "title": "inclination", "value": "21.30804290793207"}], "data": [["2.060045954971005E-8", "-2.23991720871196E-6", ".003878374856813263", "-2.382594355320095E-8", "2.341191544244878E-5", "-2.090715237481378E-9"], ["-2.23991720871196E-6", ".0002644717198970482", "-.5210989930398976", "2.565828016441415E-6", "-.003023199609924949", "2.881466166880786E-7"], [".003878374856813263", "-.5210989930398976", "1203.25217754631", "-.004361669795315794", "6.679927843866924", "-.0006819472318376245"], ["-2.382594355320095E-8", "2.565828016441415E-6", "-.004361669795315794", "1.045133194835324E-6", "-2.743588862695402E-5", "-7.277594750903693E-8"], ["2.341191544244878E-5", "-.003023199609924949", "6.679927843866924", "-2.743588862695402E-5", ".03752250288082898", "-3.692046374820877E-6"], ["-2.090715237481378E-9", "2.881466166880786E-7", "-.0006819472318376245", "-7.277594750903693E-8", "-3.692046374820877E-6", "1.104857431897416E-8"]], "labels": ["e", "q", "tp", "node", "peri", "i"]}, "epoch": "2460000.5", "source": "JPL", "t_jup": "5.201", "last_obs": "2019-06-06", "elements": [{"sigma": ".00014984", "units": null, "name": "e", "value": ".06471670059176539", "title": "eccentricity", "label": "e"}, {"label": "a", "title": "semi-major axis", "value": "38.62226059825061", "name": "a", "sigma": ".011563", "units": "au"}, {"name": "q", "sigma": ".016301", "units": "au", "label": "q", "value": "36.12275532293648", "title": "perihelion distance"}, {"label": "i", "value": "21.2785473724682", "title": "inclination; angle with respect to x-y ecliptic plane", "name": "i", "sigma": ".00010512", "units": "deg"}, {"units": "deg", "sigma": ".0010262", "name": "om", "value": "148.0852844186413", "title": "longitude of the ascending node", "label": "node"}, {"title": "argument of perihelion", "value": "228.3989364730198", "label": "peri", "sigma": ".1678", "units": "deg", "name": "w"}, {"sigma": ".15703", "units": "deg", "name": "ma", "title": "mean anomaly", "value": "264.7635707870953", "label": "M"}, {"value": "2483193.427186286772", "title": "time of perihelion passage", "label": "tp", "sigma": "28.169", "units": "TDB", "name": "tp"}, {"name": "per", "units": "d", "sigma": "39.37", "label": "period", "title": "sidereal orbital period", "value": "87670.79841262955"}, {"name": "n", "sigma": "1.844E-6", "units": "deg/d", "label": "n", "value": ".00410627034905775", "title": "mean motion"}, {"label": "Q", "title": "aphelion distance", "value": "41.12176587356473", "name": "ad", "units": "au", "sigma": ".012311"}], "n_dop_obs_used": null, "condition_code": "4", "soln_date": "2021-04-14 20:56:30", "first_obs": "2000-05-28", "not_valid_after": null, "sb_used": "SB441-N16"}, "object": {"kind": "au", "orbit_class": {"code": "TNO", "name": "TransNeptunian Object"}, "neo": false, "prefix": null, "spkid": "3038466", "des": "2000 KL4", "orbit_id": "6", "fullname": "(2000 KL4)", "pha": false}}