{"orbit": {"last_obs": "2017-08-30", "not_valid_after": null, "first_obs": "2013-08-09", "sb_used": "SB441-N16", "soln_date": "2021-04-15 11:41:17", "n_dop_obs_used": null, "condition_code": "4", "elements": [{"sigma": "7.8339E-5", "units": null, "name": "e", "title": "eccentricity", "value": ".1055504434675211", "label": "e"}, {"title": "semi-major axis", "value": "39.25742799507148", "label": "a", "units": "au", "sigma": ".0040208", "name": "a"}, {"name": "q", "units": "au", "sigma": ".00074405", "label": "q", "value": "35.11378906079741", "title": "perihelion distance"}, {"sigma": ".00055614", "units": "deg", "name": "i", "value": "8.914228592627881", "title": "inclination; angle with respect to x-y ecliptic plane", "label": "i"}, {"name": "om", "sigma": ".0015208", "units": "deg", "label": "node", "title": "longitude of the ascending node", "value": "231.9344869282257"}, {"sigma": ".12495", "units": "deg", "name": "w", "value": "154.5741744939516", "title": "argument of perihelion", "label": "peri"}, {"label": "M", "title": "mean anomaly", "value": "14.16303738949311", "name": "ma", "sigma": ".10002", "units": "deg"}, {"sigma": "25.063", "units": "TDB", "name": "tp", "title": "time of perihelion passage", "value": "2456465.942167824801", "label": "tp"}, {"label": "period", "value": "89842.3681721716", "title": "sidereal orbital period", "name": "per", "sigma": "13.803", "units": "d"}, {"sigma": "6.1561E-7", "units": "deg/d", "name": "n", "value": ".004007018151058811", "title": "mean motion", "label": "n"}, {"value": "43.40106692934555", "title": "aphelion distance", "label": "Q", "units": "au", "sigma": ".0044452", "name": "ad"}], "t_jup": "5.529", "source": "JPL", "moid": "34.1191", "orbit_id": "2", "rms": ".20634", "producer": "Otto Matic", "epoch": "2460000.5", "covariance": {"labels": ["e", "q", "tp", "node", "peri", "i"], "data": [["5.876828058366778E-9", "4.112601511191595E-8", "-.0006148584349644886", "7.522594309478567E-9", "-3.060221298908549E-6", "-2.459949708014242E-9"], ["4.112601511191595E-8", "4.87786407873457E-7", ".005867611610025925", "3.606580257254859E-8", "2.908979121670292E-5", "-1.064107309865578E-8"], ["-.0006148584349644886", ".005867611610025925", "730.2894008135285", "-.002222490063270651", "3.627407113960735", ".0007981908907885835"], ["7.522594309478567E-9", "3.606580257254859E-8", "-.002222490063270651", "2.311435257222989E-6", "-1.331625718109516E-5", "-8.451040078382017E-7"], ["-3.060221298908549E-6", "2.908979121670292E-5", "3.627407113960735", "-1.331625718109516E-5", ".01801987773961391", "4.797213367580384E-6"], ["-2.459949708014242E-9", "-1.064107309865578E-8", ".0007981908907885835", "-8.451040078382017E-7", "4.797213367580384E-6", "3.115011847447879E-7"]], "elements": [{"title": "eccentricity", "value": ".09807073620857341", "label": "e", "sigma": 7.66604725942045e-05, "units": null, "name": "e"}, {"label": "q", "value": "35.11318877070057", "title": "perihelion distance", "name": "q", "sigma": 0.000698417073011146, "units": "au"}, {"value": "2456652.401446400571", "title": "time of perihelion passage", "label": "tp", "units": "TDB", "sigma": 27.0238672438555, "name": "tp"}, {"label": "node", "title": "longitude of the ascending node", "value": "231.944217153818", "name": "om", "units": "deg", "sigma": 0.00152034050699933}, {"name": "w", "units": "deg", "sigma": 0.13423813817099, "label": "peri", "value": "155.5488747131735", "title": "argument of perihelion"}, {"name": "i", "sigma": 0.000558122911861525, "units": "deg", "label": "i", "value": "8.930758588056641", "title": "inclination"}], "epoch": "2456972.5"}, "n_del_obs_used": null, "model_pars": [], "data_arc": "1482", "n_obs_used": 50, "not_valid_before": null, "comment": null, "moid_jup": "30.1768", "two_body": null, "equinox": "J2000", "pe_used": "DE441"}, "object": {"spkid": "3790088", "pha": false, "orbit_id": "2", "fullname": "(2014 UR228)", "des": "2014 UR228", "kind": "au", "orbit_class": {"code": "TNO", "name": "TransNeptunian Object"}, "neo": false, "prefix": null}, "signature": {"version": "1.3", "source": "NASA/JPL Small-Body Database (SBDB) API"}}