{"orbit": {"epoch": "2460000.5", "covariance": {"data": [["2.037938946525545E-6", "-6.248183004559756E-5", ".01641857620535991", "3.548661858175652E-7", "-.0001116022586159016", "-6.523257705674532E-8"], ["-6.248183004559756E-5", ".001929160161485101", "-.4759486491595634", "-1.209246171152003E-5", ".003579552993439156", "2.232170432389601E-6"], [".01641857620535991", "-.4759486491595634", "190.2136036913624", ".0006434432445806556", "-.5694271795522078", "-.0001013090088932176"], ["3.548661858175652E-7", "-1.209246171152003E-5", ".0006434432445806556", "2.760524125502277E-5", "-5.949873831235576E-5", "-4.829640512821556E-6"], ["-.0001116022586159016", ".003579552993439156", "-.5694271795522078", "-5.949873831235576E-5", ".008020268131550002", "1.079688414771966E-5"], ["-6.523257705674532E-8", "2.232170432389601E-6", "-.0001013090088932176", "-4.829640512821556E-6", "1.079688414771966E-5", "8.461405533464457E-7"]], "labels": ["e", "q", "tp", "node", "peri", "i"], "epoch": "2457365.5", "elements": [{"label": "e", "value": ".1119107594981572", "title": "eccentricity", "name": "e", "sigma": 0.00142756399034353, "units": null}, {"units": "au", "sigma": 0.0439222057902959, "name": "q", "title": "perihelion distance", "value": "35.07210209062452", "label": "q"}, {"units": "TDB", "sigma": 13.7917947958691, "name": "tp", "title": "time of perihelion passage", "value": "2439751.046006182492", "label": "tp"}, {"name": "om", "sigma": 0.00525406901886745, "units": "deg", "label": "node", "value": "101.2578451241141", "title": "longitude of the ascending node"}, {"sigma": 0.0895559497272515, "units": "deg", "name": "w", "title": "argument of perihelion", "value": "49.75535973330678", "label": "peri"}, {"value": "11.10591665643724", "title": "inclination", "label": "i", "units": "deg", "sigma": 0.000919858985576836, "name": "i"}]}, "moid": "34.0234", "orbit_id": "2", "producer": "Otto Matic", "rms": ".26133", "comment": null, "moid_jup": "29.6683", "pe_used": "DE441", "two_body": null, "equinox": "J2000", "data_arc": "912", "n_del_obs_used": null, "model_pars": [], "n_obs_used": 30, "not_valid_before": null, "not_valid_after": null, "sb_used": "SB441-N16", "first_obs": "2015-02-25", "soln_date": "2021-04-15 13:49:20", "elements": [{"name": "e", "sigma": ".0014291", "units": null, "label": "e", "value": ".106828953010868", "title": "eccentricity"}, {"name": "a", "sigma": ".014042", "units": "au", "label": "a", "value": "39.18788503227448", "title": "semi-major axis"}, {"sigma": ".044166", "units": "au", "name": "q", "value": "35.00148430356633", "title": "perihelion distance", "label": "q"}, {"value": "11.10241069837913", "title": "inclination; angle with respect to x-y ecliptic plane", "label": "i", "sigma": ".00092285", "units": "deg", "name": "i"}, {"value": "101.3019981001655", "title": "longitude of the ascending node", "label": "node", "units": "deg", "sigma": ".0052737", "name": "om"}, {"name": "w", "units": "deg", "sigma": ".059149", "label": "peri", "title": "argument of perihelion", "value": "46.3934030635703"}, {"sigma": ".13701", "units": "deg", "name": "ma", "title": "mean anomaly", "value": "84.33313355314463", "label": "M"}, {"label": "tp", "value": "2439010.042633524674", "title": "time of perihelion passage", "name": "tp", "units": "TDB", "sigma": "22.845"}, {"name": "per", "sigma": "48.163", "units": "d", "label": "period", "value": "89603.74568756134", "title": "sidereal orbital period"}, {"label": "n", "title": "mean motion", "value": ".004017689185174037", "name": "n", "sigma": "2.1595E-6", "units": "deg/d"}, {"label": "Q", "title": "aphelion distance", "value": "43.37428576098262", "name": "ad", "units": "au", "sigma": ".015543"}], "n_dop_obs_used": null, "condition_code": "4", "last_obs": "2017-08-25", "t_jup": "5.488", "source": "JPL"}, "object": {"spkid": "3830920", "pha": false, "orbit_id": "2", "fullname": "(2015 KJ173)", "des": "2015 KJ173", "orbit_class": {"name": "TransNeptunian Object", "code": "TNO"}, "kind": "au", "prefix": null, "neo": false}, "signature": {"version": "1.3", "source": "NASA/JPL Small-Body Database (SBDB) API"}}