{"signature": {"version": "1.3", "source": "NASA/JPL Small-Body Database (SBDB) API"}, "orbit": {"n_del_obs_used": null, "data_arc": "891", "model_pars": [], "n_obs_used": 28, "not_valid_before": null, "comment": null, "moid_jup": "32.0564", "pe_used": "DE441", "two_body": null, "equinox": "J2000", "moid": "35.9322", "orbit_id": "2", "rms": ".15929", "producer": "Otto Matic", "epoch": "2460000.5", "covariance": {"elements": [{"label": "e", "value": ".08796743391374433", "title": "eccentricity", "name": "e", "units": null, "sigma": 0.00148199770467801}, {"name": "q", "sigma": 0.0496228919057276, "units": "au", "label": "q", "value": "36.9641533427703", "title": "perihelion distance"}, {"value": "2432761.999191202463", "title": "time of perihelion passage", "label": "tp", "units": "TDB", "sigma": 103.844080600912, "name": "tp"}, {"label": "node", "title": "longitude of the ascending node", "value": "68.88572760848355", "name": "om", "units": "deg", "sigma": 0.000815093611264572}, {"name": "w", "sigma": 0.264136943522211, "units": "deg", "label": "peri", "value": "60.64201866629517", "title": "argument of perihelion"}, {"label": "i", "value": "30.98768451156165", "title": "inclination", "name": "i", "units": "deg", "sigma": 0.00151581256823638}], "epoch": "2457360.5", "data": [["2.196317196670893E-6", "-7.325128444413905E-5", ".1528189219569102", "-9.617761170914058E-8", ".0003806662095482086", "1.518517340648898E-7"], ["-7.325128444413905E-5", ".00246243140108753", "-5.043843611322671", "2.650032697734925E-6", "-.01242777368985818", "-3.943542151498863E-6"], [".1528189219569102", "-5.043843611322671", "10783.59307584872", "-.008064304049161105", "27.24090290866602", ".01332377675837731"], ["-9.617761170914058E-8", "2.650032697734925E-6", "-.008064304049161105", "6.64377595124321E-7", "-2.437893055303758E-5", "-1.23279779130803E-6"], [".0003806662095482086", "-.01242777368985818", "27.24090290866602", "-2.437893055303758E-5", ".06976832493325592", "4.172752667919857E-5"], ["1.518517340648898E-7", "-3.943542151498863E-6", ".01332377675837731", "-1.23279779130803E-6", "4.172752667919857E-5", "2.297687742023379E-6"]], "labels": ["e", "q", "tp", "node", "peri", "i"]}, "t_jup": "4.877", "source": "JPL", "last_obs": "2017-08-26", "not_valid_after": null, "first_obs": "2015-03-19", "sb_used": "SB441-N16", "soln_date": "2021-04-15 13:49:30", "elements": [{"title": "eccentricity", "value": ".08534641074471615", "label": "e", "units": null, "sigma": ".0014394", "name": "e"}, {"label": "a", "title": "semi-major axis", "value": "40.25901435485599", "name": "a", "units": "au", "sigma": ".01189"}, {"label": "q", "value": "36.82305197954903", "title": "perihelion distance", "name": "q", "sigma": ".048204", "units": "au"}, {"sigma": ".0015227", "units": "deg", "name": "i", "value": "31.05826437323238", "title": "inclination; angle with respect to x-y ecliptic plane", "label": "i"}, {"units": "deg", "sigma": ".00081543", "name": "om", "value": "68.88119366900244", "title": "longitude of the ascending node", "label": "node"}, {"name": "w", "sigma": ".35137", "units": "deg", "label": "peri", "title": "argument of perihelion", "value": "55.83053806658742"}, {"name": "ma", "sigma": ".53197", "units": "deg", "label": "M", "value": "109.4826377944075", "title": "mean anomaly"}, {"sigma": "125.87", "units": "TDB", "name": "tp", "value": "2431625.498995147078", "title": "time of perihelion passage", "label": "tp"}, {"name": "per", "units": "d", "sigma": "41.332", "label": "period", "value": "93302.46847842069", "title": "sidereal orbital period"}, {"label": "n", "value": ".003858418816467455", "title": "mean motion", "name": "n", "sigma": "1.7092E-6", "units": "deg/d"}, {"name": "ad", "units": "au", "sigma": ".012904", "label": "Q", "value": "43.69497673016296", "title": "aphelion distance"}], "n_dop_obs_used": null, "condition_code": "5"}, "object": {"pha": false, "orbit_id": "2", "fullname": "(2015 KO175)", "des": "2015 KO175", "spkid": "3835602", "neo": false, "prefix": null, "kind": "au", "orbit_class": {"code": "TNO", "name": "TransNeptunian Object"}}}