{"orbit": {"t_jup": "5.423", "source": "JPL", "last_obs": "2017-09-22", "soln_date": "2021-04-15 15:18:27", "n_dop_obs_used": null, "condition_code": "4", "elements": [{"sigma": ".00014367", "units": null, "name": "e", "title": "eccentricity", "value": ".221997768315608", "label": "e"}, {"name": "a", "units": "au", "sigma": ".0052086", "label": "a", "title": "semi-major axis", "value": "39.55542007751995"}, {"label": "q", "title": "perihelion distance", "value": "30.77420509552413", "name": "q", "units": "au", "sigma": ".0027839"}, {"title": "inclination; angle with respect to x-y ecliptic plane", "value": "10.22097864143158", "label": "i", "units": "deg", "sigma": ".00074523", "name": "i"}, {"label": "node", "title": "longitude of the ascending node", "value": "218.774911428565", "name": "om", "units": "deg", "sigma": ".00091397"}, {"value": "211.1399061563203", "title": "argument of perihelion", "label": "peri", "sigma": ".084873", "units": "deg", "name": "w"}, {"label": "M", "value": "358.215268377968", "title": "mean anomaly", "name": "ma", "sigma": ".051442", "units": "deg"}, {"label": "tp", "title": "time of perihelion passage", "value": "2460450.982418870828", "name": "tp", "units": "TDB", "sigma": "13.028"}, {"value": "90867.25913941867", "title": "sidereal orbital period", "label": "period", "units": "d", "sigma": "17.948", "name": "per"}, {"sigma": "7.8254E-7", "units": "deg/d", "name": "n", "title": "mean motion", "value": ".003961823030753551", "label": "n"}, {"label": "Q", "title": "aphelion distance", "value": "48.33663505951578", "name": "ad", "sigma": ".0063649", "units": "au"}], "first_obs": "2014-11-17", "not_valid_after": null, "sb_used": "SB441-N16", "n_obs_used": 43, "not_valid_before": null, "data_arc": "1040", "n_del_obs_used": null, "model_pars": [], "moid_jup": "25.7354", "pe_used": "DE441", "two_body": null, "equinox": "J2000", "comment": null, "producer": "Otto Matic", "rms": ".12982", "moid": "29.7916", "orbit_id": "2", "covariance": {"data": [["2.240992578462205E-8", "-3.418631527288313E-7", ".00167204091481158", "-2.61930956555706E-9", "1.093273838490261E-5", "-1.644251395766493E-9"], ["-3.418631527288313E-7", "8.781686908294925E-6", "-.03870830864494401", "9.666991594072059E-10", "-.0002525332186184202", "-3.165076696468046E-9"], [".00167204091481158", "-.03870830864494401", "174.3953846882594", "-5.963795697136428E-5", "1.137982708704897", "-2.396402090062297E-5"], ["-2.61930956555706E-9", "9.666991594072059E-10", "-5.963795697136428E-5", "8.287105265834774E-7", "-1.208278303513547E-6", "6.747678259472818E-7"], ["1.093273838490261E-5", "-.0002525332186184202", "1.137982708704897", "-1.208278303513547E-6", ".007426608293521484", "-8.228815893597098E-7"], ["-1.644251395766493E-9", "-3.165076696468046E-9", "-2.396402090062297E-5", "6.747678259472818E-7", "-8.228815893597098E-7", "5.590147240656715E-7"]], "labels": ["e", "q", "tp", "node", "peri", "i"], "elements": [{"name": "e", "units": null, "sigma": 0.000149699451517439, "label": "e", "title": "eccentricity", "value": ".216107088007403"}, {"name": "q", "units": "au", "sigma": 0.00296339111632179, "label": "q", "title": "perihelion distance", "value": "30.74419343100875"}, {"name": "tp", "units": "TDB", "sigma": 13.205884472017, "label": "tp", "title": "time of perihelion passage", "value": "2460653.246359273629"}, {"title": "longitude of the ascending node", "value": "218.8688657788485", "label": "node", "units": "deg", "sigma": 0.000910335392360133, "name": "om"}, {"label": "peri", "value": "212.3410131429259", "title": "argument of perihelion", "name": "w", "sigma": 0.0861777714583145, "units": "deg"}, {"label": "i", "value": "10.25573309273157", "title": "inclination", "name": "i", "sigma": 0.000747672872361751, "units": "deg"}], "epoch": "2457461.5"}, "epoch": "2460000.5"}, "object": {"spkid": "3830964", "des": "2015 VG165", "fullname": "(2015 VG165)", "orbit_id": "2", "pha": false, "kind": "au", "orbit_class": {"name": "TransNeptunian Object", "code": "TNO"}, "neo": false, "prefix": null}, "signature": {"source": "NASA/JPL Small-Body Database (SBDB) API", "version": "1.3"}}