{"signature": {"version": "1.3", "source": "NASA/JPL Small-Body Database (SBDB) API"}, "object": {"spkid": "3696026", "pha": false, "orbit_class": {"code": "TNO", "name": "TransNeptunian Object"}, "neo": false, "des": "2011 UX410", "kind": "au", "prefix": null, "fullname": "(2011 UX410)", "orbit_id": "7"}, "orbit": {"t_jup": "5.105", "covariance": {"labels": ["e", "q", "tp", "node", "peri", "i"], "elements": [{"units": null, "title": "eccentricity", "label": "e", "name": "e", "sigma": 0.000104655813141137, "value": ".3294213932532365"}, {"value": "26.59224518021356", "sigma": 0.00331294068999353, "name": "q", "label": "q", "title": "perihelion distance", "units": "au"}, {"value": "2470174.485717865946", "name": "tp", "sigma": 1.6325953907435, "label": "tp", "title": "time of perihelion passage", "units": "TDB"}, {"title": "longitude of the ascending node", "label": "node", "units": "deg", "value": "223.9845125990331", "name": "om", "sigma": 0.000390711572889851}, {"value": "262.5925912210498", "name": "w", "sigma": 0.0150539210412683, "title": "argument of perihelion", "label": "peri", "units": "deg"}, {"name": "i", "sigma": 0.000621101966673289, "value": "17.44105148908109", "units": "deg", "label": "i", "title": "inclination"}], "data": [["1.095283922423261E-8", "-1.580193725107161E-7", "-.0001377332932887612", "-1.144103302456367E-9", "-2.226846992884223E-7", "2.483696904910699E-9"], ["-1.580193725107161E-7", "1.097557601541482E-5", "-.0008010373429506345", "3.732019880960908E-9", "-4.063954802157846E-5", "9.181053438096849E-9"], ["-.0001377332932887612", "-.0008010373429506345", "2.665367709876908", "1.821477499374226E-5", ".01703930479536442", "-4.487054598562233E-5"], ["-1.144103302456367E-9", "3.732019880960908E-9", "1.821477499374226E-5", "1.52655533190061E-7", "-5.90393394222384E-8", "-2.368182319829829E-7"], ["-2.226846992884223E-7", "-4.063954802157846E-5", ".01703930479536442", "-5.90393394222384E-8", ".0002266205387167418", "-4.827866017411898E-8"], ["2.483696904910699E-9", "9.181053438096849E-9", "-4.487054598562233E-5", "-2.368182319829829E-7", "-4.827866017411898E-8", "3.857676530054277E-7"]], "epoch": "2456095.5"}, "source": "JPL", "condition_code": "3", "last_obs": "2020-10-20", "n_obs_used": 34, "orbit_id": "7", "epoch": "2460000.5", "not_valid_before": null, "soln_date": "2021-04-15 05:41:05", "moid": "25.6749", "not_valid_after": null, "first_obs": "2011-08-30", "moid_jup": "21.6322", "n_del_obs_used": null, "elements": [{"value": ".3286940506254162", "sigma": ".00010464", "name": "e", "title": "eccentricity", "label": "e", "units": null}, {"title": "semi-major axis", "label": "a", "units": "au", "value": "39.64455284114108", "name": "a", "sigma": ".0058935"}, {"value": "26.61362418255307", "sigma": ".0033188", "name": "q", "label": "q", "title": "perihelion distance", "units": "au"}, {"units": "deg", "label": "i", "title": "inclination; angle with respect to x-y ecliptic plane", "name": "i", "sigma": ".00062089", "value": "17.44098343532549"}, {"units": "deg", "title": "longitude of the ascending node", "label": "node", "sigma": ".00039064", "name": "om", "value": "223.929163389188"}, {"title": "argument of perihelion", "label": "peri", "units": "deg", "value": "262.5219990022523", "name": "w", "sigma": ".015097"}, {"sigma": ".015295", "name": "ma", "value": "319.8314979907939", "units": "deg", "title": "mean anomaly", "label": "M"}, {"units": "TDB", "label": "tp", "title": "time of perihelion passage", "sigma": "1.6338", "name": "tp", "value": "2470173.682785776691"}, {"units": "d", "title": "sidereal orbital period", "label": "period", "name": "per", "sigma": "20.331", "value": "91174.56762615261"}, {"units": "deg/d", "label": "n", "title": "mean motion", "name": "n", "sigma": "8.8046E-7", "value": ".003948469506059244"}, {"title": "aphelion distance", "label": "Q", "units": "au", "value": "52.67548149972911", "name": "ad", "sigma": ".0078306"}], "producer": "Otto Matic", "equinox": "J2000", "two_body": null, "comment": null, "model_pars": [], "rms": ".2083", "sb_used": "SB441-N16", "n_dop_obs_used": null, "pe_used": "DE441", "data_arc": "3339"}}