{"signature": {"version": "1.3", "source": "NASA/JPL Small-Body Database (SBDB) API"}, "object": {"orbit_id": "6", "fullname": "(2004 HB79)", "prefix": null, "kind": "au", "des": "2004 HB79", "neo": false, "orbit_class": {"name": "TransNeptunian Object", "code": "TNO"}, "pha": false, "spkid": "3563284"}, "orbit": {"data_arc": "3715", "pe_used": "DE441", "n_dop_obs_used": null, "rms": ".31359", "sb_used": "SB441-N16", "model_pars": [], "comment": null, "two_body": null, "equinox": "J2000", "producer": "Otto Matic", "n_del_obs_used": null, "elements": [{"label": "e", "title": "eccentricity", "units": null, "value": ".226900667869021", "sigma": ".00019987", "name": "e"}, {"label": "a", "title": "semi-major axis", "units": "au", "value": "39.16727033518669", "sigma": ".013143", "name": "a"}, {"value": "30.28019053752633", "sigma": ".0027748", "name": "q", "label": "q", "title": "perihelion distance", "units": "au"}, {"units": "deg", "title": "inclination; angle with respect to x-y ecliptic plane", "label": "i", "name": "i", "sigma": ".00041757", "value": "2.665942221975705"}, {"units": "deg", "title": "longitude of the ascending node", "label": "node", "sigma": ".0057967", "name": "om", "value": "62.62322876358392"}, {"name": "w", "sigma": ".030397", "value": "189.43391784", "units": "deg", "title": "argument of perihelion", "label": "peri"}, {"label": "M", "title": "mean anomaly", "units": "deg", "value": "359.1981398103514", "name": "ma", "sigma": ".018002"}, {"label": "tp", "title": "time of perihelion passage", "units": "TDB", "value": "2460199.924970640213", "sigma": "4.3963", "name": "tp"}, {"value": "89533.05121924546", "name": "per", "sigma": "45.064", "label": "period", "title": "sidereal orbital period", "units": "d"}, {"name": "n", "sigma": "2.0238E-6", "value": ".004020861515357545", "units": "deg/d", "title": "mean motion", "label": "n"}, {"label": "Q", "title": "aphelion distance", "units": "au", "value": "48.05435013284704", "name": "ad", "sigma": ".016125"}], "moid_jup": "24.9382", "first_obs": "2004-04-26", "not_valid_after": null, "moid": "29.2658", "not_valid_before": null, "soln_date": "2021-04-14 22:13:41", "epoch": "2460000.5", "orbit_id": "6", "n_obs_used": 15, "last_obs": "2014-06-28", "source": "JPL", "condition_code": "4", "covariance": {"data": [["4.125385518982641E-8", "4.369040807224512E-7", "-.0005691770390586871", "-3.078453628776898E-8", "-3.743681155196449E-6", "2.126314351704947E-9"], ["4.369040807224512E-7", "7.230018131265347E-6", "-.01097257646588882", "-4.048499145610225E-7", "-7.396548783174363E-5", "2.789995677053778E-8"], ["-.0005691770390586871", "-.01097257646588882", "17.39187617367309", ".0005707712197770881", ".1177149068213575", "-3.930301265282179E-5"], ["-3.078453628776898E-8", "-4.048499145610225E-7", ".0005707712197770881", "3.37820871428715E-5", "-2.990958658631454E-5", "-2.382216800910359E-6"], ["-3.743681155196449E-6", "-7.396548783174363E-5", ".1177149068213575", "-2.990958658631454E-5", ".0008310806082216087", "2.115526310055582E-6"], ["2.126314351704947E-9", "2.789995677053778E-8", "-3.930301265282179E-5", "-2.382216800910359E-6", "2.115526310055582E-6", "1.725911627227383E-7"]], "epoch": "2453558.5", "labels": ["e", "q", "tp", "node", "peri", "i"], "elements": [{"units": null, "title": "eccentricity", "label": "e", "sigma": 0.000203110450715433, "name": "e", "value": ".2332011882450206"}, {"name": "q", "sigma": 0.00268886930349271, "value": "30.34018628049366", "units": "au", "label": "q", "title": "perihelion distance"}, {"sigma": 4.17035684008852, "name": "tp", "value": "2459931.737171099175", "units": "TDB", "title": "time of perihelion passage", "label": "tp"}, {"title": "longitude of the ascending node", "label": "node", "units": "deg", "value": "62.64920382885203", "name": "om", "sigma": 0.0058122359847886}, {"units": "deg", "label": "peri", "title": "argument of perihelion", "sigma": 0.0288284687110087, "name": "w", "value": "187.65604329709"}, {"units": "deg", "label": "i", "title": "inclination", "name": "i", "sigma": 0.000415440925671434, "value": "2.657815088488738"}]}, "t_jup": "5.471"}}