{"signature": {"version": "1.3", "source": "NASA/JPL Small-Body Database (SBDB) API"}, "object": {"prefix": null, "kind": "au", "des": "2000 OB51", "orbit_id": "6", "fullname": "(2000 OB51)", "pha": false, "spkid": "3046117", "neo": false, "orbit_class": {"name": "TransNeptunian Object", "code": "TNO"}}, "orbit": {"covariance": {"elements": [{"label": "e", "title": "eccentricity", "units": null, "value": ".03748686063981526", "sigma": 0.00135765314869575, "name": "e"}, {"title": "perihelion distance", "label": "q", "units": "au", "value": "36.49861371904215", "sigma": 0.0148048775442789, "name": "q"}, {"name": "tp", "sigma": 19.0777554411383, "value": "2455066.079817212004", "units": "TDB", "label": "tp", "title": "time of perihelion passage"}, {"title": "longitude of the ascending node", "label": "node", "units": "deg", "value": "126.8274475763215", "sigma": 0.0012310417538271, "name": "om"}, {"units": "deg", "title": "argument of perihelion", "label": "peri", "sigma": 0.0870039841016953, "name": "w", "value": "203.7670340504838"}, {"value": "4.453548627103251", "name": "i", "sigma": 0.000219601492219898, "label": "i", "title": "inclination", "units": "deg"}], "labels": ["e", "q", "tp", "node", "peri", "i"], "epoch": "2454396.5", "data": [["1.843222072163476E-6", "2.009872392861226E-5", ".0201121646498876", "-9.065542182167917E-8", "9.195184912333392E-5", "2.744608322883578E-8"], ["2.009872392861226E-5", ".0002191843991010951", ".2208412270421353", "-9.891473157759482E-7", ".00100962824755661", "2.991927490928403E-7"], [".0201121646498876", ".2208412270421353", "363.9607526718835", "-.001044027633150199", "1.659667090171532", ".0002907942260466935"], ["-9.065542182167917E-8", "-9.891473157759482E-7", "-.001044027633150199", "1.515463799665713E-6", "-6.278011857824925E-6", "2.090531773583533E-7"], ["9.195184912333392E-5", ".00100962824755661", "1.659667090171532", "-6.278011857824925E-6", ".007569693249568043", "1.119992389832159E-6"], ["2.744608322883578E-8", "2.991927490928403E-7", ".0002907942260466935", "2.090531773583533E-7", "1.119992389832159E-6", "4.82248153852057E-8"]]}, "source": "JPL", "condition_code": "5", "t_jup": "5.528", "orbit_id": "6", "n_obs_used": 24, "last_obs": "2022-08-27", "first_obs": "1999-07-20", "not_valid_after": null, "epoch": "2460000.5", "not_valid_before": null, "soln_date": "2022-09-21 17:32:04", "moid": "35.5106", "equinox": "J2000", "two_body": null, "n_del_obs_used": null, "moid_jup": "31.519", "elements": [{"label": "e", "title": "eccentricity", "units": null, "value": ".04151322263474062", "sigma": ".0013534", "name": "e"}, {"title": "semi-major axis", "label": "a", "units": "au", "value": "38.10157684493148", "sigma": ".06959", "name": "a"}, {"name": "q", "sigma": ".015133", "value": "36.51985760263316", "units": "au", "title": "perihelion distance", "label": "q"}, {"units": "deg", "label": "i", "title": "inclination; angle with respect to x-y ecliptic plane", "name": "i", "sigma": ".00022272", "value": "4.450186230842726"}, {"value": "126.7749667723061", "sigma": ".0012397", "name": "om", "title": "longitude of the ascending node", "label": "node", "units": "deg"}, {"units": "deg", "label": "peri", "title": "argument of perihelion", "name": "w", "sigma": ".23689", "value": "212.8039690659484"}, {"title": "mean anomaly", "label": "M", "units": "deg", "value": "12.38222174896048", "sigma": ".18519", "name": "ma"}, {"sigma": "52.075", "name": "tp", "value": "2457045.830373903046", "units": "TDB", "title": "time of perihelion passage", "label": "tp"}, {"sigma": "235.35", "name": "per", "value": "85903.894063616", "units": "d", "label": "period", "title": "sidereal orbital period"}, {"name": "n", "sigma": "1.1481E-5", "value": ".004190729697694525", "units": "deg/d", "title": "mean motion", "label": "n"}, {"value": "39.68329608722979", "name": "ad", "sigma": ".072479", "label": "Q", "title": "aphelion distance", "units": "au"}], "producer": "Otto Matic", "comment": null, "sb_used": "SB441-N16", "rms": ".14843", "model_pars": [], "data_arc": "8439", "n_dop_obs_used": null, "pe_used": "DE441"}}