{"object": {"spkid": "3841244", "des": "2011 EZ90", "pha": false, "orbit_id": "3", "fullname": "(2011 EZ90)", "orbit_class": {"name": "TransNeptunian Object", "code": "TNO"}, "kind": "au", "prefix": null, "neo": false}, "orbit": {"epoch": "2460000.5", "covariance": {"elements": [{"sigma": 3.05573461001651e-05, "units": null, "name": "e", "value": ".07623419896116826", "title": "eccentricity", "label": "e"}, {"sigma": 0.000345825185869539, "units": "au", "name": "q", "title": "perihelion distance", "value": "38.23539270962559", "label": "q"}, {"title": "time of perihelion passage", "value": "2457089.483911559680", "label": "tp", "units": "TDB", "sigma": 3.39915518212474, "name": "tp"}, {"title": "longitude of the ascending node", "value": "86.92809843231689", "label": "node", "sigma": 0.000243961289005117, "units": "deg", "name": "om"}, {"name": "w", "sigma": 0.0147186203008753, "units": "deg", "label": "peri", "title": "argument of perihelion", "value": "72.89370923381732"}, {"name": "i", "units": "deg", "sigma": 3.29854841660052e-05, "label": "i", "title": "inclination", "value": "27.43579511499257"}], "epoch": "2457339.5", "data": [["9.337514006852778E-10", "1.044124940628956E-8", "1.816297235965232E-5", "-1.874392822993339E-10", "7.865261291069194E-8", "1.348588946135898E-10"], ["1.044124940628956E-8", "1.195950591817011E-7", ".0002704481733479978", "-2.558416990162099E-9", "1.171219477692195E-6", "1.486277258553444E-9"], ["1.816297235965232E-5", ".0002704481733479978", "11.55425595216546", "-7.716840420370369E-5", ".05002550184058971", "-6.735400906128384E-6"], ["-1.874392822993339E-10", "-2.558416990162099E-9", "-7.716840420370369E-5", "5.951711053303823E-8", "-3.864728866297966E-7", "7.753063281354727E-9"], ["7.865261291069194E-8", "1.171219477692195E-6", ".05002550184058971", "-3.864728866297966E-7", ".0002166377835613395", "-3.60084610368424E-8"], ["1.348588946135898E-10", "1.486277258553444E-9", "-6.735400906128384E-6", "7.753063281354727E-9", "-3.60084610368424E-8", "1.088042165665779E-9"]], "labels": ["e", "q", "tp", "node", "peri", "i"]}, "moid": "37.3219", "orbit_id": "3", "rms": ".65074", "producer": "Otto Matic", "comment": null, "moid_jup": "33.359", "two_body": null, "equinox": "J2000", "pe_used": "DE441", "model_pars": [], "data_arc": "3618", "n_del_obs_used": null, "n_obs_used": 68, "not_valid_before": null, "first_obs": "2011-03-14", "not_valid_after": null, "sb_used": "SB441-N16", "soln_date": "2021-04-15 04:54:41", "elements": [{"label": "e", "title": "eccentricity", "value": ".06491176969315705", "name": "e", "sigma": "3.0207E-5", "units": null}, {"label": "a", "title": "semi-major axis", "value": "40.8639361264555", "name": "a", "sigma": ".0016917", "units": "au"}, {"label": "q", "value": "38.21138571585914", "title": "perihelion distance", "name": "q", "units": "au", "sigma": ".00035344"}, {"label": "i", "title": "inclination; angle with respect to x-y ecliptic plane", "value": "27.44453294983506", "name": "i", "units": "deg", "sigma": "3.3035E-5"}, {"sigma": ".00024514", "units": "deg", "name": "om", "title": "longitude of the ascending node", "value": "86.89919155795216", "label": "node"}, {"title": "argument of perihelion", "value": "70.80810216075521", "label": "peri", "units": "deg", "sigma": ".017368", "name": "w"}, {"label": "M", "title": "mean anomaly", "value": "12.85837750910504", "name": "ma", "sigma": ".015411", "units": "deg"}, {"label": "tp", "value": "2456592.556442987677", "title": "time of perihelion passage", "name": "tp", "units": "TDB", "sigma": "4.0287"}, {"sigma": "5.9249", "units": "d", "name": "per", "title": "sidereal orbital period", "value": "95413.25720571628", "label": "period"}, {"name": "n", "sigma": "2.343E-7", "units": "deg/d", "label": "n", "title": "mean motion", "value": ".00377306058448272"}, {"name": "ad", "sigma": ".0018015", "units": "au", "label": "Q", "value": "43.51648653705186", "title": "aphelion distance"}], "n_dop_obs_used": null, "condition_code": "3", "last_obs": "2021-02-07", "t_jup": "5.091", "source": "JPL"}, "signature": {"version": "1.3", "source": "NASA/JPL Small-Body Database (SBDB) API"}}