{"signature": {"version": "1.3", "source": "NASA/JPL Small-Body Database (SBDB) API"}, "object": {"fullname": "(2015 RT280)", "orbit_id": "2", "kind": "au", "des": "2015 RT280", "prefix": null, "orbit_class": {"name": "TransNeptunian Object", "code": "TNO"}, "neo": false, "pha": false, "spkid": "3835655"}, "orbit": {"equinox": "J2000", "two_body": null, "moid_jup": "34.4672", "n_del_obs_used": null, "elements": [{"name": "e", "sigma": ".0023739", "value": ".04453754406086481", "units": null, "label": "e", "title": "eccentricity"}, {"label": "a", "title": "semi-major axis", "units": "au", "value": "41.72410271070143", "name": "a", "sigma": ".011979"}, {"units": "au", "title": "perihelion distance", "label": "q", "sigma": ".089915", "name": "q", "value": "39.86581364782351"}, {"value": "10.85655676458314", "sigma": ".0021156", "name": "i", "label": "i", "title": "inclination; angle with respect to x-y ecliptic plane", "units": "deg"}, {"units": "deg", "label": "node", "title": "longitude of the ascending node", "name": "om", "sigma": ".0019429", "value": "198.2712528149502"}, {"value": "34.41355195838453", "sigma": "3.2036", "name": "w", "title": "argument of perihelion", "label": "peri", "units": "deg"}, {"units": "deg", "label": "M", "title": "mean anomaly", "name": "ma", "sigma": "3.6099", "value": "141.4549617725822"}, {"units": "TDB", "title": "time of perihelion passage", "label": "tp", "sigma": "972.95", "name": "tp", "value": "2421319.773667716523"}, {"label": "period", "title": "sidereal orbital period", "units": "d", "value": "98441.66160823288", "name": "per", "sigma": "42.393"}, {"value": ".003656988251911957", "name": "n", "sigma": "1.5749E-6", "title": "mean motion", "label": "n", "units": "deg/d"}, {"value": "43.58239177357935", "name": "ad", "sigma": ".012512", "title": "aphelion distance", "label": "Q", "units": "au"}], "producer": "Otto Matic", "first_obs": "2015-07-19", "not_valid_after": null, "epoch": "2460000.5", "moid": "38.8612", "not_valid_before": null, "soln_date": "2021-04-15 14:37:08", "orbit_id": "2", "n_obs_used": 21, "last_obs": "2017-11-22", "covariance": {"epoch": "2457461.5", "data": [["3.857694321340488E-6", "-.0001414741170086147", "1.755148344919491", "-2.962446288560411E-7", ".00583478709975271", "2.76331465027484E-7"], ["-.0001414741170086147", ".005229922138035109", "-64.02489142485517", "9.302665398862601E-6", "-.2126030358581991", "-8.384490902464969E-6"], ["1.755148344919491", "-64.02489142485517", "801489.8421076873", "-.1462618561347092", "2666.446481979409", ".138572366782804"], ["-2.962446288560411E-7", "9.302665398862601E-6", "-.1462618561347092", "3.743330921462655E-6", "-.0004987167613883525", "-4.106709469430107E-6"], [".00583478709975271", "-.2126030358581991", "2666.446481979409", "-.0004987167613883525", "8.872287923992339", ".0004745740582174131"], ["2.76331465027484E-7", "-8.384490902464969E-6", ".138572366782804", "-4.106709469430107E-6", ".0004745740582174131", "4.536851449156932E-6"]], "elements": [{"units": null, "title": "eccentricity", "label": "e", "name": "e", "sigma": 0.00196410140301882, "value": ".05382084625506571"}, {"name": "q", "sigma": 0.0723182006000917, "value": "39.01748714493218", "units": "au", "title": "perihelion distance", "label": "q"}, {"label": "tp", "title": "time of perihelion passage", "units": "TDB", "value": "2419645.731705186627", "sigma": 895.259650664369, "name": "tp"}, {"value": "198.2479622026941", "sigma": 0.00193476895816081, "name": "om", "label": "node", "title": "longitude of the ascending node", "units": "deg"}, {"value": "25.82284882055059", "name": "w", "sigma": 2.97863860244783, "title": "argument of perihelion", "label": "peri", "units": "deg"}, {"units": "deg", "label": "i", "title": "inclination", "sigma": 0.00212998860305799, "name": "i", "value": "10.92030117650445"}], "labels": ["e", "q", "tp", "node", "peri", "i"]}, "condition_code": "6", "source": "JPL", "t_jup": "5.681", "data_arc": "857", "n_dop_obs_used": null, "pe_used": "DE441", "rms": ".28187", "sb_used": "SB441-N16", "model_pars": [], "comment": null}}