{"object": {"spkid": "3989570", "orbit_id": "3", "pha": false, "fullname": "(2013 TB188)", "des": "2013 TB188", "orbit_class": {"code": "TNO", "name": "TransNeptunian Object"}, "kind": "au", "prefix": null, "neo": false}, "orbit": {"first_obs": "2013-10-04", "not_valid_after": null, "sb_used": "SB441-N16", "elements": [{"sigma": ".00010405", "units": null, "name": "e", "value": ".16728585835155", "title": "eccentricity", "label": "e"}, {"name": "a", "units": "au", "sigma": ".0053994", "label": "a", "title": "semi-major axis", "value": "39.8368602394477"}, {"value": "33.17271688026096", "title": "perihelion distance", "label": "q", "sigma": ".0016515", "units": "au", "name": "q"}, {"name": "i", "units": "deg", "sigma": ".00024229", "label": "i", "value": "14.92931307926336", "title": "inclination; angle with respect to x-y ecliptic plane"}, {"name": "om", "units": "deg", "sigma": ".0015967", "label": "node", "value": "91.58396213481488", "title": "longitude of the ascending node"}, {"label": "peri", "value": "310.3591749741272", "title": "argument of perihelion", "name": "w", "sigma": ".098497", "units": "deg"}, {"sigma": ".068885", "units": "deg", "name": "ma", "title": "mean anomaly", "value": "3.906735651887459", "label": "M"}, {"value": "2459003.861626231209", "title": "time of perihelion passage", "label": "tp", "sigma": "17.551", "units": "TDB", "name": "tp"}, {"name": "per", "sigma": "18.672", "units": "d", "label": "period", "value": "91838.77449794255", "title": "sidereal orbital period"}, {"units": "deg/d", "sigma": "7.9695E-7", "name": "n", "value": ".00391991293403055", "title": "mean motion", "label": "n"}, {"label": "Q", "title": "aphelion distance", "value": "46.50100359863444", "name": "ad", "sigma": ".0063027", "units": "au"}], "n_dop_obs_used": null, "condition_code": "4", "soln_date": "2021-09-08 23:30:17", "last_obs": "2017-11-23", "source": "JPL", "t_jup": "5.402", "epoch": "2460000.5", "covariance": {"epoch": "2457218.5", "elements": [{"label": "e", "value": ".1590591738116506", "title": "eccentricity", "name": "e", "units": null, "sigma": 0.00010645814214718}, {"sigma": 0.00179443363830696, "units": "au", "name": "q", "value": "33.15685634073049", "title": "perihelion distance", "label": "q"}, {"label": "tp", "title": "time of perihelion passage", "value": "2459208.868232756842", "name": "tp", "units": "TDB", "sigma": 18.3559575002283}, {"name": "om", "sigma": 0.00160099158105854, "units": "deg", "label": "node", "value": "91.61484485877355", "title": "longitude of the ascending node"}, {"sigma": 0.10279186463138, "units": "deg", "name": "w", "title": "argument of perihelion", "value": "311.4849308031211", "label": "peri"}, {"name": "i", "sigma": 0.000243161212051783, "units": "deg", "label": "i", "value": "14.93222059775341", "title": "inclination"}], "data": [["1.133333602942909E-8", "-1.348934325993753E-8", ".0009705257282583674", "-1.286894939522022E-8", "5.435805278640728E-6", "2.667868678974718E-9"], ["-1.348934325993753E-8", "3.219992082287539E-6", "-.02953236578515658", "4.595133354709193E-7", "-.000165364914787477", "-6.252151370395953E-8"], [".0009705257282583674", "-.02953236578515658", "336.9411757501886", "-.005063214121859345", "1.886634888930202", ".000760195971416025"], ["-1.286894939522022E-8", "4.595133354709193E-7", "-.005063214121859345", "2.563174042620316E-6", "-3.075360266587007E-5", "-3.868880483564288E-7"], ["5.435805278640728E-6", "-.000165364914787477", "1.886634888930202", "-3.075360266587007E-5", ".01056616743439586", "4.619480053100027E-6"], ["2.667868678974718E-9", "-6.252151370395953E-8", ".000760195971416025", "-3.868880483564288E-7", "4.619480053100027E-6", "5.912737504649208E-8"]], "labels": ["e", "q", "tp", "node", "peri", "i"]}, "orbit_id": "3", "moid": "32.2", "producer": "Otto Matic", "rms": ".19297", "comment": null, "two_body": null, "equinox": "J2000", "pe_used": "DE441", "moid_jup": "28.2759", "n_del_obs_used": null, "data_arc": "1511", "model_pars": [], "not_valid_before": null, "n_obs_used": 56}, "signature": {"version": "1.3", "source": "NASA/JPL Small-Body Database (SBDB) API"}}