{"signature": {"version": "1.3", "source": "NASA/JPL Small-Body Database (SBDB) API"}, "orbit": {"rms": ".2507", "producer": "Otto Matic", "orbit_id": "2", "moid": "33.7709", "covariance": {"epoch": "2456877.5", "elements": [{"label": "e", "value": ".1218741088890969", "title": "eccentricity", "name": "e", "units": null, "sigma": 0.000249003125217539}, {"name": "q", "units": "au", "sigma": 0.00670185617941437, "label": "q", "title": "perihelion distance", "value": "34.74866955017262"}, {"units": "TDB", "sigma": 14.4782681106433, "name": "tp", "title": "time of perihelion passage", "value": "2447083.936187723333", "label": "tp"}, {"title": "longitude of the ascending node", "value": "7.939304762596425", "label": "node", "sigma": 0.00222385637056709, "units": "deg", "name": "om"}, {"title": "argument of perihelion", "value": "331.5105890763133", "label": "peri", "units": "deg", "sigma": 0.0842022636940018, "name": "w"}, {"title": "inclination", "value": "6.841894407618533", "label": "i", "sigma": 0.000719645677386277, "units": "deg", "name": "i"}], "data": [["6.200255636810127E-8", "-1.496940216994377E-6", "-.002995894924875761", "-9.790813589138348E-9", "-1.786966942124196E-5", "-3.240793841780573E-9"], ["-1.496940216994377E-6", "4.491487624955464E-5", ".09605062123466103", "1.774532771290271E-7", ".0005611760351126901", "6.068093979004559E-8"], ["-.002995894924875761", ".09605062123466103", "209.6202474836711", ".0003211492676607473", "1.21767148252772", ".0001113979082879074"], ["-9.790813589138348E-9", "1.774532771290271E-7", ".0003211492676607473", "4.945537156911842E-6", "-2.923129111372967E-6", "1.593480808323909E-6"], ["-1.786966942124196E-5", ".0005611760351126901", "1.21767148252772", "-2.923129111372967E-6", ".00709002121119421", "-8.96386160121794E-7"], ["-3.240793841780573E-9", "6.068093979004559E-8", ".0001113979082879074", "1.593480808323909E-6", "-8.96386160121794E-7", "5.178899009807531E-7"]], "labels": ["e", "q", "tp", "node", "peri", "i"]}, "epoch": "2460000.5", "not_valid_before": null, "n_obs_used": 35, "data_arc": "1482", "n_del_obs_used": null, "model_pars": [], "pe_used": "DE441", "two_body": null, "equinox": "J2000", "moid_jup": "29.791", "comment": null, "last_obs": "2017-08-30", "n_dop_obs_used": null, "elements": [{"label": "e", "value": ".1282483365454935", "title": "eccentricity", "name": "e", "sigma": ".00024563", "units": null}, {"sigma": ".0056699", "units": "au", "name": "a", "title": "semi-major axis", "value": "39.89564355816302", "label": "a"}, {"title": "perihelion distance", "value": "34.77909363641668", "label": "q", "sigma": ".0065223", "units": "au", "name": "q"}, {"title": "inclination; angle with respect to x-y ecliptic plane", "value": "6.814273645112447", "label": "i", "units": "deg", "sigma": ".00071694", "name": "i"}, {"label": "node", "title": "longitude of the ascending node", "value": "7.80542922566133", "name": "om", "units": "deg", "sigma": ".0022342"}, {"value": "333.2829874521743", "title": "argument of perihelion", "label": "peri", "units": "deg", "sigma": ".082913", "name": "w"}, {"units": "deg", "sigma": ".053242", "name": "ma", "title": "mean anomaly", "value": "49.11072889394246", "label": "M"}, {"title": "time of perihelion passage", "value": "2447444.233677722186", "label": "tp", "sigma": "14.323", "units": "TDB", "name": "tp"}, {"units": "d", "sigma": "19.621", "name": "per", "value": "92042.12557671001", "title": "sidereal orbital period", "label": "period"}, {"label": "n", "title": "mean motion", "value": ".003911252567716592", "name": "n", "sigma": "8.3379E-7", "units": "deg/d"}, {"name": "ad", "sigma": ".006397", "units": "au", "label": "Q", "value": "45.01219347990936", "title": "aphelion distance"}], "condition_code": "4", "soln_date": "2021-04-15 11:41:16", "not_valid_after": null, "first_obs": "2013-08-09", "sb_used": "SB441-N16", "source": "JPL", "t_jup": "5.584"}, "object": {"orbit_id": "2", "pha": false, "fullname": "(2014 UO228)", "des": "2014 UO228", "spkid": "3790074", "neo": false, "prefix": null, "kind": "au", "orbit_class": {"code": "TNO", "name": "TransNeptunian Object"}}}