{"orbit": {"last_obs": "2017-12-08", "not_valid_after": null, "first_obs": "2013-10-03", "sb_used": "SB441-N16", "soln_date": "2021-09-24 15:12:03", "condition_code": "4", "n_dop_obs_used": null, "elements": [{"label": "e", "title": "eccentricity", "value": ".1180154727109236", "name": "e", "sigma": ".00029015", "units": null}, {"units": "au", "sigma": ".018576", "name": "a", "value": "41.93422364666927", "title": "semi-major axis", "label": "a"}, {"label": "q", "title": "perihelion distance", "value": "36.985336420242", "name": "q", "sigma": ".011793", "units": "au"}, {"label": "i", "title": "inclination; angle with respect to x-y ecliptic plane", "value": "15.02118920935736", "name": "i", "sigma": ".00047817", "units": "deg"}, {"name": "om", "units": "deg", "sigma": ".0022641", "label": "node", "value": "158.9430810705298", "title": "longitude of the ascending node"}, {"value": "202.4847089319331", "title": "argument of perihelion", "label": "peri", "units": "deg", "sigma": ".2861", "name": "w"}, {"units": "deg", "sigma": ".23045", "name": "ma", "value": "31.24109567795166", "title": "mean anomaly", "label": "M"}, {"name": "tp", "units": "TDB", "sigma": "60.194", "label": "tp", "value": "2451393.038405114783", "title": "time of perihelion passage"}, {"name": "per", "sigma": "65.906", "units": "d", "label": "period", "title": "sidereal orbital period", "value": "99186.21952640318"}, {"name": "n", "units": "deg/d", "sigma": "2.4117E-6", "label": "n", "value": ".0036295364589853", "title": "mean motion"}, {"label": "Q", "title": "aphelion distance", "value": "46.88311087309653", "name": "ad", "sigma": ".020768", "units": "au"}], "t_jup": "5.569", "source": "JPL", "moid": "35.9857", "orbit_id": "1", "rms": ".17332", "producer": "Otto Matic", "epoch": "2460000.5", "covariance": {"elements": [{"name": "e", "sigma": 0.000293563443276692, "units": null, "label": "e", "title": "eccentricity", "value": ".1078151747314287"}, {"label": "q", "title": "perihelion distance", "value": "36.94807526938985", "name": "q", "units": "au", "sigma": 0.0125585255446211}, {"sigma": 65.3517138661913, "units": "TDB", "name": "tp", "value": "2450897.187984255239", "title": "time of perihelion passage", "label": "tp"}, {"name": "om", "units": "deg", "sigma": 0.00226779574501981, "label": "node", "title": "longitude of the ascending node", "value": "159.1635692118523"}, {"value": "200.1415657138846", "title": "argument of perihelion", "label": "peri", "sigma": 0.310226006273423, "units": "deg", "name": "w"}, {"name": "i", "units": "deg", "sigma": 0.000482703003025893, "label": "i", "title": "inclination", "value": "15.06158649015189"}], "epoch": "2457559.5", "data": [["8.617949522846774E-8", "-5.415391248494034E-7", "-.005276844826682069", "7.90959340806456E-8", "-2.542141428698887E-5", "2.501758978038929E-8"], ["-5.415391248494034E-7", ".0001577165638548999", ".8133702385119432", "-5.872112459451932E-6", ".003858926719938702", "-8.675123221781154E-7"], ["-.005276844826682069", ".8133702385119432", "4270.846505248546", "-.03204256804649169", "20.27311986109537", "-.005133516082710994"], ["7.90959340806456E-8", "-5.872112459451932E-6", "-.03204256804649169", "5.142897541129947E-6", "-.0001570012043689873", "1.085238444896358E-6"], ["-2.542141428698887E-5", ".003858926719938702", "20.27311986109537", "-.0001570012043689873", ".09624017496835803", "-2.545553217209869E-5"], ["2.501758978038929E-8", "-8.675123221781154E-7", "-.005133516082710994", "1.085238444896358E-6", "-2.545553217209869E-5", "2.330021891302151E-7"]], "labels": ["e", "q", "tp", "node", "peri", "i"]}, "model_pars": [], "n_del_obs_used": null, "data_arc": "1527", "n_obs_used": 18, "not_valid_before": null, "comment": null, "moid_jup": "32.0416", "equinox": "J2000", "two_body": null, "pe_used": "DE441"}, "object": {"neo": false, "prefix": null, "kind": "au", "orbit_class": {"code": "TNO", "name": "TransNeptunian Object"}, "des": "2013 VA72", "orbit_id": "1", "pha": false, "fullname": "(2013 VA72)", "spkid": "54199499"}, "signature": {"version": "1.3", "source": "NASA/JPL Small-Body Database (SBDB) API"}}