{"signature": {"version": "1.3", "source": "NASA/JPL Small-Body Database (SBDB) API"}, "orbit": {"source": "JPL", "t_jup": "5.076", "last_obs": "2018-10-28", "not_valid_after": null, "first_obs": "2013-10-30", "sb_used": "SB441-N16", "n_dop_obs_used": null, "condition_code": "4", "elements": [{"value": ".07096203878576839", "title": "eccentricity", "label": "e", "sigma": ".00042819", "units": null, "name": "e"}, {"title": "semi-major axis", "value": "39.20546282414285", "label": "a", "sigma": ".012894", "units": "au", "name": "a"}, {"name": "q", "units": "au", "sigma": ".022394", "label": "q", "value": "36.42336325060202", "title": "perihelion distance"}, {"units": "deg", "sigma": ".00012032", "name": "i", "title": "inclination; angle with respect to x-y ecliptic plane", "value": "25.47921126408946", "label": "i"}, {"name": "om", "units": "deg", "sigma": ".0015536", "label": "node", "value": "48.65689451644143", "title": "longitude of the ascending node"}, {"label": "peri", "title": "argument of perihelion", "value": "345.2509304652804", "name": "w", "units": "deg", "sigma": ".22409"}, {"label": "M", "value": "293.6100746919705", "title": "mean anomaly", "name": "ma", "units": "deg", "sigma": ".19627"}, {"units": "TDB", "sigma": "40.766", "name": "tp", "value": "2476536.024831339746", "title": "time of perihelion passage", "label": "tp"}, {"value": "89664.0403142968", "title": "sidereal orbital period", "label": "period", "sigma": "44.233", "units": "d", "name": "per"}, {"units": "deg/d", "sigma": "1.9807E-6", "name": "n", "value": ".004014987488162504", "title": "mean motion", "label": "n"}, {"units": "au", "sigma": ".013809", "name": "ad", "title": "aphelion distance", "value": "41.98756239768367", "label": "Q"}], "soln_date": "2021-09-08 23:44:34", "model_pars": [], "n_del_obs_used": null, "data_arc": "1824", "not_valid_before": null, "n_obs_used": 32, "comment": null, "pe_used": "DE441", "two_body": null, "equinox": "J2000", "moid_jup": "31.4654", "orbit_id": "3", "moid": "35.4347", "producer": "Otto Matic", "rms": ".19435", "epoch": "2460000.5", "covariance": {"epoch": "2457395.5", "elements": [{"title": "eccentricity", "value": ".06578103068888584", "label": "e", "sigma": 0.00043884911367529, "units": null, "name": "e"}, {"value": "36.3050481051125", "title": "perihelion distance", "label": "q", "sigma": 0.0231686263723847, "units": "au", "name": "q"}, {"name": "tp", "sigma": 41.214327701236, "units": "TDB", "label": "tp", "value": "2477910.102251813751", "title": "time of perihelion passage"}, {"label": "node", "value": "48.43100245972968", "title": "longitude of the ascending node", "name": "om", "units": "deg", "sigma": 0.00155714663610262}, {"name": "w", "units": "deg", "sigma": 0.223362541942996, "label": "peri", "title": "argument of perihelion", "value": "351.5518520520023"}, {"name": "i", "units": "deg", "sigma": 0.000118060516369673, "label": "i", "value": "25.47947650452283", "title": "inclination"}], "labels": ["e", "q", "tp", "node", "peri", "i"], "data": [["1.925885445735874E-7", "-8.837709547110607E-6", ".002614098819847962", "-9.62473665596669E-8", "3.760773823645259E-5", "-1.262530226522504E-8"], ["-8.837709547110607E-6", ".0005367852479831601", "-.5869186287879384", "3.104340786626843E-6", "-.004087950295507345", "8.121810637642655E-7"], [".002614098819847962", "-.5869186287879384", "1698.620807864867", ".00335257379355276", "8.922118531785769", "-.0009979401451828233"], ["-9.62473665596669E-8", "3.104340786626843E-6", ".00335257379355276", "2.42470564632572E-6", "2.650221073078651E-6", "1.728411360694388E-7"], ["3.760773823645259E-5", "-.004087950295507345", "8.922118531785769", "2.650221073078651E-6", ".04989082514323649", "-6.80096351111026E-6"], ["-1.262530226522504E-8", "8.121810637642655E-7", "-.0009979401451828233", "1.728411360694388E-7", "-6.80096351111026E-6", "1.393828552547378E-8"]]}}, "object": {"spkid": "3989619", "orbit_id": "3", "pha": false, "fullname": "(2014 SY373)", "des": "2014 SY373", "orbit_class": {"name": "TransNeptunian Object", "code": "TNO"}, "kind": "au", "prefix": null, "neo": false}}