{"object": {"prefix": null, "kind": "au", "des": "2015 GR54", "orbit_id": "2", "fullname": "(2015 GR54)", "pha": false, "spkid": "3830908", "neo": false, "orbit_class": {"code": "TNO", "name": "TransNeptunian Object"}}, "orbit": {"comment": null, "model_pars": [], "rms": ".12156", "sb_used": "SB441-N16", "pe_used": "DE441", "n_dop_obs_used": null, "data_arc": "771", "t_jup": "5.396", "condition_code": "4", "source": "JPL", "covariance": {"epoch": "2457336.5", "data": [["2.533471470723897E-7", "-6.10982428040003E-6", ".007706220323629965", "-3.647051402289638E-8", "6.001927400275866E-5", "2.513579631681705E-8"], ["-6.10982428040003E-6", ".0001532727434733808", "-.1945893456212955", "8.723461245372841E-7", "-.001510215426543562", "-5.955229047817957E-7"], [".007706220323629965", "-.1945893456212955", "247.6316214339405", "-.001102448226901451", "1.920137095986405", ".0007520473212494257"], ["-3.647051402289638E-8", "8.723461245372841E-7", "-.001102448226901451", "2.204597055371359E-6", "-1.075136579375559E-5", "-1.46020637337051E-6"], ["6.001927400275866E-5", "-.001510215426543562", "1.920137095986405", "-1.075136579375559E-5", ".01489672076316005", "7.294901121497861E-6"], ["2.513579631681705E-8", "-5.955229047817957E-7", ".0007520473212494257", "-1.46020637337051E-6", "7.294901121497861E-6", "9.746334269427632E-7"]], "elements": [{"value": ".2278511444067007", "name": "e", "sigma": 0.00050333601805592, "title": "eccentricity", "label": "e", "units": null}, {"units": "au", "label": "q", "title": "perihelion distance", "name": "q", "sigma": 0.0123803369692986, "value": "30.52941548441341"}, {"title": "time of perihelion passage", "label": "tp", "units": "TDB", "value": "2464749.554800616759", "sigma": 15.7363153703127, "name": "tp"}, {"title": "longitude of the ascending node", "label": "node", "units": "deg", "value": "36.52816868144581", "name": "om", "sigma": 0.00148478855577869}, {"name": "w", "sigma": 0.122052123140731, "value": "211.5543843472657", "units": "deg", "label": "peri", "title": "argument of perihelion"}, {"units": "deg", "title": "inclination", "label": "i", "name": "i", "sigma": 0.000987235243973169, "value": "9.971720607424881"}], "labels": ["e", "q", "tp", "node", "peri", "i"]}, "last_obs": "2017-03-29", "n_obs_used": 39, "orbit_id": "2", "soln_date": "2021-04-15 13:31:03", "not_valid_before": null, "moid": "29.408", "epoch": "2460000.5", "not_valid_after": null, "first_obs": "2015-02-17", "producer": "Otto Matic", "moid_jup": "25.0994", "n_del_obs_used": null, "elements": [{"name": "e", "sigma": ".00051791", "value": ".2215800331209141", "units": null, "title": "eccentricity", "label": "e"}, {"units": "au", "label": "a", "title": "semi-major axis", "sigma": ".01041", "name": "a", "value": "39.07558380824234"}, {"name": "q", "sigma": ".012741", "value": "30.41721465379294", "units": "au", "label": "q", "title": "perihelion distance"}, {"name": "i", "sigma": ".00099139", "value": "10.01024519934945", "units": "deg", "label": "i", "title": "inclination; angle with respect to x-y ecliptic plane"}, {"value": "36.51798293138216", "name": "om", "sigma": ".0014794", "title": "longitude of the ascending node", "label": "node", "units": "deg"}, {"name": "w", "sigma": ".12033", "value": "213.5804015183861", "units": "deg", "title": "argument of perihelion", "label": "peri"}, {"units": "deg", "title": "mean anomaly", "label": "M", "name": "ma", "sigma": ".054337", "value": "339.5749253773607"}, {"title": "time of perihelion passage", "label": "tp", "units": "TDB", "value": "2465062.449299673603", "name": "tp", "sigma": "15.161"}, {"sigma": "35.652", "name": "per", "value": "89218.8538622349", "units": "d", "title": "sidereal orbital period", "label": "period"}, {"value": ".004035021572412095", "sigma": "1.6124E-6", "name": "n", "label": "n", "title": "mean motion", "units": "deg/d"}, {"name": "ad", "sigma": ".012717", "value": "47.73395296269172", "units": "au", "title": "aphelion distance", "label": "Q"}], "equinox": "J2000", "two_body": null}, "signature": {"version": "1.3", "source": "NASA/JPL Small-Body Database (SBDB) API"}}