{"object": {"pha": false, "spkid": "3830935", "neo": false, "orbit_class": {"name": "TransNeptunian Object", "code": "TNO"}, "prefix": null, "kind": "au", "des": "2015 KW173", "orbit_id": "2", "fullname": "(2015 KW173)"}, "orbit": {"data_arc": "1182", "n_dop_obs_used": null, "pe_used": "DE441", "comment": null, "sb_used": "SB441-N16", "rms": ".25459", "model_pars": [], "first_obs": "2014-05-30", "not_valid_after": null, "epoch": "2460000.5", "moid": "30.6734", "not_valid_before": null, "soln_date": "2021-04-15 13:49:22", "two_body": null, "equinox": "J2000", "elements": [{"name": "e", "sigma": ".00030174", "value": ".1955167978552462", "units": null, "title": "eccentricity", "label": "e"}, {"units": "au", "title": "semi-major axis", "label": "a", "name": "a", "sigma": ".0075432", "value": "39.30480012483523"}, {"units": "au", "label": "q", "title": "perihelion distance", "sigma": ".0070619", "name": "q", "value": "31.62005146408697"}, {"units": "deg", "title": "inclination; angle with respect to x-y ecliptic plane", "label": "i", "name": "i", "sigma": ".00063461", "value": "19.56975141483663"}, {"name": "om", "sigma": ".00060154", "value": "73.6567021473051", "units": "deg", "label": "node", "title": "longitude of the ascending node"}, {"sigma": ".062531", "name": "w", "value": "111.3247325682705", "units": "deg", "title": "argument of perihelion", "label": "peri"}, {"label": "M", "title": "mean anomaly", "units": "deg", "value": "46.13189371248664", "name": "ma", "sigma": ".028402"}, {"units": "TDB", "label": "tp", "title": "time of perihelion passage", "name": "tp", "sigma": "8.2421", "value": "2448466.881102570844"}, {"name": "per", "sigma": "25.91", "value": "90005.03705640498", "units": "d", "label": "period", "title": "sidereal orbital period"}, {"label": "n", "title": "mean motion", "units": "deg/d", "value": ".003999776143355096", "sigma": "1.1514E-6", "name": "n"}, {"value": "46.98954878558349", "sigma": ".009018", "name": "ad", "title": "aphelion distance", "label": "Q", "units": "au"}], "n_del_obs_used": null, "moid_jup": "26.4327", "producer": "Otto Matic", "covariance": {"elements": [{"value": ".2025246257110773", "name": "e", "sigma": 0.000301478693735242, "title": "eccentricity", "label": "e", "units": null}, {"value": "31.58036167105665", "name": "q", "sigma": 0.0069806731863244, "label": "q", "title": "perihelion distance", "units": "au"}, {"units": "TDB", "label": "tp", "title": "time of perihelion passage", "name": "tp", "sigma": 7.97628492303789, "value": "2448575.471495920356"}, {"units": "deg", "label": "node", "title": "longitude of the ascending node", "sigma": 0.000602018038515636, "name": "om", "value": "73.64564672388765"}, {"title": "argument of perihelion", "label": "peri", "units": "deg", "value": "111.7096571754999", "sigma": 0.060946260258649, "name": "w"}, {"label": "i", "title": "inclination", "units": "deg", "value": "19.54047182421674", "name": "i", "sigma": 0.000632899922701781}], "labels": ["e", "q", "tp", "node", "peri", "i"], "epoch": "2457282.5", "data": [["9.088940277630809E-8", "-1.928686432800537E-6", "-.002061604443179568", "5.190161963995966E-9", "-1.629512272110162E-5", "-4.038079316988904E-9"], ["-1.928686432800537E-6", "4.872979813426845E-5", ".05515739800447732", "-6.442136815718122E-8", ".0004241790821785717", "6.025079768123627E-8"], ["-.002061604443179568", ".05515739800447732", "63.6211211734816", "-5.291358323098935E-5", ".4851854035287558", "5.561665024047133E-5"], ["5.190161963995966E-9", "-6.442136815718122E-8", "-5.291358323098935E-5", "3.624257186982137E-7", "-8.231553702411731E-7", "-3.785226517915705E-7"], ["-1.629512272110162E-5", ".0004241790821785717", ".4851854035287558", "-8.231553702411731E-7", ".003714446639514974", "8.312984438347772E-7"], ["-4.038079316988904E-9", "6.025079768123627E-8", "5.561665024047133E-5", "-3.785226517915705E-7", "8.312984438347772E-7", "4.005623121559209E-7"]]}, "condition_code": "4", "source": "JPL", "t_jup": "5.212", "orbit_id": "2", "last_obs": "2017-08-24", "n_obs_used": 39}, "signature": {"version": "1.3", "source": "NASA/JPL Small-Body Database (SBDB) API"}}