{"signature": {"version": "1.3", "source": "NASA/JPL Small-Body Database (SBDB) API"}, "object": {"neo": false, "orbit_class": {"code": "TNO", "name": "TransNeptunian Object"}, "pha": false, "spkid": "3137712", "orbit_id": "5", "fullname": "(2002 PP149)", "prefix": null, "kind": "au", "des": "2002 PP149"}, "orbit": {"sb_used": "SB441-N16", "rms": ".4438", "model_pars": [], "comment": null, "data_arc": "6263", "n_dop_obs_used": null, "pe_used": "DE441", "orbit_id": "5", "last_obs": "2017-09-23", "n_obs_used": 20, "covariance": {"data": [["1.690687295102752E-7", "9.864321678954989E-6", ".03756114931243328", "3.548539971474261E-8", ".0001776283537741717", "1.558810538207949E-7"], ["9.864321678954989E-6", ".0006015563928478594", "2.268348427943855", "2.148593836137756E-6", ".01074313206786918", "9.355468865144124E-6"], [".03756114931243328", "2.268348427943855", "8572.124090565845", ".00811377864282487", "40.58498396550846", ".03539727797052872"], ["3.548539971474261E-8", "2.148593836137756E-6", ".00811377864282487", "2.483981975914094E-8", "3.840486199900284E-5", "6.088066750077848E-8"], [".0001776283537741717", ".01074313206786918", "40.58498396550846", "3.840486199900284E-5", ".1921606027235968", ".000167535152463631"], ["1.558810538207949E-7", "9.355468865144124E-6", ".03539727797052872", "6.088066750077848E-8", ".000167535152463631", "3.341828116603503E-7"]], "epoch": "2454057.5", "labels": ["e", "q", "tp", "node", "peri", "i"], "elements": [{"name": "e", "sigma": 0.000411179680322697, "value": ".09165801406163782", "units": null, "title": "eccentricity", "label": "e"}, {"units": "au", "title": "perihelion distance", "label": "q", "name": "q", "sigma": 0.0245266465879023, "value": "37.18882838358397"}, {"units": "TDB", "label": "tp", "title": "time of perihelion passage", "sigma": 92.5857661337089, "name": "tp", "value": "2440291.318166376377"}, {"label": "node", "title": "longitude of the ascending node", "units": "deg", "value": "159.6510035980169", "sigma": 0.000157606534633374, "name": "om"}, {"value": "124.4301196014742", "sigma": 0.438361269643655, "name": "w", "label": "peri", "title": "argument of perihelion", "units": "deg"}, {"units": "deg", "label": "i", "title": "inclination", "name": "i", "sigma": 0.000578085470895395, "value": "34.74037730697214"}]}, "source": "JPL", "condition_code": "5", "t_jup": "4.740", "two_body": null, "equinox": "J2000", "moid_jup": "32.8578", "n_del_obs_used": null, "elements": [{"value": ".09090598298043998", "sigma": ".00047581", "name": "e", "label": "e", "title": "eccentricity", "units": null}, {"title": "semi-major axis", "label": "a", "units": "au", "value": "41.25206825063062", "sigma": ".046044", "name": "a"}, {"units": "au", "label": "q", "title": "perihelion distance", "name": "q", "sigma": ".022419", "value": "37.50200843633085"}, {"value": "34.63247419559671", "sigma": ".00059315", "name": "i", "label": "i", "title": "inclination; angle with respect to x-y ecliptic plane", "units": "deg"}, {"label": "node", "title": "longitude of the ascending node", "units": "deg", "value": "159.5792878486508", "sigma": ".00016807", "name": "om"}, {"name": "w", "sigma": ".41868", "value": "129.9102021756873", "units": "deg", "title": "argument of perihelion", "label": "peri"}, {"name": "ma", "sigma": ".45159", "value": "69.05855019673893", "units": "deg", "label": "M", "title": "mean anomaly"}, {"units": "TDB", "title": "time of perihelion passage", "label": "tp", "name": "tp", "sigma": "90.344", "value": "2441436.054830193130"}, {"sigma": "162.03", "name": "per", "value": "96775.85530091343", "units": "d", "title": "sidereal orbital period", "label": "period"}, {"value": ".003719936123329742", "sigma": "6.228E-6", "name": "n", "title": "mean motion", "label": "n", "units": "deg/d"}, {"value": "45.0021280649304", "sigma": ".050229", "name": "ad", "title": "aphelion distance", "label": "Q", "units": "au"}], "producer": "Otto Matic", "first_obs": "2000-07-31", "not_valid_after": null, "epoch": "2460000.5", "moid": "36.5842", "not_valid_before": null, "soln_date": "2021-04-14 21:25:51"}}