{"orbit": {"moid_jup": "34.9963", "n_del_obs_used": null, "elements": [{"title": "eccentricity", "label": "e", "units": null, "value": ".04933158318648797", "sigma": ".0066528", "name": "e"}, {"name": "a", "sigma": ".1053", "value": "41.88156561844488", "units": "au", "label": "a", "title": "semi-major axis"}, {"units": "au", "label": "q", "title": "perihelion distance", "name": "q", "sigma": ".1867", "value": "39.81548168015821"}, {"value": "29.9197429157922", "sigma": ".0051131", "name": "i", "label": "i", "title": "inclination; angle with respect to x-y ecliptic plane", "units": "deg"}, {"value": "163.8058895360679", "sigma": ".00024537", "name": "om", "title": "longitude of the ascending node", "label": "node", "units": "deg"}, {"value": "77.3090505030975", "name": "w", "sigma": "3.7135", "label": "peri", "title": "argument of perihelion", "units": "deg"}, {"value": "130.9456924889538", "sigma": "4.6496", "name": "ma", "title": "mean anomaly", "label": "M", "units": "deg"}, {"units": "TDB", "title": "time of perihelion passage", "label": "tp", "sigma": "1144.6", "name": "tp", "value": "2423990.634023262195"}, {"title": "sidereal orbital period", "label": "period", "units": "d", "value": "98999.45164457531", "name": "per", "sigma": "373.37"}, {"title": "mean motion", "label": "n", "units": "deg/d", "value": ".003636383778088596", "name": "n", "sigma": "1.3714E-5"}, {"title": "aphelion distance", "label": "Q", "units": "au", "value": "43.94764955673155", "sigma": ".1105", "name": "ad"}], "producer": "Otto Matic", "equinox": "J2000", "two_body": null, "epoch": "2460000.5", "not_valid_before": null, "soln_date": "2021-04-14 20:47:27", "moid": "38.9337", "not_valid_after": null, "first_obs": "1997-09-07", "n_obs_used": 22, "last_obs": "2000-08-08", "orbit_id": "4", "t_jup": "5.036", "covariance": {"labels": ["e", "q", "tp", "node", "peri", "i"], "elements": [{"name": "e", "sigma": 0.00668079049077179, "value": ".0512662180837771", "units": null, "label": "e", "title": "eccentricity"}, {"value": "39.69787509397264", "name": "q", "sigma": 0.187675066122249, "label": "q", "title": "perihelion distance", "units": "au"}, {"units": "TDB", "label": "tp", "title": "time of perihelion passage", "name": "tp", "sigma": 1078.68587077725, "value": "2424230.711601230036"}, {"units": "deg", "label": "node", "title": "longitude of the ascending node", "name": "om", "sigma": 0.000245510150073999, "value": "163.8956710873842"}, {"units": "deg", "label": "peri", "title": "argument of perihelion", "sigma": 3.47853078026988, "name": "w", "value": "77.81191387824111"}, {"sigma": 0.00479878328894782, "name": "i", "value": "29.91318541986942", "units": "deg", "label": "i", "title": "inclination"}], "data": [["4.463296158158673E-5", "-.001235312532286586", "7.11711932286396", "-1.048760208122801E-7", ".02273519741294557", "-2.580779670047179E-5"], ["-.001235312532286586", ".0352219304439905", "-191.5449037512585", "1.954043875984976E-6", "-.606105541019558", ".0006685241723198131"], ["7.11711932286396", "-191.5449037512585", "1163563.207814484", "-.0217009802825058", "3747.354646920567", "-4.355447891648782"], ["-1.048760208122801E-7", "1.954043875984976E-6", "-.0217009802825058", "6.027523378935764E-8", "-7.467280358209287E-5", "5.720093280539158E-7"], [".02273519741294557", "-.606105541019558", "3747.354646920567", "-7.467280358209287E-5", "12.100176389285", "-.01416926205486012"], ["-2.580779670047179E-5", ".0006685241723198131", "-4.355447891648782", "5.720093280539158E-7", "-.01416926205486012", "2.302832105428487E-5"]], "epoch": "2451326.5"}, "source": "JPL", "condition_code": "6", "n_dop_obs_used": null, "pe_used": "DE441", "data_arc": "1066", "model_pars": [], "sb_used": "SB441-N16", "rms": ".2637", "comment": null}, "object": {"fullname": "(1997 RX9)", "orbit_id": "4", "des": "1997 RX9", "kind": "au", "prefix": null, "orbit_class": {"name": "TransNeptunian Object", "code": "TNO"}, "neo": false, "spkid": "3013317", "pha": false}, "signature": {"version": "1.3", "source": "NASA/JPL Small-Body Database (SBDB) API"}}