{"signature": {"version": "1.3", "source": "NASA/JPL Small-Body Database (SBDB) API"}, "object": {"orbit_class": {"code": "TNO", "name": "TransNeptunian Object"}, "neo": false, "spkid": "3989607", "pha": false, "fullname": "(2014 SP373)", "orbit_id": "6", "des": "2014 SP373", "kind": "au", "prefix": null}, "orbit": {"sb_used": "SB441-N16", "rms": ".28986", "model_pars": [], "comment": null, "data_arc": "2888", "pe_used": "DE441", "n_dop_obs_used": null, "orbit_id": "6", "n_obs_used": 59, "last_obs": "2021-09-30", "condition_code": "3", "source": "JPL", "covariance": {"epoch": "2458705.5", "data": [["3.80529820724658E-9", "-2.034719837996445E-9", "-5.211262166623424E-5", "-3.468808310612082E-9", "-2.773908294540855E-7", "-6.651589798915194E-10"], ["-2.034719837996445E-9", "1.061120780503611E-6", "-.00040882184045613", "-8.29014659815841E-9", "-5.697431020847655E-6", "2.539129279723879E-9"], ["-5.211262166623424E-5", "-.00040882184045613", ".8954525985147125", "5.157470434625668E-5", ".006217305498904491", "8.205386322705559E-6"], ["-3.468808310612082E-9", "-8.29014659815841E-9", "5.157470434625668E-5", "8.361130427902663E-8", "2.350700657570218E-7", "2.329749835929227E-8"], ["-2.773908294540855E-7", "-5.697431020847655E-6", ".006217305498904491", "2.350700657570218E-7", "5.258129428028286E-5", "1.574713124119032E-8"], ["-6.651589798915194E-10", "2.539129279723879E-9", "8.205386322705559E-6", "2.329749835929227E-8", "1.574713124119032E-8", "6.771999425247468E-9"]], "elements": [{"label": "e", "title": "eccentricity", "units": null, "value": ".3204262932979615", "name": "e", "sigma": 6.16870991962386e-05}, {"units": "au", "title": "perihelion distance", "label": "q", "name": "q", "sigma": 0.00103010716942637, "value": "26.74130235420659"}, {"label": "tp", "title": "time of perihelion passage", "units": "TDB", "value": "2469634.937589924970", "sigma": 0.946283571935344, "name": "tp"}, {"title": "longitude of the ascending node", "label": "node", "units": "deg", "value": "158.7949896428702", "name": "om", "sigma": 0.000289156193568505}, {"units": "deg", "label": "peri", "title": "argument of perihelion", "name": "w", "sigma": 0.0072512960414179, "value": "312.2373441190567"}, {"value": "24.44680438652908", "sigma": 8.22921589536176e-05, "name": "i", "label": "i", "title": "inclination", "units": "deg"}], "labels": ["e", "q", "tp", "node", "peri", "i"]}, "t_jup": "4.893", "two_body": null, "equinox": "J2000", "producer": "Otto Matic", "moid_jup": "21.9059", "n_del_obs_used": null, "elements": [{"units": null, "title": "eccentricity", "label": "e", "sigma": "6.2542E-5", "name": "e", "value": ".3254352960502904"}, {"name": "a", "sigma": ".0039374", "value": "39.81201536663851", "units": "au", "label": "a", "title": "semi-major axis"}, {"sigma": ".0010176", "name": "q", "value": "26.85578035943779", "units": "au", "title": "perihelion distance", "label": "q"}, {"units": "deg", "title": "inclination; angle with respect to x-y ecliptic plane", "label": "i", "sigma": "8.1842E-5", "name": "i", "value": "24.42679194297467"}, {"label": "node", "title": "longitude of the ascending node", "units": "deg", "value": "158.7236549110192", "sigma": ".00028822", "name": "om"}, {"units": "deg", "label": "peri", "title": "argument of perihelion", "name": "w", "sigma": ".00702", "value": "310.9551350073215"}, {"units": "deg", "label": "M", "title": "mean anomaly", "name": "ma", "sigma": ".0090809", "value": "322.8911468558767"}, {"value": "2469458.399682386807", "sigma": ".91398", "name": "tp", "label": "tp", "title": "time of perihelion passage", "units": "TDB"}, {"value": "91752.8728908846", "name": "per", "sigma": "13.612", "label": "period", "title": "sidereal orbital period", "units": "d"}, {"units": "deg/d", "title": "mean motion", "label": "n", "name": "n", "sigma": "5.8207E-7", "value": ".003923582866207615"}, {"value": "52.76825037383923", "name": "ad", "sigma": ".0052188", "title": "aphelion distance", "label": "Q", "units": "au"}], "not_valid_after": null, "first_obs": "2013-11-03", "soln_date": "2021-10-16 00:17:50", "not_valid_before": null, "moid": "25.9223", "epoch": "2460000.5"}}