{"orbit": {"pe_used": "DE441", "n_dop_obs_used": null, "data_arc": "771", "model_pars": [], "rms": ".17524", "sb_used": "SB441-N16", "comment": null, "producer": "Otto Matic", "moid_jup": "26.1752", "n_del_obs_used": null, "elements": [{"name": "e", "sigma": ".0011268", "value": ".2038020573763183", "units": null, "title": "eccentricity", "label": "e"}, {"name": "a", "sigma": ".019287", "value": "39.03690168707134", "units": "au", "label": "a", "title": "semi-major axis"}, {"title": "perihelion distance", "label": "q", "units": "au", "value": "31.08110080964913", "name": "q", "sigma": ".029444"}, {"sigma": ".0022208", "name": "i", "value": "19.21389398515338", "units": "deg", "title": "inclination; angle with respect to x-y ecliptic plane", "label": "i"}, {"units": "deg", "title": "longitude of the ascending node", "label": "node", "sigma": "8.1405E-5", "name": "om", "value": "25.17875219167869"}, {"value": "32.22099966172184", "sigma": ".49942", "name": "w", "title": "argument of perihelion", "label": "peri", "units": "deg"}, {"units": "deg", "title": "mean anomaly", "label": "M", "name": "ma", "sigma": ".78134", "value": "143.8980494565369"}, {"title": "time of perihelion passage", "label": "tp", "units": "TDB", "value": "2424391.166539022030", "sigma": "167.46", "name": "tp"}, {"name": "per", "sigma": "66.023", "value": "89086.40592674635", "units": "d", "label": "period", "title": "sidereal orbital period"}, {"name": "n", "sigma": "2.9949E-6", "value": ".00404102058282629", "units": "deg/d", "title": "mean motion", "label": "n"}, {"units": "au", "title": "aphelion distance", "label": "Q", "name": "ad", "sigma": ".023218", "value": "46.99270256449355"}], "equinox": "J2000", "two_body": null, "soln_date": "2021-04-15 13:31:03", "not_valid_before": null, "moid": "30.1071", "epoch": "2460000.5", "not_valid_after": null, "first_obs": "2015-02-17", "n_obs_used": 36, "last_obs": "2017-03-29", "orbit_id": "2", "t_jup": "5.198", "condition_code": "5", "source": "JPL", "covariance": {"epoch": "2457312.5", "data": [["1.432965298349439E-6", "-3.779521130259435E-5", ".2044293842432753", "-1.279316782682102E-9", ".0006040471535386663", "-3.233771087641945E-8"], ["-3.779521130259435E-5", ".001013549138922997", "-5.354511383725033", "2.92605588456796E-8", "-.01574382911857182", "1.023719930951526E-6"], [".2044293842432753", "-5.354511383725033", "29253.61978449191", "-.0001907860459371397", "86.61279025165359", "-.004306282477461567"], ["-1.279316782682102E-9", "2.92605588456796E-8", "-.0001907860459371397", "6.709586599803731E-9", "-5.909101992129113E-7", "-9.505109038658384E-8"], [".0006040471535386663", "-.01574382911857182", "86.61279025165359", "-5.909101992129113E-7", ".2567997547184447", "-1.184044548391383E-5"], ["-3.233771087641945E-8", "1.023719930951526E-6", "-.004306282477461567", "-9.505109038658384E-8", "-1.184044548391383E-5", "4.877161874713563E-6"]], "elements": [{"units": null, "title": "eccentricity", "label": "e", "sigma": 0.00119706528575071, "name": "e", "value": ".1972859980371073"}, {"name": "q", "sigma": 0.0318362865127671, "value": "31.61522229936752", "units": "au", "title": "perihelion distance", "label": "q"}, {"sigma": 171.036895974208, "name": "tp", "value": "2424542.013354763170", "units": "TDB", "label": "tp", "title": "time of perihelion passage"}, {"units": "deg", "title": "longitude of the ascending node", "label": "node", "sigma": 8.19120662650121e-05, "name": "om", "value": "25.14723140600495"}, {"units": "deg", "label": "peri", "title": "argument of perihelion", "sigma": 0.506754136360469, "name": "w", "value": "34.35718173822544"}, {"units": "deg", "title": "inclination", "label": "i", "name": "i", "sigma": 0.0022084297305356, "value": "19.09917695734581"}], "labels": ["e", "q", "tp", "node", "peri", "i"]}}, "object": {"fullname": "(2015 GJ54)", "orbit_id": "2", "kind": "au", "des": "2015 GJ54", "prefix": null, "orbit_class": {"name": "TransNeptunian Object", "code": "TNO"}, "neo": false, "pha": false, "spkid": "3830901"}, "signature": {"version": "1.3", "source": "NASA/JPL Small-Body Database (SBDB) API"}}