{"orbit": {"last_obs": "2018-10-18", "first_obs": "2013-10-13", "not_valid_after": null, "sb_used": "SB441-N16", "elements": [{"value": ".1907419582239199", "title": "eccentricity", "label": "e", "sigma": ".00014456", "units": null, "name": "e"}, {"name": "a", "units": "au", "sigma": ".0081107", "label": "a", "value": "39.81003005570486", "title": "semi-major axis"}, {"sigma": ".0031029", "units": "au", "name": "q", "value": "32.21658696592661", "title": "perihelion distance", "label": "q"}, {"label": "i", "title": "inclination; angle with respect to x-y ecliptic plane", "value": "14.51535699984584", "name": "i", "sigma": ".00037078", "units": "deg"}, {"sigma": ".00048225", "units": "deg", "name": "om", "title": "longitude of the ascending node", "value": "173.5635020717093", "label": "node"}, {"sigma": ".041027", "units": "deg", "name": "w", "title": "argument of perihelion", "value": "236.4007478391422", "label": "peri"}, {"label": "M", "title": "mean anomaly", "value": "343.9074489585249", "name": "ma", "sigma": ".028187", "units": "deg"}, {"label": "tp", "title": "time of perihelion passage", "value": "2464101.687070897864", "name": "tp", "sigma": "6.5206", "units": "TDB"}, {"name": "per", "sigma": "28.038", "units": "d", "label": "period", "title": "sidereal orbital period", "value": "91746.00979782877"}, {"label": "n", "value": ".003923876371226334", "title": "mean motion", "name": "n", "units": "deg/d", "sigma": "1.1992E-6"}, {"name": "ad", "sigma": ".0096578", "units": "au", "label": "Q", "value": "47.40347314548311", "title": "aphelion distance"}], "n_dop_obs_used": null, "condition_code": "4", "soln_date": "2021-09-08 23:29:59", "source": "JPL", "t_jup": "5.388", "orbit_id": "4", "moid": "31.2479", "producer": "Otto Matic", "rms": ".18128", "epoch": "2460000.5", "covariance": {"data": [["2.075824209998551E-8", "-1.077611315001417E-8", "7.786347041103401E-6", "-1.445444946188436E-8", "3.13353369316674E-7", "-8.802703699057047E-9"], ["-1.077611315001417E-8", "1.039530164477147E-5", "-.02175735778484799", "-1.320019249857304E-7", "-.0001373083877398378", "-6.851909060384258E-8"], ["7.786347041103401E-6", "-.02175735778484799", "45.64603901443721", ".0002835872198060893", ".2877979587983743", ".0001478917978932815"], ["-1.445444946188436E-8", "-1.320019249857304E-7", ".0002835872198060893", "2.320005538797885E-7", "1.393553938087539E-6", "1.755156894448605E-7"], ["3.13353369316674E-7", "-.0001373083877398378", ".2877979587983743", "1.393553938087539E-6", ".001818201788212085", "6.589259808038605E-7"], ["-8.802703699057047E-9", "-6.851909060384258E-8", ".0001478917978932815", "1.755156894448605E-7", "6.589259808038605E-7", "1.391702477901738E-7"]], "labels": ["e", "q", "tp", "node", "peri", "i"], "epoch": "2457330.5", "elements": [{"sigma": 0.000144077208815223, "units": null, "name": "e", "title": "eccentricity", "value": ".1820537428877976", "label": "e"}, {"label": "q", "title": "perihelion distance", "value": "32.14131440070034", "name": "q", "units": "au", "sigma": 0.00322417456797418}, {"label": "tp", "title": "time of perihelion passage", "value": "2464437.099426254576", "name": "tp", "sigma": 6.75618524127612, "units": "TDB"}, {"sigma": 0.000481664358116509, "units": "deg", "name": "om", "title": "longitude of the ascending node", "value": "173.6776868881815", "label": "node"}, {"name": "w", "units": "deg", "sigma": 0.0426403774398408, "label": "peri", "value": "238.1949262251634", "title": "argument of perihelion"}, {"label": "i", "value": "14.57604953884726", "title": "inclination", "name": "i", "sigma": 0.000373055287846418, "units": "deg"}]}, "n_del_obs_used": null, "data_arc": "1831", "model_pars": [], "not_valid_before": null, "n_obs_used": 37, "comment": null, "pe_used": "DE441", "two_body": null, "equinox": "J2000", "moid_jup": "27.3306"}, "object": {"neo": false, "prefix": null, "kind": "au", "orbit_class": {"name": "TransNeptunian Object", "code": "TNO"}, "des": "2013 TA172", "orbit_id": "4", "fullname": "(2013 TA172)", "pha": false, "spkid": "3841652"}, "signature": {"version": "1.3", "source": "NASA/JPL Small-Body Database (SBDB) API"}}