{"signature": {"version": "1.3", "source": "NASA/JPL Small-Body Database (SBDB) API"}, "orbit": {"first_obs": "2013-04-10", "not_valid_after": null, "sb_used": "SB441-N16", "condition_code": "4", "n_dop_obs_used": null, "elements": [{"title": "eccentricity", "value": ".2868734015009596", "label": "e", "sigma": ".00016594", "units": null, "name": "e"}, {"title": "semi-major axis", "value": "39.26450343108866", "label": "a", "units": "au", "sigma": ".0070527", "name": "a"}, {"title": "perihelion distance", "value": "28.00056177356616", "label": "q", "sigma": ".0041963", "units": "au", "name": "q"}, {"units": "deg", "sigma": ".00011035", "name": "i", "value": "7.549608870491892", "title": "inclination; angle with respect to x-y ecliptic plane", "label": "i"}, {"sigma": ".0049398", "units": "deg", "name": "om", "value": "160.7262461500728", "title": "longitude of the ascending node", "label": "node"}, {"label": "peri", "title": "argument of perihelion", "value": "118.0314626863307", "name": "w", "sigma": ".051971", "units": "deg"}, {"sigma": ".024626", "units": "deg", "name": "ma", "title": "mean anomaly", "value": "352.7714692515371", "label": "M"}, {"name": "tp", "sigma": "6.1511", "units": "TDB", "label": "tp", "value": "2461804.955278301656", "title": "time of perihelion passage"}, {"name": "per", "units": "d", "sigma": "24.213", "label": "period", "title": "sidereal orbital period", "value": "89866.65794106631"}, {"units": "deg/d", "sigma": "1.0793E-6", "name": "n", "value": ".004005935107056997", "title": "mean motion", "label": "n"}, {"name": "ad", "sigma": ".009076", "units": "au", "label": "Q", "title": "aphelion distance", "value": "50.52844508861116"}], "soln_date": "2021-04-15 08:11:57", "last_obs": "2017-05-26", "source": "JPL", "t_jup": "5.350", "epoch": "2460000.5", "covariance": {"labels": ["e", "q", "tp", "node", "peri", "i"], "data": [["2.673378866227981E-8", "-4.235129306172172E-7", ".0006917332514797821", "-5.637536750089108E-8", "5.877972510726046E-6", "-7.088815106611062E-10"], ["-4.235129306172172E-7", "1.719491745056962E-5", "-.02598426864848593", "1.746971913954478E-6", "-.0002166860471913457", "4.602355331442052E-8"], [".0006917332514797821", "-.02598426864848593", "39.55671266899964", "-.002686221237508381", ".3300361557740371", "-6.783878802028485E-5"], ["-5.637536750089108E-8", "1.746971913954478E-6", "-.002686221237508381", "2.438291741866481E-5", "-4.646932286474016E-5", "5.199738351322614E-7"], ["5.877972510726046E-6", "-.0002166860471913457", ".3300361557740371", "-4.646932286474016E-5", ".002778381102488307", "-1.074562993798363E-6"], ["-7.088815106611062E-10", "4.602355331442052E-8", "-6.783878802028485E-5", "5.199738351322614E-7", "-1.074562993798363E-6", "1.189897023334856E-8"]], "epoch": "2456691.5", "elements": [{"sigma": 0.000163504705321528, "units": null, "name": "e", "value": ".2842722337035046", "title": "eccentricity", "label": "e"}, {"name": "q", "units": "au", "sigma": 0.00414667546964669, "label": "q", "title": "perihelion distance", "value": "28.02999061104127"}, {"label": "tp", "value": "2461727.046931016888", "title": "time of perihelion passage", "name": "tp", "units": "TDB", "sigma": 6.28941274436649}, {"value": "160.5587845471752", "title": "longitude of the ascending node", "label": "node", "units": "deg", "sigma": 0.00493790617758831, "name": "om"}, {"name": "w", "sigma": 0.0527103509994793, "units": "deg", "label": "peri", "title": "argument of perihelion", "value": "117.5238649940749"}, {"name": "i", "units": "deg", "sigma": 0.000109082401116535, "label": "i", "value": "7.552459406815106", "title": "inclination"}]}, "orbit_id": "6", "moid": "26.9906", "producer": "Otto Matic", "rms": ".32917", "comment": null, "two_body": null, "pe_used": "DE441", "equinox": "J2000", "moid_jup": "22.8153", "model_pars": [], "n_del_obs_used": null, "data_arc": "1507", "not_valid_before": null, "n_obs_used": 26}, "object": {"prefix": null, "neo": false, "orbit_class": {"name": "TransNeptunian Object", "code": "TNO"}, "kind": "au", "fullname": "(2013 JH65)", "orbit_id": "6", "pha": false, "des": "2013 JH65", "spkid": "3727204"}}