{"signature": {"version": "1.3", "source": "NASA/JPL Small-Body Database (SBDB) API"}, "orbit": {"not_valid_after": null, "first_obs": "2002-03-12", "sb_used": "SB441-N16", "condition_code": "2", "n_dop_obs_used": null, "elements": [{"label": "e", "value": ".2216050104176108", "title": "eccentricity", "name": "e", "units": null, "sigma": "1.8116E-5"}, {"units": "au", "sigma": ".0014345", "name": "a", "value": "39.30312770724024", "title": "semi-major axis", "label": "a"}, {"title": "perihelion distance", "value": "30.59335768223258", "label": "q", "sigma": ".00071681", "units": "au", "name": "q"}, {"name": "i", "sigma": "1.0873E-5", "units": "deg", "label": "i", "title": "inclination; angle with respect to x-y ecliptic plane", "value": "6.65482244367471"}, {"sigma": ".00077607", "units": "deg", "name": "om", "title": "longitude of the ascending node", "value": "100.166031697208", "label": "node"}, {"label": "peri", "title": "argument of perihelion", "value": "26.22599524267836", "name": "w", "sigma": ".0059486", "units": "deg"}, {"sigma": ".0063778", "units": "deg", "name": "ma", "value": "59.72043666237193", "title": "mean anomaly", "label": "M"}, {"sigma": ".79185", "units": "TDB", "name": "tp", "value": "2445070.508193078922", "title": "time of perihelion passage", "label": "tp"}, {"label": "period", "title": "sidereal orbital period", "value": "89999.29255169173", "name": "per", "units": "d", "sigma": "4.9274"}, {"units": "deg/d", "sigma": "2.19E-7", "name": "n", "title": "mean motion", "value": ".004000031442394188", "label": "n"}, {"value": "48.01289773224791", "title": "aphelion distance", "label": "Q", "units": "au", "sigma": ".0017524", "name": "ad"}], "soln_date": "2021-04-14 22:35:17", "last_obs": "2018-04-13", "source": "JPL", "t_jup": "5.456", "epoch": "2460000.5", "covariance": {"data": [["3.445273888876018E-10", "3.235667032332739E-9", "8.507535828847211E-6", "3.179081831605428E-10", "5.009480309963312E-8", "1.21728428801916E-11"], ["3.235667032332739E-9", "4.889755141073647E-7", ".0004991553834642596", "-2.707239559008925E-9", "3.876271296807812E-6", "7.488451534701136E-10"], ["8.507535828847211E-6", ".0004991553834642596", ".5954176466826288", "2.598780764552551E-6", ".00436101037768719", "8.75546600486182E-7"], ["3.179081831605428E-10", "-2.707239559008925E-9", "2.598780764552551E-6", "5.97668700799229E-7", "-5.895717328982059E-7", "-7.007029841654571E-9"], ["5.009480309963312E-8", "3.876271296807812E-6", ".00436101037768719", "-5.895717328982059E-7", "3.321915615739711E-5", "1.341967234367302E-8"], ["1.21728428801916E-11", "7.488451534701136E-10", "8.75546600486182E-7", "-7.007029841654571E-9", "1.341967234367302E-8", "1.183177117414678E-10"]], "labels": ["e", "q", "tp", "node", "peri", "i"], "elements": [{"units": null, "sigma": 1.85614489975218e-05, "name": "e", "title": "eccentricity", "value": ".227175761388507", "label": "e"}, {"units": "au", "sigma": 0.000699267841465175, "name": "q", "value": "30.70795581887371", "title": "perihelion distance", "label": "q"}, {"value": "2445377.504814026064", "title": "time of perihelion passage", "label": "tp", "units": "TDB", "sigma": 0.771633103672094, "name": "tp"}, {"name": "om", "units": "deg", "sigma": 0.000773090357461034, "label": "node", "title": "longitude of the ascending node", "value": "100.0867714924298"}, {"label": "peri", "value": "28.09856489090474", "title": "argument of perihelion", "name": "w", "sigma": 0.00576360617646601, "units": "deg"}, {"units": "deg", "sigma": 1.08773945290896e-05, "name": "i", "title": "inclination", "value": "6.654052506721294", "label": "i"}], "epoch": "2456889.5"}, "orbit_id": "9", "moid": "29.6098", "producer": "Otto Matic", "rms": ".61896", "comment": null, "two_body": null, "equinox": "J2000", "pe_used": "DE441", "moid_jup": "25.2958", "data_arc": "5876", "model_pars": [], "n_del_obs_used": null, "not_valid_before": null, "n_obs_used": 119}, "object": {"pha": false, "orbit_id": "9", "fullname": "(2005 EX318)", "des": "2005 EX318", "spkid": "3282088", "neo": false, "prefix": null, "kind": "au", "orbit_class": {"code": "TNO", "name": "TransNeptunian Object"}}}