{"signature": {"version": "1.3", "source": "NASA/JPL Small-Body Database (SBDB) API"}, "object": {"neo": false, "orbit_class": {"code": "TNO", "name": "TransNeptunian Object"}, "pha": false, "spkid": "3330198", "orbit_id": "7", "fullname": "(2003 HF57)", "prefix": null, "kind": "au", "des": "2003 HF57"}, "orbit": {"t_jup": "5.520", "covariance": {"epoch": "2456156.5", "data": [["3.560481804607616E-7", "5.74577585621628E-6", ".0110223112955838", "-1.955605495252092E-8", "6.772954442325324E-5", "1.435134948720945E-9"], ["5.74577585621628E-6", "9.452745798230689E-5", ".1810629027775334", "-3.147104627908592E-7", ".001113963630960344", "2.297818009475249E-8"], [".0110223112955838", ".1810629027775334", "346.9068471123167", "-.000603750766475431", "2.134054085216114", "4.409864237116513E-5"], ["-1.955605495252092E-8", "-3.147104627908592E-7", "-.000603750766475431", "7.000118608086854E-6", "-1.070620131589796E-5", "-5.492749019216722E-7"], ["6.772954442325324E-5", ".001113963630960344", "2.134054085216114", "-1.070620131589796E-5", ".013136036043236", "8.198707411385225E-7"], ["1.435134948720945E-9", "2.297818009475249E-8", "4.409864237116513E-5", "-5.492749019216722E-7", "8.198707411385225E-7", "8.048118991732238E-8"]], "elements": [{"label": "e", "title": "eccentricity", "units": null, "value": ".1919403690754831", "name": "e", "sigma": 0.000596697729558913}, {"label": "q", "title": "perihelion distance", "units": "au", "value": "31.70739320474636", "sigma": 0.00972252323125571, "name": "q"}, {"label": "tp", "title": "time of perihelion passage", "units": "TDB", "value": "2447923.117964634310", "name": "tp", "sigma": 18.6254354878568}, {"title": "longitude of the ascending node", "label": "node", "units": "deg", "value": "48.13420216078486", "name": "om", "sigma": 0.00264577372579116}, {"label": "peri", "title": "argument of perihelion", "units": "deg", "value": "122.3624424546691", "name": "w", "sigma": 0.114612547494749}, {"title": "inclination", "label": "i", "units": "deg", "value": "1.422712236760147", "sigma": 0.000283692068830488, "name": "i"}], "labels": ["e", "q", "tp", "node", "peri", "i"]}, "source": "JPL", "condition_code": "5", "last_obs": "2017-05-29", "n_obs_used": 27, "orbit_id": "7", "epoch": "2460000.5", "not_valid_before": null, "moid": "30.7532", "soln_date": "2021-04-14 21:44:24", "not_valid_after": null, "first_obs": "2003-04-26", "moid_jup": "26.3028", "n_del_obs_used": null, "elements": [{"value": ".1897480779489193", "sigma": ".0005965", "name": "e", "title": "eccentricity", "label": "e", "units": null}, {"name": "a", "sigma": ".040736", "value": "39.18098311977243", "units": "au", "label": "a", "title": "semi-major axis"}, {"units": "au", "label": "q", "title": "perihelion distance", "name": "q", "sigma": ".0097007", "value": "31.74646688064655"}, {"value": "1.426061986398706", "name": "i", "sigma": ".0002839", "title": "inclination; angle with respect to x-y ecliptic plane", "label": "i", "units": "deg"}, {"value": "48.16051839983655", "name": "om", "sigma": ".0026355", "title": "longitude of the ascending node", "label": "node", "units": "deg"}, {"title": "argument of perihelion", "label": "peri", "units": "deg", "value": "122.5168444478337", "sigma": ".11546", "name": "w"}, {"value": "48.52667471028499", "sigma": ".15119", "name": "ma", "title": "mean anomaly", "label": "M", "units": "deg"}, {"units": "TDB", "title": "time of perihelion passage", "label": "tp", "sigma": "18.827", "name": "tp", "value": "2447925.435703646210"}, {"value": "89580.0747246758", "name": "per", "sigma": "139.7", "label": "period", "title": "sidereal orbital period", "units": "d"}, {"value": ".004018750833893132", "sigma": "6.2674E-6", "name": "n", "title": "mean motion", "label": "n", "units": "deg/d"}, {"units": "au", "title": "aphelion distance", "label": "Q", "name": "ad", "sigma": ".048466", "value": "46.6154993588983"}], "producer": "Otto Matic", "equinox": "J2000", "two_body": null, "comment": null, "model_pars": [], "sb_used": "SB441-N16", "rms": ".1692", "n_dop_obs_used": null, "pe_used": "DE441", "data_arc": "5147"}}