{"orbit": {"comment": null, "model_pars": [], "sb_used": "SB441-N16", "rms": ".21355", "pe_used": "DE441", "n_dop_obs_used": null, "data_arc": "1128", "t_jup": "5.018", "condition_code": "4", "source": "JPL", "covariance": {"data": [["4.674023758940862E-8", "3.707429045811705E-7", "-.003378151086154247", "1.035775390045284E-7", "-1.712062295871153E-5", "1.053568164523153E-8"], ["3.707429045811705E-7", "3.508155028533987E-6", ".00436069904779721", "3.653365067966168E-7", "2.163101469405853E-5", "7.870346252596226E-8"], ["-.003378151086154247", ".00436069904779721", "2621.613863853411", "-.04376932670368773", "13.25114187046988", "-.001412095791471596"], ["1.035775390045284E-7", "3.653365067966168E-7", "-.04376932670368773", "5.87539260576064E-6", "-.0002257365415641221", "1.34618337312932E-7"], ["-1.712062295871153E-5", "2.163101469405853E-5", "13.25114187046988", "-.0002257365415641221", ".06698282066772655", "-7.235259479309877E-6"], ["1.053568164523153E-8", "7.870346252596226E-8", "-.001412095791471596", "1.34618337312932E-7", "-7.235259479309877E-6", "5.7256499969198E-9"]], "epoch": "2457546.5", "labels": ["e", "q", "tp", "node", "peri", "i"], "elements": [{"name": "e", "sigma": 0.000216194906483498, "value": ".1441232375032677", "units": null, "label": "e", "title": "eccentricity"}, {"name": "q", "sigma": 0.00187300694834109, "value": "35.23710198196764", "units": "au", "label": "q", "title": "perihelion distance"}, {"label": "tp", "title": "time of perihelion passage", "units": "TDB", "value": "2457236.635604157918", "name": "tp", "sigma": 51.2016978610418}, {"label": "node", "title": "longitude of the ascending node", "units": "deg", "value": "109.6403081859178", "sigma": 0.00242392091573975, "name": "om"}, {"units": "deg", "label": "peri", "title": "argument of perihelion", "name": "w", "sigma": 0.25881039520801, "value": "266.0937423512017"}, {"units": "deg", "title": "inclination", "label": "i", "sigma": 7.56680249307447e-05, "name": "i", "value": "29.04249334129006"}]}, "n_obs_used": 17, "last_obs": "2017-11-01", "orbit_id": "1", "moid": "34.3761", "not_valid_before": null, "soln_date": "2021-09-20 15:12:06", "epoch": "2460000.5", "not_valid_after": null, "first_obs": "2014-09-30", "producer": "Otto Matic", "elements": [{"units": null, "title": "eccentricity", "label": "e", "sigma": ".00021715", "name": "e", "value": ".1558940616718761"}, {"units": "au", "label": "a", "title": "semi-major axis", "name": "a", "sigma": ".012833", "value": "41.75770295016137"}, {"units": "au", "label": "q", "title": "perihelion distance", "name": "q", "sigma": ".001871", "value": "35.24792503117303"}, {"label": "i", "title": "inclination; angle with respect to x-y ecliptic plane", "units": "deg", "value": "29.03446988468431", "name": "i", "sigma": "7.5578E-5"}, {"units": "deg", "title": "longitude of the ascending node", "label": "node", "name": "om", "sigma": ".0024163", "value": "109.5808849508707"}, {"sigma": ".24069", "name": "w", "value": "266.3320517781796", "units": "deg", "label": "peri", "title": "argument of perihelion"}, {"label": "M", "title": "mean anomaly", "units": "deg", "value": "9.929133257251683", "name": "ma", "sigma": ".17199"}, {"units": "TDB", "label": "tp", "title": "time of perihelion passage", "name": "tp", "sigma": "47.385", "value": "2457282.107481653868"}, {"title": "sidereal orbital period", "label": "period", "units": "d", "value": "98560.59751135652", "name": "per", "sigma": "45.435"}, {"name": "n", "sigma": "1.6838E-6", "value": ".003652575259180216", "units": "deg/d", "label": "n", "title": "mean motion"}, {"label": "Q", "title": "aphelion distance", "units": "au", "value": "48.2674808691497", "sigma": ".014834", "name": "ad"}], "n_del_obs_used": null, "moid_jup": "30.9472", "two_body": null, "equinox": "J2000"}, "object": {"des": "2014 SF404", "kind": "au", "prefix": null, "fullname": "(2014 SF404)", "orbit_id": "1", "spkid": "54198860", "pha": false, "orbit_class": {"name": "TransNeptunian Object", "code": "TNO"}, "neo": false}, "signature": {"version": "1.3", "source": "NASA/JPL Small-Body Database (SBDB) API"}}