{"signature": {"version": "1.3", "source": "NASA/JPL Small-Body Database (SBDB) API"}, "object": {"pha": false, "spkid": "3545785", "orbit_class": {"name": "TransNeptunian Object", "code": "TNO"}, "neo": false, "kind": "au", "des": "2010 RN45", "prefix": null, "fullname": "(2010 RN45)", "orbit_id": "9"}, "orbit": {"two_body": null, "equinox": "J2000", "producer": "Otto Matic", "moid_jup": "31.675", "n_del_obs_used": null, "elements": [{"units": null, "title": "eccentricity", "label": "e", "name": "e", "sigma": "5.8287E-5", "value": ".1109495039109084"}, {"value": "41.14744928880126", "name": "a", "sigma": ".0081721", "title": "semi-major axis", "label": "a", "units": "au"}, {"label": "q", "title": "perihelion distance", "units": "au", "value": "36.5821602030095", "sigma": ".0063965", "name": "q"}, {"units": "deg", "label": "i", "title": "inclination; angle with respect to x-y ecliptic plane", "sigma": ".00010807", "name": "i", "value": "32.76292087653486"}, {"title": "longitude of the ascending node", "label": "node", "units": "deg", "value": "123.3797049961256", "sigma": ".00031668", "name": "om"}, {"units": "deg", "label": "peri", "title": "argument of perihelion", "sigma": ".074811", "name": "w", "value": "320.1358769796901"}, {"sigma": ".073123", "name": "ma", "value": "294.0761111478854", "units": "deg", "label": "M", "title": "mean anomaly"}, {"title": "time of perihelion passage", "label": "tp", "units": "TDB", "value": "2477654.906517137973", "name": "tp", "sigma": "14.324"}, {"label": "period", "title": "sidereal orbital period", "units": "d", "value": "96407.94038147529", "sigma": "28.721", "name": "per"}, {"title": "mean motion", "label": "n", "units": "deg/d", "value": ".0037341322569025", "sigma": "1.1124E-6", "name": "n"}, {"value": "45.71273837459302", "name": "ad", "sigma": ".0090788", "title": "aphelion distance", "label": "Q", "units": "au"}], "not_valid_after": null, "first_obs": "2010-09-03", "not_valid_before": null, "soln_date": "2022-09-02 21:56:56", "moid": "35.6574", "epoch": "2460000.5", "orbit_id": "9", "n_obs_used": 48, "last_obs": "2022-09-01", "source": "JPL", "condition_code": "4", "covariance": {"data": [["3.224126245043205E-9", "5.510895374119913E-8", "-.000381037407936575", "-1.37743397545926E-9", "-1.688868532915952E-6", "3.996770533762654E-11"], ["5.510895374119913E-8", "4.242697848869161E-5", "-.0917822674826953", "1.396545540290847E-7", "-.0004891231925900302", "2.128679630397831E-7"], ["-.000381037407936575", "-.0917822674826953", "220.353359459205", "-.0001725258556169962", "1.145839244686456", "-.0004405916194809882"], ["-1.37743397545926E-9", "1.396545540290847E-7", "-.0001725258556169962", "1.009388551818243E-7", "-1.172450572073937E-6", "3.292646831422575E-8"], ["-1.688868532915952E-6", "-.0004891231925900302", "1.145839244686456", "-1.172450572073937E-6", ".005991924389011149", "-2.401001887197701E-6"], ["3.996770533762654E-11", "2.128679630397831E-7", "-.0004405916194809882", "3.292646831422575E-8", "-2.401001887197701E-6", "1.173125421770541E-8"]], "epoch": "2459210.5", "labels": ["e", "q", "tp", "node", "peri", "i"], "elements": [{"sigma": 5.67813899534276e-05, "name": "e", "value": ".1074347381106992", "units": null, "label": "e", "title": "eccentricity"}, {"units": "au", "label": "q", "title": "perihelion distance", "sigma": 0.00651359950324639, "name": "q", "value": "36.5909513079568"}, {"value": "2477977.426421397922", "name": "tp", "sigma": 14.8443039398688, "title": "time of perihelion passage", "label": "tp", "units": "TDB"}, {"units": "deg", "label": "node", "title": "longitude of the ascending node", "name": "om", "sigma": 0.000317708758427942, "value": "123.2877782437729"}, {"value": "321.4820751589535", "name": "w", "sigma": 0.0774075215273758, "title": "argument of perihelion", "label": "peri", "units": "deg"}, {"units": "deg", "label": "i", "title": "inclination", "name": "i", "sigma": 0.000108310914582536, "value": "32.73530069346096"}]}, "t_jup": "4.827", "data_arc": "4381", "pe_used": "DE441", "n_dop_obs_used": null, "rms": ".36634", "sb_used": "SB441-N16", "model_pars": [], "comment": null}}