{"object": {"orbit_class": {"name": "TransNeptunian Object", "code": "TNO"}, "kind": "au", "prefix": null, "neo": false, "spkid": "3830917", "orbit_id": "2", "fullname": "(2015 KC173)", "pha": false, "des": "2015 KC173"}, "orbit": {"covariance": {"labels": ["e", "q", "tp", "node", "peri", "i"], "data": [["2.710868051129814E-7", "-7.148858831933412E-6", "-.00649486683424709", "-7.453599616621292E-8", "-4.989206847492766E-5", "5.188027559269965E-8"], ["-7.148858831933412E-6", ".0001976224401453039", ".1887583248944559", "1.857474009685704E-6", ".00141941627317296", "-1.280694270755594E-6"], ["-.00649486683424709", ".1887583248944559", "189.7338848882604", ".001589551512355074", "1.39708201914953", "-.001083910260912943"], ["-7.453599616621292E-8", "1.857474009685704E-6", ".001589551512355074", "1.170435749104663E-6", "1.144089050134403E-5", "-8.048893449722415E-7"], ["-4.989206847492766E-5", ".00141941627317296", "1.39708201914953", "1.144089050134403E-5", ".01037691710890963", "-7.838242691760368E-6"], ["5.188027559269965E-8", "-1.280694270755594E-6", "-.001083910260912943", "-8.048893449722415E-7", "-7.838242691760368E-6", "5.56403353839721E-7"]], "epoch": "2457235.5", "elements": [{"name": "e", "sigma": 0.000520659970722718, "units": null, "label": "e", "title": "eccentricity", "value": ".13773535878292"}, {"sigma": 0.0140578248724795, "units": "au", "name": "q", "value": "34.09069708255845", "title": "perihelion distance", "label": "q"}, {"name": "tp", "sigma": 13.7743923600375, "units": "TDB", "label": "tp", "value": "2445034.273439296028", "title": "time of perihelion passage"}, {"sigma": 0.00108186678898313, "units": "deg", "name": "om", "value": "74.51250175368412", "title": "longitude of the ascending node", "label": "node"}, {"value": "95.4173752871492", "title": "argument of perihelion", "label": "peri", "sigma": 0.101867154220139, "units": "deg", "name": "w"}, {"sigma": 0.000745924496071634, "units": "deg", "name": "i", "value": "17.07289301240538", "title": "inclination", "label": "i"}]}, "epoch": "2460000.5", "rms": ".19552", "producer": "Otto Matic", "orbit_id": "2", "moid": "33.1546", "two_body": null, "pe_used": "DE441", "equinox": "J2000", "moid_jup": "28.9047", "comment": null, "not_valid_before": null, "n_obs_used": 42, "model_pars": [], "n_del_obs_used": null, "data_arc": "1183", "n_dop_obs_used": null, "elements": [{"label": "e", "value": ".1310266792189071", "title": "eccentricity", "name": "e", "sigma": ".00052449", "units": null}, {"sigma": ".0083608", "units": "au", "name": "a", "title": "semi-major axis", "value": "39.24468538048797", "label": "a"}, {"value": "34.10258457809184", "title": "perihelion distance", "label": "q", "sigma": ".014306", "units": "au", "name": "q"}, {"units": "deg", "sigma": ".00074901", "name": "i", "title": "inclination; angle with respect to x-y ecliptic plane", "value": "17.09704636632005", "label": "i"}, {"name": "om", "units": "deg", "sigma": ".0010828", "label": "node", "value": "74.51443962079149", "title": "longitude of the ascending node"}, {"title": "argument of perihelion", "value": "93.97875761373591", "label": "peri", "sigma": ".10157", "units": "deg", "name": "w"}, {"units": "deg", "sigma": ".044742", "name": "ma", "title": "mean anomaly", "value": "61.3504299348448", "label": "M"}, {"label": "tp", "value": "2444697.209788865530", "title": "time of perihelion passage", "name": "tp", "sigma": "13.548", "units": "TDB"}, {"label": "period", "title": "sidereal orbital period", "value": "89798.62866257428", "name": "per", "units": "d", "sigma": "28.696"}, {"title": "mean motion", "value": ".004008969907020847", "label": "n", "sigma": "1.2811E-6", "units": "deg/d", "name": "n"}, {"value": "44.3867861828841", "title": "aphelion distance", "label": "Q", "units": "au", "sigma": ".0094563", "name": "ad"}], "condition_code": "4", "soln_date": "2021-04-15 13:49:20", "sb_used": "SB441-N16", "not_valid_after": null, "first_obs": "2014-05-29", "last_obs": "2017-08-24", "source": "JPL", "t_jup": "5.337"}, "signature": {"version": "1.3", "source": "NASA/JPL Small-Body Database (SBDB) API"}}