{"signature": {"version": "1.3", "source": "NASA/JPL Small-Body Database (SBDB) API"}, "orbit": {"source": "JPL", "t_jup": "5.392", "first_obs": "2004-05-24", "not_valid_after": null, "sb_used": "SB441-N16", "elements": [{"sigma": ".00022133", "units": null, "name": "e", "value": ".1060180797469906", "title": "eccentricity", "label": "e"}, {"label": "a", "title": "semi-major axis", "value": "41.45979276479462", "name": "a", "sigma": ".013538", "units": "au"}, {"units": "au", "sigma": ".0033389", "name": "q", "value": "37.06430514916292", "title": "perihelion distance", "label": "q"}, {"label": "i", "value": "20.2533862504563", "title": "inclination; angle with respect to x-y ecliptic plane", "name": "i", "units": "deg", "sigma": ".00030939"}, {"units": "deg", "sigma": ".00010665", "name": "om", "value": "238.4589470269264", "title": "longitude of the ascending node", "label": "node"}, {"title": "argument of perihelion", "value": "38.36704991372142", "label": "peri", "units": "deg", "sigma": ".058143", "name": "w"}, {"sigma": ".050564", "units": "deg", "name": "ma", "value": "349.4919291819004", "title": "mean anomaly", "label": "M"}, {"label": "tp", "value": "2462846.661944929605", "title": "time of perihelion passage", "name": "tp", "sigma": "12.522", "units": "TDB"}, {"label": "period", "value": "97507.74598985462", "title": "sidereal orbital period", "name": "per", "units": "d", "sigma": "47.76"}, {"units": "deg/d", "sigma": "1.8084E-6", "name": "n", "value": ".00369201437634972", "title": "mean motion", "label": "n"}, {"label": "Q", "title": "aphelion distance", "value": "45.85528038042631", "name": "ad", "sigma": ".014974", "units": "au"}], "n_dop_obs_used": null, "condition_code": "4", "soln_date": "2021-04-14 22:41:01", "last_obs": "2019-05-06", "comment": null, "equinox": "J2000", "two_body": null, "pe_used": "DE441", "moid_jup": "31.9109", "n_del_obs_used": null, "model_pars": [], "data_arc": "5460", "not_valid_before": null, "n_obs_used": 26, "epoch": "2460000.5", "covariance": {"labels": ["e", "q", "tp", "node", "peri", "i"], "data": [["5.132930909468902E-8", "6.044119884292977E-7", "-.001690701665383673", "-7.309248361999968E-9", "-7.713284412400258E-6", "-3.443562245623555E-9"], ["6.044119884292977E-7", "9.77101610319702E-6", "-.03309303665741278", "-8.866811239719403E-8", "-.0001527407913599351", "-3.806806306975621E-8"], ["-.001690701665383673", "-.03309303665741278", "121.6433219030937", ".0002527428468334354", ".5636550853377269", ".0001006208200591188"], ["-7.309248361999968E-9", "-8.866811239719403E-8", ".0002527428468334354", "1.120894701897064E-8", "1.145388859019049E-6", "-6.45237951670944E-9"], ["-7.713284412400258E-6", "-.0001527407913599351", ".5636550853377269", "1.145388859019049E-6", ".002612363944917586", "4.639900673923399E-7"], ["-3.443562245623555E-9", "-3.806806306975621E-8", ".0001006208200591188", "-6.45237951670944E-9", "4.639900673923399E-7", "9.480522819040755E-8"]], "elements": [{"value": ".110543595609203", "title": "eccentricity", "label": "e", "sigma": 0.00022655972522646, "units": null, "name": "e"}, {"value": "37.13942349880467", "title": "perihelion distance", "label": "q", "units": "au", "sigma": 0.00312586245749825, "name": "q"}, {"value": "2462056.099661483602", "title": "time of perihelion passage", "label": "tp", "units": "TDB", "sigma": 11.0292031399868, "name": "tp"}, {"name": "om", "units": "deg", "sigma": 0.000105872314695442, "label": "node", "value": "238.4015945265128", "title": "longitude of the ascending node"}, {"units": "deg", "sigma": 0.0511112897990022, "name": "w", "title": "argument of perihelion", "value": "34.81965714486023", "label": "peri"}, {"name": "i", "units": "deg", "sigma": 0.000307904576436284, "label": "i", "value": "20.17361773711051", "title": "inclination"}], "epoch": "2454057.5"}, "orbit_id": "7", "moid": "36.0713", "producer": "Otto Matic", "rms": ".17896"}, "object": {"spkid": "3485896", "des": "2005 JB186", "orbit_id": "7", "fullname": "(2005 JB186)", "pha": false, "kind": "au", "orbit_class": {"code": "TNO", "name": "TransNeptunian Object"}, "neo": false, "prefix": null}}