{"object": {"neo": false, "prefix": null, "kind": "au", "orbit_class": {"name": "TransNeptunian Object", "code": "TNO"}, "des": "1999 OH4", "orbit_id": "4", "pha": false, "fullname": "(1999 OH4)", "spkid": "3031898"}, "orbit": {"epoch": "2460000.5", "covariance": {"epoch": "2452261.5", "elements": [{"value": ".03534752152379684", "title": "eccentricity", "label": "e", "sigma": 0.000934126749866355, "units": null, "name": "e"}, {"name": "q", "units": "au", "sigma": 0.0191376866838013, "label": "q", "title": "perihelion distance", "value": "38.88415077792033"}, {"value": "2447194.721366632561", "title": "time of perihelion passage", "label": "tp", "units": "TDB", "sigma": 274.718683628812, "name": "tp"}, {"sigma": 0.000227520376371053, "units": "deg", "name": "om", "title": "longitude of the ascending node", "value": "124.1940107894256", "label": "node"}, {"name": "w", "sigma": 1.14083174549496, "units": "deg", "label": "peri", "value": "161.8405823840321", "title": "argument of perihelion"}, {"sigma": 0.00122534941990762, "units": "deg", "name": "i", "value": "28.24647907615495", "title": "inclination", "label": "i"}], "labels": ["e", "q", "tp", "node", "peri", "i"], "data": [["8.725927848158791E-7", "1.426088016236653E-5", ".1390430899793267", "-6.05209418634157E-8", ".0005759601956872616", "2.182652473173007E-8"], ["1.426088016236653E-5", ".0003662510516073461", "4.934068797567973", "-1.2473324867594E-6", ".02047791947751749", "-1.63980519609363E-8"], [".1390430899793267", "4.934068797567973", "75470.35513474731", "-.01478481565938653", "313.4073574504636", "-.004006262768906379"], ["-6.05209418634157E-8", "-1.2473324867594E-6", "-.01478481565938653", "5.176552166402577E-8", "-6.136181532948483E-5", "1.505556878785615E-7"], [".0005759601956872616", ".02047791947751749", "313.4073574504636", "-6.136181532948483E-5", "1.301497071529081", "-1.683835576413416E-5"], ["2.182652473173007E-8", "-1.63980519609363E-8", "-.004006262768906379", "1.505556878785615E-7", "-1.683835576413416E-5", "1.501481200867948E-6"]]}, "moid": "38.0077", "orbit_id": "4", "producer": "Otto Matic", "rms": ".16361", "comment": null, "moid_jup": "33.8932", "equinox": "J2000", "two_body": null, "pe_used": "DE441", "model_pars": [], "n_del_obs_used": null, "data_arc": "2573", "n_obs_used": 22, "not_valid_before": null, "first_obs": "1999-07-18", "not_valid_after": null, "sb_used": "SB441-N16", "soln_date": "2021-04-14 20:50:37", "elements": [{"label": "e", "value": ".04242933079650153", "title": "eccentricity", "name": "e", "sigma": ".00098998", "units": null}, {"sigma": ".057388", "units": "au", "name": "a", "title": "semi-major axis", "value": "40.75070746953696", "label": "a"}, {"value": "39.0216822221205", "title": "perihelion distance", "label": "q", "sigma": ".015801", "units": "au", "name": "q"}, {"value": "28.14305314006398", "title": "inclination; angle with respect to x-y ecliptic plane", "label": "i", "units": "deg", "sigma": ".001223", "name": "i"}, {"units": "deg", "sigma": ".00022122", "name": "om", "value": "124.1437303708344", "title": "longitude of the ascending node", "label": "node"}, {"name": "w", "units": "deg", "sigma": ".85798", "label": "peri", "value": "170.4328580447538", "title": "argument of perihelion"}, {"title": "mean anomaly", "value": "40.66192897964031", "label": "M", "units": "deg", "sigma": ".83752", "name": "ma"}, {"name": "tp", "units": "TDB", "sigma": "207.42", "label": "tp", "title": "time of perihelion passage", "value": "2449268.352498883545"}, {"title": "sidereal orbital period", "value": "95016.96543556603", "label": "period", "units": "d", "sigma": "200.71", "name": "per"}, {"label": "n", "title": "mean motion", "value": ".003788797067447152", "name": "n", "units": "deg/d", "sigma": "8.0034E-6"}, {"label": "Q", "title": "aphelion distance", "value": "42.47973271695341", "name": "ad", "units": "au", "sigma": ".059823"}], "n_dop_obs_used": null, "condition_code": "5", "last_obs": "2006-08-03", "t_jup": "5.059", "source": "JPL"}, "signature": {"version": "1.3", "source": "NASA/JPL Small-Body Database (SBDB) API"}}