{"signature": {"version": "1.3", "source": "NASA/JPL Small-Body Database (SBDB) API"}, "object": {"neo": false, "prefix": null, "kind": "au", "orbit_class": {"code": "TNO", "name": "TransNeptunian Object"}, "fullname": "(2009 JZ18)", "orbit_id": "13", "pha": false, "des": "2009 JZ18", "spkid": "3587893"}, "orbit": {"t_jup": "4.994", "source": "JPL", "last_obs": "2022-06-02", "sb_used": "SB441-N16", "not_valid_after": null, "first_obs": "2005-04-02", "soln_date": "2022-06-15 22:21:12", "condition_code": "2", "n_dop_obs_used": null, "elements": [{"label": "e", "value": ".2431142617035547", "title": "eccentricity", "name": "e", "sigma": "2.1068E-5", "units": null}, {"value": "39.07685177636782", "title": "semi-major axis", "label": "a", "sigma": ".0013505", "units": "au", "name": "a"}, {"value": "29.57671180705692", "title": "perihelion distance", "label": "q", "sigma": ".00020415", "units": "au", "name": "q"}, {"name": "i", "units": "deg", "sigma": "4.1191E-5", "label": "i", "value": "23.90187259866916", "title": "inclination; angle with respect to x-y ecliptic plane"}, {"units": "deg", "sigma": "4.2165E-5", "name": "om", "value": "37.15855519362544", "title": "longitude of the ascending node", "label": "node"}, {"value": "176.6664387471499", "title": "argument of perihelion", "label": "peri", "units": "deg", "sigma": ".0019753", "name": "w"}, {"units": "deg", "sigma": ".0011755", "name": "ma", "value": "359.5858620050022", "title": "mean anomaly", "label": "M"}, {"name": "tp", "sigma": ".28704", "units": "TDB", "label": "tp", "value": "2460103.140876968367", "title": "time of perihelion passage"}, {"sigma": "4.6253", "units": "d", "name": "per", "value": "89223.19650678072", "title": "sidereal orbital period", "label": "period"}, {"label": "n", "title": "mean motion", "value": ".004034825181057495", "name": "n", "units": "deg/d", "sigma": "2.0916E-7"}, {"title": "aphelion distance", "value": "48.57699174567873", "label": "Q", "sigma": ".0016788", "units": "au", "name": "ad"}], "n_del_obs_used": null, "data_arc": "6270", "model_pars": [], "n_obs_used": 119, "not_valid_before": null, "comment": null, "moid_jup": "24.1279", "two_body": null, "equinox": "J2000", "pe_used": "DE441", "moid": "28.5712", "orbit_id": "13", "rms": ".6568", "producer": "Otto Matic", "epoch": "2460000.5", "covariance": {"epoch": "2457406.5", "elements": [{"units": null, "sigma": 2.12768384947031e-05, "name": "e", "title": "eccentricity", "value": ".2527394436138553", "label": "e"}, {"sigma": 0.00020147058722526, "units": "au", "name": "q", "title": "perihelion distance", "value": "29.60227199401794", "label": "q"}, {"label": "tp", "value": "2459976.106378193578", "title": "time of perihelion passage", "name": "tp", "units": "TDB", "sigma": 0.269622923248181}, {"label": "node", "value": "37.18907273763494", "title": "longitude of the ascending node", "name": "om", "sigma": 4.22828222918381e-05, "units": "deg"}, {"value": "175.7845583608787", "title": "argument of perihelion", "label": "peri", "sigma": 0.0018588239125958, "units": "deg", "name": "w"}, {"sigma": 4.10580814621594e-05, "units": "deg", "name": "i", "value": "23.81637855210843", "title": "inclination", "label": "i"}], "data": [["4.527038563296797E-10", "4.159571553606844E-9", "-4.370461483173222E-6", "-7.328971470021412E-11", "-3.001594969838578E-8", "9.798423074831998E-11"], ["4.159571553606844E-9", "4.05903975168911E-8", "-4.821801552587935E-5", "-7.008275658576806E-10", "-3.318340053084155E-7", "9.253150010900418E-10"], ["-4.370461483173222E-6", "-4.821801552587935E-5", ".07269652074089468", "7.957512083267041E-7", ".0005010539952286364", "-1.018938155192164E-6"], ["-7.328971470021412E-11", "-7.008275658576806E-10", "7.957512083267041E-7", "1.787837060963161E-9", "3.849389180403087E-9", "-1.607816728767214E-9"], ["-3.001594969838578E-8", "-3.318340053084155E-7", ".0005010539952286364", "3.849389180403087E-9", "3.455226338037949E-6", "-5.551028625097653E-9"], ["9.798423074831998E-11", "9.253150010900418E-10", "-1.018938155192164E-6", "-1.607816728767214E-9", "-5.551028625097653E-9", "1.685766053353315E-9"]], "labels": ["e", "q", "tp", "node", "peri", "i"]}}}