{"orbit": {"source": "JPL", "condition_code": "3", "covariance": {"epoch": "2455464.5", "data": [["2.360945880761765E-8", "2.073515700469679E-7", ".0002156243115959599", "-1.009025223582851E-9", "1.590079401118229E-6", "4.524584735348685E-10"], ["2.073515700469679E-7", "1.930367181371849E-6", ".002085475297169389", "-9.149039414467919E-9", "1.54445286018739E-5", "4.09477178872039E-9"], [".0002156243115959599", ".002085475297169389", "2.321896647702742", "-9.704667432147519E-6", ".01722899954741005", "4.33313949674675E-6"], ["-1.009025223582851E-9", "-9.149039414467919E-9", "-9.704667432147519E-6", "3.400561735730905E-6", "-3.467167008664618E-6", "-2.686026343148052E-7"], ["1.590079401118229E-6", "1.54445286018739E-5", ".01722899954741005", "-3.467167008664618E-6", ".0001312744115559743", "3.002130538571739E-7"], ["4.524584735348685E-10", "4.09477178872039E-9", "4.33313949674675E-6", "-2.686026343148052E-7", "3.002130538571739E-7", "2.93764426574933E-8"]], "elements": [{"label": "e", "title": "eccentricity", "units": null, "value": ".276765979437028", "sigma": 0.00015365369766985, "name": "e"}, {"units": "au", "label": "q", "title": "perihelion distance", "name": "q", "sigma": 0.00138937654412756, "value": "28.39193028794867"}, {"label": "tp", "title": "time of perihelion passage", "units": "TDB", "value": "2451174.124362689034", "sigma": 1.52377709908725, "name": "tp"}, {"value": "226.1373422874393", "name": "om", "sigma": 0.00184406120715417, "label": "node", "title": "longitude of the ascending node", "units": "deg"}, {"label": "peri", "title": "argument of perihelion", "units": "deg", "value": "300.8042422244824", "name": "w", "sigma": 0.0114575045955031}, {"label": "i", "title": "inclination", "units": "deg", "value": "3.137167545430188", "name": "i", "sigma": 0.000171395573622814}], "labels": ["e", "q", "tp", "node", "peri", "i"]}, "t_jup": "5.400", "orbit_id": "9", "n_obs_used": 33, "last_obs": "2019-06-06", "not_valid_after": null, "first_obs": "2000-05-04", "moid": "27.3846", "not_valid_before": null, "soln_date": "2021-04-14 14:28:40", "epoch": "2460000.5", "equinox": "J2000", "two_body": null, "producer": "Otto Matic", "n_del_obs_used": null, "elements": [{"units": null, "title": "eccentricity", "label": "e", "name": "e", "sigma": ".00015314", "value": ".2758415517584544"}, {"sigma": ".010169", "name": "a", "value": "39.18458298016067", "units": "au", "title": "semi-major axis", "label": "a"}, {"sigma": ".0013961", "name": "q", "value": "28.37584680590523", "units": "au", "label": "q", "title": "perihelion distance"}, {"name": "i", "sigma": ".00017157", "value": "3.14069228541763", "units": "deg", "title": "inclination; angle with respect to x-y ecliptic plane", "label": "i"}, {"title": "longitude of the ascending node", "label": "node", "units": "deg", "value": "226.1790288116093", "sigma": ".0018412", "name": "om"}, {"value": "300.4381866000439", "name": "w", "sigma": ".01164", "title": "argument of perihelion", "label": "peri", "units": "deg"}, {"value": "35.69040627468436", "sigma": ".019848", "name": "ma", "title": "mean anomaly", "label": "M", "units": "deg"}, {"title": "time of perihelion passage", "label": "tp", "units": "TDB", "value": "2451118.305857057738", "sigma": "1.5475", "name": "tp"}, {"value": "89592.42063117964", "sigma": "34.875", "name": "per", "label": "period", "title": "sidereal orbital period", "units": "d"}, {"label": "n", "title": "mean motion", "units": "deg/d", "value": ".004018197046846104", "name": "n", "sigma": "1.5641E-6"}, {"value": "49.99331915441611", "sigma": ".012974", "name": "ad", "title": "aphelion distance", "label": "Q", "units": "au"}], "moid_jup": "22.9556", "comment": null, "sb_used": "SB441-N16", "rms": ".36039", "model_pars": [], "data_arc": "6972", "pe_used": "DE441", "n_dop_obs_used": null}, "object": {"pha": false, "spkid": "20438028", "orbit_class": {"code": "TNO", "name": "TransNeptunian Object"}, "neo": false, "kind": "an", "des": "438028", "prefix": null, "fullname": "438028 (2004 EH96)", "orbit_id": "9"}, "signature": {"version": "1.3", "source": "NASA/JPL Small-Body Database (SBDB) API"}}