{"orbit": {"two_body": null, "equinox": "J2000", "elements": [{"value": ".2576326791711171", "sigma": ".00015679", "name": "e", "label": "e", "title": "eccentricity", "units": null}, {"units": "au", "label": "a", "title": "semi-major axis", "sigma": ".0073286", "name": "a", "value": "39.77967901996478"}, {"value": "29.53113373748418", "name": "q", "sigma": ".0028938", "label": "q", "title": "perihelion distance", "units": "au"}, {"units": "deg", "title": "inclination; angle with respect to x-y ecliptic plane", "label": "i", "name": "i", "sigma": ".00016003", "value": "13.33127835596262"}, {"value": "103.4468377695429", "name": "om", "sigma": ".0018545", "title": "longitude of the ascending node", "label": "node", "units": "deg"}, {"label": "peri", "title": "argument of perihelion", "units": "deg", "value": "331.6833472673268", "sigma": ".030847", "name": "w"}, {"title": "mean anomaly", "label": "M", "units": "deg", "value": "345.6367185479533", "name": "ma", "sigma": ".015761"}, {"label": "tp", "title": "time of perihelion passage", "units": "TDB", "value": "2463656.797357050185", "name": "tp", "sigma": "3.8896"}, {"units": "d", "label": "period", "title": "sidereal orbital period", "name": "per", "sigma": "25.325", "value": "91641.10951474113"}, {"title": "mean motion", "label": "n", "units": "deg/d", "value": ".003928367977060464", "name": "n", "sigma": "1.0856E-6"}, {"label": "Q", "title": "aphelion distance", "units": "au", "value": "50.02822430244539", "sigma": ".0092167", "name": "ad"}], "n_del_obs_used": null, "moid_jup": "24.4729", "producer": "Otto Matic", "first_obs": "2013-10-04", "not_valid_after": null, "epoch": "2460000.5", "moid": "28.5514", "not_valid_before": null, "soln_date": "2021-09-24 15:12:04", "orbit_id": "1", "n_obs_used": 28, "last_obs": "2018-09-11", "covariance": {"epoch": "2457420.5", "data": [["2.50226453440427E-8", "-2.38156144243753E-7", ".0002799813696470413", "-1.220293347191552E-8", "2.495134007789204E-6", "1.773774983627279E-9"], ["-2.38156144243753E-7", "8.831443106805146E-6", "-.0114448848146861", "5.731356009782853E-7", "-9.174017303748064E-5", "-3.939700210147613E-8"], [".0002799813696470413", "-.0114448848146861", "14.93326982876362", "-.0007451003289254526", ".1192074070986336", "4.999530587443156E-5"], ["-1.220293347191552E-8", "5.731356009782853E-7", "-.0007451003289254526", "3.464773109927903E-6", "-9.268284792755817E-6", "-2.932493626115153E-7"], ["2.495134007789204E-6", "-9.174017303748064E-5", ".1192074070986336", "-9.268284792755817E-6", ".0009584114439980039", "6.932623540613726E-7"], ["1.773774983627279E-9", "-3.939700210147613E-8", "4.999530587443156E-5", "-2.932493626115153E-7", "6.932623540613726E-7", "2.578173639508158E-8"]], "elements": [{"title": "eccentricity", "label": "e", "units": null, "value": ".2512891641629726", "name": "e", "sigma": 0.000158185477664806}, {"units": "au", "title": "perihelion distance", "label": "q", "sigma": 0.00297177440375361, "name": "q", "value": "29.44899139258017"}, {"value": "2463883.781792080189", "sigma": 3.86435891562412, "name": "tp", "label": "tp", "title": "time of perihelion passage", "units": "TDB"}, {"value": "103.5015629840495", "name": "om", "sigma": 0.00186139010149079, "title": "longitude of the ascending node", "label": "node", "units": "deg"}, {"label": "peri", "title": "argument of perihelion", "units": "deg", "value": "333.1765268067631", "sigma": 0.0309582209436848, "name": "w"}, {"sigma": 0.0001605669218584, "name": "i", "value": "13.33103026826828", "units": "deg", "title": "inclination", "label": "i"}], "labels": ["e", "q", "tp", "node", "peri", "i"]}, "condition_code": "3", "source": "JPL", "t_jup": "5.330", "data_arc": "1803", "n_dop_obs_used": null, "pe_used": "DE441", "rms": ".23819", "sb_used": "SB441-N16", "model_pars": [], "comment": null}, "object": {"neo": false, "orbit_class": {"name": "TransNeptunian Object", "code": "TNO"}, "pha": false, "spkid": "54199503", "orbit_id": "1", "fullname": "(2013 VC72)", "prefix": null, "kind": "au", "des": "2013 VC72"}, "signature": {"version": "1.3", "source": "NASA/JPL Small-Body Database (SBDB) API"}}