{"object": {"neo": false, "prefix": null, "kind": "au", "orbit_class": {"name": "TransNeptunian Object", "code": "TNO"}, "des": "2014 PS70", "orbit_id": "11", "fullname": "(2014 PS70)", "pha": false, "spkid": "3755653"}, "orbit": {"n_dop_obs_used": null, "condition_code": "3", "elements": [{"name": "e", "sigma": ".00011721", "units": null, "label": "e", "value": ".06465065429410083", "title": "eccentricity"}, {"label": "a", "title": "semi-major axis", "value": "41.81084714534401", "name": "a", "sigma": ".0059782", "units": "au"}, {"name": "q", "units": "au", "sigma": ".0025235", "label": "q", "title": "perihelion distance", "value": "39.10774852080688"}, {"sigma": ".00015906", "units": "deg", "name": "i", "value": "15.14143604612463", "title": "inclination; angle with respect to x-y ecliptic plane", "label": "i"}, {"sigma": "7.8699E-5", "units": "deg", "name": "om", "value": "347.0337352448155", "title": "longitude of the ascending node", "label": "node"}, {"sigma": ".066386", "units": "deg", "name": "w", "title": "argument of perihelion", "value": "327.5583371042168", "label": "peri"}, {"sigma": ".061711", "units": "deg", "name": "ma", "value": "43.70729385458795", "title": "mean anomaly", "label": "M"}, {"title": "time of perihelion passage", "value": "2448011.490769505119", "label": "tp", "sigma": "15.511", "units": "TDB", "name": "tp"}, {"label": "period", "title": "sidereal orbital period", "value": "98748.81152188065", "name": "per", "sigma": "21.179", "units": "d"}, {"sigma": "7.8189E-7", "units": "deg/d", "name": "n", "title": "mean motion", "value": ".003645613496018953", "label": "n"}, {"label": "Q", "title": "aphelion distance", "value": "44.51394576988113", "name": "ad", "units": "au", "sigma": ".0063647"}], "soln_date": "2022-10-06 23:55:22", "not_valid_after": null, "sb_used": "SB441-N16", "first_obs": "2013-09-03", "last_obs": "2022-10-02", "source": "JPL", "t_jup": "5.586", "covariance": {"epoch": "2457301.5", "elements": [{"label": "e", "value": ".05722941134600783", "title": "eccentricity", "name": "e", "sigma": 0.000115485516846312, "units": null}, {"value": "38.93742416630508", "title": "perihelion distance", "label": "q", "units": "au", "sigma": 0.00291173540977054, "name": "q"}, {"units": "TDB", "sigma": 17.6661493139661, "name": "tp", "value": "2446036.035483639744", "title": "time of perihelion passage", "label": "tp"}, {"sigma": 7.79296099383764e-05, "units": "deg", "name": "om", "value": "347.090343620225", "title": "longitude of the ascending node", "label": "node"}, {"label": "peri", "title": "argument of perihelion", "value": "319.3727057080642", "name": "w", "units": "deg", "sigma": 0.0759479537526625}, {"units": "deg", "sigma": 0.000159335578487568, "name": "i", "title": "inclination", "value": "15.22238130619267", "label": "i"}], "data": [["1.333690460125972E-8", "-1.335521799218052E-8", ".0003736429416429012", "1.516639458907059E-9", "1.31590575659814E-6", "3.242145483506804E-9"], ["-1.335521799218052E-8", "8.478203096511626E-6", ".05013685833128035", "3.288890036791168E-8", ".0002170784864828593", "4.663887746774228E-8"], [".0003736429416429012", ".05013685833128035", "312.0928315833456", ".0002474629648609154", "1.340948641175847", ".0003878756336585675"], ["1.516639458907059E-9", "3.288890036791168E-8", ".0002474629648609154", "6.073024105147493E-9", "1.030433294844722E-6", "9.874455422530692E-9"], ["1.31590575659814E-6", ".0002170784864828593", "1.340948641175847", "1.030433294844722E-6", ".005768091679216569", "1.5954415067083E-6"], ["3.242145483506804E-9", "4.663887746774228E-8", ".0003878756336585675", "9.874455422530692E-9", "1.5954415067083E-6", "2.538782657196781E-8"]], "labels": ["e", "q", "tp", "node", "peri", "i"]}, "epoch": "2460000.5", "rms": ".55481", "producer": "Otto Matic", "orbit_id": "11", "moid": "38.1031", "equinox": "J2000", "two_body": null, "pe_used": "DE441", "moid_jup": "34.0867", "comment": null, "not_valid_before": null, "n_obs_used": 39, "n_del_obs_used": null, "data_arc": "3316", "model_pars": []}, "signature": {"version": "1.3", "source": "NASA/JPL Small-Body Database (SBDB) API"}}