{"orbit": {"source": "JPL", "t_jup": "5.489", "n_dop_obs_used": null, "elements": [{"title": "eccentricity", "value": ".09703555961159259", "label": "e", "units": null, "sigma": ".0006358", "name": "e"}, {"value": "41.17711267248261", "title": "semi-major axis", "label": "a", "sigma": ".035898", "units": "au", "name": "a"}, {"name": "q", "units": "au", "sigma": ".058562", "label": "q", "value": "37.18146850111866", "title": "perihelion distance"}, {"label": "i", "value": "16.73277687307682", "title": "inclination; angle with respect to x-y ecliptic plane", "name": "i", "units": "deg", "sigma": ".00015207"}, {"label": "node", "value": "123.5192612699141", "title": "longitude of the ascending node", "name": "om", "units": "deg", "sigma": ".0012924"}, {"name": "w", "units": "deg", "sigma": ".16886", "label": "peri", "value": "227.6695628914955", "title": "argument of perihelion"}, {"name": "ma", "units": "deg", "sigma": ".14478", "label": "M", "title": "mean anomaly", "value": "229.0828248037034"}, {"sigma": "19.283", "units": "TDB", "name": "tp", "value": "2495098.016604412223", "title": "time of perihelion passage", "label": "tp"}, {"name": "per", "units": "d", "sigma": "126.21", "label": "period", "value": "96512.21055330121", "title": "sidereal orbital period"}, {"sigma": "4.8778E-6", "units": "deg/d", "name": "n", "title": "mean motion", "value": ".003730097963108837", "label": "n"}, {"label": "Q", "value": "45.17275684384656", "title": "aphelion distance", "name": "ad", "units": "au", "sigma": ".039381"}], "condition_code": "4", "soln_date": "2021-04-14 20:48:07", "sb_used": "SB441-N16", "not_valid_after": null, "first_obs": "1998-04-22", "last_obs": "2017-03-30", "pe_used": "DE441", "two_body": null, "equinox": "J2000", "moid_jup": "32.3009", "comment": null, "not_valid_before": null, "n_obs_used": 19, "model_pars": [], "data_arc": "6917", "n_del_obs_used": null, "covariance": {"data": [["3.9246848513972E-7", "-3.670406541292695E-5", "-.003627358343305573", "7.050773232340511E-8", ".0001112881781701432", "-5.094787494116535E-8"], ["-3.670406541292695E-5", ".003438460752993127", ".3009239831829486", "-6.892124173575227E-6", "-.01055818851051239", "4.751016440583778E-6"], ["-.003627358343305573", ".3009239831829486", "285.7875171624029", ".001305799318441048", "-.03953942476048397", ".0005626273834983886"], ["7.050773232340511E-8", "-6.892124173575227E-6", ".001305799318441048", "1.66341663022367E-6", "2.610591988625077E-5", "1.287652792430348E-7"], [".0001112881781701432", "-.01055818851051239", "-.03953942476048397", "2.610591988625077E-5", ".03543698024827773", "-1.421970070217134E-5"], ["-5.094787494116535E-8", "4.751016440583778E-6", ".0005626273834983886", "1.287652792430348E-7", "-1.421970070217134E-5", "2.283444372551301E-8"]], "labels": ["e", "q", "tp", "node", "peri", "i"], "epoch": "2455057.5", "elements": [{"name": "e", "sigma": 0.000626473052205536, "units": null, "label": "e", "value": ".09458180862416078", "title": "eccentricity"}, {"title": "perihelion distance", "value": "37.4218556079944", "label": "q", "sigma": 0.0586383897544358, "units": "au", "name": "q"}, {"value": "2494660.604400444608", "title": "time of perihelion passage", "label": "tp", "sigma": 16.9052511712309, "units": "TDB", "name": "tp"}, {"units": "deg", "sigma": 0.00128973510079538, "name": "om", "value": "123.5723478172913", "title": "longitude of the ascending node", "label": "node"}, {"value": "225.3621233327901", "title": "argument of perihelion", "label": "peri", "sigma": 0.188247125471487, "units": "deg", "name": "w"}, {"units": "deg", "sigma": 0.000151110700235003, "name": "i", "title": "inclination", "value": "16.74145504396431", "label": "i"}]}, "epoch": "2460000.5", "rms": ".24455", "producer": "Otto Matic", "orbit_id": "7", "moid": "36.1972"}, "object": {"des": "1998 HO151", "orbit_id": "7", "fullname": "(1998 HO151)", "pha": false, "spkid": "3020099", "prefix": null, "neo": false, "orbit_class": {"code": "TNO", "name": "TransNeptunian Object"}, "kind": "au"}, "signature": {"version": "1.3", "source": "NASA/JPL Small-Body Database (SBDB) API"}}