{"signature": {"version": "1.3", "source": "NASA/JPL Small-Body Database (SBDB) API"}, "object": {"spkid": "3835664", "pha": false, "neo": false, "orbit_class": {"code": "TNO", "name": "TransNeptunian Object"}, "prefix": null, "des": "2015 RW280", "kind": "au", "orbit_id": "2", "fullname": "(2015 RW280)"}, "orbit": {"t_jup": "4.866", "covariance": {"labels": ["e", "q", "tp", "node", "peri", "i"], "elements": [{"sigma": 0.00113061574942219, "name": "e", "value": ".1425351751783743", "units": null, "title": "eccentricity", "label": "e"}, {"units": "au", "title": "perihelion distance", "label": "q", "name": "q", "sigma": 0.0343057472636536, "value": "35.35455814667673"}, {"value": "2416855.211937326050", "sigma": 395.161352166709, "name": "tp", "label": "tp", "title": "time of perihelion passage", "units": "TDB"}, {"sigma": 0.00026449160502403, "name": "om", "value": "191.5676288944593", "units": "deg", "title": "longitude of the ascending node", "label": "node"}, {"value": "18.70679632703683", "name": "w", "sigma": 1.16209169779502, "title": "argument of perihelion", "label": "peri", "units": "deg"}, {"value": "32.44716589245292", "name": "i", "sigma": 0.00235797576284391, "title": "inclination", "label": "i", "units": "deg"}], "data": [["1.278291972841498E-6", "-3.829113671059308E-5", ".4456274460892403", "-1.073568562798262E-7", ".001308135671166238", "7.647303573900257E-7"], ["-3.829113671059308E-5", ".001176884295317675", "-13.19875260433294", "2.701790333758852E-6", "-.03860212361587537", "-1.813780042137511E-5"], [".4456274460892403", "-13.19875260433294", "156152.494246222", "-.03969317131868493", "459.0983479057276", ".2875489970808346"], ["-1.073568562798262E-7", "2.701790333758852E-6", "-.03969317131868493", "6.995580912818767E-8", "-.00011903221453601", "-6.106897058710372E-7"], [".001308135671166238", "-.03860212361587537", "459.0983479057276", "-.00011903221453601", "1.350457114084108", ".000867403326048282"], ["7.647303573900257E-7", "-1.813780042137511E-5", ".2875489970808346", "-6.106897058710372E-7", ".000867403326048282", "5.560049698159298E-6"]], "epoch": "2457478.5"}, "source": "JPL", "condition_code": "6", "last_obs": "2017-12-23", "n_obs_used": 27, "orbit_id": "2", "epoch": "2460000.5", "moid": "35.0891", "not_valid_before": null, "soln_date": "2021-04-15 14:37:08", "not_valid_after": null, "first_obs": "2015-07-14", "n_del_obs_used": null, "moid_jup": "30.6775", "elements": [{"units": null, "label": "e", "title": "eccentricity", "name": "e", "sigma": ".001218", "value": ".1331592227612686"}, {"units": "au", "title": "semi-major axis", "label": "a", "sigma": ".016502", "name": "a", "value": "41.61811370315534"}, {"value": "36.07627802965307", "sigma": ".03792", "name": "q", "title": "perihelion distance", "label": "q", "units": "au"}, {"label": "i", "title": "inclination; angle with respect to x-y ecliptic plane", "units": "deg", "value": "32.24228680658376", "name": "i", "sigma": ".0023309"}, {"name": "om", "sigma": ".00026358", "value": "191.5611527408046", "units": "deg", "label": "node", "title": "longitude of the ascending node"}, {"label": "peri", "title": "argument of perihelion", "units": "deg", "value": "20.33608645186811", "sigma": "1.2373", "name": "w"}, {"value": "158.8952814410078", "sigma": "1.635", "name": "ma", "label": "M", "title": "mean anomaly", "units": "deg"}, {"units": "TDB", "label": "tp", "title": "time of perihelion passage", "name": "tp", "sigma": "420.98", "value": "2416716.188356857230"}, {"name": "per", "sigma": "58.325", "value": "98066.80255207312", "units": "d", "label": "period", "title": "sidereal orbital period"}, {"sigma": "2.1833E-6", "name": "n", "value": ".003670967041153823", "units": "deg/d", "title": "mean motion", "label": "n"}, {"sigma": ".018699", "name": "ad", "value": "47.1599493766576", "units": "au", "title": "aphelion distance", "label": "Q"}], "producer": "Otto Matic", "two_body": null, "equinox": "J2000", "comment": null, "model_pars": [], "rms": ".24773", "sb_used": "SB441-N16", "n_dop_obs_used": null, "pe_used": "DE441", "data_arc": "893"}}