{"orbit": {"soln_date": "2021-10-06 17:43:29", "not_valid_before": null, "moid": "32.1066", "epoch": "2460000.5", "not_valid_after": null, "first_obs": "2010-09-04", "producer": "Otto Matic", "moid_jup": "27.6436", "n_del_obs_used": null, "elements": [{"name": "e", "sigma": "1.8587E-5", "value": ".1645174030350572", "units": null, "label": "e", "title": "eccentricity"}, {"units": "au", "label": "a", "title": "semi-major axis", "name": "a", "sigma": ".0011172", "value": "39.62167549378798"}, {"title": "perihelion distance", "label": "q", "units": "au", "value": "33.10322033765221", "sigma": ".0015104", "name": "q"}, {"sigma": "6.0628E-5", "name": "i", "value": "3.285076934973921", "units": "deg", "label": "i", "title": "inclination; angle with respect to x-y ecliptic plane"}, {"title": "longitude of the ascending node", "label": "node", "units": "deg", "value": "97.66257989799608", "sigma": ".0016762", "name": "om"}, {"value": "90.45398991880396", "name": "w", "sigma": ".0094177", "label": "peri", "title": "argument of perihelion", "units": "deg"}, {"label": "M", "title": "mean anomaly", "units": "deg", "value": "147.3353777029147", "name": "ma", "sigma": ".012437"}, {"sigma": "2.3087", "name": "tp", "value": "2422718.240759095992", "units": "TDB", "title": "time of perihelion passage", "label": "tp"}, {"sigma": "3.8528", "name": "per", "value": "91095.65900586771", "units": "d", "label": "period", "title": "sidereal orbital period"}, {"title": "mean motion", "label": "n", "units": "deg/d", "value": ".003951889737982043", "name": "n", "sigma": "1.6714E-7"}, {"label": "Q", "title": "aphelion distance", "units": "au", "value": "46.14013064992374", "name": "ad", "sigma": ".001301"}], "two_body": null, "equinox": "J2000", "t_jup": "5.566", "condition_code": "3", "source": "JPL", "covariance": {"data": [["3.399206122013344E-10", "-2.422131783822529E-8", "2.297754223850708E-5", "1.710135994133577E-10", "-1.971710558708491E-9", "-3.758124033413946E-13"], ["-2.422131783822529E-8", "2.195254233949495E-6", "-.0004241500624052174", "4.413556166223374E-9", "6.073020182828429E-6", "8.278777640876289E-10"], ["2.297754223850708E-5", "-.0004241500624052174", "4.720128034395422", "5.468259335589251E-5", ".01529565454623017", "2.042934357280435E-6"], ["1.710135994133577E-10", "4.413556166223374E-9", "5.468259335589251E-5", "2.839863959377292E-6", "-2.625035188300291E-6", "1.022239275660153E-7"], ["-1.971710558708491E-9", "6.073020182828429E-6", ".01529565454623017", "-2.625035188300291E-6", "7.811644321961561E-5", "-9.190656960657737E-8"], ["-3.758124033413946E-13", "8.278777640876289E-10", "2.042934357280435E-6", "1.022239275660153E-7", "-9.190656960657737E-8", "3.720745825947138E-9"]], "epoch": "2457152.5", "labels": ["e", "q", "tp", "node", "peri", "i"], "elements": [{"units": null, "title": "eccentricity", "label": "e", "name": "e", "sigma": 1.84369360849718e-05, "value": ".1745414835102153"}, {"name": "q", "sigma": 0.00148163903632075, "value": "32.39538149832941", "units": "au", "label": "q", "title": "perihelion distance"}, {"sigma": 2.17258556434388, "name": "tp", "value": "2422950.573052103915", "units": "TDB", "title": "time of perihelion passage", "label": "tp"}, {"name": "om", "sigma": 0.00168518959152295, "value": "97.68911949644981", "units": "deg", "label": "node", "title": "longitude of the ascending node"}, {"units": "deg", "label": "peri", "title": "argument of perihelion", "sigma": 0.00883835070698236, "name": "w", "value": "89.07770668196466"}, {"value": "3.286765240458161", "name": "i", "sigma": 6.09979165705447e-05, "label": "i", "title": "inclination", "units": "deg"}]}, "n_obs_used": 126, "last_obs": "2021-09-08", "orbit_id": "7", "pe_used": "DE441", "n_dop_obs_used": null, "data_arc": "4022", "comment": null, "model_pars": [], "rms": ".61258", "sb_used": "SB441-N16"}, "object": {"orbit_id": "7", "fullname": "(2014 MH70)", "prefix": null, "des": "2014 MH70", "kind": "au", "neo": false, "orbit_class": {"code": "TNO", "name": "TransNeptunian Object"}, "spkid": "3755615", "pha": false}, "signature": {"version": "1.3", "source": "NASA/JPL Small-Body Database (SBDB) API"}}