{"signature": {"version": "1.3", "source": "NASA/JPL Small-Body Database (SBDB) API"}, "orbit": {"comment": null, "pe_used": "DE441", "two_body": null, "equinox": "J2000", "moid_jup": "24.8944", "model_pars": [], "data_arc": "4844", "n_del_obs_used": null, "not_valid_before": null, "n_obs_used": 29, "epoch": "2460000.5", "covariance": {"elements": [{"sigma": 0.000251095941791985, "units": null, "name": "e", "value": ".2416460841360409", "title": "eccentricity", "label": "e"}, {"name": "q", "sigma": 0.00657279832243142, "units": "au", "label": "q", "title": "perihelion distance", "value": "29.77123411222423"}, {"name": "tp", "sigma": 8.68769808098741, "units": "TDB", "label": "tp", "value": "2446367.451659334342", "title": "time of perihelion passage"}, {"name": "om", "sigma": 0.00196297693549158, "units": "deg", "label": "node", "value": "112.9262893251896", "title": "longitude of the ascending node"}, {"name": "w", "sigma": 0.0634320942029714, "units": "deg", "label": "peri", "title": "argument of perihelion", "value": "221.5295598732385"}, {"units": "deg", "sigma": 3.61658081342292e-05, "name": "i", "value": "6.629894523411589", "title": "inclination", "label": "i"}], "epoch": "2453710.5", "data": [["6.304917198440385E-8", "1.588760037235577E-6", ".002132701924096259", "-6.117761635983387E-8", "1.548469321231489E-5", "3.358160714858832E-9"], ["1.588760037235577E-6", "4.320167778735731E-5", ".05698524821883303", "-1.662790746079514E-6", ".0004163765302298684", "8.958394910559431E-8"], [".002132701924096259", ".05698524821883303", "75.47609794639239", "-.002193152725357768", ".5506780649439109", ".0001186523229096768"], ["-6.117761635983387E-8", "-1.662790746079514E-6", "-.002193152725357768", "3.853278449271924E-6", "-1.978865953761904E-5", "7.894140979787041E-9"], ["1.548469321231489E-5", ".0004163765302298684", ".5506780649439109", "-1.978865953761904E-5", ".004023630574974635", "8.543718667392702E-7"], ["3.358160714858832E-9", "8.958394910559431E-8", ".0001186523229096768", "7.894140979787041E-9", "8.543718667392702E-7", "1.30796567800188E-9"]], "labels": ["e", "q", "tp", "node", "peri", "i"]}, "orbit_id": "8", "moid": "28.8808", "rms": ".31119", "producer": "Otto Matic", "source": "JPL", "t_jup": "5.450", "not_valid_after": null, "first_obs": "2003-09-28", "sb_used": "SB441-N16", "n_dop_obs_used": null, "elements": [{"value": ".248043666753003", "title": "eccentricity", "label": "e", "sigma": ".00026111", "units": null, "name": "e"}, {"label": "a", "value": "39.74759427281419", "title": "semi-major axis", "name": "a", "units": "au", "sigma": ".022075"}, {"sigma": ".0063621", "units": "au", "name": "q", "value": "29.8884552447747", "title": "perihelion distance", "label": "q"}, {"title": "inclination; angle with respect to x-y ecliptic plane", "value": "6.630159028476619", "label": "i", "sigma": "3.6128E-5", "units": "deg", "name": "i"}, {"value": "112.8900553991186", "title": "longitude of the ascending node", "label": "node", "units": "deg", "sigma": ".0019532", "name": "om"}, {"label": "peri", "value": "223.3937004012854", "title": "argument of perihelion", "name": "w", "units": "deg", "sigma": ".060335"}, {"label": "M", "title": "mean anomaly", "value": "52.47022485695992", "name": "ma", "units": "deg", "sigma": ".076338"}, {"sigma": "8.3244", "units": "TDB", "name": "tp", "title": "time of perihelion passage", "value": "2446659.907344040417", "label": "tp"}, {"label": "period", "title": "sidereal orbital period", "value": "91530.26062377178", "name": "per", "sigma": "76.251", "units": "d"}, {"sigma": "3.2766E-6", "units": "deg/d", "name": "n", "title": "mean motion", "value": ".00393312547726432", "label": "n"}, {"units": "au", "sigma": ".027551", "name": "ad", "title": "aphelion distance", "value": "49.60673330085368", "label": "Q"}], "condition_code": "4", "soln_date": "2021-06-16 11:12:03", "last_obs": "2017-01-01"}, "object": {"spkid": "3385837", "orbit_id": "8", "pha": false, "fullname": "(2003 WO193)", "des": "2003 WO193", "kind": "au", "orbit_class": {"name": "TransNeptunian Object", "code": "TNO"}, "neo": false, "prefix": null}}