{"object": {"orbit_class": {"name": "TransNeptunian Object", "code": "TNO"}, "neo": false, "pha": false, "spkid": "20015788", "fullname": "15788 (1993 SB)", "orbit_id": "13", "kind": "an", "des": "15788", "prefix": null}, "orbit": {"comment": null, "rms": ".6474", "sb_used": "SB441-N16", "model_pars": [], "data_arc": "10335", "pe_used": "DE441", "n_dop_obs_used": null, "source": "JPL", "condition_code": "2", "covariance": {"epoch": "2457437.5", "data": [["1.440096630307369E-10", "1.291817193669571E-9", "-1.368354859753353E-6", "2.816145025731819E-11", "-1.130813150198935E-8", "2.837052265001139E-12"], ["1.291817193669571E-9", "1.215422947742596E-8", "-1.313730949067471E-5", "2.867797092661098E-10", "-1.089021281958194E-7", "2.678361549163457E-11"], ["-1.368354859753353E-6", "-1.313730949067471E-5", ".01467635407428514", "-3.297759956001562E-7", ".0001216739508955523", "-2.89646762419144E-8"], ["2.816145025731819E-11", "2.867797092661098E-10", "-3.297759956001562E-7", "7.148837930851694E-7", "-7.172082743007597E-7", "1.369560989995369E-8"], ["-1.130813150198935E-8", "-1.089021281958194E-7", ".0001216739508955523", "-7.172082743007597E-7", "1.723054645449778E-6", "-1.392728974248536E-8"], ["2.837052265001139E-12", "2.678361549163457E-11", "-2.89646762419144E-8", "1.369560989995369E-8", "-1.392728974248536E-8", "3.085910338482177E-10"]], "elements": [{"units": null, "title": "eccentricity", "label": "e", "name": "e", "sigma": 1.20004026195264e-05, "value": ".3194161421111949"}, {"value": "26.72618051753012", "name": "q", "sigma": 0.000110246222055116, "title": "perihelion distance", "label": "q", "units": "au"}, {"name": "tp", "sigma": 0.121146003129633, "value": "2459963.040030362904", "units": "TDB", "title": "time of perihelion passage", "label": "tp"}, {"units": "deg", "label": "node", "title": "longitude of the ascending node", "sigma": 0.000845508008882926, "name": "om", "value": "354.9269504026953"}, {"title": "argument of perihelion", "label": "peri", "units": "deg", "value": "79.45729840209255", "sigma": 0.0013126517609213, "name": "w"}, {"sigma": 1.7566759343949e-05, "name": "i", "value": "1.939884062623349", "units": "deg", "title": "inclination", "label": "i"}], "labels": ["e", "q", "tp", "node", "peri", "i"]}, "t_jup": "5.347", "orbit_id": "13", "n_obs_used": 126, "last_obs": "2022-12-01", "first_obs": "1994-08-15", "not_valid_after": null, "not_valid_before": null, "soln_date": "2023-02-09 19:36:40", "moid": "25.7613", "epoch": "2460000.5", "two_body": null, "equinox": "J2000", "producer": "Otto Matic", "n_del_obs_used": null, "moid_jup": "21.677", "elements": [{"sigma": "1.2108E-5", "name": "e", "value": ".3243766708701569", "units": null, "label": "e", "title": "eccentricity"}, {"units": "au", "title": "semi-major axis", "label": "a", "sigma": ".00086741", "name": "a", "value": "39.58855623891571"}, {"value": "26.74695216158025", "name": "q", "sigma": ".00010872", "title": "perihelion distance", "label": "q", "units": "au"}, {"value": "1.936045848969934", "name": "i", "sigma": "1.7442E-5", "label": "i", "title": "inclination; angle with respect to x-y ecliptic plane", "units": "deg"}, {"label": "node", "title": "longitude of the ascending node", "units": "deg", "value": "354.6940108819983", "name": "om", "sigma": ".00084664"}, {"title": "argument of perihelion", "label": "peri", "units": "deg", "value": "78.86693142437868", "sigma": ".0012866", "name": "w"}, {"value": ".5375284655065606", "name": "ma", "sigma": ".00044558", "title": "mean anomaly", "label": "M", "units": "deg"}, {"title": "time of perihelion passage", "label": "tp", "units": "TDB", "value": "2459864.652425258660", "sigma": ".11684", "name": "tp"}, {"units": "d", "title": "sidereal orbital period", "label": "period", "name": "per", "sigma": "2.9902", "value": "90981.46432262882"}, {"units": "deg/d", "label": "n", "title": "mean motion", "sigma": "1.3005E-7", "name": "n", "value": ".003956849921907238"}, {"title": "aphelion distance", "label": "Q", "units": "au", "value": "52.43016031625116", "sigma": ".0011488", "name": "ad"}]}, "signature": {"version": "1.3", "source": "NASA/JPL Small-Body Database (SBDB) API"}}