{"signature": {"version": "1.3", "source": "NASA/JPL Small-Body Database (SBDB) API"}, "orbit": {"covariance": {"data": [["2.733444547462766E-8", "-9.415877879111114E-7", ".002355535500426006", "-1.67911678092275E-9", "1.213321611494612E-5", "4.083158862623312E-9"], ["-9.415877879111114E-7", "5.113845258873118E-5", "-.1429174007232124", "3.854179582888031E-8", "-.000716047313845648", "-5.461676593696083E-8"], [".002355535500426006", "-.1429174007232124", "408.7464946770527", "-8.391367521644263E-5", "2.03732011488095", "7.811956309590554E-5"], ["-1.67911678092275E-9", "3.854179582888031E-8", "-8.391367521644263E-5", "2.368303050178206E-7", "-6.71015414884557E-7", "-3.928975329153458E-7"], ["1.213321611494612E-5", "-.000716047313845648", "2.03732011488095", "-6.71015414884557E-7", ".0101667698363051", "8.510718220549067E-7"], ["4.083158862623312E-9", "-5.461676593696083E-8", "7.811956309590554E-5", "-3.928975329153458E-7", "8.510718220549067E-7", "6.682977994370178E-7"]], "epoch": "2457113.5", "labels": ["e", "q", "tp", "node", "peri", "i"], "elements": [{"units": null, "label": "e", "title": "eccentricity", "sigma": 0.00016533132030752, "name": "e", "value": ".09721320366885214"}, {"units": "au", "title": "perihelion distance", "label": "q", "name": "q", "sigma": 0.00715111547863207, "value": "37.32775348897985"}, {"value": "2470058.546835477080", "name": "tp", "sigma": 20.217479928939, "title": "time of perihelion passage", "label": "tp", "units": "TDB"}, {"units": "deg", "title": "longitude of the ascending node", "label": "node", "sigma": 0.000486652139641675, "name": "om", "value": "222.4389845786911"}, {"sigma": 0.100830401349519, "name": "w", "value": "225.0238053693823", "units": "deg", "title": "argument of perihelion", "label": "peri"}, {"name": "i", "sigma": 0.000817494831443611, "value": "21.03566747375106", "units": "deg", "title": "inclination", "label": "i"}]}, "condition_code": "4", "source": "JPL", "t_jup": "5.384", "orbit_id": "3", "n_obs_used": 29, "last_obs": "2022-11-28", "first_obs": "2014-07-26", "not_valid_after": null, "epoch": "2460000.5", "not_valid_before": null, "soln_date": "2022-12-22 00:00:59", "moid": "36.5534", "two_body": null, "equinox": "J2000", "elements": [{"value": ".1002564996298656", "name": "e", "sigma": ".0001558", "label": "e", "title": "eccentricity", "units": null}, {"value": "41.69153791241284", "sigma": ".0050524", "name": "a", "label": "a", "title": "semi-major axis", "units": "au"}, {"value": "37.51169025712849", "sigma": ".0067207", "name": "q", "title": "perihelion distance", "label": "q", "units": "au"}, {"value": "20.96902169387166", "sigma": ".00081437", "name": "i", "title": "inclination; angle with respect to x-y ecliptic plane", "label": "i", "units": "deg"}, {"units": "deg", "title": "longitude of the ascending node", "label": "node", "name": "om", "sigma": ".0004877", "value": "222.4324517748996"}, {"label": "peri", "title": "argument of perihelion", "units": "deg", "value": "220.5087286172914", "sigma": ".10354", "name": "w"}, {"value": "326.793466488101", "sigma": ".080767", "name": "ma", "title": "mean anomaly", "label": "M", "units": "deg"}, {"value": "2469070.166976126555", "sigma": "21.247", "name": "tp", "title": "time of perihelion passage", "label": "tp", "units": "TDB"}, {"units": "d", "label": "period", "title": "sidereal orbital period", "name": "per", "sigma": "17.874", "value": "98326.43658018604"}, {"value": ".003661273737978056", "sigma": "6.6554E-7", "name": "n", "title": "mean motion", "label": "n", "units": "deg/d"}, {"units": "au", "title": "aphelion distance", "label": "Q", "sigma": ".0055589", "name": "ad", "value": "45.87138556769719"}], "n_del_obs_used": null, "moid_jup": "32.558", "producer": "Otto Matic", "comment": null, "sb_used": "SB441-N16", "rms": ".15287", "model_pars": [], "data_arc": "3047", "n_dop_obs_used": null, "pe_used": "DE441"}, "object": {"orbit_class": {"name": "TransNeptunian Object", "code": "TNO"}, "neo": false, "spkid": "3790104", "pha": false, "fullname": "(2014 UJ229)", "orbit_id": "3", "des": "2014 UJ229", "kind": "au", "prefix": null}}