{"signature": {"version": "1.3", "source": "NASA/JPL Small-Body Database (SBDB) API"}, "object": {"fullname": "(2014 QM441)", "orbit_id": "14", "des": "2014 QM441", "kind": "au", "prefix": null, "orbit_class": {"name": "TransNeptunian Object", "code": "TNO"}, "neo": false, "spkid": "3695751", "pha": false}, "orbit": {"comment": null, "model_pars": [], "rms": ".20422", "sb_used": "SB441-N16", "pe_used": "DE441", "n_dop_obs_used": null, "data_arc": "2335", "t_jup": "5.173", "condition_code": "4", "source": "JPL", "covariance": {"data": [["9.914507724082912E-9", "7.625230495068999E-8", "2.72454253261043E-5", "-2.218914785026882E-8", "2.173345784053979E-7", "6.039701424484749E-9"], ["7.625230495068999E-8", "8.673998217717085E-7", "-.00214691892895112", "-1.72793120365772E-7", "-1.559366798285438E-5", "4.368748752617693E-8"], ["2.72454253261043E-5", "-.00214691892895112", "21.94807553819757", "-.0001080192682231407", ".1607650490216224", "6.023163132145452E-5"], ["-2.218914785026882E-8", "-1.72793120365772E-7", "-.0001080192682231407", "1.522635209344974E-6", "-2.225171103623416E-6", "-2.90236946046299E-7"], ["2.173345784053979E-7", "-1.559366798285438E-5", ".1607650490216224", "-2.225171103623416E-6", ".00117893288087616", "7.13417833284927E-7"], ["6.039701424484749E-9", "4.368748752617693E-8", "6.023163132145452E-5", "-2.90236946046299E-7", "7.13417833284927E-7", "5.640644914791339E-8"]], "epoch": "2457048.5", "labels": ["e", "q", "tp", "node", "peri", "i"], "elements": [{"label": "e", "title": "eccentricity", "units": null, "value": ".2804814097919475", "sigma": 9.95716210779101e-05, "name": "e"}, {"value": "28.51119669010743", "name": "q", "sigma": 0.000931343020466524, "label": "q", "title": "perihelion distance", "units": "au"}, {"value": "2458712.032086487266", "name": "tp", "sigma": 4.68487732370844, "title": "time of perihelion passage", "label": "tp", "units": "TDB"}, {"title": "longitude of the ascending node", "label": "node", "units": "deg", "value": "96.11235482647295", "name": "om", "sigma": 0.00123395105630044}, {"units": "deg", "label": "peri", "title": "argument of perihelion", "sigma": 0.0343355920420219, "name": "w", "value": "313.1936039443106"}, {"value": "18.25659187419596", "name": "i", "sigma": 0.000237500419258395, "label": "i", "title": "inclination", "units": "deg"}]}, "n_obs_used": 71, "last_obs": "2021-01-11", "orbit_id": "14", "not_valid_before": null, "moid": "27.5581", "soln_date": "2021-04-15 11:01:33", "epoch": "2460000.5", "first_obs": "2014-08-21", "not_valid_after": null, "producer": "Otto Matic", "elements": [{"name": "e", "sigma": "9.9793E-5", "value": ".286272348695269", "units": null, "title": "eccentricity", "label": "e"}, {"value": "39.96115465302285", "sigma": ".0067104", "name": "a", "title": "semi-major axis", "label": "a", "units": "au"}, {"units": "au", "title": "perihelion distance", "label": "q", "sigma": ".00091223", "name": "q", "value": "28.52138105392713"}, {"title": "inclination; angle with respect to x-y ecliptic plane", "label": "i", "units": "deg", "value": "18.26036177560672", "name": "i", "sigma": ".00023692"}, {"sigma": ".0012302", "name": "om", "value": "96.0454695348063", "units": "deg", "label": "node", "title": "longitude of the ascending node"}, {"value": "312.6050357995263", "sigma": ".033748", "name": "w", "label": "peri", "title": "argument of perihelion", "units": "deg"}, {"value": "5.356337160502934", "sigma": ".017923", "name": "ma", "label": "M", "title": "mean anomaly", "units": "deg"}, {"title": "time of perihelion passage", "label": "tp", "units": "TDB", "value": "2458627.656995489208", "name": "tp", "sigma": "4.5983"}, {"label": "period", "title": "sidereal orbital period", "units": "d", "value": "92268.92684579996", "sigma": "23.241", "name": "per"}, {"sigma": "9.8276E-7", "name": "n", "value": ".003901638528880181", "units": "deg/d", "label": "n", "title": "mean motion"}, {"name": "ad", "sigma": ".0086314", "value": "51.40092825211858", "units": "au", "label": "Q", "title": "aphelion distance"}], "n_del_obs_used": null, "moid_jup": "23.6503", "two_body": null, "equinox": "J2000"}}