{"signature": {"version": "1.3", "source": "NASA/JPL Small-Body Database (SBDB) API"}, "object": {"pha": false, "spkid": "3841230", "orbit_class": {"name": "TransNeptunian Object", "code": "TNO"}, "neo": false, "kind": "au", "des": "2010 TS195", "prefix": null, "fullname": "(2010 TS195)", "orbit_id": "4"}, "orbit": {"producer": "Otto Matic", "moid_jup": "29.6249", "n_del_obs_used": null, "elements": [{"title": "eccentricity", "label": "e", "units": null, "value": ".1309850166230518", "sigma": "2.5742E-5", "name": "e"}, {"title": "semi-major axis", "label": "a", "units": "au", "value": "39.74078694904924", "name": "a", "sigma": ".0014796"}, {"value": "34.53533930991486", "sigma": ".00026473", "name": "q", "title": "perihelion distance", "label": "q", "units": "au"}, {"units": "deg", "label": "i", "title": "inclination; angle with respect to x-y ecliptic plane", "sigma": "6.1757E-5", "name": "i", "value": "15.47851444599672"}, {"label": "node", "title": "longitude of the ascending node", "units": "deg", "value": "181.982110050157", "name": "om", "sigma": ".00020687"}, {"sigma": ".0057173", "name": "w", "value": "219.9852661001127", "units": "deg", "label": "peri", "title": "argument of perihelion"}, {"sigma": ".0044457", "name": "ma", "value": "11.66255706744906", "units": "deg", "label": "M", "title": "mean anomaly"}, {"label": "tp", "title": "time of perihelion passage", "units": "TDB", "value": "2457036.048140406810", "name": "tp", "sigma": "1.106"}, {"units": "d", "label": "period", "title": "sidereal orbital period", "name": "per", "sigma": "5.1104", "value": "91506.74790112533"}, {"value": ".003934136096596793", "sigma": "2.1971E-7", "name": "n", "label": "n", "title": "mean motion", "units": "deg/d"}, {"units": "au", "title": "aphelion distance", "label": "Q", "sigma": ".0016734", "name": "ad", "value": "44.94623458818361"}], "equinox": "J2000", "two_body": null, "soln_date": "2021-12-14 21:24:26", "not_valid_before": null, "moid": "33.5571", "epoch": "2460000.5", "not_valid_after": null, "first_obs": "2010-10-07", "n_obs_used": 78, "last_obs": "2021-12-01", "orbit_id": "4", "t_jup": "5.412", "source": "JPL", "condition_code": "2", "covariance": {"labels": ["e", "q", "tp", "node", "peri", "i"], "elements": [{"name": "e", "sigma": 2.56252662909734e-05, "value": ".1228894648355586", "units": null, "title": "eccentricity", "label": "e"}, {"value": "34.53772976302056", "name": "q", "sigma": 0.00026418745402182, "label": "q", "title": "perihelion distance", "units": "au"}, {"label": "tp", "title": "time of perihelion passage", "units": "TDB", "value": "2457234.228817928922", "name": "tp", "sigma": 1.17704156091859}, {"title": "longitude of the ascending node", "label": "node", "units": "deg", "value": "182.1994119127329", "name": "om", "sigma": 0.000206232230674159}, {"sigma": 0.00606211528799755, "name": "w", "value": "220.8452402286026", "units": "deg", "title": "argument of perihelion", "label": "peri"}, {"label": "i", "title": "inclination", "units": "deg", "value": "15.52847164649713", "sigma": 6.21072782108052e-05, "name": "i"}], "data": [["6.566542724832974E-10", "6.714212583044764E-9", "1.21651538092544E-6", "2.35978233661198E-10", "6.036161288016545E-9", "1.41971055406893E-10"], ["6.714212583044764E-9", "6.979501086253106E-8", "1.547869554481898E-5", "2.433560504126886E-9", "7.73726614791E-8", "1.469466468099696E-9"], ["1.21651538092544E-6", "1.547869554481898E-5", "1.385426836129672", "-8.024910024807991E-6", ".007131528026716059", "-2.42155525874017E-6"], ["2.35978233661198E-10", "2.433560504126886E-9", "-8.024910024807991E-6", "4.253173296883949E-8", "-8.223839151969783E-8", "1.262631882876979E-8"], ["6.036161288016545E-9", "7.73726614791E-8", ".007131528026716059", "-8.223839151969783E-8", "3.674924176497362E-5", "-2.461425100680261E-8"], ["1.41971055406893E-10", "1.469466468099696E-9", "-2.42155525874017E-6", "1.262631882876979E-8", "-2.461425100680261E-8", "3.857314006754355E-9"]], "epoch": "2457396.5"}, "pe_used": "DE441", "n_dop_obs_used": null, "data_arc": "4073", "model_pars": [], "rms": ".70238", "sb_used": "SB441-N16", "comment": null}}