{"signature": {"version": "1.3", "source": "NASA/JPL Small-Body Database (SBDB) API"}, "orbit": {"comment": null, "rms": ".221", "sb_used": "SB441-N16", "model_pars": [], "data_arc": "1453", "n_dop_obs_used": null, "pe_used": "DE441", "covariance": {"elements": [{"units": null, "title": "eccentricity", "label": "e", "name": "e", "sigma": 0.000554610914842702, "value": ".1321879341621243"}, {"title": "perihelion distance", "label": "q", "units": "au", "value": "35.6872483493087", "name": "q", "sigma": 0.0222150934114819}, {"sigma": 25.6129155208391, "name": "tp", "value": "2443410.624022489235", "units": "TDB", "title": "time of perihelion passage", "label": "tp"}, {"units": "deg", "title": "longitude of the ascending node", "label": "node", "sigma": 0.00204175180358915, "name": "om", "value": "146.3254629929044"}, {"value": "193.5243877796001", "name": "w", "sigma": 0.166501029611415, "title": "argument of perihelion", "label": "peri", "units": "deg"}, {"sigma": 0.000182078173073438, "name": "i", "value": "31.51855779001131", "units": "deg", "label": "i", "title": "inclination"}], "labels": ["e", "q", "tp", "node", "peri", "i"], "epoch": "2457636.5", "data": [["3.075932668626584E-7", "-1.10777797479234E-5", "-.01013737537307229", "4.710989773731245E-7", "-7.32559928961825E-5", "3.60496421022211E-8"], ["-1.10777797479234E-5", ".0004935103752808678", ".5392772377607495", "-2.134276260110793E-5", ".00362297585429186", "-1.219470853711716E-6"], ["-.01013737537307229", ".5392772377607495", "656.0214414776384", "-.02355378573342585", "4.232727227892592", "-.001045852945394439"], ["4.710989773731245E-7", "-2.134276260110793E-5", "-.02355378573342585", "4.168750427459531E-6", "-.0001603931461473769", "3.500293647436754E-7"], ["-7.32559928961825E-5", ".00362297585429186", "4.232727227892592", "-.0001603931461473769", ".02772259286166145", "-8.031682470587476E-6"], ["3.60496421022211E-8", "-1.219470853711716E-6", "-.001045852945394439", "3.500293647436754E-7", "-8.031682470587476E-6", "3.315246110976086E-8"]]}, "source": "JPL", "condition_code": "4", "t_jup": "4.899", "orbit_id": "1", "n_obs_used": 14, "last_obs": "2018-10-20", "not_valid_after": null, "first_obs": "2014-10-28", "epoch": "2460000.5", "moid": "34.8145", "not_valid_before": null, "soln_date": "2021-09-21 14:12:06", "two_body": null, "equinox": "J2000", "n_del_obs_used": null, "moid_jup": "30.851", "elements": [{"sigma": ".00053956", "name": "e", "value": ".1384951881021942", "units": null, "title": "eccentricity", "label": "e"}, {"sigma": ".011969", "name": "a", "value": "41.57051781792974", "units": "au", "label": "a", "title": "semi-major axis"}, {"sigma": ".021551", "name": "q", "value": "35.81320113322995", "units": "au", "label": "q", "title": "perihelion distance"}, {"sigma": ".00017835", "name": "i", "value": "31.50254698835126", "units": "deg", "label": "i", "title": "inclination; angle with respect to x-y ecliptic plane"}, {"label": "node", "title": "longitude of the ascending node", "units": "deg", "value": "146.1000004077193", "sigma": ".0020271", "name": "om"}, {"label": "peri", "title": "argument of perihelion", "units": "deg", "value": "196.9132240320169", "name": "w", "sigma": ".16972"}, {"label": "M", "title": "mean anomaly", "units": "deg", "value": "58.45393778983069", "name": "ma", "sigma": ".11142"}, {"name": "tp", "sigma": "26.914", "value": "2444104.500130143411", "units": "TDB", "title": "time of perihelion passage", "label": "tp"}, {"units": "d", "title": "sidereal orbital period", "label": "period", "name": "per", "sigma": "42.281", "value": "97898.62188110675"}, {"units": "deg/d", "title": "mean motion", "label": "n", "sigma": "1.5882E-6", "name": "n", "value": ".003677273418998716"}, {"value": "47.32783450262953", "name": "ad", "sigma": ".013627", "title": "aphelion distance", "label": "Q", "units": "au"}], "producer": "Otto Matic"}, "object": {"spkid": "54198951", "pha": false, "orbit_class": {"code": "TNO", "name": "TransNeptunian Object"}, "neo": false, "des": "2014 UR277", "kind": "au", "prefix": null, "fullname": "(2014 UR277)", "orbit_id": "1"}}