{"orbit": {"epoch": "2460000.5", "covariance": {"data": [["8.927592522351436E-10", "-1.044392283626899E-8", "-5.275041338823468E-6", "4.17291952231474E-10", "-6.146243846021133E-8", "-1.023884866710057E-10"], ["-1.044392283626899E-8", "6.3905051114003E-7", ".000780180118506873", "-1.498172924010448E-8", "5.720471589184326E-6", "6.916752796653365E-9"], ["-5.275041338823468E-6", ".000780180118506873", "1.035593389715885", "-1.648184477586154E-5", ".007345240421559438", "8.509011799464506E-6"], ["4.17291952231474E-10", "-1.498172924010448E-8", "-1.648184477586154E-5", "4.470918055143291E-8", "-1.673021722750276E-7", "-1.695200715601742E-8"], ["-6.146243846021133E-8", "5.720471589184326E-6", ".007345240421559438", "-1.673021722750276E-7", "5.28212584262726E-5", "7.767164731387939E-8"], ["-1.023884866710057E-10", "6.916752796653365E-9", "8.509011799464506E-6", "-1.695200715601742E-8", "7.767164731387939E-8", "6.515532549934638E-9"]], "labels": ["e", "q", "tp", "node", "peri", "i"], "elements": [{"title": "eccentricity", "value": ".193657653080459", "label": "e", "sigma": 2.98790771650522e-05, "units": null, "name": "e"}, {"label": "q", "value": "31.63343364795125", "title": "perihelion distance", "name": "q", "sigma": 0.000799406349199223, "units": "au"}, {"label": "tp", "title": "time of perihelion passage", "value": "2447675.108350903834", "name": "tp", "units": "TDB", "sigma": 1.01764109081536}, {"sigma": 0.000211445455263131, "units": "deg", "name": "om", "title": "longitude of the ascending node", "value": "88.50256856304604", "label": "node"}, {"value": "259.1255988034607", "title": "argument of perihelion", "label": "peri", "units": "deg", "sigma": 0.00726782349993948, "name": "w"}, {"name": "i", "units": "deg", "sigma": 8.07188487897011e-05, "label": "i", "value": "22.4340911126665", "title": "inclination"}], "epoch": "2457383.5"}, "orbit_id": "3", "moid": "30.7421", "rms": ".73736", "producer": "Otto Matic", "comment": null, "equinox": "J2000", "two_body": null, "pe_used": "DE441", "moid_jup": "27.0784", "model_pars": [], "n_del_obs_used": null, "data_arc": "2236", "not_valid_before": null, "n_obs_used": 88, "first_obs": "2011-11-22", "not_valid_after": null, "sb_used": "SB441-N16", "condition_code": "2", "n_dop_obs_used": null, "elements": [{"name": "e", "sigma": "2.9866E-5", "units": null, "label": "e", "title": "eccentricity", "value": ".2010435258214268"}, {"title": "semi-major axis", "value": "39.64388678770113", "label": "a", "sigma": ".0013894", "units": "au", "name": "a"}, {"name": "q", "sigma": ".00078123", "units": "au", "label": "q", "title": "perihelion distance", "value": "31.67374001063622"}, {"sigma": "8.0381E-5", "units": "deg", "name": "i", "title": "inclination; angle with respect to x-y ecliptic plane", "value": "22.42057836711825", "label": "i"}, {"label": "node", "value": "88.49876844792837", "title": "longitude of the ascending node", "name": "om", "units": "deg", "sigma": ".00021096"}, {"name": "w", "sigma": ".0070834", "units": "deg", "label": "peri", "value": "260.5461378966194", "title": "argument of perihelion"}, {"title": "mean anomaly", "value": "47.5833590373916", "label": "M", "units": "deg", "sigma": ".0055705", "name": "ma"}, {"sigma": ".99253", "units": "TDB", "name": "tp", "title": "time of perihelion passage", "value": "2447949.714290793312", "label": "tp"}, {"label": "period", "value": "91172.26995062141", "title": "sidereal orbital period", "name": "per", "units": "d", "sigma": "4.793"}, {"label": "n", "title": "mean motion", "value": ".003948569013308265", "name": "n", "sigma": "2.0758E-7", "units": "deg/d"}, {"title": "aphelion distance", "value": "47.61403356476605", "label": "Q", "units": "au", "sigma": ".0016688", "name": "ad"}], "soln_date": "2021-04-15 12:05:29", "last_obs": "2018-01-05", "source": "JPL", "t_jup": "5.130"}, "object": {"neo": false, "prefix": null, "kind": "au", "orbit_class": {"name": "TransNeptunian Object", "code": "TNO"}, "des": "2014 WC536", "pha": false, "orbit_id": "3", "fullname": "(2014 WC536)", "spkid": "3841302"}, "signature": {"version": "1.3", "source": "NASA/JPL Small-Body Database (SBDB) API"}}