{"object": {"orbit_id": "2", "fullname": "(2014 RW86)", "prefix": null, "kind": "au", "des": "2014 RW86", "neo": false, "orbit_class": {"code": "TNO", "name": "TransNeptunian Object"}, "pha": false, "spkid": "54198369"}, "orbit": {"first_obs": "2014-09-04", "not_valid_after": null, "not_valid_before": null, "moid": "30.432", "soln_date": "2023-01-06 22:26:11", "epoch": "2460000.5", "equinox": "J2000", "two_body": null, "producer": "Otto Matic", "n_del_obs_used": null, "moid_jup": "26.7365", "elements": [{"value": ".2084069236574678", "name": "e", "sigma": ".00012385", "title": "eccentricity", "label": "e", "units": null}, {"value": "39.62530315551429", "sigma": ".007539", "name": "a", "title": "semi-major axis", "label": "a", "units": "au"}, {"title": "perihelion distance", "label": "q", "units": "au", "value": "31.36711562587901", "name": "q", "sigma": ".0016707"}, {"units": "deg", "label": "i", "title": "inclination; angle with respect to x-y ecliptic plane", "name": "i", "sigma": "4.1255E-5", "value": "23.28997400156903"}, {"units": "deg", "label": "node", "title": "longitude of the ascending node", "name": "om", "sigma": ".0011851", "value": "126.9771653856025"}, {"name": "w", "sigma": ".023686", "value": "244.130783434674", "units": "deg", "label": "peri", "title": "argument of perihelion"}, {"title": "mean anomaly", "label": "M", "units": "deg", "value": "25.64903275642926", "name": "ma", "sigma": ".018649"}, {"units": "TDB", "title": "time of perihelion passage", "label": "tp", "sigma": "3.6826", "name": "tp", "value": "2453509.287673742637"}, {"units": "d", "title": "sidereal orbital period", "label": "period", "sigma": "26.001", "name": "per", "value": "91108.17002901962"}, {"units": "deg/d", "label": "n", "title": "mean motion", "sigma": "1.1277E-6", "name": "n", "value": ".003951347062347245"}, {"sigma": ".0091102", "name": "ad", "value": "47.88349068514957", "units": "au", "title": "aphelion distance", "label": "Q"}], "source": "JPL", "condition_code": "3", "covariance": {"data": [["1.5111453384042E-8", "1.086001845749826E-7", "8.07538266993854E-5", "-1.041062859806082E-9", "4.720535964616831E-7", "2.317582047437588E-9"], ["1.086001845749826E-7", "2.889294592990587E-6", ".006066685810539715", "-1.573703097721752E-7", "3.865406068363646E-5", "2.942401642525389E-8"], ["8.07538266993854E-5", ".006066685810539715", "14.96483433591622", "-.0003974352063863499", ".09581001836568699", "4.444178086618525E-5"], ["-1.041062859806082E-9", "-1.573703097721752E-7", "-.0003974352063863499", "1.415952961630474E-6", "-3.840947603212545E-6", "1.743320593098104E-8"], ["4.720535964616831E-7", "3.865406068363646E-5", ".09581001836568699", "-3.840947603212545E-6", ".0006147877681192339", "2.619850601584699E-7"], ["2.317582047437588E-9", "2.942401642525389E-8", "4.444178086618525E-5", "1.743320593098104E-8", "2.619850601584699E-7", "1.722692069594897E-9"]], "epoch": "2457455.5", "labels": ["e", "q", "tp", "node", "peri", "i"], "elements": [{"value": ".1988748095839779", "name": "e", "sigma": 0.000122928651599381, "label": "e", "title": "eccentricity", "units": null}, {"units": "au", "label": "q", "title": "perihelion distance", "sigma": 0.00169979251468836, "name": "q", "value": "31.35463157694402"}, {"value": "2453377.384614724502", "sigma": 3.86844081458101, "name": "tp", "label": "tp", "title": "time of perihelion passage", "units": "TDB"}, {"name": "om", "sigma": 0.00118993821756866, "value": "127.1223472499091", "units": "deg", "label": "node", "title": "longitude of the ascending node"}, {"value": "243.3268067632403", "sigma": 0.0247949141583357, "name": "w", "title": "argument of perihelion", "label": "peri", "units": "deg"}, {"units": "deg", "title": "inclination", "label": "i", "name": "i", "sigma": 4.15053257979611e-05, "value": "23.29205999898882"}]}, "t_jup": "5.089", "orbit_id": "2", "last_obs": "2022-12-26", "n_obs_used": 20, "data_arc": "3035", "pe_used": "DE441", "n_dop_obs_used": null, "comment": null, "rms": ".22556", "sb_used": "SB441-N16", "model_pars": []}, "signature": {"version": "1.3", "source": "NASA/JPL Small-Body Database (SBDB) API"}}