{"signature": {"version": "1.3", "source": "NASA/JPL Small-Body Database (SBDB) API"}, "orbit": {"sb_used": "SB441-N16", "not_valid_after": null, "first_obs": "2008-11-01", "soln_date": "2021-11-13 00:21:00", "elements": [{"label": "e", "title": "eccentricity", "value": ".2827781442327595", "name": "e", "units": null, "sigma": "4.9687E-5"}, {"name": "a", "sigma": ".0032951", "units": "au", "label": "a", "title": "semi-major axis", "value": "40.03696341818378"}, {"units": "au", "sigma": ".00037633", "name": "q", "title": "perihelion distance", "value": "28.71538520207489", "label": "q"}, {"sigma": "4.4134E-5", "units": "deg", "name": "i", "value": "9.484381889548624", "title": "inclination; angle with respect to x-y ecliptic plane", "label": "i"}, {"value": "232.6425783942504", "title": "longitude of the ascending node", "label": "node", "units": "deg", "sigma": ".00013441", "name": "om"}, {"title": "argument of perihelion", "value": "170.3362948042295", "label": "peri", "units": "deg", "sigma": ".0023512", "name": "w"}, {"name": "ma", "units": "deg", "sigma": ".00096613", "label": "M", "title": "mean anomaly", "value": "3.743468510843466"}, {"name": "tp", "units": "TDB", "sigma": ".32352", "label": "tp", "title": "time of perihelion passage", "value": "2459038.307854802204"}, {"sigma": "11.423", "units": "d", "name": "per", "title": "sidereal orbital period", "value": "92531.61106279992", "label": "period"}, {"sigma": "4.8029E-7", "units": "deg/d", "name": "n", "value": ".003890562326378096", "title": "mean motion", "label": "n"}, {"name": "ad", "units": "au", "sigma": ".0042268", "label": "Q", "title": "aphelion distance", "value": "51.35854163429267"}], "n_dop_obs_used": null, "condition_code": "3", "last_obs": "2021-11-01", "t_jup": "5.379", "source": "JPL", "epoch": "2460000.5", "covariance": {"labels": ["e", "q", "tp", "node", "peri", "i"], "data": [["2.442996141746472E-9", "1.855648074849881E-8", "-1.249833182030165E-5", "8.20663762411879E-10", "-9.054671992593765E-8", "-4.287887013467466E-11"], ["1.855648074849881E-8", "1.43276404467567E-7", "-.0001052033111707738", "6.37993705264312E-9", "-7.624407658408616E-7", "-3.734443242707817E-10"], ["-1.249833182030165E-5", "-.0001052033111707738", ".1148163645382872", "-4.868611317205237E-6", ".0008321203850216371", "4.528262705253359E-7"], ["8.20663762411879E-10", "6.37993705264312E-9", "-4.868611317205237E-6", "1.804903580062912E-8", "-5.280552313027856E-8", "-5.309425838084531E-9"], ["-9.054671992593765E-8", "-7.624407658408616E-7", ".0008321203850216371", "-5.280552313027856E-8", "6.048244799197649E-6", "8.501911657597121E-9"], ["-4.287887013467466E-11", "-3.734443242707817E-10", "4.528262705253359E-7", "-5.309425838084531E-9", "8.501911657597121E-9", "1.95902376314641E-9"]], "elements": [{"value": ".2767089576104015", "title": "eccentricity", "label": "e", "units": null, "sigma": 4.94266743949709e-05, "name": "e"}, {"name": "q", "units": "au", "sigma": 0.000378518697645925, "label": "q", "title": "perihelion distance", "value": "28.69885149323399"}, {"units": "TDB", "sigma": 0.338845635265215, "name": "tp", "value": "2459120.000801331179", "title": "time of perihelion passage", "label": "tp"}, {"value": "232.6725555277193", "title": "longitude of the ascending node", "label": "node", "units": "deg", "sigma": 0.000134346699999029, "name": "om"}, {"label": "peri", "value": "170.9279951213315", "title": "argument of perihelion", "name": "w", "units": "deg", "sigma": 0.00245931795406728}, {"name": "i", "units": "deg", "sigma": 4.42608603977195e-05, "label": "i", "title": "inclination", "value": "9.497134765264201"}], "epoch": "2456926.5"}, "moid": "27.7233", "orbit_id": "9", "producer": "Otto Matic", "rms": ".36616", "comment": null, "moid_jup": "23.7381", "equinox": "J2000", "two_body": null, "pe_used": "DE441", "data_arc": "4748", "model_pars": [], "n_del_obs_used": null, "n_obs_used": 131, "not_valid_before": null}, "object": {"neo": false, "prefix": null, "kind": "au", "orbit_class": {"name": "TransNeptunian Object", "code": "TNO"}, "des": "2010 TJ182", "fullname": "(2010 TJ182)", "orbit_id": "9", "pha": false, "spkid": "3755947"}}