{"orbit": {"last_obs": "2013-09-30", "n_obs_used": 19, "orbit_id": "5", "t_jup": "5.319", "covariance": {"labels": ["e", "q", "tp", "node", "peri", "i"], "elements": [{"units": null, "label": "e", "title": "eccentricity", "sigma": 0.000117236218105455, "name": "e", "value": ".2685345358892121"}, {"title": "perihelion distance", "label": "q", "units": "au", "value": "28.96249919543484", "name": "q", "sigma": 0.00105878570504961}, {"name": "tp", "sigma": 19.4517034848915, "value": "2456710.371314842853", "units": "TDB", "title": "time of perihelion passage", "label": "tp"}, {"value": "19.31963580999599", "name": "om", "sigma": 0.000872096607320977, "label": "node", "title": "longitude of the ascending node", "units": "deg"}, {"title": "argument of perihelion", "label": "peri", "units": "deg", "value": "15.56427253558046", "sigma": 0.138547003214629, "name": "w"}, {"name": "i", "sigma": 0.0009249078105965, "value": "12.60906453392293", "units": "deg", "title": "inclination", "label": "i"}], "data": [["1.374433083566974E-8", "2.413213306229006E-8", ".00120690555967277", "1.038211682990661E-8", "8.592993041699152E-6", "9.956461523216572E-9"], ["2.413213306229006E-8", "1.121027169217394E-6", "-.01416801037056755", "-6.43311449221973E-9", "-.0001009622738209574", "-5.208953339767958E-9"], [".00120690555967277", "-.01416801037056755", "378.3687684641394", ".001466021893583926", "2.694924334017903", ".001391127250998483"], ["1.038211682990661E-8", "-6.43311449221973E-9", ".001466021893583926", "7.605524925007589E-7", "9.704778344319E-6", "7.952076578379443E-7"], ["8.592993041699152E-6", "-.0001009622738209574", "2.694924334017903", "9.704778344319E-6", ".01919527209975445", "9.137247334988007E-6"], ["9.956461523216572E-9", "-5.208953339767958E-9", ".001391127250998483", "7.952076578379443E-7", "9.137247334988007E-6", "8.554544581024105E-7"]], "epoch": "2456136.5"}, "condition_code": "4", "source": "JPL", "n_del_obs_used": null, "elements": [{"units": null, "label": "e", "title": "eccentricity", "name": "e", "sigma": ".00011609", "value": ".2693350494976965"}, {"value": "39.63379953887262", "name": "a", "sigma": ".0067591", "label": "a", "title": "semi-major axis", "units": "au"}, {"units": "au", "title": "perihelion distance", "label": "q", "sigma": ".0010493", "name": "q", "value": "28.95902817828858"}, {"sigma": ".00092504", "name": "i", "value": "12.59807282632341", "units": "deg", "title": "inclination; angle with respect to x-y ecliptic plane", "label": "i"}, {"units": "deg", "title": "longitude of the ascending node", "label": "node", "sigma": ".00087423", "name": "om", "value": "19.23488921739858"}, {"name": "w", "sigma": ".13821", "value": "15.53125340545939", "units": "deg", "label": "peri", "title": "argument of perihelion"}, {"value": "13.02447549569945", "name": "ma", "sigma": ".077792", "label": "M", "title": "mean anomaly", "units": "deg"}, {"title": "time of perihelion passage", "label": "tp", "units": "TDB", "value": "2456703.228325261173", "name": "tp", "sigma": "19.396"}, {"label": "period", "title": "sidereal orbital period", "units": "d", "value": "91137.47446474283", "sigma": "23.314", "name": "per"}, {"sigma": "1.0105E-6", "name": "n", "value": ".003950076542216106", "units": "deg/d", "title": "mean motion", "label": "n"}, {"label": "Q", "title": "aphelion distance", "units": "au", "value": "50.30857089945665", "sigma": ".0085795", "name": "ad"}], "moid_jup": "24.0116", "producer": "Otto Matic", "equinox": "J2000", "two_body": null, "epoch": "2460000.5", "not_valid_before": null, "moid": "27.9659", "soln_date": "2021-04-15 05:41:05", "not_valid_after": null, "first_obs": "2011-08-29", "model_pars": [], "rms": ".27461", "sb_used": "SB441-N16", "comment": null, "n_dop_obs_used": null, "pe_used": "DE441", "data_arc": "763"}, "object": {"des": "2011 UU410", "kind": "au", "prefix": null, "fullname": "(2011 UU410)", "orbit_id": "5", "spkid": "3696018", "pha": false, "orbit_class": {"code": "TNO", "name": "TransNeptunian Object"}, "neo": false}, "signature": {"version": "1.3", "source": "NASA/JPL Small-Body Database (SBDB) API"}}