{"orbit": {"model_pars": [], "rms": ".24462", "sb_used": "SB441-N16", "comment": null, "n_dop_obs_used": null, "pe_used": "DE441", "data_arc": "6582", "n_obs_used": 34, "last_obs": "2022-08-27", "orbit_id": "9", "t_jup": "5.245", "covariance": {"labels": ["e", "q", "tp", "node", "peri", "i"], "elements": [{"units": null, "label": "e", "title": "eccentricity", "name": "e", "sigma": 0.000117002262484336, "value": ".08387800375608762"}, {"title": "perihelion distance", "label": "q", "units": "au", "value": "37.47614016480155", "name": "q", "sigma": 0.00163655793357737}, {"units": "TDB", "label": "tp", "title": "time of perihelion passage", "name": "tp", "sigma": 7.58196872998041, "value": "2452346.653626885367"}, {"units": "deg", "title": "longitude of the ascending node", "label": "node", "name": "om", "sigma": 0.000106622611269233, "value": "317.8802721734564"}, {"units": "deg", "label": "peri", "title": "argument of perihelion", "name": "w", "sigma": 0.033984433014504, "value": "355.7903452063372"}, {"units": "deg", "title": "inclination", "label": "i", "sigma": 0.000149401106203426, "name": "i", "value": "24.14383544329727"}], "data": [["1.368952942645352E-8", "1.848550962123357E-7", ".0006386441224905245", "-2.05268804130719E-9", "2.859891904857596E-6", "3.198829177718927E-9"], ["1.848550962123357E-7", "2.678321869955017E-6", ".01084249707107324", "-2.95364601414171E-8", "4.857567347180868E-5", "4.008651525745142E-8"], [".0006386441224905245", ".01084249707107324", "57.48624982240079", "-.0001178219211277373", ".2576674570304279", ".000109349474414928"], ["-2.05268804130719E-9", "-2.95364601414171E-8", "-.0001178219211277373", "1.136838123386992E-8", "-5.379167506589368E-7", "1.138993649994592E-8"], ["2.859891904857596E-6", "4.857567347180868E-5", ".2576674570304279", "-5.379167506589368E-7", ".001154941687317312", "4.78584469240666E-7"], ["3.198829177718927E-9", "4.008651525745142E-8", ".000109349474414928", "1.138993649994592E-8", "4.78584469240666E-7", "2.232069053480752E-8"]], "epoch": "2456222.5"}, "condition_code": "3", "source": "JPL", "n_del_obs_used": null, "moid_jup": "32.4578", "elements": [{"title": "eccentricity", "label": "e", "units": null, "value": ".08931378526329969", "name": "e", "sigma": ".00011858"}, {"units": "au", "label": "a", "title": "semi-major axis", "sigma": ".007072", "name": "a", "value": "41.2104325395108"}, {"name": "q", "sigma": ".0015873", "value": "37.52977281706924", "units": "au", "label": "q", "title": "perihelion distance"}, {"label": "i", "title": "inclination; angle with respect to x-y ecliptic plane", "units": "deg", "value": "24.0763386143967", "name": "i", "sigma": ".00014989"}, {"value": "317.8134073914708", "name": "om", "sigma": ".00010618", "title": "longitude of the ascending node", "label": "node", "units": "deg"}, {"name": "w", "sigma": ".030267", "value": "357.7166321135479", "units": "deg", "title": "argument of perihelion", "label": "peri"}, {"value": "26.9202159020135", "name": "ma", "sigma": ".030575", "label": "M", "title": "mean anomaly", "units": "deg"}, {"value": "2452774.711858273043", "name": "tp", "sigma": "6.7558", "title": "time of perihelion passage", "label": "tp", "units": "TDB"}, {"units": "d", "title": "sidereal orbital period", "label": "period", "sigma": "24.873", "name": "per", "value": "96629.37847490076"}, {"sigma": "9.59E-7", "name": "n", "value": ".003725575034030764", "units": "deg/d", "title": "mean motion", "label": "n"}, {"label": "Q", "title": "aphelion distance", "units": "au", "value": "44.89109226195237", "name": "ad", "sigma": ".0077036"}], "producer": "Otto Matic", "two_body": null, "equinox": "J2000", "epoch": "2460000.5", "not_valid_before": null, "soln_date": "2022-09-21 17:35:25", "moid": "36.5151", "first_obs": "2004-08-19", "not_valid_after": null}, "object": {"neo": false, "orbit_class": {"code": "TNO", "name": "TransNeptunian Object"}, "pha": false, "spkid": "3564169", "orbit_id": "9", "fullname": "(2004 QE29)", "prefix": null, "kind": "au", "des": "2004 QE29"}, "signature": {"version": "1.3", "source": "NASA/JPL Small-Body Database (SBDB) API"}}