{"signature": {"version": "1.3", "source": "NASA/JPL Small-Body Database (SBDB) API"}, "orbit": {"orbit_id": "2", "n_obs_used": 43, "last_obs": "2017-12-13", "covariance": {"labels": ["e", "q", "tp", "node", "peri", "i"], "elements": [{"units": null, "title": "eccentricity", "label": "e", "name": "e", "sigma": 0.000191738378373909, "value": ".1061997862758608"}, {"units": "au", "title": "perihelion distance", "label": "q", "name": "q", "sigma": 0.00551716535814061, "value": "34.95863490020692"}, {"value": "2452767.659754714166", "name": "tp", "sigma": 41.6852017012677, "label": "tp", "title": "time of perihelion passage", "units": "TDB"}, {"value": "72.11841395135316", "sigma": 0.00253109686759237, "name": "om", "label": "node", "title": "longitude of the ascending node", "units": "deg"}, {"value": "315.5814864744172", "sigma": 0.212910700354747, "name": "w", "title": "argument of perihelion", "label": "peri", "units": "deg"}, {"title": "inclination", "label": "i", "units": "deg", "value": "6.07929793538239", "name": "i", "sigma": 0.000704521051226465}], "data": [["3.676360574145634E-8", "-9.137053562319206E-7", "-.007233329596592156", "8.309220484551263E-9", "-3.696530072131678E-5", "-2.153888563211136E-9"], ["-9.137053562319206E-7", "3.043911358906683E-5", ".228798671799168", "-3.000924393167135E-7", ".001168480474539538", "8.800000880436819E-8"], ["-.007233329596592156", ".228798671799168", "1737.656040875375", "-.002222472393834143", "8.874588671244958", ".0006389251566877171"], ["8.309220484551263E-9", "-3.000924393167135E-7", "-.002222472393834143", "6.406451353135929E-6", "-1.771682822931383E-5", "-1.777073787277936E-6"], ["-3.696530072131678E-5", ".001168480474539538", "8.874588671244958", "-1.771682822931383E-5", ".04533096632554884", "5.028504160068863E-6"], ["-2.153888563211136E-9", "8.800000880436819E-8", ".0006389251566877171", "-1.777073787277936E-6", "5.028504160068863E-6", "4.963499116212434E-7"]], "epoch": "2457507.5"}, "source": "JPL", "condition_code": "4", "t_jup": "5.573", "equinox": "J2000", "two_body": null, "moid_jup": "29.987", "n_del_obs_used": null, "elements": [{"label": "e", "title": "eccentricity", "units": null, "value": ".1147449587425676", "sigma": ".00019212", "name": "e"}, {"units": "au", "label": "a", "title": "semi-major axis", "name": "a", "sigma": ".0045055", "value": "39.4667613379362"}, {"label": "q", "title": "perihelion distance", "units": "au", "value": "34.93814943651195", "name": "q", "sigma": ".0054588"}, {"units": "deg", "label": "i", "title": "inclination; angle with respect to x-y ecliptic plane", "sigma": ".00070169", "name": "i", "value": "6.065264492477695"}, {"value": "72.13586780696673", "sigma": ".0025344", "name": "om", "label": "node", "title": "longitude of the ascending node", "units": "deg"}, {"value": "315.6698850422825", "sigma": ".19788", "name": "w", "label": "peri", "title": "argument of perihelion", "units": "deg"}, {"value": "28.55324198915545", "name": "ma", "sigma": ".15142", "title": "mean anomaly", "label": "M", "units": "deg"}, {"value": "2452817.620409227759", "name": "tp", "sigma": "38.515", "title": "time of perihelion passage", "label": "tp", "units": "TDB"}, {"sigma": "15.508", "name": "per", "value": "90561.92826230064", "units": "d", "label": "period", "title": "sidereal orbital period"}, {"value": ".00397518037554708", "name": "n", "sigma": "6.807E-7", "title": "mean motion", "label": "n", "units": "deg/d"}, {"sigma": ".0050224", "name": "ad", "value": "43.99537323936045", "units": "au", "title": "aphelion distance", "label": "Q"}], "producer": "Otto Matic", "not_valid_after": null, "first_obs": "2014-11-17", "epoch": "2460000.5", "not_valid_before": null, "moid": "33.9443", "soln_date": "2021-04-15 15:18:27", "sb_used": "SB441-N16", "rms": ".11686", "model_pars": [], "comment": null, "data_arc": "1122", "n_dop_obs_used": null, "pe_used": "DE441"}, "object": {"pha": false, "spkid": "3830967", "neo": false, "orbit_class": {"name": "TransNeptunian Object", "code": "TNO"}, "prefix": null, "kind": "au", "des": "2015 VJ165", "orbit_id": "2", "fullname": "(2015 VJ165)"}}