{"signature": {"version": "1.3", "source": "NASA/JPL Small-Body Database (SBDB) API"}, "orbit": {"soln_date": "2022-08-17 22:49:48", "n_dop_obs_used": null, "elements": [{"label": "e", "value": ".02555590885447026", "title": "eccentricity", "name": "e", "units": null, "sigma": ".0012098"}, {"value": "38.91266597746157", "title": "semi-major axis", "label": "a", "sigma": ".0092747", "units": "au", "name": "a"}, {"name": "q", "units": "au", "sigma": ".048387", "label": "q", "value": "37.91821743245712", "title": "perihelion distance"}, {"label": "i", "value": "34.27399045111746", "title": "inclination; angle with respect to x-y ecliptic plane", "name": "i", "sigma": ".00086384", "units": "deg"}, {"sigma": ".0020611", "units": "deg", "name": "om", "value": "79.22172818974671", "title": "longitude of the ascending node", "label": "node"}, {"title": "argument of perihelion", "value": "51.72958194862429", "label": "peri", "units": "deg", "sigma": ".75096", "name": "w"}, {"value": "267.9130586479575", "title": "mean anomaly", "label": "M", "units": "deg", "sigma": ".87298", "name": "ma"}, {"units": "TDB", "sigma": "211.51", "name": "tp", "value": "2482679.842175966362", "title": "time of perihelion passage", "label": "tp"}, {"name": "per", "units": "d", "sigma": "31.698", "label": "period", "title": "sidereal orbital period", "value": "88661.46560493619"}, {"units": "deg/d", "sigma": "1.4517E-6", "name": "n", "value": ".004060388552611036", "title": "mean motion", "label": "n"}, {"name": "ad", "units": "au", "sigma": ".0095117", "label": "Q", "value": "39.90711452246603", "title": "aphelion distance"}], "condition_code": "5", "not_valid_after": null, "sb_used": "SB441-N16", "first_obs": "2014-12-16", "last_obs": "2017-12-14", "t_jup": "4.652", "source": "JPL", "covariance": {"elements": [{"label": "e", "title": "eccentricity", "value": ".03096106918005213", "name": "e", "units": null, "sigma": 0.00105412091175115}, {"label": "q", "value": "37.31572183188658", "title": "perihelion distance", "name": "q", "units": "au", "sigma": 0.0422830742335664}, {"label": "tp", "value": "2486755.239852879095", "title": "time of perihelion passage", "name": "tp", "units": "TDB", "sigma": 331.859052557611}, {"units": "deg", "sigma": 0.00206532001675095, "name": "om", "value": "79.15650504548461", "title": "longitude of the ascending node", "label": "node"}, {"label": "peri", "value": "70.39152135749595", "title": "argument of perihelion", "name": "w", "sigma": 1.23751959664227, "units": "deg"}, {"units": "deg", "sigma": 0.000869966271431658, "name": "i", "title": "inclination", "value": "34.32145024203412", "label": "i"}], "epoch": "2457526.5", "data": [["1.11117089659107E-6", "-4.360876564893317E-5", "-.3367179444291208", "-2.570402925990712E-7", "-.001234308950739583", "9.250407929527706E-8"], ["-4.360876564893317E-5", ".001787858366641285", "12.43012834882796", "1.53228968831316E-5", ".0449475383648326", "-5.788939995412698E-6"], ["-.3367179444291208", "12.43012834882796", "110130.4307644351", ".02488573735274797", "410.0604182537264", "-.006174569105311281"], ["-2.570402925990712E-7", "1.53228968831316E-5", ".02488573735274797", "4.265546771592164E-6", "4.59679154624842E-5", "-1.793349975867918E-6"], ["-.001234308950739583", ".0449475383648326", "410.0604182537264", "4.59679154624842E-5", "1.531454752073649", "-3.942574920262693E-6"], ["9.250407929527706E-8", "-5.788939995412698E-6", "-.006174569105311281", "-1.793349975867918E-6", "-3.942574920262693E-6", "7.568413134287008E-7"]], "labels": ["e", "q", "tp", "node", "peri", "i"]}, "epoch": "2460000.5", "rms": ".21835", "producer": "Otto Matic", "moid": "37.0221", "orbit_id": "2", "moid_jup": "33.0049", "two_body": null, "equinox": "J2000", "pe_used": "DE441", "comment": null, "n_obs_used": 13, "not_valid_before": null, "n_del_obs_used": null, "data_arc": "1094", "model_pars": []}, "object": {"spkid": "54199072", "des": "2014 YA92", "fullname": "(2014 YA92)", "orbit_id": "2", "pha": false, "orbit_class": {"code": "TNO", "name": "TransNeptunian Object"}, "kind": "au", "prefix": null, "neo": false}}