{"signature": {"version": "1.3", "source": "NASA/JPL Small-Body Database (SBDB) API"}, "object": {"neo": false, "orbit_class": {"code": "TNO", "name": "TransNeptunian Object"}, "pha": false, "spkid": "3120873", "orbit_id": "9", "fullname": "(2002 CE251)", "prefix": null, "kind": "au", "des": "2002 CE251"}, "orbit": {"t_jup": "5.352", "covariance": {"labels": ["e", "q", "tp", "node", "peri", "i"], "elements": [{"value": ".2638119681803446", "name": "e", "sigma": 0.000586464694805152, "label": "e", "title": "eccentricity", "units": null}, {"units": "au", "title": "perihelion distance", "label": "q", "name": "q", "sigma": 0.00501531423540583, "value": "28.82016412192041"}, {"name": "tp", "sigma": 5.23275963845424, "value": "2457355.537457649033", "units": "TDB", "title": "time of perihelion passage", "label": "tp"}, {"value": "342.5797141537532", "sigma": 0.000634567910101999, "name": "om", "title": "longitude of the ascending node", "label": "node", "units": "deg"}, {"value": "215.1422317665268", "sigma": 0.0374605502226591, "name": "w", "label": "peri", "title": "argument of perihelion", "units": "deg"}, {"units": "deg", "title": "inclination", "label": "i", "sigma": 0.000213207658355014, "name": "i", "value": "9.307955588629158"}], "data": [["3.439408382528998E-7", "2.907408495583394E-6", "-.002754286601871656", "-6.0207339439333E-8", "-1.966771397313531E-5", "3.653479212503992E-9"], ["2.907408495583394E-6", "2.515337687986436E-5", "-.02502530495464745", "-5.038210351471954E-7", "-.0001788560752014056", "3.573515519023364E-8"], ["-.002754286601871656", "-.02502530495464745", "27.38177343383574", ".0004661206858409195", ".1959927491463812", "-4.404570180381168E-5"], ["-6.0207339439333E-8", "-5.038210351471954E-7", ".0004661206858409195", "4.026764325312191E-7", "2.940205873019223E-6", "1.104372866565656E-7"], ["-1.966771397313531E-5", "-.0001788560752014056", ".1959927491463812", "2.940205873019223E-6", ".001403292822984361", "-4.253917369390687E-7"], ["3.653479212503992E-9", "3.573515519023364E-8", "-4.404570180381168E-5", "1.104372866565656E-7", "-4.253917369390687E-7", "4.545750558122856E-8"]], "epoch": "2455539.5"}, "source": "JPL", "condition_code": "4", "n_obs_used": 23, "last_obs": "2015-03-23", "orbit_id": "9", "epoch": "2460000.5", "soln_date": "2021-04-14 21:18:38", "not_valid_before": null, "moid": "27.8245", "first_obs": "2002-02-08", "not_valid_after": null, "n_del_obs_used": null, "moid_jup": "23.4002", "elements": [{"name": "e", "sigma": ".00058598", "value": ".2621668965607767", "units": null, "label": "e", "title": "eccentricity"}, {"name": "a", "sigma": ".037737", "value": "39.06166106850041", "units": "au", "title": "semi-major axis", "label": "a"}, {"label": "q", "title": "perihelion distance", "units": "au", "value": "28.82098661166275", "sigma": ".0050013", "name": "q"}, {"units": "deg", "label": "i", "title": "inclination; angle with respect to x-y ecliptic plane", "sigma": ".00021334", "name": "i", "value": "9.307167459545722"}, {"label": "node", "title": "longitude of the ascending node", "units": "deg", "value": "342.6443086778276", "sigma": ".0006359", "name": "om"}, {"units": "deg", "label": "peri", "title": "argument of perihelion", "sigma": ".037356", "name": "w", "value": "214.9372834304218"}, {"title": "mean anomaly", "label": "M", "units": "deg", "value": "10.79660108161538", "sigma": ".0095256", "name": "ma"}, {"units": "TDB", "label": "tp", "title": "time of perihelion passage", "sigma": "5.2218", "name": "tp", "value": "2457326.206662710898"}, {"value": "89171.17471937111", "sigma": "129.22", "name": "per", "title": "sidereal orbital period", "label": "period", "units": "d"}, {"name": "n", "sigma": "5.8505E-6", "value": ".004037179067483961", "units": "deg/d", "label": "n", "title": "mean motion"}, {"title": "aphelion distance", "label": "Q", "units": "au", "value": "49.30233552533807", "sigma": ".047631", "name": "ad"}], "producer": "Otto Matic", "two_body": null, "equinox": "J2000", "comment": null, "model_pars": [], "sb_used": "SB441-N16", "rms": ".29016", "n_dop_obs_used": null, "pe_used": "DE441", "data_arc": "4791"}}