{"orbit": {"condition_code": "2", "n_dop_obs_used": null, "elements": [{"label": "e", "value": ".3187059306532748", "title": "eccentricity", "name": "e", "sigma": "2.261E-5", "units": null}, {"sigma": ".0015296", "units": "au", "name": "a", "value": "39.69701757252739", "title": "semi-major axis", "label": "a"}, {"sigma": ".000161", "units": "au", "name": "q", "value": "27.04534264291564", "title": "perihelion distance", "label": "q"}, {"value": "27.12163956262278", "title": "inclination; angle with respect to x-y ecliptic plane", "label": "i", "units": "deg", "sigma": "8.1162E-5", "name": "i"}, {"name": "om", "sigma": ".00011865", "units": "deg", "label": "node", "value": "99.05591135484535", "title": "longitude of the ascending node"}, {"value": "320.1081490953928", "title": "argument of perihelion", "label": "peri", "sigma": ".0042719", "units": "deg", "name": "w"}, {"value": "13.42188597029369", "title": "mean anomaly", "label": "M", "units": "deg", "sigma": ".002309", "name": "ma"}, {"name": "tp", "units": "TDB", "sigma": ".52908", "label": "tp", "title": "time of perihelion passage", "value": "2456594.487086231573"}, {"label": "period", "value": "91355.61512521206", "title": "sidereal orbital period", "name": "per", "sigma": "5.2801", "units": "d"}, {"name": "n", "units": "deg/d", "sigma": "2.2776E-7", "label": "n", "title": "mean motion", "value": ".003940644474962856"}, {"name": "ad", "units": "au", "sigma": ".0020171", "label": "Q", "value": "52.34869250213914", "title": "aphelion distance"}], "soln_date": "2022-07-14 20:46:59", "not_valid_after": null, "first_obs": "2012-10-10", "sb_used": "SB441-N16", "last_obs": "2021-12-01", "source": "JPL", "t_jup": "4.791", "covariance": {"data": [["5.091702546709203E-10", "3.211554171060611E-9", "6.642768890871902E-7", "2.156417831749124E-10", "5.015733426103604E-9", "-7.16877408735252E-11"], ["3.211554171060611E-9", "2.523291737571695E-8", "3.876556407413269E-5", "8.996815841197944E-10", "3.100578650499701E-7", "-1.022567394228082E-10"], ["6.642768890871902E-7", "3.876556407413269E-5", ".2890559832670807", "-3.994534460168095E-6", ".002325416598791253", "2.961014665287829E-6"], ["2.156417831749124E-10", "8.996815841197944E-10", "-3.994534460168095E-6", "1.411429286803365E-8", "-4.468935798743569E-8", "-9.53737567528162E-9"], ["5.015733426103604E-9", "3.100578650499701E-7", ".002325416598791253", "-4.468935798743569E-8", "1.871903572708955E-5", "3.228812526352688E-8"], ["-7.16877408735252E-11", "-1.022567394228082E-10", "2.961014665287829E-6", "-9.53737567528162E-9", "3.228812526352688E-8", "6.610937912713527E-9"]], "labels": ["e", "q", "tp", "node", "peri", "i"], "epoch": "2457391.5", "elements": [{"value": ".3142055360304519", "title": "eccentricity", "label": "e", "sigma": 2.25648012326925e-05, "units": null, "name": "e"}, {"label": "q", "title": "perihelion distance", "value": "27.06437801682727", "name": "q", "units": "au", "sigma": 0.00015884872481615}, {"name": "tp", "sigma": 0.537639268717493, "units": "TDB", "label": "tp", "title": "time of perihelion passage", "value": "2456661.858003445998"}, {"name": "om", "sigma": 0.0001188035894577, "units": "deg", "label": "node", "value": "99.09354641474313", "title": "longitude of the ascending node"}, {"title": "argument of perihelion", "value": "320.6785597625105", "label": "peri", "units": "deg", "sigma": 0.00432655009529412, "name": "w"}, {"units": "deg", "sigma": 8.13076743777211e-05, "name": "i", "value": "27.11742478544626", "title": "inclination", "label": "i"}]}, "epoch": "2460000.5", "producer": "Otto Matic", "rms": ".53553", "orbit_id": "8", "moid": "26.1013", "two_body": null, "equinox": "J2000", "pe_used": "DE441", "moid_jup": "22.2139", "comment": null, "not_valid_before": null, "n_obs_used": 84, "data_arc": "3339", "model_pars": [], "n_del_obs_used": null}, "object": {"des": "2014 WE510", "fullname": "(2014 WE510)", "orbit_id": "8", "pha": false, "spkid": "3755766", "neo": false, "prefix": null, "kind": "au", "orbit_class": {"code": "TNO", "name": "TransNeptunian Object"}}, "signature": {"version": "1.3", "source": "NASA/JPL Small-Body Database (SBDB) API"}}