{"signature": {"version": "1.3", "source": "NASA/JPL Small-Body Database (SBDB) API"}, "orbit": {"last_obs": "2017-01-28", "n_obs_used": 35, "orbit_id": "2", "t_jup": "5.486", "covariance": {"labels": ["e", "q", "tp", "node", "peri", "i"], "elements": [{"name": "e", "sigma": 0.000197082769036312, "value": ".2184782539452315", "units": null, "label": "e", "title": "eccentricity"}, {"name": "q", "sigma": 0.00585084604884267, "value": "30.87743801447907", "units": "au", "label": "q", "title": "perihelion distance"}, {"label": "tp", "title": "time of perihelion passage", "units": "TDB", "value": "2461749.851148396692", "name": "tp", "sigma": 15.247440460935}, {"sigma": 0.00265119827723444, "name": "om", "value": "232.0854934311037", "units": "deg", "label": "node", "title": "longitude of the ascending node"}, {"units": "deg", "title": "argument of perihelion", "label": "peri", "name": "w", "sigma": 0.102061371439832, "value": "182.5051639166777"}, {"value": "6.856960508123773", "sigma": 0.000596496440594073, "name": "i", "label": "i", "title": "inclination", "units": "deg"}], "data": [["3.884161785102045E-8", "-1.021715181914214E-6", ".002751491332216664", "4.885864963140308E-9", "1.84445899340613E-5", "-6.231263265924649E-10"], ["-1.021715181914214E-6", "3.423239948725786E-5", "-.08889770549723271", "-6.604474043941993E-7", "-.0005947940105597823", "1.447289909041604E-7"], [".002751491332216664", "-.08889770549723271", "232.4844406097579", ".001504043488524973", "1.555637216268595", "-.0003232573467002002"], ["4.885864963140308E-9", "-6.604474043941993E-7", ".001504043488524973", "7.028852305210852E-6", "3.085388705866024E-6", "-1.576038141507549E-6"], ["1.84445899340613E-5", "-.0005947940105597823", "1.555637216268595", "3.085388705866024E-6", ".01041652354017944", "-5.978584682605149E-7"], ["-6.231263265924649E-10", "1.447289909041604E-7", "-.0003232573467002002", "-1.576038141507549E-6", "-5.978584682605149E-7", "3.558080036413989E-7"]], "epoch": "2456872.5"}, "condition_code": "4", "source": "JPL", "n_del_obs_used": null, "moid_jup": "25.9134", "elements": [{"sigma": ".00019007", "name": "e", "value": ".2239523227958471", "units": null, "label": "e", "title": "eccentricity"}, {"units": "au", "label": "a", "title": "semi-major axis", "name": "a", "sigma": ".0048581", "value": "39.84513331651534"}, {"value": "30.92172315817153", "name": "q", "sigma": ".0056645", "title": "perihelion distance", "label": "q", "units": "au"}, {"value": "6.848516236110388", "sigma": ".00059453", "name": "i", "title": "inclination; angle with respect to x-y ecliptic plane", "label": "i", "units": "deg"}, {"label": "node", "title": "longitude of the ascending node", "units": "deg", "value": "232.0588180326359", "sigma": ".0026492", "name": "om"}, {"label": "peri", "title": "argument of perihelion", "units": "deg", "value": "181.3806622906534", "sigma": ".10087", "name": "w"}, {"value": "353.8500840103687", "sigma": ".058892", "name": "ma", "label": "M", "title": "mean anomaly", "units": "deg"}, {"name": "tp", "sigma": "15.121", "value": "2461569.879717967509", "units": "TDB", "title": "time of perihelion passage", "label": "tp"}, {"units": "d", "label": "period", "title": "sidereal orbital period", "name": "per", "sigma": "16.801", "value": "91867.38476116574"}, {"value": ".003918692155392449", "name": "n", "sigma": "7.1668E-7", "title": "mean motion", "label": "n", "units": "deg/d"}, {"label": "Q", "title": "aphelion distance", "units": "au", "value": "48.76854347485914", "sigma": ".0059461", "name": "ad"}], "producer": "Otto Matic", "two_body": null, "equinox": "J2000", "epoch": "2460000.5", "not_valid_before": null, "moid": "29.9317", "soln_date": "2021-04-15 11:41:22", "not_valid_after": null, "first_obs": "2013-08-08", "model_pars": [], "rms": ".21173", "sb_used": "SB441-N16", "comment": null, "n_dop_obs_used": null, "pe_used": "DE441", "data_arc": "1269"}, "object": {"orbit_id": "2", "fullname": "(2014 UU229)", "prefix": null, "des": "2014 UU229", "kind": "au", "neo": false, "orbit_class": {"name": "TransNeptunian Object", "code": "TNO"}, "spkid": "3790110", "pha": false}}