{"signature": {"version": "1.3", "source": "NASA/JPL Small-Body Database (SBDB) API"}, "orbit": {"data_arc": "1037", "pe_used": "DE441", "n_dop_obs_used": null, "rms": ".14183", "sb_used": "SB441-N16", "model_pars": [], "comment": null, "two_body": null, "equinox": "J2000", "producer": "Otto Matic", "moid_jup": "26.6066", "n_del_obs_used": null, "elements": [{"sigma": ".00048225", "name": "e", "value": ".2102128278379671", "units": null, "title": "eccentricity", "label": "e"}, {"name": "a", "sigma": ".011553", "value": "39.73310537648068", "units": "au", "label": "a", "title": "semi-major axis"}, {"sigma": ".019422", "name": "q", "value": "31.38069693650674", "units": "au", "label": "q", "title": "perihelion distance"}, {"title": "inclination; angle with respect to x-y ecliptic plane", "label": "i", "units": "deg", "value": "16.1812987314867", "name": "i", "sigma": ".00098183"}, {"label": "node", "title": "longitude of the ascending node", "units": "deg", "value": "75.14357921638901", "name": "om", "sigma": ".0031569"}, {"title": "argument of perihelion", "label": "peri", "units": "deg", "value": "274.664657118025", "sigma": ".2148", "name": "w"}, {"units": "deg", "title": "mean anomaly", "label": "M", "name": "ma", "sigma": ".12694", "value": "40.37277558039131"}, {"title": "time of perihelion passage", "label": "tp", "units": "TDB", "value": "2449741.304700506742", "sigma": "30.699", "name": "tp"}, {"units": "d", "title": "sidereal orbital period", "label": "period", "name": "per", "sigma": "39.898", "value": "91480.21791227504"}, {"sigma": "1.7163E-6", "name": "n", "value": ".003935277027271864", "units": "deg/d", "title": "mean motion", "label": "n"}, {"units": "au", "title": "aphelion distance", "label": "Q", "name": "ad", "sigma": ".013981", "value": "48.08551381645462"}], "first_obs": "2013-11-08", "not_valid_after": null, "moid": "30.4142", "not_valid_before": null, "soln_date": "2021-09-15 12:12:05", "epoch": "2460000.5", "orbit_id": "1", "last_obs": "2016-09-10", "n_obs_used": 9, "condition_code": "4", "source": "JPL", "covariance": {"epoch": "2457024.5", "data": [["2.406701880055557E-7", "-8.676587820463313E-6", "-.01357539016186458", "2.202709359389688E-7", "-9.586944446989057E-5", "-7.188714069895402E-8"], ["-8.676587820463313E-6", ".0003918247301462266", ".6213180899824602", "-9.541478843016566E-6", ".004349941338110966", "3.182717377525929E-6"], ["-.01357539016186458", ".6213180899824602", "986.6842110476496", "-.01509498648491194", "6.903720942069842", ".005039772558713409"], ["2.202709359389688E-7", "-9.541478843016566E-6", "-.01509498648491194", "9.978825196756877E-6", "-.0001151948648975517", "-3.102276590237974E-6"], ["-9.586944446989057E-5", ".004349941338110966", "6.903720942069842", "-.0001151948648975517", ".04832914870852567", "3.821518141779621E-5"], ["-7.188714069895402E-8", "3.182717377525929E-6", ".005039772558713409", "-3.102276590237974E-6", "3.821518141779621E-5", "9.692257746020724E-7"]], "elements": [{"sigma": 0.000490581479476708, "name": "e", "value": ".2032138365520294", "units": null, "label": "e", "title": "eccentricity"}, {"units": "au", "title": "perihelion distance", "label": "q", "name": "q", "sigma": 0.0197945631461325, "value": "31.36294697293424"}, {"sigma": 31.4115299061929, "name": "tp", "value": "2449571.655729035032", "units": "TDB", "label": "tp", "title": "time of perihelion passage"}, {"label": "node", "title": "longitude of the ascending node", "units": "deg", "value": "75.15246990705143", "sigma": 0.00315892785557962, "name": "om"}, {"units": "deg", "title": "argument of perihelion", "label": "peri", "sigma": 0.21983891536424, "name": "w", "value": "273.8054116605912"}, {"title": "inclination", "label": "i", "units": "deg", "value": "16.19415345814984", "name": "i", "sigma": 0.000984492648323019}], "labels": ["e", "q", "tp", "node", "peri", "i"]}, "t_jup": "5.320"}, "object": {"spkid": "54197632", "pha": false, "neo": false, "orbit_class": {"code": "TNO", "name": "TransNeptunian Object"}, "prefix": null, "des": "2013 VR71", "kind": "au", "orbit_id": "1", "fullname": "(2013 VR71)"}}