{"signature": {"version": "1.3", "source": "NASA/JPL Small-Body Database (SBDB) API"}, "object": {"des": "2015 RS277", "kind": "au", "prefix": null, "fullname": "(2015 RS277)", "orbit_id": "2", "spkid": "3830936", "pha": false, "orbit_class": {"code": "TNO", "name": "TransNeptunian Object"}, "neo": false}, "orbit": {"data_arc": "857", "n_dop_obs_used": null, "pe_used": "DE441", "comment": null, "rms": ".1868", "sb_used": "SB441-N16", "model_pars": [], "not_valid_after": null, "first_obs": "2015-07-19", "epoch": "2460000.5", "not_valid_before": null, "soln_date": "2021-04-15 14:36:55", "moid": "31.3551", "equinox": "J2000", "two_body": null, "elements": [{"name": "e", "sigma": ".0025357", "value": ".1857221282012927", "units": null, "label": "e", "title": "eccentricity"}, {"units": "au", "label": "a", "title": "semi-major axis", "sigma": ".04182", "name": "a", "value": "39.75288953111542"}, {"units": "au", "label": "q", "title": "perihelion distance", "sigma": ".067159", "name": "q", "value": "32.36989828524577"}, {"value": "3.909276167078239", "name": "i", "sigma": ".0016048", "label": "i", "title": "inclination; angle with respect to x-y ecliptic plane", "units": "deg"}, {"units": "deg", "title": "longitude of the ascending node", "label": "node", "name": "om", "sigma": ".006195", "value": "203.7462359359905"}, {"value": "83.4584232432787", "sigma": ".097587", "name": "w", "label": "peri", "title": "argument of perihelion", "units": "deg"}, {"label": "M", "title": "mean anomaly", "units": "deg", "value": "71.28551462858073", "sigma": ".20708", "name": "ma"}, {"units": "TDB", "title": "time of perihelion passage", "label": "tp", "sigma": "24.085", "name": "tp", "value": "2441872.484322653392"}, {"title": "sidereal orbital period", "label": "period", "units": "d", "value": "91548.55201435628", "sigma": "144.46", "name": "per"}, {"units": "deg/d", "title": "mean motion", "label": "n", "sigma": "6.2052E-6", "name": "n", "value": ".003932339639228223"}, {"label": "Q", "title": "aphelion distance", "units": "au", "value": "47.13588077698506", "sigma": ".049587", "name": "ad"}], "n_del_obs_used": null, "moid_jup": "27.1911", "producer": "Otto Matic", "covariance": {"epoch": "2457458.5", "data": [["6.419309302374061E-6", "-.0001684274144057968", ".08719532676316334", "-1.732034113148623E-7", "-.0001107414039410102", "3.548973503042129E-8"], ["-.0001684274144057968", ".004437453704166107", "-2.270250087569046", "3.810321026027288E-6", ".003042773658014835", "-7.264695113601498E-7"], [".08719532676316334", "-2.270250087569046", "1202.562345967221", "-.00295950557159914", "-1.367038244907644", ".0006512964468959215"], ["-1.732034113148623E-7", "3.810321026027288E-6", "-.00295950557159914", "3.808771383954354E-5", "-4.005497434656825E-5", "-9.938706316475807E-6"], ["-.0001107414039410102", ".003042773658014835", "-1.367038244907644", "-4.005497434656825E-5", ".003000326043491213", "1.071019339471941E-5"], ["3.548973503042129E-8", "-7.264695113601498E-7", ".0006512964468959215", "-9.938706316475807E-6", "1.071019339471941E-5", "2.605964315061118E-6"]], "elements": [{"label": "e", "title": "eccentricity", "units": null, "value": ".1839217334418999", "name": "e", "sigma": 0.00253363558989332}, {"name": "q", "sigma": 0.0666142154811277, "value": "32.03593692709973", "units": "au", "label": "q", "title": "perihelion distance"}, {"units": "TDB", "label": "tp", "title": "time of perihelion passage", "sigma": 34.677980707752, "name": "tp", "value": "2441296.575710184346"}, {"sigma": 0.00617152443400685, "name": "om", "value": "203.7154679133168", "units": "deg", "title": "longitude of the ascending node", "label": "node"}, {"value": "79.92449560983714", "name": "w", "sigma": 0.0547752320259003, "title": "argument of perihelion", "label": "peri", "units": "deg"}, {"value": "3.929301804034767", "sigma": 0.00161429994581587, "name": "i", "label": "i", "title": "inclination", "units": "deg"}], "labels": ["e", "q", "tp", "node", "peri", "i"]}, "source": "JPL", "condition_code": "5", "t_jup": "5.550", "orbit_id": "2", "n_obs_used": 23, "last_obs": "2017-11-22"}}