{"signature": {"version": "1.3", "source": "NASA/JPL Small-Body Database (SBDB) API"}, "orbit": {"model_pars": [], "rms": ".1923", "sb_used": "SB441-N16", "comment": null, "pe_used": "DE441", "n_dop_obs_used": null, "data_arc": "5844", "n_obs_used": 52, "last_obs": "2022-04-26", "orbit_id": "7", "t_jup": "5.508", "source": "JPL", "condition_code": "3", "covariance": {"labels": ["e", "q", "tp", "node", "peri", "i"], "elements": [{"value": ".1628684768734285", "sigma": 4.20304956664908e-05, "name": "e", "label": "e", "title": "eccentricity", "units": null}, {"units": "au", "title": "perihelion distance", "label": "q", "name": "q", "sigma": 0.00385221885000686, "value": "33.00360689580894"}, {"units": "TDB", "title": "time of perihelion passage", "label": "tp", "sigma": 3.70242461409978, "name": "tp", "value": "2435593.340652806841"}, {"units": "deg", "title": "longitude of the ascending node", "label": "node", "sigma": 0.00263451827076441, "name": "om", "value": "171.5390517876072"}, {"label": "peri", "title": "argument of perihelion", "units": "deg", "value": "318.9299544499533", "name": "w", "sigma": 0.026650988508483}, {"units": "deg", "title": "inclination", "label": "i", "name": "i", "sigma": 0.0001677697332561, "value": "7.201331854616487"}], "data": [["1.766562565970904E-9", "-8.721899267770072E-8", "2.11303716313678E-5", "1.856012452884241E-9", "-1.839382851765216E-7", "9.594270000602283E-11"], ["-8.721899267770072E-8", "1.483959006834821E-5", ".01082798546357711", "-2.301378356090623E-7", "9.391289432217001E-5", "-2.985428316045707E-9"], ["2.11303716313678E-5", ".01082798546357711", "13.70794802309189", "-.0001320640975801692", ".09369506621019855", "3.122151787079824E-6"], ["1.856012452884241E-9", "-2.301378356090623E-7", "-.0001320640975801692", "6.940686518991471E-6", "-8.183897500265583E-6", "4.376849030102794E-7"], ["-1.839382851765216E-7", "9.391289432217001E-5", ".09369506621019855", "-8.183897500265583E-6", ".0007102751884792915", "-4.300369532961711E-7"], ["9.594270000602283E-11", "-2.985428316045707E-9", "3.122151787079824E-6", "4.376849030102794E-7", "-4.300369532961711E-7", "2.814668339682306E-8"]], "epoch": "2457120.5"}, "producer": "Otto Matic", "moid_jup": "27.6448", "n_del_obs_used": null, "elements": [{"value": ".1597104636505167", "name": "e", "sigma": "4.2513E-5", "title": "eccentricity", "label": "e", "units": null}, {"value": "39.19094206425363", "name": "a", "sigma": ".0038542", "title": "semi-major axis", "label": "a", "units": "au"}, {"label": "q", "title": "perihelion distance", "units": "au", "value": "32.93173853627115", "sigma": ".0039261", "name": "q"}, {"units": "deg", "title": "inclination; angle with respect to x-y ecliptic plane", "label": "i", "sigma": ".00016961", "name": "i", "value": "7.214451023538248"}, {"units": "deg", "title": "longitude of the ascending node", "label": "node", "sigma": ".0026315", "name": "om", "value": "171.822612949079"}, {"label": "peri", "title": "argument of perihelion", "units": "deg", "value": "316.5486511202178", "name": "w", "sigma": ".02696"}, {"label": "M", "title": "mean anomaly", "units": "deg", "value": "99.89381944294253", "name": "ma", "sigma": ".02932"}, {"title": "time of perihelion passage", "label": "tp", "units": "TDB", "value": "2435134.089462878677", "sigma": "3.7215", "name": "tp"}, {"name": "per", "sigma": "13.22", "value": "89614.23082312752", "units": "d", "label": "period", "title": "sidereal orbital period"}, {"value": ".004017219103409317", "sigma": "5.926E-7", "name": "n", "title": "mean motion", "label": "n", "units": "deg/d"}, {"label": "Q", "title": "aphelion distance", "units": "au", "value": "45.45014559223612", "sigma": ".0044697", "name": "ad"}], "two_body": null, "equinox": "J2000", "soln_date": "2022-04-28 20:57:50", "not_valid_before": null, "moid": "31.9504", "epoch": "2460000.5", "first_obs": "2006-04-26", "not_valid_after": null}, "object": {"orbit_id": "7", "fullname": "(2006 HT122)", "prefix": null, "kind": "au", "des": "2006 HT122", "neo": false, "orbit_class": {"code": "TNO", "name": "TransNeptunian Object"}, "pha": false, "spkid": "3335696"}}