{"signature": {"version": "1.3", "source": "NASA/JPL Small-Body Database (SBDB) API"}, "object": {"neo": false, "prefix": null, "kind": "au", "orbit_class": {"name": "TransNeptunian Object", "code": "TNO"}, "orbit_id": "1", "pha": false, "fullname": "(2014 QH562)", "des": "2014 QH562", "spkid": "54197658"}, "orbit": {"covariance": {"data": [["1.992266116990633E-7", "1.015065084522401E-7", ".009197144049928566", "-2.499047914949634E-7", "4.630212792370309E-5", "5.020052444566274E-8"], ["1.015065084522401E-7", "4.548759709176429E-5", "-.3618532539491223", "1.586546479256854E-6", "-.001787635832050724", "9.439699391316627E-8"], [".009197144049928566", "-.3618532539491223", "3391.061249199286", "-.02546429739385386", "16.79480413164305", ".001785775953550944"], ["-2.499047914949634E-7", "1.586546479256854E-6", "-.02546429739385386", "3.227661092500673E-6", "-.0001293177776481171", "-2.909922836889382E-7"], ["4.630212792370309E-5", "-.001787635832050724", "16.79480413164305", "-.0001293177776481171", ".08318461391168622", "9.232909924215083E-6"], ["5.020052444566274E-8", "9.439699391316627E-8", ".001785775953550944", "-2.909922836889382E-7", "9.232909924215083E-6", "3.263031171714517E-8"]], "labels": ["e", "q", "tp", "node", "peri", "i"], "epoch": "2457581.5", "elements": [{"sigma": 0.000446348083561544, "units": null, "name": "e", "value": ".06935863149791087", "title": "eccentricity", "label": "e"}, {"sigma": 0.00674444935422932, "units": "au", "name": "q", "value": "35.27639217966297", "title": "perihelion distance", "label": "q"}, {"name": "tp", "sigma": 58.2328193478496, "units": "TDB", "label": "tp", "value": "2463273.142246143818", "title": "time of perihelion passage"}, {"label": "node", "title": "longitude of the ascending node", "value": "43.97858162060308", "name": "om", "units": "deg", "sigma": 0.00179656925624944}, {"name": "w", "units": "deg", "sigma": 0.288417429972057, "label": "peri", "title": "argument of perihelion", "value": "306.3680365965493"}, {"units": "deg", "sigma": 0.000180638621886753, "name": "i", "value": "31.46677961008018", "title": "inclination", "label": "i"}]}, "epoch": "2460000.5", "rms": ".1927", "producer": "Otto Matic", "orbit_id": "1", "moid": "34.3544", "two_body": null, "equinox": "J2000", "pe_used": "DE441", "moid_jup": "30.678", "comment": null, "not_valid_before": null, "n_obs_used": 16, "data_arc": "1491", "n_del_obs_used": null, "model_pars": [], "condition_code": "4", "n_dop_obs_used": null, "elements": [{"value": ".07858020311000705", "title": "eccentricity", "label": "e", "sigma": ".0004486", "units": null, "name": "e"}, {"units": "au", "sigma": ".020263", "name": "a", "value": "38.27546503674666", "title": "semi-major axis", "label": "a"}, {"label": "q", "value": "35.26777122002913", "title": "perihelion distance", "name": "q", "sigma": ".0067062", "units": "au"}, {"label": "i", "title": "inclination; angle with respect to x-y ecliptic plane", "value": "31.42754122953932", "name": "i", "units": "deg", "sigma": ".00018031"}, {"units": "deg", "sigma": ".0018043", "name": "om", "title": "longitude of the ascending node", "value": "44.21677611208221", "label": "node"}, {"label": "peri", "title": "argument of perihelion", "value": "306.0810135942049", "name": "w", "units": "deg", "sigma": ".25588"}, {"label": "M", "value": "346.5415480251763", "title": "mean anomaly", "name": "ma", "sigma": ".21388", "units": "deg"}, {"value": "2463233.991690036479", "title": "time of perihelion passage", "label": "tp", "sigma": "51.311", "units": "TDB", "name": "tp"}, {"label": "period", "value": "86492.63753295707", "title": "sidereal orbital period", "name": "per", "sigma": "68.685", "units": "d"}, {"units": "deg/d", "sigma": "3.3053E-6", "name": "n", "title": "mean motion", "value": ".004162203977914605", "label": "n"}, {"sigma": ".021856", "units": "au", "name": "ad", "value": "41.28315885346419", "title": "aphelion distance", "label": "Q"}], "soln_date": "2021-09-15 12:42:06", "not_valid_after": null, "sb_used": "SB441-N16", "first_obs": "2014-08-16", "last_obs": "2018-09-15", "source": "JPL", "t_jup": "4.750"}}