{"object": {"des": "2012 FN87", "kind": "au", "prefix": null, "fullname": "(2012 FN87)", "orbit_id": "3", "spkid": "3841265", "pha": false, "orbit_class": {"code": "TNO", "name": "TransNeptunian Object"}, "neo": false}, "orbit": {"equinox": "J2000", "two_body": null, "producer": "Otto Matic", "moid_jup": "23.9875", "n_del_obs_used": null, "elements": [{"name": "e", "sigma": "1.8804E-5", "value": ".2512563886176711", "units": null, "title": "eccentricity", "label": "e"}, {"title": "semi-major axis", "label": "a", "units": "au", "value": "39.20007031981844", "name": "a", "sigma": ".0012234"}, {"sigma": ".0002378", "name": "q", "value": "29.3508022177021", "units": "au", "label": "q", "title": "perihelion distance"}, {"units": "deg", "title": "inclination; angle with respect to x-y ecliptic plane", "label": "i", "name": "i", "sigma": "5.9441E-5", "value": "20.66760639055804"}, {"units": "deg", "title": "longitude of the ascending node", "label": "node", "name": "om", "sigma": ".0001453", "value": "74.0209361518292"}, {"title": "argument of perihelion", "label": "peri", "units": "deg", "value": "161.3974197235065", "name": "w", "sigma": ".0034968"}, {"units": "deg", "title": "mean anomaly", "label": "M", "name": "ma", "sigma": ".0020224", "value": "357.7818259100475"}, {"name": "tp", "sigma": ".49093", "value": "2460552.859494278366", "units": "TDB", "title": "time of perihelion passage", "label": "tp"}, {"units": "d", "title": "sidereal orbital period", "label": "period", "name": "per", "sigma": "4.1967", "value": "89645.54172773234"}, {"value": ".004015815991088289", "sigma": "1.88E-7", "name": "n", "label": "n", "title": "mean motion", "units": "deg/d"}, {"name": "ad", "sigma": ".0015308", "value": "49.04933842193477", "units": "au", "title": "aphelion distance", "label": "Q"}], "not_valid_after": null, "first_obs": "2012-03-29", "moid": "28.3458", "not_valid_before": null, "soln_date": "2021-04-15 06:11:10", "epoch": "2460000.5", "orbit_id": "3", "n_obs_used": 97, "last_obs": "2020-05-26", "source": "JPL", "condition_code": "2", "covariance": {"data": [["3.598250516883768E-10", "3.091074673302485E-9", "-2.62813523810818E-6", "-1.272902269559674E-10", "-1.812728555405618E-8", "1.157105649166233E-10"], ["3.091074673302485E-9", "5.352673830474609E-8", "-9.639585669361038E-5", "-1.192294390894928E-10", "-6.828957642657185E-7", "7.311220760598969E-10"], ["-2.62813523810818E-6", "-9.639585669361038E-5", ".227378203096895", "-1.890225984131851E-6", ".001616836293403731", "-2.642680253728635E-8"], ["-1.272902269559674E-10", "-1.192294390894928E-10", "-1.890225984131851E-6", "2.10747074232619E-8", "-3.331191397404449E-8", "-8.483538213046356E-9"], ["-1.812728555405618E-8", "-6.828957642657185E-7", ".001616836293403731", "-3.331191397404449E-8", "1.151716182711627E-5", "7.87008471053477E-9"], ["1.157105649166233E-10", "7.311220760598969E-10", "-2.642680253728635E-8", "-8.483538213046356E-9", "7.87008471053477E-9", "3.505106517271258E-9"]], "epoch": "2457298.5", "labels": ["e", "q", "tp", "node", "peri", "i"], "elements": [{"value": ".2583745983595201", "sigma": 1.89690551079482e-05, "name": "e", "title": "eccentricity", "label": "e", "units": null}, {"label": "q", "title": "perihelion distance", "units": "au", "value": "29.38513691054018", "name": "q", "sigma": 0.00023135846279042}, {"name": "tp", "sigma": 0.476841905768458, "value": "2460381.420462791883", "units": "TDB", "label": "tp", "title": "time of perihelion passage"}, {"label": "node", "title": "longitude of the ascending node", "units": "deg", "value": "74.0310240411323", "sigma": 0.000145171303718269, "name": "om"}, {"title": "argument of perihelion", "label": "peri", "units": "deg", "value": "160.1992847489932", "name": "w", "sigma": 0.00339369442158782}, {"label": "i", "title": "inclination", "units": "deg", "value": "20.64134037634663", "sigma": 5.92039400485412e-05, "name": "i"}]}, "t_jup": "5.104", "data_arc": "2980", "pe_used": "DE441", "n_dop_obs_used": null, "rms": ".8475", "sb_used": "SB441-N16", "model_pars": [], "comment": null}, "signature": {"version": "1.3", "source": "NASA/JPL Small-Body Database (SBDB) API"}}