{"signature": {"version": "1.3", "source": "NASA/JPL Small-Body Database (SBDB) API"}, "orbit": {"first_obs": "1998-09-19", "not_valid_after": null, "soln_date": "2022-11-29 23:58:14", "not_valid_before": null, "moid": "27.8435", "epoch": "2460000.5", "two_body": null, "equinox": "J2000", "producer": "Otto Matic", "moid_jup": "23.5776", "n_del_obs_used": null, "elements": [{"units": null, "label": "e", "title": "eccentricity", "sigma": "9.1372E-6", "name": "e", "value": ".2712518372193887"}, {"units": "au", "label": "a", "title": "semi-major axis", "name": "a", "sigma": ".001316", "value": "39.55306444892078"}, {"name": "q", "sigma": ".00075167", "value": "28.82422304949413", "units": "au", "title": "perihelion distance", "label": "q"}, {"value": "4.912443669289445", "name": "i", "sigma": "3.991E-5", "title": "inclination; angle with respect to x-y ecliptic plane", "label": "i", "units": "deg"}, {"value": "8.401099656750862", "sigma": ".00017742", "name": "om", "label": "node", "title": "longitude of the ascending node", "units": "deg"}, {"sigma": ".0047508", "name": "w", "value": "108.4488189921322", "units": "deg", "label": "peri", "title": "argument of perihelion"}, {"units": "deg", "label": "M", "title": "mean anomaly", "name": "ma", "sigma": ".0043969", "value": "310.8010545287221"}, {"value": "2472417.649949971386", "name": "tp", "sigma": ".49091", "title": "time of perihelion passage", "label": "tp", "units": "TDB"}, {"value": "90859.14218627656", "sigma": "4.5344", "name": "per", "title": "sidereal orbital period", "label": "period", "units": "d"}, {"value": ".003962176962467237", "name": "n", "sigma": "1.9774E-7", "label": "n", "title": "mean motion", "units": "deg/d"}, {"units": "au", "title": "aphelion distance", "label": "Q", "sigma": ".0016729", "name": "ad", "value": "50.28190584834744"}], "condition_code": "2", "source": "JPL", "covariance": {"labels": ["e", "q", "tp", "node", "peri", "i"], "elements": [{"units": null, "title": "eccentricity", "label": "e", "name": "e", "sigma": 8.60643722446686e-06, "value": ".2703856140445015"}, {"name": "q", "sigma": 0.000765233809101924, "value": "28.5361626704442", "units": "au", "title": "perihelion distance", "label": "q"}, {"units": "TDB", "label": "tp", "title": "time of perihelion passage", "name": "tp", "sigma": 0.47644725518646, "value": "2472687.910769576019"}, {"title": "longitude of the ascending node", "label": "node", "units": "deg", "value": "8.528398853600054", "name": "om", "sigma": 0.000176633597361868}, {"units": "deg", "label": "peri", "title": "argument of perihelion", "name": "w", "sigma": 0.00477272491015954, "value": "110.5804434357534"}, {"units": "deg", "label": "i", "title": "inclination", "sigma": 4.01353388729708e-05, "name": "i", "value": "4.937169082543051"}], "data": [["7.407076169868876E-11", "2.282047995963888E-9", "-2.939042071513921E-6", "-9.575686876631125E-13", "-2.227140542586051E-8", "2.554772354642578E-12"], ["2.282047995963888E-9", "5.855827825926406E-7", "-.0003287126044315472", "9.228056116789029E-10", "-3.561529118031428E-6", "7.196118126406862E-10"], ["-2.939042071513921E-6", "-.0003287126044315472", ".2270019869747113", "-4.011905698212425E-7", ".002214078058962358", "-3.9680244244525E-7"], ["-9.575686876631125E-13", "9.228056116789029E-10", "-4.011905698212425E-7", "3.119942771699445E-8", "-3.610371679624075E-8", "6.567601269725655E-9"], ["-2.227140542586051E-8", "-3.561529118031428E-6", ".002214078058962358", "-3.610371679624075E-8", "2.277890306805736E-5", "-1.088307151796842E-8"], ["2.554772354642578E-12", "7.196118126406862E-10", "-3.9680244244525E-7", "6.567601269725655E-9", "-1.088307151796842E-8", "1.6108454264482E-9"]], "epoch": "2457663.5"}, "t_jup": "5.419", "orbit_id": "15", "last_obs": "2022-11-17", "n_obs_used": 116, "data_arc": "8825", "pe_used": "DE441", "n_dop_obs_used": null, "comment": null, "rms": ".6043", "sb_used": "SB441-N16", "model_pars": []}, "object": {"neo": false, "orbit_class": {"name": "TransNeptunian Object", "code": "TNO"}, "pha": false, "spkid": "3508232", "orbit_id": "15", "fullname": "(2006 TP130)", "prefix": null, "kind": "au", "des": "2006 TP130"}}