{"object": {"prefix": null, "neo": false, "orbit_class": {"code": "TNO", "name": "TransNeptunian Object"}, "kind": "au", "orbit_id": "2", "fullname": "(2015 VK164)", "pha": false, "des": "2015 VK164", "spkid": "3830944"}, "orbit": {"covariance": {"data": [["3.381532033185073E-8", "-5.645976040935123E-7", ".0012107929626059", "-3.049659625014925E-8", "9.078856853617988E-6", "-1.010004865066296E-9"], ["-5.645976040935123E-7", "1.289907532774516E-5", "-.0267188180466696", "5.271626886056499E-7", "-.0001990284506088148", "1.878001135982463E-8"], [".0012107929626059", "-.0267188180466696", "55.72592552990331", "-.001134337015653151", ".4151858453989055", "-3.995182640267701E-5"], ["-3.049659625014925E-8", "5.271626886056499E-7", "-.001134337015653151", ".0001729078301083597", "-.0001812676366560877", "6.28421483559418E-6"], ["9.078856853617988E-6", "-.0001990284506088148", ".4151858453989055", "-.0001812676366560877", ".003266588752502228", "-6.578215286573599E-6"], ["-1.010004865066296E-9", "1.878001135982463E-8", "-3.995182640267701E-5", "6.28421483559418E-6", "-6.578215286573599E-6", "2.293739083934669E-7"]], "labels": ["e", "q", "tp", "node", "peri", "i"], "elements": [{"label": "e", "value": ".2462954839846686", "title": "eccentricity", "name": "e", "sigma": 0.000183889424197942, "units": null}, {"value": "29.50186946247151", "title": "perihelion distance", "label": "q", "sigma": 0.00359152827188443, "units": "au", "name": "q"}, {"label": "tp", "value": "2462361.235265140417", "title": "time of perihelion passage", "name": "tp", "sigma": 7.46497994169464, "units": "TDB"}, {"value": "186.0984342536721", "title": "longitude of the ascending node", "label": "node", "units": "deg", "sigma": 0.0131494421976128, "name": "om"}, {"name": "w", "sigma": 0.0571540790539243, "units": "deg", "label": "peri", "value": "256.1456804425287", "title": "argument of perihelion"}, {"title": "inclination", "value": "1.969440758042575", "label": "i", "sigma": 0.000478929961887401, "units": "deg", "name": "i"}], "epoch": "2457479.5"}, "epoch": "2460000.5", "producer": "Otto Matic", "rms": ".15014", "moid": "28.5736", "orbit_id": "2", "moid_jup": "24.4554", "equinox": "J2000", "two_body": null, "pe_used": "DE441", "comment": null, "n_obs_used": 40, "not_valid_before": null, "n_del_obs_used": null, "data_arc": "1040", "model_pars": [], "soln_date": "2021-04-15 15:18:22", "elements": [{"label": "e", "value": ".2514528035280792", "title": "eccentricity", "name": "e", "units": null, "sigma": ".00017912"}, {"label": "a", "title": "semi-major axis", "value": "39.48742594192382", "name": "a", "units": "au", "sigma": ".0060596"}, {"name": "q", "sigma": ".0034655", "units": "au", "label": "q", "title": "perihelion distance", "value": "29.55820198471967"}, {"units": "deg", "sigma": ".00047621", "name": "i", "value": "1.964933318123506", "title": "inclination; angle with respect to x-y ecliptic plane", "label": "i"}, {"label": "node", "title": "longitude of the ascending node", "value": "185.897456503909", "name": "om", "units": "deg", "sigma": ".013175"}, {"sigma": ".05708", "units": "deg", "name": "w", "title": "argument of perihelion", "value": "254.9784984694311", "label": "peri"}, {"value": "351.4146633846718", "title": "mean anomaly", "label": "M", "units": "deg", "sigma": ".028664", "name": "ma"}, {"name": "tp", "units": "TDB", "sigma": "7.5092", "label": "tp", "title": "time of perihelion passage", "value": "2462161.931569592065"}, {"sigma": "20.862", "units": "d", "name": "per", "title": "sidereal orbital period", "value": "90633.06424862842", "label": "period"}, {"name": "n", "sigma": "9.1431E-7", "units": "deg/d", "label": "n", "value": ".003972060340059042", "title": "mean motion"}, {"units": "au", "sigma": ".0075833", "name": "ad", "value": "49.41664989912798", "title": "aphelion distance", "label": "Q"}], "n_dop_obs_used": null, "condition_code": "4", "not_valid_after": null, "sb_used": "SB441-N16", "first_obs": "2014-11-17", "last_obs": "2017-09-22", "t_jup": "5.461", "source": "JPL"}, "signature": {"source": "NASA/JPL Small-Body Database (SBDB) API", "version": "1.3"}}