{"orbit": {"data_arc": "4755", "n_dop_obs_used": null, "pe_used": "DE441", "sb_used": "SB441-N16", "rms": ".61626", "model_pars": [], "comment": null, "equinox": "J2000", "two_body": null, "moid_jup": "30.6756", "n_del_obs_used": null, "elements": [{"value": ".1468606747296574", "name": "e", "sigma": "3.0259E-5", "title": "eccentricity", "label": "e", "units": null}, {"label": "a", "title": "semi-major axis", "units": "au", "value": "41.8547954692948", "name": "a", "sigma": ".0018753"}, {"value": "35.70797196600235", "name": "q", "sigma": ".00040551", "label": "q", "title": "perihelion distance", "units": "au"}, {"title": "inclination; angle with respect to x-y ecliptic plane", "label": "i", "units": "deg", "value": "26.74660930515321", "sigma": ".00010681", "name": "i"}, {"units": "deg", "label": "node", "title": "longitude of the ascending node", "name": "om", "sigma": "6.6423E-5", "value": "320.1041317063315"}, {"value": "332.04598191", "name": "w", "sigma": ".0099245", "title": "argument of perihelion", "label": "peri", "units": "deg"}, {"name": "ma", "sigma": ".0077569", "value": "19.53867110378243", "units": "deg", "label": "M", "title": "mean anomaly"}, {"units": "TDB", "label": "tp", "title": "time of perihelion passage", "sigma": "1.9919", "name": "tp", "value": "2454632.546012144763"}, {"value": "98904.54808125545", "name": "per", "sigma": "6.6472", "label": "period", "title": "sidereal orbital period", "units": "d"}, {"units": "deg/d", "title": "mean motion", "label": "n", "name": "n", "sigma": "2.4463E-7", "value": ".003639873059267613"}, {"label": "Q", "title": "aphelion distance", "units": "au", "value": "48.00161897258725", "sigma": ".0021507", "name": "ad"}], "producer": "Otto Matic", "first_obs": "2009-06-27", "not_valid_after": null, "epoch": "2460000.5", "not_valid_before": null, "moid": "34.7138", "soln_date": "2023-03-24 01:10:16", "orbit_id": "7", "n_obs_used": 104, "last_obs": "2022-07-04", "covariance": {"labels": ["e", "q", "tp", "node", "peri", "i"], "elements": [{"label": "e", "title": "eccentricity", "units": null, "value": ".1411592793046324", "name": "e", "sigma": 2.99840578526821e-05}, {"name": "q", "sigma": 0.000431610131005663, "value": "35.63541403173807", "units": "au", "label": "q", "title": "perihelion distance"}, {"title": "time of perihelion passage", "label": "tp", "units": "TDB", "value": "2454137.908348887415", "name": "tp", "sigma": 2.07307334017683}, {"value": "320.0539935816233", "name": "om", "sigma": 6.61679836079868e-05, "title": "longitude of the ascending node", "label": "node", "units": "deg"}, {"units": "deg", "label": "peri", "title": "argument of perihelion", "name": "w", "sigma": 0.0103586608430198, "value": "329.65076242294"}, {"value": "26.84910354062606", "name": "i", "sigma": 0.00010704635783503, "title": "inclination", "label": "i", "units": "deg"}], "data": [["8.990437253129899E-10", "9.237766278738851E-9", "1.029156932090537E-5", "-3.768619075305294E-11", "5.06980873390993E-8", "2.148003842460041E-10"], ["9.237766278738851E-9", "1.862873051867252E-7", ".000716430293998602", "-1.199482707870846E-9", "3.574865868965617E-6", "4.127311867468286E-9"], ["1.029156932090537E-5", ".000716430293998602", "4.297633073751904", "-5.910026356756411E-6", ".02147376591342892", "1.522415185203809E-5"], ["-3.768619075305294E-11", "-1.199482707870846E-9", "-5.910026356756411E-6", "4.378202054746811E-9", "-3.341660611639249E-8", "-6.902098762307491E-9"], ["5.06980873390993E-8", "3.574865868965617E-6", ".02147376591342892", "-3.341660611639249E-8", ".0001073018544607115", "8.209144455305801E-8"], ["2.148003842460041E-10", "4.127311867468286E-9", "1.522415185203809E-5", "-6.902098762307491E-9", "8.209144455305801E-8", "1.14589227257453E-8"]], "epoch": "2457163.5"}, "source": "JPL", "condition_code": "3", "t_jup": "5.135"}, "object": {"pha": false, "spkid": "3536609", "orbit_class": {"code": "TNO", "name": "TransNeptunian Object"}, "neo": false, "kind": "au", "des": "2009 MF10", "shortname": "(2009 MF10)", "prefix": null, "fullname": "(2009 MF10 = 2013 NK24)", "orbit_id": "7"}, "signature": {"version": "1.3", "source": "NASA/JPL Small-Body Database (SBDB) API"}}