{"signature": {"version": "1.3", "source": "NASA/JPL Small-Body Database (SBDB) API"}, "orbit": {"rms": ".22218", "producer": "Otto Matic", "moid": "38.4443", "orbit_id": "6", "covariance": {"data": [["5.850812499756503E-7", "-1.788949189516711E-5", ".005179024818040544", "3.644482593789266E-8", "-2.851529384424837E-5", "1.319757447057843E-7"], ["-1.788949189516711E-5", ".0005660800766676945", "-.05911774361127", "-1.033535569657761E-6", ".00130149951604009", "-3.80063004166772E-6"], [".005179024818040544", "-.05911774361127", "567.9489227943707", ".0007280347182689662", "2.004493463128262", ".002344962143034936"], ["3.644482593789266E-8", "-1.033535569657761E-6", ".0007280347182689662", "7.897046933175884E-8", "-8.426754727390266E-8", "2.570326776879247E-7"], ["-2.851529384424837E-5", ".00130149951604009", "2.004493463128262", "-8.426754727390266E-8", ".01114757481929615", "-1.545392022733952E-6"], ["1.319757447057843E-7", "-3.80063004166772E-6", ".002344962143034936", "2.570326776879247E-7", "-1.545392022733952E-6", "8.945027969096522E-7"]], "labels": ["e", "q", "tp", "node", "peri", "i"], "elements": [{"name": "e", "sigma": 0.000764906039965465, "units": null, "label": "e", "value": ".05050534747240443", "title": "eccentricity"}, {"label": "q", "title": "perihelion distance", "value": "39.35651665196747", "name": "q", "units": "au", "sigma": 0.0237924373839188}, {"value": "2436965.072529519108", "title": "time of perihelion passage", "label": "tp", "sigma": 23.8316789755647, "units": "TDB", "name": "tp"}, {"name": "om", "sigma": 0.000281016848839636, "units": "deg", "label": "node", "title": "longitude of the ascending node", "value": "212.1308011492223"}, {"units": "deg", "sigma": 0.105582076221753, "name": "w", "value": "287.6174585989261", "title": "argument of perihelion", "label": "peri"}, {"value": "21.1297379248461", "title": "inclination", "label": "i", "units": "deg", "sigma": 0.000945781579916659, "name": "i"}], "epoch": "2456645.5"}, "epoch": "2460000.5", "n_obs_used": 30, "not_valid_before": null, "data_arc": "1544", "n_del_obs_used": null, "model_pars": [], "moid_jup": "34.384", "equinox": "J2000", "two_body": null, "pe_used": "DE441", "comment": null, "last_obs": "2017-05-29", "soln_date": "2021-04-15 08:00:01", "elements": [{"label": "e", "title": "eccentricity", "value": ".04643812758916683", "name": "e", "units": null, "sigma": ".00076372"}, {"units": "au", "sigma": ".0095796", "name": "a", "title": "semi-major axis", "value": "41.28402994845956", "label": "a"}, {"label": "q", "title": "perihelion distance", "value": "39.36687689831801", "name": "q", "sigma": ".023944", "units": "au"}, {"units": "deg", "sigma": ".00094966", "name": "i", "value": "21.17603840223457", "title": "inclination; angle with respect to x-y ecliptic plane", "label": "i"}, {"name": "om", "sigma": ".00028068", "units": "deg", "label": "node", "value": "212.1933578780381", "title": "longitude of the ascending node"}, {"label": "peri", "value": "283.8103700508007", "title": "argument of perihelion", "name": "w", "units": "deg", "sigma": ".10893"}, {"name": "ma", "sigma": ".15307", "units": "deg", "label": "M", "title": "mean anomaly", "value": "89.32328401308294"}, {"value": "2435960.540344829449", "title": "time of perihelion passage", "label": "tp", "units": "TDB", "sigma": "33.236", "name": "tp"}, {"sigma": "33.723", "units": "d", "name": "per", "value": "96888.34855863353", "title": "sidereal orbital period", "label": "period"}, {"name": "n", "units": "deg/d", "sigma": "1.2933E-6", "label": "n", "title": "mean motion", "value": ".0037156170515399"}, {"label": "Q", "title": "aphelion distance", "value": "43.20118299860111", "name": "ad", "units": "au", "sigma": ".010024"}], "n_dop_obs_used": null, "condition_code": "4", "sb_used": "SB441-N16", "not_valid_after": null, "first_obs": "2013-03-07", "t_jup": "5.373", "source": "JPL"}, "object": {"spkid": "3727251", "des": "2013 GZ137", "fullname": "(2013 GZ137)", "orbit_id": "6", "pha": false, "kind": "au", "orbit_class": {"code": "TNO", "name": "TransNeptunian Object"}, "neo": false, "prefix": null}}