{"orbit": {"orbit_id": "1", "moid": "32.0996", "rms": ".17788", "producer": "Otto Matic", "epoch": "2460000.5", "covariance": {"elements": [{"name": "e", "sigma": 0.000484242890396977, "units": null, "label": "e", "value": ".1753849502685703", "title": "eccentricity"}, {"label": "q", "title": "perihelion distance", "value": "32.29360837343898", "name": "q", "sigma": 0.0300838978617623, "units": "au"}, {"title": "time of perihelion passage", "value": "2499584.156879147231", "label": "tp", "sigma": 186.086046627063, "units": "TDB", "name": "tp"}, {"value": "97.6456771149297", "title": "longitude of the ascending node", "label": "node", "units": "deg", "sigma": 0.00760520103540551, "name": "om"}, {"label": "peri", "title": "argument of perihelion", "value": "82.31956403179876", "name": "w", "sigma": 0.481372897802355, "units": "deg"}, {"sigma": 4.9021140572453e-05, "units": "deg", "name": "i", "title": "inclination", "value": "9.874483989203963", "label": "i"}], "epoch": "2457569.5", "labels": ["e", "q", "tp", "node", "peri", "i"], "data": [["2.344911769000191E-7", "-1.442066874673416E-5", "-.08399273060913415", "-7.731888387386282E-7", "-.0002080897630989081", "-1.374299779576291E-8"], ["-1.442066874673416E-5", ".0009050409105569451", "4.88000482969169", "4.339970582984209E-5", ".0118776521419826", "8.680438990268541E-7"], ["-.08399273060913415", "4.88000482969169", "34628.01674928946", ".3426220980592894", "89.14723982050023", ".004583640795047835"], ["-7.731888387386282E-7", "4.339970582984209E-5", ".3426220980592894", "5.783908278893302E-5", ".0008439742384612546", "9.817810658962948E-9"], ["-.0002080897630989081", ".0118776521419826", "89.14723982050023", ".0008439742384612546", ".2317198667386366", "1.112655012016947E-5"], ["-1.374299779576291E-8", "8.680438990268541E-7", ".004583640795047835", "9.817810658962948E-9", "1.112655012016947E-5", "2.403072223024198E-9"]]}, "data_arc": "1879", "model_pars": [], "n_del_obs_used": null, "not_valid_before": null, "n_obs_used": 12, "comment": null, "equinox": "J2000", "two_body": null, "pe_used": "DE441", "moid_jup": "27.696", "last_obs": "2018-11-26", "not_valid_after": null, "first_obs": "2013-10-04", "sb_used": "SB441-N16", "condition_code": "5", "n_dop_obs_used": null, "elements": [{"label": "e", "value": ".1639826877916804", "title": "eccentricity", "name": "e", "sigma": ".00051004", "units": null}, {"name": "a", "units": "au", "sigma": ".014404", "label": "a", "title": "semi-major axis", "value": "39.56905455278994"}, {"units": "au", "sigma": ".031627", "name": "q", "title": "perihelion distance", "value": "33.08041463384782", "label": "q"}, {"value": "9.871872233088716", "title": "inclination; angle with respect to x-y ecliptic plane", "label": "i", "sigma": "4.923E-5", "units": "deg", "name": "i"}, {"label": "node", "title": "longitude of the ascending node", "value": "97.65548309886258", "name": "om", "sigma": ".0075628", "units": "deg"}, {"sigma": ".51617", "units": "deg", "name": "w", "title": "argument of perihelion", "value": "81.4153117486275", "label": "peri"}, {"value": "201.6128829662595", "title": "mean anomaly", "label": "M", "sigma": ".7219", "units": "deg", "name": "ma"}, {"name": "tp", "sigma": "197.64", "units": "TDB", "label": "tp", "value": "2499999.514405512258", "title": "time of perihelion passage"}, {"units": "d", "sigma": "49.643", "name": "per", "value": "90914.24514606777", "title": "sidereal orbital period", "label": "period"}, {"units": "deg/d", "sigma": "2.1622E-6", "name": "n", "title": "mean motion", "value": ".003959775494166007", "label": "n"}, {"title": "aphelion distance", "value": "46.05769447173206", "label": "Q", "units": "au", "sigma": ".016766", "name": "ad"}], "soln_date": "2021-09-14 21:12:06", "source": "JPL", "t_jup": "5.492"}, "object": {"des": "2013 TE228", "orbit_id": "1", "pha": false, "fullname": "(2013 TE228)", "spkid": "54196840", "neo": false, "prefix": null, "kind": "au", "orbit_class": {"code": "TNO", "name": "TransNeptunian Object"}}, "signature": {"version": "1.3", "source": "NASA/JPL Small-Body Database (SBDB) API"}}