{"signature": {"version": "1.3", "source": "NASA/JPL Small-Body Database (SBDB) API"}, "orbit": {"t_jup": "5.418", "condition_code": "5", "source": "JPL", "covariance": {"elements": [{"value": ".1298865698070061", "sigma": 9.82779329639836e-05, "name": "e", "label": "e", "title": "eccentricity", "units": null}, {"value": "35.87266560300296", "sigma": 0.00711262823868365, "name": "q", "title": "perihelion distance", "label": "q", "units": "au"}, {"sigma": 315.431295013141, "name": "tp", "value": "2409905.826576129126", "units": "TDB", "title": "time of perihelion passage", "label": "tp"}, {"value": "195.1309997798348", "sigma": 0.00082465685544692, "name": "om", "label": "node", "title": "longitude of the ascending node", "units": "deg"}, {"units": "deg", "title": "argument of perihelion", "label": "peri", "name": "w", "sigma": 0.920693303078065, "value": "354.1264182914236"}, {"units": "deg", "label": "i", "title": "inclination", "name": "i", "sigma": 0.00192786608616084, "value": "19.73517207074624"}], "labels": ["e", "q", "tp", "node", "peri", "i"], "epoch": "2457437.5", "data": [["9.658552107673252E-9", "-6.222792707290853E-7", ".01632544542383195", "1.317461542870071E-8", "4.587703028231562E-5", "-3.36610276382845E-8"], ["-6.222792707290853E-7", "5.058948046172004E-5", "-.2118899342635391", "-7.196988368131896E-7", "-.0004660538362600196", "1.82918542956835E-6"], [".01632544542383195", "-.2118899342635391", "99496.90187366732", ".03885607675222091", "290.3352388966935", "-.1000081569034957"], ["1.317461542870071E-8", "-7.196988368131896E-7", ".03885607675222091", "6.800589292356028E-7", ".0001106762040805817", "-1.584238932410717E-6"], ["4.587703028231562E-5", "-.0004660538362600196", "290.3352388966935", ".0001106762040805817", ".8476761583327979", "-.000285091504093343"], ["-3.36610276382845E-8", "1.82918542956835E-6", "-.1000081569034957", "-1.584238932410717E-6", "-.000285091504093343", "3.716667646169107E-6"]]}, "n_obs_used": 37, "last_obs": "2017-09-22", "orbit_id": "2", "not_valid_before": null, "moid": "35.7175", "soln_date": "2021-04-15 14:37:06", "epoch": "2460000.5", "first_obs": "2015-06-23", "not_valid_after": null, "producer": "Otto Matic", "moid_jup": "31.26", "n_del_obs_used": null, "elements": [{"title": "eccentricity", "label": "e", "units": null, "value": ".1186068291993561", "sigma": "9.9343E-5", "name": "e"}, {"value": "41.65641727978261", "name": "a", "sigma": ".004667", "title": "semi-major axis", "label": "a", "units": "au"}, {"value": "36.71568171042233", "sigma": ".0073111", "name": "q", "label": "q", "title": "perihelion distance", "units": "au"}, {"units": "deg", "title": "inclination; angle with respect to x-y ecliptic plane", "label": "i", "sigma": ".0019195", "name": "i", "value": "19.60971160963245"}, {"name": "om", "sigma": ".00083056", "value": "195.1541744537229", "units": "deg", "label": "node", "title": "longitude of the ascending node"}, {"name": "w", "sigma": "1.015", "value": "354.147040901754", "units": "deg", "title": "argument of perihelion", "label": "peri"}, {"units": "deg", "title": "mean anomaly", "label": "M", "sigma": "1.2798", "name": "ma", "value": "186.3469558398087"}, {"value": "2507370.261671799031", "sigma": "352.32", "name": "tp", "label": "tp", "title": "time of perihelion passage", "units": "TDB"}, {"value": "98202.21859235883", "sigma": "16.503", "name": "per", "title": "sidereal orbital period", "label": "period", "units": "d"}, {"units": "deg/d", "label": "n", "title": "mean motion", "name": "n", "sigma": "6.1606E-7", "value": ".003665904957752266"}, {"label": "Q", "title": "aphelion distance", "units": "au", "value": "46.59715284914289", "sigma": ".0052205", "name": "ad"}], "equinox": "J2000", "two_body": null, "comment": null, "model_pars": [], "sb_used": "SB441-N16", "rms": ".19678", "pe_used": "DE441", "n_dop_obs_used": null, "data_arc": "822"}, "object": {"orbit_id": "2", "fullname": "(2015 RN280)", "prefix": null, "kind": "au", "des": "2015 RN280", "neo": false, "orbit_class": {"name": "TransNeptunian Object", "code": "TNO"}, "pha": false, "spkid": "3835649"}}