{"orbit": {"n_obs_used": 40, "last_obs": "2017-10-30", "orbit_id": "3", "t_jup": "5.440", "covariance": {"data": [["1.716108200751402E-8", "-8.659811488829707E-9", "-.0001144661691199385", "1.385474442754909E-8", "-9.25205407019197E-7", "6.108873469261644E-10"], ["-8.659811488829707E-9", "7.976931265455956E-6", ".01559910293215555", "-6.669556742648766E-7", ".0001114928006687679", "2.108525380710579E-8"], ["-.0001144661691199385", ".01559910293215555", "31.14204804254036", "-.001380693398474923", ".2231252871534521", "3.74199857413937E-5"], ["1.385474442754909E-8", "-6.669556742648766E-7", "-.001380693398474923", "9.117001783306187E-6", "-1.891741968333111E-5", "-8.769705223568459E-8"], ["-9.25205407019197E-7", ".0001114928006687679", ".2231252871534521", "-1.891741968333111E-5", ".001608240616405733", "3.493043885354997E-7"], ["6.108873469261644E-10", "2.108525380710579E-8", "3.74199857413937E-5", "-8.769705223568459E-8", "3.493043885354997E-7", "1.387671674276127E-9"]], "epoch": "2457269.5", "labels": ["e", "q", "tp", "node", "peri", "i"], "elements": [{"title": "eccentricity", "label": "e", "units": null, "value": ".2382299016047343", "name": "e", "sigma": 0.000131000313005405}, {"title": "perihelion distance", "label": "q", "units": "au", "value": "29.92101979007154", "name": "q", "sigma": 0.0028243461660101}, {"label": "tp", "title": "time of perihelion passage", "units": "TDB", "value": "2452372.534253529381", "sigma": 5.58050607405282, "name": "tp"}, {"sigma": 0.00301943732892507, "name": "om", "value": "112.9934013292958", "units": "deg", "label": "node", "title": "longitude of the ascending node"}, {"name": "w", "sigma": 0.0401028754131887, "value": "241.9299315888838", "units": "deg", "title": "argument of perihelion", "label": "peri"}, {"sigma": 3.72514653977012e-05, "name": "i", "value": "7.746136772217186", "units": "deg", "title": "inclination", "label": "i"}]}, "condition_code": "4", "source": "JPL", "moid_jup": "25.0135", "n_del_obs_used": null, "elements": [{"value": ".2471456185917195", "sigma": ".00013139", "name": "e", "title": "eccentricity", "label": "e", "units": null}, {"title": "semi-major axis", "label": "a", "units": "au", "value": "39.7811713473597", "sigma": ".0078443", "name": "a"}, {"value": "29.9494291464133", "name": "q", "sigma": ".0027569", "title": "perihelion distance", "label": "q", "units": "au"}, {"value": "7.746128115407967", "sigma": "3.742E-5", "name": "i", "label": "i", "title": "inclination; angle with respect to x-y ecliptic plane", "units": "deg"}, {"value": "112.8922337730456", "sigma": ".0030074", "name": "om", "title": "longitude of the ascending node", "label": "node", "units": "deg"}, {"value": "242.8627121503746", "sigma": ".03888", "name": "w", "label": "peri", "title": "argument of perihelion", "units": "deg"}, {"units": "deg", "title": "mean anomaly", "label": "M", "sigma": ".025439", "name": "ma", "value": "29.38522359792347"}, {"title": "time of perihelion passage", "label": "tp", "units": "TDB", "value": "2452519.816582106941", "sigma": "5.4049", "name": "tp"}, {"units": "d", "label": "period", "title": "sidereal orbital period", "name": "per", "sigma": "27.107", "value": "91646.26641234092"}, {"value": ".003928146929415152", "sigma": "1.1619E-6", "name": "n", "label": "n", "title": "mean motion", "units": "deg/d"}, {"value": "49.6129135483061", "name": "ad", "sigma": ".009783", "label": "Q", "title": "aphelion distance", "units": "au"}], "producer": "Otto Matic", "two_body": null, "equinox": "J2000", "epoch": "2460000.5", "soln_date": "2021-09-08 23:31:11", "not_valid_before": null, "moid": "28.951", "first_obs": "2013-10-03", "not_valid_after": null, "model_pars": [], "sb_used": "SB441-N16", "rms": ".18341", "comment": null, "n_dop_obs_used": null, "pe_used": "DE441", "data_arc": "1488"}, "object": {"orbit_class": {"name": "TransNeptunian Object", "code": "TNO"}, "neo": false, "pha": false, "spkid": "3989586", "fullname": "(2013 VN46)", "orbit_id": "3", "kind": "au", "des": "2013 VN46", "prefix": null}, "signature": {"version": "1.3", "source": "NASA/JPL Small-Body Database (SBDB) API"}}