{"object": {"spkid": "3830965", "pha": false, "orbit_id": "3", "fullname": "(2015 VH165)", "des": "2015 VH165", "orbit_class": {"code": "TNO", "name": "TransNeptunian Object"}, "kind": "au", "prefix": null, "neo": false}, "orbit": {"comment": null, "moid_jup": "28.3506", "pe_used": "DE441", "two_body": null, "equinox": "J2000", "model_pars": [], "data_arc": "2247", "n_del_obs_used": null, "n_obs_used": 40, "not_valid_before": null, "epoch": "2460000.5", "covariance": {"data": [["5.682951832415025E-9", "3.826018974620006E-8", "7.572509498343535E-5", "-3.396499230833581E-10", "4.217808390208314E-7", "1.086819357505531E-9"], ["3.826018974620006E-8", "1.90092057409915E-6", "-.01406737542445138", "-1.346973743922032E-8", "-7.760421457133765E-5", "3.516179021134497E-8"], ["7.572509498343535E-5", "-.01406737542445138", "134.5082593023942", "9.386018421033427E-5", ".7420648046482969", "-.0002283139595711658"], ["-3.396499230833581E-10", "-1.346973743922032E-8", "9.386018421033427E-5", "6.045199404647587E-8", "4.591437586677123E-7", "-1.353817219565133E-7"], ["4.217808390208314E-7", "-7.760421457133765E-5", ".7420648046482969", "4.591437586677123E-7", ".004093953120460724", "-1.128180832478221E-6"], ["1.086819357505531E-9", "3.516179021134497E-8", "-.0002283139595711658", "-1.353817219565133E-7", "-1.128180832478221E-6", "3.549677500160306E-7"]], "labels": ["e", "q", "tp", "node", "peri", "i"], "epoch": "2457496.5", "elements": [{"label": "e", "title": "eccentricity", "value": ".1527025118622963", "name": "e", "units": null, "sigma": 7.53853555567328e-05}, {"sigma": 0.00137873876209351, "units": "au", "name": "q", "value": "33.36118796985365", "title": "perihelion distance", "label": "q"}, {"units": "TDB", "sigma": 11.5977695830877, "name": "tp", "title": "time of perihelion passage", "value": "2459825.956967981655", "label": "tp"}, {"label": "node", "value": "56.14391675948179", "title": "longitude of the ascending node", "name": "om", "units": "deg", "sigma": 0.000245869872181355}, {"units": "deg", "sigma": 0.0639840067552879, "name": "w", "title": "argument of perihelion", "value": "7.609639261818903", "label": "peri"}, {"value": "13.69099207991496", "title": "inclination", "label": "i", "units": "deg", "sigma": 0.000595791700190621, "name": "i"}]}, "moid": "32.3918", "orbit_id": "3", "producer": "Otto Matic", "rms": ".11242", "t_jup": "5.432", "source": "JPL", "sb_used": "SB441-N16", "not_valid_after": null, "first_obs": "2014-11-17", "soln_date": "2021-04-15 15:18:27", "condition_code": "4", "n_dop_obs_used": null, "elements": [{"sigma": "7.5374E-5", "units": null, "name": "e", "title": "eccentricity", "value": ".1595131554726062", "label": "e"}, {"units": "au", "sigma": ".0044673", "name": "a", "value": "39.71476001006184", "title": "semi-major axis", "label": "a"}, {"name": "q", "units": "au", "sigma": ".0012591", "label": "q", "value": "33.3797333220196", "title": "perihelion distance"}, {"value": "13.64719224304797", "title": "inclination; angle with respect to x-y ecliptic plane", "label": "i", "units": "deg", "sigma": ".00059377", "name": "i"}, {"value": "56.12051355493443", "title": "longitude of the ascending node", "label": "node", "units": "deg", "sigma": ".00024668", "name": "om"}, {"sigma": ".061531", "units": "deg", "name": "w", "value": "6.011213565575332", "title": "argument of perihelion", "label": "peri"}, {"units": "deg", "sigma": ".043802", "name": "ma", "title": "mean anomaly", "value": "1.843129504382125", "label": "M"}, {"name": "tp", "sigma": "11.143", "units": "TDB", "label": "tp", "title": "time of perihelion passage", "value": "2459532.463534341628"}, {"name": "per", "sigma": "15.425", "units": "d", "label": "period", "title": "sidereal orbital period", "value": "91416.86855775124"}, {"value": ".003938004065109443", "title": "mean motion", "label": "n", "units": "deg/d", "sigma": "6.6445E-7", "name": "n"}, {"title": "aphelion distance", "value": "46.04978669810408", "label": "Q", "sigma": ".0051799", "units": "au", "name": "ad"}], "last_obs": "2021-01-11"}, "signature": {"source": "NASA/JPL Small-Body Database (SBDB) API", "version": "1.3"}}