{"signature": {"version": "1.3", "source": "NASA/JPL Small-Body Database (SBDB) API"}, "object": {"orbit_class": {"name": "TransNeptunian Object", "code": "TNO"}, "kind": "au", "prefix": null, "neo": false, "spkid": "3830933", "des": "2015 KU173", "fullname": "(2015 KU173)", "orbit_id": "2", "pha": false}, "orbit": {"epoch": "2460000.5", "covariance": {"labels": ["e", "q", "tp", "node", "peri", "i"], "data": [["3.48975778485043E-8", "-8.728633425086341E-7", ".0019503939027194", "5.9220738261465E-9", "1.324196110797688E-5", "-2.711440447568969E-9"], ["-8.728633425086341E-7", "2.847415590732856E-5", "-.06249617836882097", "-2.677104910941943E-7", "-.0004223868503146473", "1.395438759137764E-7"], [".0019503939027194", "-.06249617836882097", "137.5670821356476", ".0005734894553957866", ".9297999739357611", "-.0002967076344813292"], ["5.9220738261465E-9", "-2.677104910941943E-7", ".0005734894553957866", "1.345152405909218E-6", "2.561043027825217E-6", "-6.611057106960433E-7"], ["1.324196110797688E-5", "-.0004223868503146473", ".9297999739357611", "2.561043027825217E-6", ".00628630300531616", "-1.3566596851701E-6"], ["-2.711440447568969E-9", "1.395438759137764E-7", "-.0002967076344813292", "-6.611057106960433E-7", "-1.3566596851701E-6", "3.272534806091953E-7"]], "epoch": "2457261.5", "elements": [{"value": ".2141689586788128", "title": "eccentricity", "label": "e", "units": null, "sigma": 0.000186808934070361, "name": "e"}, {"label": "q", "title": "perihelion distance", "value": "31.08050888256468", "name": "q", "sigma": 0.00533611805597745, "units": "au"}, {"label": "tp", "title": "time of perihelion passage", "value": "2462907.899339931862", "name": "tp", "sigma": 11.7288994426437, "units": "TDB"}, {"sigma": 0.00115980705546622, "units": "deg", "name": "om", "title": "longitude of the ascending node", "value": "80.8748420338775", "label": "node"}, {"name": "w", "sigma": 0.0792862094270886, "units": "deg", "label": "peri", "value": "188.5203908096218", "title": "argument of perihelion"}, {"value": "14.03132563223737", "title": "inclination", "label": "i", "units": "deg", "sigma": 0.000572060731574188, "name": "i"}]}, "moid": "29.9898", "orbit_id": "2", "rms": ".10737", "producer": "Otto Matic", "comment": null, "moid_jup": "25.7445", "pe_used": "DE441", "two_body": null, "equinox": "J2000", "model_pars": [], "data_arc": "1185", "n_del_obs_used": null, "n_obs_used": 41, "not_valid_before": null, "first_obs": "2014-05-29", "not_valid_after": null, "sb_used": "SB441-N16", "soln_date": "2021-04-15 13:49:22", "elements": [{"units": null, "sigma": ".00019449", "name": "e", "value": ".2120875394053444", "title": "eccentricity", "label": "e"}, {"label": "a", "title": "semi-major axis", "value": "39.3514369610509", "name": "a", "sigma": ".0047774", "units": "au"}, {"name": "q", "sigma": ".0055362", "units": "au", "label": "q", "title": "perihelion distance", "value": "31.00548752391709"}, {"title": "inclination; angle with respect to x-y ecliptic plane", "value": "14.04240676265034", "label": "i", "sigma": ".00057365", "units": "deg", "name": "i"}, {"name": "om", "sigma": ".0011605", "units": "deg", "label": "node", "title": "longitude of the ascending node", "value": "80.89024244950181"}, {"units": "deg", "sigma": ".078474", "name": "w", "value": "190.2035702121231", "title": "argument of perihelion", "label": "peri"}, {"name": "ma", "units": "deg", "sigma": ".045069", "label": "M", "title": "mean anomaly", "value": "347.3378819105029"}, {"label": "tp", "value": "2463171.842730278108", "title": "time of perihelion passage", "name": "tp", "units": "TDB", "sigma": "11.478"}, {"label": "period", "title": "sidereal orbital period", "value": "90165.27683840819", "name": "per", "sigma": "16.42", "units": "d"}, {"label": "n", "value": ".0039926678276071", "title": "mean motion", "name": "n", "units": "deg/d", "sigma": "7.2709E-7"}, {"name": "ad", "sigma": ".0057907", "units": "au", "label": "Q", "value": "47.69738639818471", "title": "aphelion distance"}], "n_dop_obs_used": null, "condition_code": "4", "last_obs": "2017-08-26", "t_jup": "5.347", "source": "JPL"}}