{"object": {"des": "2013 VV71", "fullname": "(2013 VV71)", "orbit_id": "1", "pha": false, "spkid": "54197646", "neo": false, "prefix": null, "kind": "au", "orbit_class": {"code": "TNO", "name": "TransNeptunian Object"}}, "orbit": {"t_jup": "5.483", "source": "JPL", "last_obs": "2017-11-01", "soln_date": "2021-09-15 12:42:04", "condition_code": "4", "n_dop_obs_used": null, "elements": [{"name": "e", "sigma": ".0006603", "units": null, "label": "e", "title": "eccentricity", "value": ".05580558974278309"}, {"value": "40.77459513261293", "title": "semi-major axis", "label": "a", "sigma": ".01043", "units": "au", "name": "a"}, {"name": "q", "units": "au", "sigma": ".030942", "label": "q", "title": "perihelion distance", "value": "38.49914480471426"}, {"name": "i", "sigma": ".00049348", "units": "deg", "label": "i", "title": "inclination; angle with respect to x-y ecliptic plane", "value": "16.64469498185276"}, {"sigma": ".0037022", "units": "deg", "name": "om", "value": "103.7318598303447", "title": "longitude of the ascending node", "label": "node"}, {"name": "w", "sigma": ".32222", "units": "deg", "label": "peri", "value": "52.97707234366717", "title": "argument of perihelion"}, {"label": "M", "value": "257.7065954474493", "title": "mean anomaly", "name": "ma", "units": "deg", "sigma": ".39169"}, {"sigma": "100.42", "units": "TDB", "name": "tp", "title": "time of perihelion passage", "value": "2487023.156792695685", "label": "tp"}, {"sigma": "36.489", "units": "d", "name": "per", "title": "sidereal orbital period", "value": "95100.52469094275", "label": "period"}, {"name": "n", "sigma": "1.4524E-6", "units": "deg/d", "label": "n", "value": ".003785468073598188", "title": "mean motion"}, {"value": "43.05004546051161", "title": "aphelion distance", "label": "Q", "sigma": ".011012", "units": "au", "name": "ad"}], "first_obs": "2013-11-13", "not_valid_after": null, "sb_used": "SB441-N16", "n_obs_used": 14, "not_valid_before": null, "data_arc": "1449", "model_pars": [], "n_del_obs_used": null, "moid_jup": "33.2325", "pe_used": "DE441", "two_body": null, "equinox": "J2000", "comment": null, "rms": ".23744", "producer": "Otto Matic", "moid": "37.5361", "orbit_id": "1", "covariance": {"labels": ["e", "q", "tp", "node", "peri", "i"], "data": [["3.921978331592337E-7", "-1.749459996908955E-5", "-.05979835712843059", "-5.340428133483166E-7", "-.0001704399786236112", "6.234446098579066E-8"], ["-1.749459996908955E-5", ".0008649366714195038", "2.256236629971573", "2.453834783429511E-5", ".005755231514007779", "-2.682665930298031E-6"], ["-.05979835712843059", "2.256236629971573", "11124.23867734963", ".07805205485501009", "34.99725288130117", "-.00998859398225199"], ["-5.340428133483166E-7", "2.453834783429511E-5", ".07805205485501009", "1.382813807027325E-5", ".0002042783623943945", "-1.832510196585613E-6"], ["-.0001704399786236112", ".005755231514007779", "34.99725288130117", ".0002042783623943945", ".1145429167295476", "-2.758378668012657E-5"], ["6.234446098579066E-8", "-2.682665930298031E-6", "-.00998859398225199", "-1.832510196585613E-6", "-2.758378668012657E-5", "2.451091837743242E-7"]], "epoch": "2457391.5", "elements": [{"title": "eccentricity", "value": ".06256190376850013", "label": "e", "units": null, "sigma": 0.000626257002483193, "name": "e"}, {"label": "q", "value": "37.8909430243387", "title": "perihelion distance", "name": "q", "units": "au", "sigma": 0.0294098057018319}, {"title": "time of perihelion passage", "value": "2488253.333146467714", "label": "tp", "sigma": 105.471506471414, "units": "TDB", "name": "tp"}, {"label": "node", "value": "103.7958673538729", "title": "longitude of the ascending node", "name": "om", "sigma": 0.00371862045257018, "units": "deg"}, {"label": "peri", "value": "59.46147124318222", "title": "argument of perihelion", "name": "w", "sigma": 0.33844189564761, "units": "deg"}, {"label": "i", "value": "16.64060665407195", "title": "inclination", "name": "i", "sigma": 0.000495085026812894, "units": "deg"}]}, "epoch": "2460000.5"}, "signature": {"version": "1.3", "source": "NASA/JPL Small-Body Database (SBDB) API"}}