{"orbit": {"n_obs_used": 73, "not_valid_before": null, "model_pars": [], "data_arc": "9186", "n_del_obs_used": null, "moid_jup": "35.4446", "pe_used": "DE441", "two_body": null, "equinox": "J2000", "comment": null, "rms": ".27892", "producer": "Otto Matic", "moid": "39.9012", "orbit_id": "10", "covariance": {"epoch": "2455830.5", "elements": [{"units": null, "sigma": 0.000109022060879664, "name": "e", "title": "eccentricity", "value": ".02037059062131777", "label": "e"}, {"title": "perihelion distance", "value": "40.68105304603805", "label": "q", "sigma": 0.0103236311400991, "units": "au", "name": "q"}, {"label": "tp", "title": "time of perihelion passage", "value": "2503810.242089293395", "name": "tp", "sigma": 12.0957041755469, "units": "TDB"}, {"title": "longitude of the ascending node", "value": "163.7244930264307", "label": "node", "units": "deg", "sigma": 0.000198140036074493, "name": "om"}, {"label": "peri", "title": "argument of perihelion", "value": "15.0799243695309", "name": "w", "sigma": 0.0410664867620653, "units": "deg"}, {"label": "i", "value": "12.713297481579", "title": "inclination", "name": "i", "sigma": 0.000115020523691558, "units": "deg"}], "data": [["1.188580975844916E-8", "-1.125485832136841E-6", "-.0006279339176999001", "7.636872487559342E-10", "1.809541720250364E-6", "-1.718063591011091E-9"], ["-1.125485832136841E-6", ".0001065773599168229", ".05960511628530626", "-7.231503332976181E-8", "-.0001708558694655852", "1.62745396305128E-7"], ["-.0006279339176999001", ".05960511628530626", "146.3060595023419", "-2.889177084355563E-5", ".3039091592110269", ".0001114001133906797"], ["7.636872487559342E-10", "-7.231503332976181E-8", "-2.889177084355563E-5", "3.925947389560126E-8", "1.185617447981675E-7", "1.876089601864159E-8"], ["1.809541720250364E-6", "-.0001708558694655852", ".3039091592110269", "1.185617447981675E-7", ".001686456334978888", "-2.073118422069119E-7"], ["-1.718063591011091E-9", "1.62745396305128E-7", ".0001114001133906797", "1.876089601864159E-8", "-2.073118422069119E-7", "1.322972087028034E-8"]], "labels": ["e", "q", "tp", "node", "peri", "i"]}, "epoch": "2460000.5", "t_jup": "5.643", "source": "JPL", "last_obs": "2022-10-31", "soln_date": "2022-11-23 20:48:36", "n_dop_obs_used": null, "condition_code": "3", "elements": [{"title": "eccentricity", "value": ".01793945411089031", "label": "e", "sigma": ".0001089", "units": null, "name": "e"}, {"label": "a", "title": "semi-major axis", "value": "41.64194800406195", "name": "a", "sigma": ".0059527", "units": "au"}, {"value": "40.894914188755", "title": "perihelion distance", "label": "q", "sigma": ".010381", "units": "au", "name": "q"}, {"label": "i", "value": "12.70129221209968", "title": "inclination; angle with respect to x-y ecliptic plane", "name": "i", "sigma": ".00011493", "units": "deg"}, {"name": "om", "units": "deg", "sigma": ".00019817", "label": "node", "value": "163.6604051858312", "title": "longitude of the ascending node"}, {"sigma": ".054358", "units": "deg", "name": "w", "title": "argument of perihelion", "value": "12.66847590064746", "label": "peri"}, {"name": "ma", "units": "deg", "sigma": ".053617", "label": "M", "title": "mean anomaly", "value": "201.0803835468094"}, {"name": "tp", "sigma": "12.118", "units": "TDB", "label": "tp", "title": "time of perihelion passage", "value": "2503328.634483469003"}, {"units": "d", "sigma": "21.046", "name": "per", "value": "98151.05751053229", "title": "sidereal orbital period", "label": "period"}, {"title": "mean motion", "value": ".003667815804851308", "label": "n", "units": "deg/d", "sigma": "7.8647E-7", "name": "n"}, {"title": "aphelion distance", "value": "42.3889818193689", "label": "Q", "sigma": ".0060595", "units": "au", "name": "ad"}], "sb_used": "SB441-N16", "not_valid_after": null, "first_obs": "1997-09-06"}, "object": {"orbit_class": {"name": "TransNeptunian Object", "code": "TNO"}, "kind": "an", "prefix": null, "neo": false, "spkid": "20385191", "des": "385191", "pha": false, "orbit_id": "10", "fullname": "385191 (1997 RT5)"}, "signature": {"version": "1.3", "source": "NASA/JPL Small-Body Database (SBDB) API"}}