{"signature": {"version": "1.3", "source": "NASA/JPL Small-Body Database (SBDB) API"}, "object": {"kind": "au", "orbit_class": {"code": "TNO", "name": "TransNeptunian Object"}, "neo": false, "prefix": null, "spkid": "54197654", "des": "2014 TK115", "pha": false, "orbit_id": "1", "fullname": "(2014 TK115)"}, "orbit": {"last_obs": "2018-10-20", "soln_date": "2021-09-15 12:42:05", "condition_code": "4", "n_dop_obs_used": null, "elements": [{"label": "e", "title": "eccentricity", "value": ".2363338799983304", "name": "e", "sigma": ".00018601", "units": null}, {"title": "semi-major axis", "value": "39.74660648115524", "label": "a", "sigma": ".012316", "units": "au", "name": "a"}, {"value": "30.35313675469704", "title": "perihelion distance", "label": "q", "units": "au", "sigma": ".0039841", "name": "q"}, {"value": "11.95735656193409", "title": "inclination; angle with respect to x-y ecliptic plane", "label": "i", "sigma": ".00051203", "units": "deg", "name": "i"}, {"title": "longitude of the ascending node", "value": "178.7107521655231", "label": "node", "units": "deg", "sigma": ".0010073", "name": "om"}, {"name": "w", "sigma": ".046219", "units": "deg", "label": "peri", "title": "argument of perihelion", "value": "162.8828601174078"}, {"name": "ma", "units": "deg", "sigma": ".037879", "label": "M", "title": "mean anomaly", "value": "33.6664603808559"}, {"value": "2451441.097157474818", "title": "time of perihelion passage", "label": "tp", "units": "TDB", "sigma": "6.5538", "name": "tp"}, {"name": "per", "sigma": "42.542", "units": "d", "label": "period", "title": "sidereal orbital period", "value": "91526.84863364088"}, {"title": "mean motion", "value": ".003933272098561921", "label": "n", "units": "deg/d", "sigma": "1.8282E-6", "name": "n"}, {"label": "Q", "title": "aphelion distance", "value": "49.14007620761344", "name": "ad", "units": "au", "sigma": ".015227"}], "sb_used": "SB441-N16", "not_valid_after": null, "first_obs": "2013-11-22", "t_jup": "5.385", "source": "JPL", "rms": ".21065", "producer": "Otto Matic", "moid": "29.3456", "orbit_id": "1", "covariance": {"elements": [{"label": "e", "title": "eccentricity", "value": ".2273572541231797", "name": "e", "units": null, "sigma": 0.000183461023223657}, {"units": "au", "sigma": 0.00412487380736768, "name": "q", "value": "30.27558470027452", "title": "perihelion distance", "label": "q"}, {"value": "2451171.148110541796", "title": "time of perihelion passage", "label": "tp", "units": "TDB", "sigma": 6.80387175718808, "name": "tp"}, {"label": "node", "title": "longitude of the ascending node", "value": "178.8447441990475", "name": "om", "sigma": 0.00100593475316751, "units": "deg"}, {"name": "w", "units": "deg", "sigma": 0.0481365074573102, "label": "peri", "title": "argument of perihelion", "value": "161.1295624898005"}, {"label": "i", "title": "inclination", "value": "12.00726409728951", "name": "i", "sigma": 0.00051543095473597, "units": "deg"}], "epoch": "2457563.5", "data": [["3.365794704227127E-8", "2.093412541168513E-7", ".0003633368099763354", "-3.133752273792631E-8", "2.224888859696301E-6", "-1.334165825269067E-8"], ["2.093412541168513E-7", "1.701458392670796E-5", ".02802948843922403", "-8.557149330699404E-7", ".0001982936585289725", "-3.711241975154574E-7"], [".0003633368099763354", ".02802948843922403", "46.29267088826165", "-.001416358644412637", ".3271686711136764", "-.0006141746089170571"], ["-3.133752273792631E-8", "-8.557149330699404E-7", "-.001416358644412637", "1.011904727630176E-6", "-1.072892383852932E-5", "5.113742210753383E-7"], ["2.224888859696301E-6", ".0001982936585289725", ".3271686711136764", "-1.072892383852932E-5", ".002317123350187684", "-4.726235310892518E-6"], ["-1.334165825269067E-8", "-3.711241975154574E-7", "-.0006141746089170571", "5.113742210753383E-7", "-4.726235310892518E-6", "2.656690691000331E-7"]], "labels": ["e", "q", "tp", "node", "peri", "i"]}, "epoch": "2460000.5", "n_obs_used": 19, "not_valid_before": null, "model_pars": [], "data_arc": "1793", "n_del_obs_used": null, "moid_jup": "25.3843", "two_body": null, "pe_used": "DE441", "equinox": "J2000", "comment": null}}