{"orbit": {"first_obs": "2013-02-08", "not_valid_after": null, "epoch": "2460000.5", "not_valid_before": null, "moid": "32.9966", "soln_date": "2021-04-15 07:59:58", "two_body": null, "equinox": "J2000", "moid_jup": "28.5489", "n_del_obs_used": null, "elements": [{"units": null, "title": "eccentricity", "label": "e", "sigma": ".00024248", "name": "e", "value": ".1319083368970347"}, {"units": "au", "label": "a", "title": "semi-major axis", "name": "a", "sigma": ".0073699", "value": "39.15353673682263"}, {"name": "q", "sigma": ".0050483", "value": "33.98885882223141", "units": "au", "label": "q", "title": "perihelion distance"}, {"value": "2.392655130094911", "name": "i", "sigma": ".00045874", "label": "i", "title": "inclination; angle with respect to x-y ecliptic plane", "units": "deg"}, {"title": "longitude of the ascending node", "label": "node", "units": "deg", "value": "96.0514607915342", "name": "om", "sigma": ".019955"}, {"label": "peri", "title": "argument of perihelion", "units": "deg", "value": "73.03569872323266", "sigma": ".067128", "name": "w"}, {"units": "deg", "label": "M", "title": "mean anomaly", "name": "ma", "sigma": ".042046", "value": "49.20496715548201"}, {"units": "TDB", "label": "tp", "title": "time of perihelion passage", "name": "tp", "sigma": "10.63", "value": "2447769.516809718772"}, {"value": "89485.96458946481", "name": "per", "sigma": "25.266", "title": "sidereal orbital period", "label": "period", "units": "d"}, {"value": ".004022977252930935", "sigma": "1.1359E-6", "name": "n", "title": "mean motion", "label": "n", "units": "deg/d"}, {"units": "au", "label": "Q", "title": "aphelion distance", "name": "ad", "sigma": ".008342", "value": "44.31821465141385"}], "producer": "Otto Matic", "covariance": {"epoch": "2456635.5", "data": [["5.887489658690418E-8", "-9.416818152162323E-7", "-.001663401513093692", "3.580436966977309E-8", "-1.074713734797989E-5", "-6.564756796076108E-10"], ["-9.416818152162323E-7", "2.494798511240871E-5", ".05030994244073377", "-7.608122535743153E-7", ".0003079803767912337", "1.931484053160386E-8"], ["-.001663401513093692", ".05030994244073377", "104.8648107594371", "-.001463648427159667", ".6350262499374848", "3.926124037817929E-5"], ["3.580436966977309E-8", "-7.608122535743153E-7", "-.001463648427159667", ".0003967074225226441", "-.0004054664446460668", "-9.090607175373555E-6"], ["-1.074713734797989E-5", ".0003079803767912337", ".6350262499374848", "-.0004054664446460668", ".004256140483161942", "9.321202943592713E-6"], ["-6.564756796076108E-10", "1.931484053160386E-8", "3.926124037817929E-5", "-9.090607175373555E-6", "9.321202943592713E-6", "2.092568766965595E-7"]], "elements": [{"value": ".1371859296671892", "name": "e", "sigma": 0.000242641498072577, "title": "eccentricity", "label": "e", "units": null}, {"label": "q", "title": "perihelion distance", "units": "au", "value": "33.95934240589842", "sigma": 0.0049947958028741, "name": "q"}, {"title": "time of perihelion passage", "label": "tp", "units": "TDB", "value": "2447874.958343689519", "name": "tp", "sigma": 10.2403520818103}, {"sigma": 0.0199175154706265, "name": "om", "value": "96.02093834105972", "units": "deg", "label": "node", "title": "longitude of the ascending node"}, {"label": "peri", "title": "argument of perihelion", "units": "deg", "value": "73.41026086863789", "name": "w", "sigma": 0.0652391024092296}, {"value": "2.392798618944846", "name": "i", "sigma": 0.000457446036923001, "label": "i", "title": "inclination", "units": "deg"}], "labels": ["e", "q", "tp", "node", "peri", "i"]}, "source": "JPL", "condition_code": "4", "t_jup": "5.566", "orbit_id": "5", "n_obs_used": 27, "last_obs": "2019-06-06", "data_arc": "2309", "n_dop_obs_used": null, "pe_used": "DE441", "comment": null, "sb_used": "SB441-N16", "rms": ".31479", "model_pars": []}, "object": {"spkid": "3727202", "pha": false, "neo": false, "orbit_class": {"code": "TNO", "name": "TransNeptunian Object"}, "prefix": null, "des": "2013 GG137", "kind": "au", "orbit_id": "5", "fullname": "(2013 GG137)"}, "signature": {"version": "1.3", "source": "NASA/JPL Small-Body Database (SBDB) API"}}