{"signature": {"version": "1.3", "source": "NASA/JPL Small-Body Database (SBDB) API"}, "orbit": {"not_valid_before": null, "n_obs_used": 37, "n_del_obs_used": null, "data_arc": "1904", "model_pars": [], "equinox": "J2000", "two_body": null, "pe_used": "DE441", "moid_jup": "28.1687", "comment": null, "producer": "Otto Matic", "rms": ".18371", "orbit_id": "3", "moid": "32.0132", "covariance": {"epoch": "2457310.5", "elements": [{"sigma": 8.79018881707093e-05, "units": null, "name": "e", "title": "eccentricity", "value": ".1580505998306113", "label": "e"}, {"value": "32.97915446189534", "title": "perihelion distance", "label": "q", "sigma": 0.00131562734299228, "units": "au", "name": "q"}, {"value": "2455088.713521498466", "title": "time of perihelion passage", "label": "tp", "units": "TDB", "sigma": 9.85996727913331, "name": "tp"}, {"label": "node", "value": "84.39005541593055", "title": "longitude of the ascending node", "name": "om", "sigma": 0.00110814219589741, "units": "deg"}, {"name": "w", "sigma": 0.0556398680677503, "units": "deg", "label": "peri", "value": "291.1526412201122", "title": "argument of perihelion"}, {"units": "deg", "sigma": 0.00018927059117115, "name": "i", "title": "inclination", "value": "14.88385159935932", "label": "i"}], "labels": ["e", "q", "tp", "node", "peri", "i"], "data": [["7.726741943975885E-9", "3.680613407185734E-8", "-.0001775104547461842", "1.127517827178837E-8", "-1.018043745412581E-6", "-1.504776973888981E-9"], ["3.680613407185734E-8", "1.730875305628925E-6", ".01113492213888881", "-8.863801039785333E-9", "6.270089125769406E-5", "5.140751965826978E-9"], ["-.0001775104547461842", ".01113492213888881", "97.21895474557955", "-.0007612805377655986", ".5485037151810045", ".000132211406174683"], ["1.127517827178837E-8", "-8.863801039785333E-9", "-.0007612805377655986", "1.227979126328343E-6", "-5.484338926932714E-6", "-2.075404209530847E-7"], ["-1.018043745412581E-6", "6.270089125769406E-5", ".5485037151810045", "-5.484338926932714E-6", ".003095794918596664", "9.465611765965076E-7"], ["-1.504776973888981E-9", "5.140751965826978E-9", ".000132211406174683", "-2.075404209530847E-7", "9.465611765965076E-7", "3.582335668227659E-8"]]}, "epoch": "2460000.5", "source": "JPL", "t_jup": "5.390", "last_obs": "2018-11-29", "n_dop_obs_used": null, "condition_code": "4", "elements": [{"value": ".1677868481780619", "title": "eccentricity", "label": "e", "sigma": "8.8348E-5", "units": null, "name": "e"}, {"label": "a", "value": "39.63315805703399", "title": "semi-major axis", "name": "a", "sigma": ".0049467", "units": "au"}, {"sigma": ".001297", "units": "au", "name": "q", "value": "32.98323538330129", "title": "perihelion distance", "label": "q"}, {"label": "i", "title": "inclination; angle with respect to x-y ecliptic plane", "value": "14.87372801038071", "name": "i", "sigma": ".00018829", "units": "deg"}, {"units": "deg", "sigma": ".0011053", "name": "om", "value": "84.39463963243398", "title": "longitude of the ascending node", "label": "node"}, {"name": "w", "units": "deg", "sigma": ".052651", "label": "peri", "title": "argument of perihelion", "value": "291.3367146665315"}, {"sigma": ".037218", "units": "deg", "name": "ma", "value": "19.20215816161123", "title": "mean anomaly", "label": "M"}, {"name": "tp", "units": "TDB", "sigma": "9.2906", "label": "tp", "value": "2455139.406354979173", "title": "time of perihelion passage"}, {"value": "91135.26185333004", "title": "sidereal orbital period", "label": "period", "units": "d", "sigma": "17.062", "name": "per"}, {"title": "mean motion", "value": ".003950172443454122", "label": "n", "units": "deg/d", "sigma": "7.3954E-7", "name": "n"}, {"name": "ad", "sigma": ".0057767", "units": "au", "label": "Q", "title": "aphelion distance", "value": "46.28308073076668"}], "soln_date": "2021-09-08 23:30:15", "not_valid_after": null, "first_obs": "2013-09-12", "sb_used": "SB441-N16"}, "object": {"orbit_class": {"name": "TransNeptunian Object", "code": "TNO"}, "kind": "au", "prefix": null, "neo": false, "spkid": "3989565", "des": "2013 TU187", "pha": false, "orbit_id": "3", "fullname": "(2013 TU187)"}}