{"signature": {"version": "1.3", "source": "NASA/JPL Small-Body Database (SBDB) API"}, "orbit": {"pe_used": "DE441", "n_dop_obs_used": null, "data_arc": "2958", "comment": null, "model_pars": [], "sb_used": "SB441-N16", "rms": ".2329", "not_valid_before": null, "soln_date": "2021-11-13 00:49:31", "moid": "30.5976", "epoch": "2460000.5", "first_obs": "2013-09-30", "not_valid_after": null, "producer": "Otto Matic", "moid_jup": "26.2219", "n_del_obs_used": null, "elements": [{"value": ".2010965804114812", "name": "e", "sigma": ".00020101", "label": "e", "title": "eccentricity", "units": null}, {"value": "39.5662652455252", "sigma": ".014991", "name": "a", "label": "a", "title": "semi-major axis", "units": "au"}, {"name": "q", "sigma": ".010747", "value": "31.60962460499645", "units": "au", "label": "q", "title": "perihelion distance"}, {"name": "i", "sigma": ".00045749", "value": "2.389294222611712", "units": "deg", "label": "i", "title": "inclination; angle with respect to x-y ecliptic plane"}, {"units": "deg", "title": "longitude of the ascending node", "label": "node", "sigma": ".015502", "name": "om", "value": "235.4168796518717"}, {"label": "peri", "title": "argument of perihelion", "units": "deg", "value": "3.869201267076789", "name": "w", "sigma": ".096215"}, {"units": "deg", "label": "M", "title": "mean anomaly", "name": "ma", "sigma": ".13213", "value": "110.2164213081226"}, {"label": "tp", "title": "time of perihelion passage", "units": "TDB", "value": "2432169.435438623743", "name": "tp", "sigma": "18.695"}, {"name": "per", "sigma": "51.665", "value": "90904.63220617262", "units": "d", "label": "period", "title": "sidereal orbital period"}, {"label": "n", "title": "mean motion", "units": "deg/d", "value": ".003960194230625304", "sigma": "2.2507E-6", "name": "n"}, {"units": "au", "title": "aphelion distance", "label": "Q", "sigma": ".018006", "name": "ad", "value": "47.52290588605396"}], "equinox": "J2000", "two_body": null, "t_jup": "5.529", "condition_code": "4", "source": "JPL", "covariance": {"epoch": "2457468.5", "data": [["3.627861554509237E-8", "-4.84619236806923E-7", ".002867014090636788", "3.171121528048687E-8", "1.008759836950344E-5", "-7.915803307276479E-10"], ["-4.84619236806923E-7", ".0001171897422391618", ".06438002022922462", "1.17238808975994E-6", ".0006669485560304146", "2.432763291608794E-9"], [".002867014090636788", ".06438002022922462", "322.1457702518757", ".003983674153990615", "1.541871647537636", "-7.021519857330081E-5"], ["3.171121528048687E-8", "1.17238808975994E-6", ".003983674153990615", ".0002410271960296502", "-.0002204000060007212", "-7.138123518266151E-6"], ["1.008759836950344E-5", ".0006669485560304146", "1.541871647537636", "-.0002204000060007212", ".008854618926834311", "6.851653631564567E-6"], ["-7.915803307276479E-10", "2.432763291608794E-9", "-7.021519857330081E-5", "-7.138123518266151E-6", "6.851653631564567E-6", "2.137873458671972E-7"]], "elements": [{"value": ".2074536244363922", "sigma": 0.000190469460925085, "name": "e", "title": "eccentricity", "label": "e", "units": null}, {"title": "perihelion distance", "label": "q", "units": "au", "value": "31.02079706039493", "sigma": 0.0108254211114008, "name": "q"}, {"value": "2431946.445708090589", "name": "tp", "sigma": 17.9484197146121, "label": "tp", "title": "time of perihelion passage", "units": "TDB"}, {"name": "om", "sigma": 0.0155250505966857, "value": "235.269675624017", "units": "deg", "label": "node", "title": "longitude of the ascending node"}, {"units": "deg", "label": "peri", "title": "argument of perihelion", "name": "w", "sigma": 0.0940989847279678, "value": "1.301042721110239"}, {"units": "deg", "label": "i", "title": "inclination", "sigma": 0.00046237143712301, "name": "i", "value": "2.395840423487647"}], "labels": ["e", "q", "tp", "node", "peri", "i"]}, "n_obs_used": 14, "last_obs": "2021-11-05", "orbit_id": "2"}, "object": {"fullname": "(2013 SU112)", "orbit_id": "2", "kind": "au", "des": "2013 SU112", "prefix": null, "orbit_class": {"name": "TransNeptunian Object", "code": "TNO"}, "neo": false, "pha": false, "spkid": "54196800"}}