{"object": {"spkid": "3830943", "pha": false, "neo": false, "orbit_class": {"code": "TNO", "name": "TransNeptunian Object"}, "prefix": null, "des": "2015 VL164", "kind": "au", "orbit_id": "2", "fullname": "(2015 VL164)"}, "orbit": {"t_jup": "5.375", "covariance": {"epoch": "2457547.5", "data": [["2.51719577080236E-8", "-4.438005881528347E-7", "-.001814463354953174", "5.70422205710647E-10", "-1.245380151389949E-5", "1.003366606422686E-9"], ["-4.438005881528347E-7", "1.333244638485423E-5", ".04913297459225442", "8.686018555584365E-9", ".0003367386318870131", "9.841655689966856E-9"], ["-.001814463354953174", ".04913297459225442", "184.7815850687445", "1.499298511174885E-5", "1.266520552122149", "9.940313591266959E-6"], ["5.70422205710647E-10", "8.686018555584365E-9", "1.499298511174885E-5", "3.840026652579471E-7", "-2.740473823979178E-7", "4.388018190002484E-7"], ["-1.245380151389949E-5", ".0003367386318870131", "1.266520552122149", "-2.740473823979178E-7", ".008681393698782236", "-3.627294235715578E-7"], ["1.003366606422686E-9", "9.841655689966856E-9", "9.940313591266959E-6", "4.388018190002484E-7", "-3.627294235715578E-7", "5.218796322688177E-7"]], "elements": [{"value": ".2352103207205102", "name": "e", "sigma": 0.000158656729160864, "label": "e", "title": "eccentricity", "units": null}, {"name": "q", "sigma": 0.00365136226425895, "value": "29.98108697117006", "units": "au", "title": "perihelion distance", "label": "q"}, {"value": "2454472.521208026211", "sigma": 13.593439044949, "name": "tp", "label": "tp", "title": "time of perihelion passage", "units": "TDB"}, {"label": "node", "title": "longitude of the ascending node", "units": "deg", "value": "220.453536765957", "name": "om", "sigma": 0.000619679485910214}, {"name": "w", "sigma": 0.093173996902474, "value": "169.2826244074745", "units": "deg", "title": "argument of perihelion", "label": "peri"}, {"value": "11.61833552706405", "sigma": 0.000722412369958335, "name": "i", "title": "inclination", "label": "i", "units": "deg"}], "labels": ["e", "q", "tp", "node", "peri", "i"]}, "condition_code": "4", "source": "JPL", "n_obs_used": 31, "last_obs": "2017-12-16", "orbit_id": "2", "epoch": "2460000.5", "soln_date": "2021-04-15 15:18:22", "not_valid_before": null, "moid": "28.9746", "first_obs": "2014-11-17", "not_valid_after": null, "moid_jup": "25.0183", "n_del_obs_used": null, "elements": [{"sigma": ".00015952", "name": "e", "value": ".2436071579772257", "units": null, "title": "eccentricity", "label": "e"}, {"value": "39.6222666117463", "sigma": ".0056079", "name": "a", "title": "semi-major axis", "label": "a", "units": "au"}, {"sigma": ".00363", "name": "q", "value": "29.96999884984286", "units": "au", "label": "q", "title": "perihelion distance"}, {"sigma": ".00071995", "name": "i", "value": "11.57644247661015", "units": "deg", "label": "i", "title": "inclination; angle with respect to x-y ecliptic plane"}, {"units": "deg", "title": "longitude of the ascending node", "label": "node", "sigma": ".00062232", "name": "om", "value": "220.3679313824363"}, {"value": "169.3665234760172", "name": "w", "sigma": ".090224", "label": "peri", "title": "argument of perihelion", "units": "deg"}, {"value": "21.7734564132754", "name": "ma", "sigma": ".050073", "title": "mean anomaly", "label": "M", "units": "deg"}, {"name": "tp", "sigma": "13.102", "value": "2454490.745144009539", "units": "TDB", "title": "time of perihelion passage", "label": "tp"}, {"title": "sidereal orbital period", "label": "period", "units": "d", "value": "91097.69760520002", "sigma": "19.34", "name": "per"}, {"units": "deg/d", "title": "mean motion", "label": "n", "name": "n", "sigma": "8.3898E-7", "value": ".003951801301940375"}, {"value": "49.27453437364973", "sigma": ".0069741", "name": "ad", "label": "Q", "title": "aphelion distance", "units": "au"}], "producer": "Otto Matic", "two_body": null, "equinox": "J2000", "comment": null, "model_pars": [], "sb_used": "SB441-N16", "rms": ".23474", "n_dop_obs_used": null, "pe_used": "DE441", "data_arc": "1125"}, "signature": {"version": "1.3", "source": "NASA/JPL Small-Body Database (SBDB) API"}}