{"object": {"prefix": null, "neo": false, "orbit_class": {"code": "TNO", "name": "TransNeptunian Object"}, "kind": "au", "des": "1998 WZ31", "fullname": "(1998 WZ31)", "orbit_id": "5", "pha": false, "spkid": "3030146"}, "orbit": {"rms": ".35866", "producer": "Otto Matic", "moid": "31.8278", "orbit_id": "5", "covariance": {"epoch": "2452690.5", "elements": [{"name": "e", "units": null, "sigma": 0.00040975133315663, "label": "e", "value": ".1710907517257905", "title": "eccentricity"}, {"label": "q", "value": "32.91645105048392", "title": "perihelion distance", "name": "q", "sigma": 0.00563372962066614, "units": "au"}, {"label": "tp", "title": "time of perihelion passage", "value": "2448880.947625418210", "name": "tp", "units": "TDB", "sigma": 12.7019917684727}, {"units": "deg", "sigma": 0.000337775160457263, "name": "om", "title": "longitude of the ascending node", "value": "50.56541169475996", "label": "node"}, {"sigma": 0.0723786899406277, "units": "deg", "name": "w", "value": "353.5788362236101", "title": "argument of perihelion", "label": "peri"}, {"value": "14.59671547689424", "title": "inclination", "label": "i", "sigma": 0.000222879151582075, "units": "deg", "name": "i"}], "labels": ["e", "q", "tp", "node", "peri", "i"], "data": [["1.678961550236359E-7", "2.29458720941556E-6", ".005161233261195234", "-6.097438359136845E-8", "2.939668083448612E-5", "-7.085426434065476E-9"], ["2.29458720941556E-6", "3.173890943877101E-5", ".07153492704609467", "-8.431944436464033E-7", ".0004075947746228548", "-9.962105218947912E-8"], [".005161233261195234", ".07153492704609467", "161.3405948863491", "-.00190018244932058", ".9193400196903593", "-.0002251755426070229"], ["-6.097438359136845E-8", "-8.431944436464033E-7", "-.00190018244932058", "1.140920590219296E-7", "-1.091562329981027E-5", "4.643900359206101E-8"], ["2.939668083448612E-5", ".0004075947746228548", ".9193400196903593", "-1.091562329981027E-5", ".005238674757521526", "-1.326039104028203E-6"], ["-7.085426434065476E-9", "-9.962105218947912E-8", "-.0002251755426070229", "4.643900359206101E-8", "-1.326039104028203E-6", "4.967511620994578E-8"]]}, "epoch": "2460000.5", "n_obs_used": 29, "not_valid_before": null, "model_pars": [], "n_del_obs_used": null, "data_arc": "8413", "moid_jup": "27.8374", "two_body": null, "equinox": "J2000", "pe_used": "DE441", "comment": null, "last_obs": "2021-12-01", "soln_date": "2021-12-14 21:04:54", "condition_code": "4", "n_dop_obs_used": null, "elements": [{"name": "e", "units": null, "sigma": ".00040424", "label": "e", "value": ".170760274663018", "title": "eccentricity"}, {"label": "a", "value": "39.57820089807733", "title": "semi-major axis", "name": "a", "sigma": ".026239", "units": "au"}, {"label": "q", "title": "perihelion distance", "value": "32.81981644205354", "name": "q", "sigma": ".0057856", "units": "au"}, {"title": "inclination; angle with respect to x-y ecliptic plane", "value": "14.58498133909854", "label": "i", "sigma": ".00022277", "units": "deg", "name": "i"}, {"name": "om", "sigma": ".00033394", "units": "deg", "label": "node", "value": "50.4508021299957", "title": "longitude of the ascending node"}, {"label": "peri", "title": "argument of perihelion", "value": "352.1958442029299", "name": "w", "sigma": ".075547", "units": "deg"}, {"title": "mean anomaly", "value": "44.96284891748127", "label": "M", "units": "deg", "sigma": ".096787", "name": "ma"}, {"label": "tp", "value": "2448641.664238386886", "title": "time of perihelion passage", "name": "tp", "units": "TDB", "sigma": "13.183"}, {"label": "period", "title": "sidereal orbital period", "value": "90945.76906560015", "name": "per", "units": "d", "sigma": "90.44"}, {"name": "n", "units": "deg/d", "sigma": "3.9364E-6", "label": "n", "value": ".003958402943850288", "title": "mean motion"}, {"name": "ad", "units": "au", "sigma": ".030719", "label": "Q", "value": "46.33658535410112", "title": "aphelion distance"}], "first_obs": "1998-11-19", "not_valid_after": null, "sb_used": "SB441-N16", "t_jup": "5.391", "source": "JPL"}, "signature": {"version": "1.3", "source": "NASA/JPL Small-Body Database (SBDB) API"}}