{"signature": {"version": "1.3", "source": "NASA/JPL Small-Body Database (SBDB) API"}, "orbit": {"t_jup": "5.363", "source": "JPL", "last_obs": "2015-10-09", "soln_date": "2021-04-15 05:41:05", "elements": [{"sigma": ".00032241", "units": null, "name": "e", "value": ".2575826581521052", "title": "eccentricity", "label": "e"}, {"label": "a", "title": "semi-major axis", "value": "39.82388283770287", "name": "a", "sigma": ".010678", "units": "au"}, {"label": "q", "title": "perihelion distance", "value": "29.56594123842936", "name": "q", "units": "au", "sigma": ".006332"}, {"units": "deg", "sigma": ".00066948", "name": "i", "title": "inclination; angle with respect to x-y ecliptic plane", "value": "11.84172043636634", "label": "i"}, {"sigma": ".00065017", "units": "deg", "name": "om", "value": "20.48718301731871", "title": "longitude of the ascending node", "label": "node"}, {"units": "deg", "sigma": ".019189", "name": "w", "title": "argument of perihelion", "value": "291.9718961387263", "label": "peri"}, {"name": "ma", "sigma": ".042543", "units": "deg", "label": "M", "title": "mean anomaly", "value": "66.20956603313161"}, {"label": "tp", "title": "time of perihelion passage", "value": "2443118.182261024634", "name": "tp", "units": "TDB", "sigma": "4.0758"}, {"title": "sidereal orbital period", "value": "91793.90154875582", "label": "period", "units": "d", "sigma": "36.92", "name": "per"}, {"name": "n", "units": "deg/d", "sigma": "1.5774E-6", "label": "n", "title": "mean motion", "value": ".003921829162134349"}, {"sigma": ".013429", "units": "au", "name": "ad", "title": "aphelion distance", "value": "50.08182443697638", "label": "Q"}], "n_dop_obs_used": null, "condition_code": "4", "not_valid_after": null, "sb_used": "SB441-N16", "first_obs": "2011-08-29", "n_obs_used": 30, "not_valid_before": null, "model_pars": [], "data_arc": "1502", "n_del_obs_used": null, "moid_jup": "24.5854", "equinox": "J2000", "two_body": null, "pe_used": "DE441", "comment": null, "producer": "Otto Matic", "rms": ".16377", "moid": "28.5699", "orbit_id": "5", "covariance": {"labels": ["e", "q", "tp", "node", "peri", "i"], "data": [["1.03549727317201E-7", "-1.786174748838654E-6", ".001178632864529554", "-3.907996259916771E-9", "3.01288290650075E-7", "-4.752226984089488E-9"], ["-1.786174748838654E-6", "4.031944705495372E-5", "-.01428667765400463", "-3.559147796355164E-8", "5.417972441743489E-5", "-1.829354727887239E-8"], [".001178632864529554", "-.01428667765400463", "17.32997695178851", "-.000107916342205469", ".04151536784683475", "-.0001158226451814786"], ["-3.907996259916771E-9", "-3.559147796355164E-8", "-.000107916342205469", "4.207617333780432E-7", "-1.055372161348288E-6", "4.26853365914661E-7"], ["3.01288290650075E-7", "5.417972441743489E-5", ".04151536784683475", "-1.055372161348288E-6", ".0003736825420978066", "-1.046877646118986E-6"], ["-4.752226984089488E-9", "-1.829354727887239E-8", "-.0001158226451814786", "4.26853365914661E-7", "-1.046877646118986E-6", "4.493456186636362E-7"]], "elements": [{"title": "eccentricity", "value": ".2557217386424755", "label": "e", "sigma": 0.00032179143449943, "units": null, "name": "e"}, {"sigma": 0.00634975960607594, "units": "au", "name": "q", "value": "29.54785983240534", "title": "perihelion distance", "label": "q"}, {"value": "2443037.082479824625", "title": "time of perihelion passage", "label": "tp", "sigma": 4.16292889103195, "units": "TDB", "name": "tp"}, {"name": "om", "units": "deg", "sigma": 0.000648661493676049, "label": "node", "title": "longitude of the ascending node", "value": "20.56780418291375"}, {"label": "peri", "value": "291.498235301912", "title": "argument of perihelion", "name": "w", "sigma": 0.0193308701847022, "units": "deg"}, {"units": "deg", "sigma": 0.000670332468752362, "name": "i", "title": "inclination", "value": "11.86304607332706", "label": "i"}], "epoch": "2456239.5"}, "epoch": "2460000.5"}, "object": {"kind": "au", "orbit_class": {"code": "TNO", "name": "TransNeptunian Object"}, "neo": false, "prefix": null, "spkid": "3696020", "des": "2011 US410", "orbit_id": "5", "pha": false, "fullname": "(2011 US410)"}}