{"orbit": {"comment": null, "two_body": null, "pe_used": "DE441", "equinox": "J2000", "moid_jup": "33.8621", "data_arc": "2958", "model_pars": [], "n_del_obs_used": null, "not_valid_before": null, "n_obs_used": 12, "epoch": "2460000.5", "covariance": {"elements": [{"name": "e", "units": null, "sigma": 0.000282416366312045, "label": "e", "title": "eccentricity", "value": ".04424229812842785"}, {"units": "au", "sigma": 0.0250770449142865, "name": "q", "title": "perihelion distance", "value": "38.43012764428551", "label": "q"}, {"name": "tp", "sigma": 70.5363799329834, "units": "TDB", "label": "tp", "title": "time of perihelion passage", "value": "2497099.415893427104"}, {"label": "node", "value": "359.3429332892137", "title": "longitude of the ascending node", "name": "om", "sigma": 0.000182884469547484, "units": "deg"}, {"value": "158.8386935443971", "title": "argument of perihelion", "label": "peri", "units": "deg", "sigma": 0.27610769448619, "name": "w"}, {"units": "deg", "sigma": 0.000845501125978621, "name": "i", "title": "inclination", "value": "20.61123008780701", "label": "i"}], "epoch": "2457368.5", "data": [["7.975900396089913E-8", "-6.947426171160289E-6", "-.003962698628908889", "8.963654164605209E-9", "1.024684969840251E-5", "-2.274693127538916E-8"], ["-6.947426171160289E-6", ".0006288581816331434", ".009872291237244903", "-8.808243906226681E-7", "-.002221116820398269", "1.866250110193175E-6"], ["-.003962698628908889", ".009872291237244903", "4975.380894050187", ".0009566788355277031", "18.41112841423678", ".002805493233103976"], ["8.963654164605209E-9", "-8.808243906226681E-7", ".0009566788355277031", "3.344672920166474E-8", "6.682086484314841E-6", "1.063433004192884E-7"], ["1.024684969840251E-5", "-.002221116820398269", "18.41112841423678", "6.682086484314841E-6", ".07623545895447938", "3.596148241215725E-6"], ["-2.274693127538916E-8", "1.866250110193175E-6", ".002805493233103976", "1.063433004192884E-7", "3.596148241215725E-6", "7.148721540311168E-7"]], "labels": ["e", "q", "tp", "node", "peri", "i"]}, "orbit_id": "2", "moid": "38.2596", "rms": ".16659", "producer": "Otto Matic", "source": "JPL", "t_jup": "5.362", "not_valid_after": null, "first_obs": "2013-09-30", "sb_used": "SB441-N16", "elements": [{"label": "e", "title": "eccentricity", "value": ".03498853387743543", "name": "e", "units": null, "sigma": ".00027882"}, {"units": "au", "sigma": ".015131", "name": "a", "title": "semi-major axis", "value": "40.6568597881505", "label": "a"}, {"value": "39.23433587210265", "title": "perihelion distance", "label": "q", "sigma": ".02524", "units": "au", "name": "q"}, {"name": "i", "units": "deg", "sigma": ".00084171", "label": "i", "value": "20.49139481289852", "title": "inclination; angle with respect to x-y ecliptic plane"}, {"units": "deg", "sigma": ".00018291", "name": "om", "value": "359.2962829216053", "title": "longitude of the ascending node", "label": "node"}, {"sigma": ".36351", "units": "deg", "name": "w", "value": "150.0894047139022", "title": "argument of perihelion", "label": "peri"}, {"sigma": ".3784", "units": "deg", "name": "ma", "title": "mean anomaly", "value": "225.2732461777277", "label": "M"}, {"sigma": "89.481", "units": "TDB", "name": "tp", "title": "time of perihelion passage", "value": "2495436.975445833094", "label": "tp"}, {"label": "period", "value": "94688.92256788697", "title": "sidereal orbital period", "name": "per", "sigma": "52.86", "units": "d"}, {"title": "mean motion", "value": ".003801923078614597", "label": "n", "units": "deg/d", "sigma": "2.1224E-6", "name": "n"}, {"label": "Q", "value": "42.07938370419834", "title": "aphelion distance", "name": "ad", "sigma": ".01566", "units": "au"}], "n_dop_obs_used": null, "condition_code": "4", "soln_date": "2021-11-13 00:49:32", "last_obs": "2021-11-05"}, "object": {"pha": false, "orbit_id": "2", "fullname": "(2013 SA113)", "des": "2013 SA113", "spkid": "54196807", "neo": false, "prefix": null, "kind": "au", "orbit_class": {"code": "TNO", "name": "TransNeptunian Object"}}, "signature": {"version": "1.3", "source": "NASA/JPL Small-Body Database (SBDB) API"}}