{"object": {"orbit_class": {"name": "TransNeptunian Object", "code": "TNO"}, "neo": false, "spkid": "3830972", "pha": false, "fullname": "(2015 VP165)", "orbit_id": "2", "des": "2015 VP165", "kind": "au", "prefix": null}, "orbit": {"sb_used": "SB441-N16", "rms": ".19253", "model_pars": [], "comment": null, "data_arc": "1125", "n_dop_obs_used": null, "pe_used": "DE441", "orbit_id": "2", "n_obs_used": 37, "last_obs": "2017-12-16", "covariance": {"data": [["2.089708743048977E-7", "-4.165763527668082E-6", "-.001632254311326896", "-9.90502928698306E-9", "4.808700770688071E-6", "-2.995963305938308E-8"], ["-4.165763527668082E-6", "8.852559739944134E-5", ".03067951453736198", "2.226095548153079E-7", "-.0001245359788697837", "6.975886530310646E-7"], ["-.001632254311326896", ".03067951453736198", "13.44085289053203", "6.963991904722297E-5", "-.02752202757817284", ".0002032866157739355"], ["-9.90502928698306E-9", "2.226095548153079E-7", "6.963991904722297E-5", "9.93411665108707E-8", "-4.506878442001817E-7", "2.507149980256974E-7"], ["4.808700770688071E-6", "-.0001245359788697837", "-.02752202757817284", "-4.506878442001817E-7", ".0002623626595832624", "-1.437442837296649E-6"], ["-2.995963305938308E-8", "6.975886530310646E-7", ".0002032866157739355", "2.507149980256974E-7", "-1.437442837296649E-6", "6.837745200418275E-7"]], "epoch": "2457454.5", "labels": ["e", "q", "tp", "node", "peri", "i"], "elements": [{"value": ".3368585841862485", "sigma": 0.000457133322242973, "name": "e", "title": "eccentricity", "label": "e", "units": null}, {"sigma": 0.00940880424918285, "name": "q", "value": "26.11529866885509", "units": "au", "title": "perihelion distance", "label": "q"}, {"title": "time of perihelion passage", "label": "tp", "units": "TDB", "value": "2469147.742285933657", "name": "tp", "sigma": 3.66617687660211}, {"units": "deg", "title": "longitude of the ascending node", "label": "node", "sigma": 0.000315184337350178, "name": "om", "value": "225.3793844591928"}, {"units": "deg", "label": "peri", "title": "argument of perihelion", "name": "w", "sigma": 0.0161976127742104, "value": "268.6099732999747"}, {"title": "inclination", "label": "i", "units": "deg", "value": "15.14430767073503", "sigma": 0.000826906596927263, "name": "i"}]}, "condition_code": "4", "source": "JPL", "t_jup": "5.149", "equinox": "J2000", "two_body": null, "moid_jup": "21.2169", "n_del_obs_used": null, "elements": [{"units": null, "label": "e", "title": "eccentricity", "name": "e", "sigma": ".00045704", "value": ".3358921098107363"}, {"title": "semi-major axis", "label": "a", "units": "au", "value": "39.59233659737264", "name": "a", "sigma": ".01387"}, {"units": "au", "label": "q", "title": "perihelion distance", "name": "q", "sigma": ".0094875", "value": "26.29358312534432"}, {"title": "inclination; angle with respect to x-y ecliptic plane", "label": "i", "units": "deg", "value": "15.09212447116569", "name": "i", "sigma": ".00082387"}, {"name": "om", "sigma": ".00031636", "value": "225.3139794457364", "units": "deg", "label": "node", "title": "longitude of the ascending node"}, {"label": "peri", "title": "argument of perihelion", "units": "deg", "value": "267.5005076192814", "sigma": ".017434", "name": "w"}, {"value": "324.2089286171898", "sigma": ".032248", "name": "ma", "label": "M", "title": "mean anomaly", "units": "deg"}, {"value": "2469047.140335069331", "sigma": "3.4027", "name": "tp", "label": "tp", "title": "time of perihelion passage", "units": "TDB"}, {"value": "90994.49652655944", "sigma": "47.817", "name": "per", "title": "sidereal orbital period", "label": "period", "units": "d"}, {"value": ".003956283223072983", "sigma": "2.079E-6", "name": "n", "title": "mean motion", "label": "n", "units": "deg/d"}, {"title": "aphelion distance", "label": "Q", "units": "au", "value": "52.89109006940097", "name": "ad", "sigma": ".018529"}], "producer": "Otto Matic", "first_obs": "2014-11-17", "not_valid_after": null, "epoch": "2460000.5", "moid": "25.3432", "not_valid_before": null, "soln_date": "2021-04-15 15:18:27"}, "signature": {"version": "1.3", "source": "NASA/JPL Small-Body Database (SBDB) API"}}