{"orbit": {"orbit_id": "2", "n_obs_used": 25, "last_obs": "2017-12-23", "covariance": {"data": [["3.112571248094632E-6", "-.0001116805344803085", "-.7689781772580171", "-1.283083837078804E-7", "-.003409806425402788", "6.144182183727041E-7"], ["-.0001116805344803085", ".004028079661447802", "27.75625301107091", "4.327447482809974E-6", ".1230631571414048", "-2.012251197146091E-5"], ["-.7689781772580171", "27.75625301107091", "191332.8013949836", ".0297684615740925", "848.2832919046294", "-.1383285822965996"], ["-1.283083837078804E-7", "4.327447482809974E-6", ".0297684615740925", "7.433785476439392E-8", ".0001320417981130474", "-4.586677941859159E-7"], ["-.003409806425402788", ".1230631571414048", "848.2832919046294", ".0001320417981130474", "3.760919891490736", "-.0006137240654386277"], ["6.144182183727041E-7", "-2.012251197146091E-5", "-.1383285822965996", "-4.586677941859159E-7", "-.0006137240654386277", "3.017149927833011E-6"]], "epoch": "2457464.5", "labels": ["e", "q", "tp", "node", "peri", "i"], "elements": [{"name": "e", "sigma": 0.00176424806875185, "value": ".04380965791302355", "units": null, "label": "e", "title": "eccentricity"}, {"sigma": 0.0634671541937072, "name": "q", "value": "38.39575364006497", "units": "au", "label": "q", "title": "perihelion distance"}, {"units": "TDB", "label": "tp", "title": "time of perihelion passage", "name": "tp", "sigma": 437.416050682852, "value": "2445767.625097648655"}, {"label": "node", "title": "longitude of the ascending node", "units": "deg", "value": "194.8691970024886", "name": "om", "sigma": 0.000272649692397395}, {"name": "w", "sigma": 1.93930912736746, "value": "127.3623220321217", "units": "deg", "label": "peri", "title": "argument of perihelion"}, {"value": "24.9684583184179", "sigma": 0.0017369945100181, "name": "i", "label": "i", "title": "inclination", "units": "deg"}]}, "source": "JPL", "condition_code": "5", "t_jup": "5.193", "equinox": "J2000", "two_body": null, "n_del_obs_used": null, "moid_jup": "33.756", "elements": [{"value": ".05147963969099748", "name": "e", "sigma": ".0015163", "label": "e", "title": "eccentricity", "units": null}, {"units": "au", "label": "a", "title": "semi-major axis", "sigma": ".0094974", "name": "a", "value": "40.62019674951363"}, {"units": "au", "title": "perihelion distance", "label": "q", "name": "q", "sigma": ".054013", "value": "38.52908365667125"}, {"sigma": ".001723", "name": "i", "value": "24.83506891269398", "units": "deg", "title": "inclination; angle with respect to x-y ecliptic plane", "label": "i"}, {"name": "om", "sigma": ".00027249", "value": "194.853792359694", "units": "deg", "title": "longitude of the ascending node", "label": "node"}, {"label": "peri", "title": "argument of perihelion", "units": "deg", "value": "136.5209124661985", "sigma": "1.9503", "name": "w"}, {"title": "mean anomaly", "label": "M", "units": "deg", "value": "45.82672158614248", "name": "ma", "sigma": "1.6904"}, {"sigma": "447.46", "name": "tp", "value": "2447963.237004976811", "units": "TDB", "label": "tp", "title": "time of perihelion passage"}, {"title": "sidereal orbital period", "label": "period", "units": "d", "value": "94560.87034423008", "sigma": "33.164", "name": "per"}, {"units": "deg/d", "label": "n", "title": "mean motion", "sigma": "1.3352E-6", "name": "n", "value": ".003807071558134897"}, {"sigma": ".0099864", "name": "ad", "value": "42.71130984235602", "units": "au", "label": "Q", "title": "aphelion distance"}], "producer": "Otto Matic", "not_valid_after": null, "first_obs": "2015-07-14", "epoch": "2460000.5", "not_valid_before": null, "soln_date": "2021-04-15 14:37:09", "moid": "37.5602", "sb_used": "SB441-N16", "rms": ".20771", "model_pars": [], "comment": null, "data_arc": "893", "n_dop_obs_used": null, "pe_used": "DE441"}, "object": {"pha": false, "spkid": "3835669", "orbit_class": {"code": "TNO", "name": "TransNeptunian Object"}, "neo": false, "kind": "au", "des": "2015 RL281", "prefix": null, "fullname": "(2015 RL281)", "orbit_id": "2"}, "signature": {"version": "1.3", "source": "NASA/JPL Small-Body Database (SBDB) API"}}