{"signature": {"version": "1.3", "source": "NASA/JPL Small-Body Database (SBDB) API"}, "object": {"spkid": "20035671", "orbit_id": "26", "pha": false, "fullname": "35671 (1998 SN165)", "des": "35671", "kind": "an", "orbit_class": {"name": "TransNeptunian Object", "code": "TNO"}, "neo": false, "prefix": null}, "orbit": {"covariance": {"labels": ["e", "q", "tp", "node", "peri", "i"], "data": [["6.456249664251258E-12", "7.295380997011579E-11", "-1.710307155162588E-6", "1.321990704591986E-13", "-7.67023383435323E-9", "2.103031371406005E-13"], ["7.295380997011579E-11", "1.948070344821155E-7", "-.001146314553118242", "6.488582526750332E-11", "-5.575508099774804E-6", "2.027491245687837E-10"], ["-1.710307155162588E-6", "-.001146314553118242", "7.007399728808789", "-4.023510842524622E-7", ".03394998157427103", "-1.21681600036585E-6"], ["1.321990704591986E-13", "6.488582526750332E-11", "-4.023510842524622E-7", "3.716004690041306E-9", "-5.65055749924697E-9", "1.357311710457759E-9"], ["-7.67023383435323E-9", "-5.575508099774804E-6", ".03394998157427103", "-5.65055749924697E-9", ".0001645521322345155", "-7.259375024801116E-9"], ["2.103031371406005E-13", "2.027491245687837E-10", "-1.21681600036585E-6", "1.357311710457759E-9", "-7.259375024801116E-9", "8.867208790812928E-10"]], "elements": [{"units": null, "sigma": 2.54091512338591e-06, "name": "e", "value": ".04273897144810864", "title": "eccentricity", "label": "e"}, {"name": "q", "units": "au", "sigma": 0.000441369498812634, "label": "q", "value": "36.14093692617561", "title": "perihelion distance"}, {"sigma": 2.64714935899144, "units": "TDB", "name": "tp", "title": "time of perihelion passage", "value": "2475752.927746174046", "label": "tp"}, {"name": "om", "units": "deg", "sigma": 6.09590410853165e-05, "label": "node", "value": "192.1180341188175", "title": "longitude of the ascending node"}, {"title": "argument of perihelion", "value": "269.4099797260075", "label": "peri", "units": "deg", "sigma": 0.012827787503483, "name": "w"}, {"title": "inclination", "value": "4.615219085120836", "label": "i", "sigma": 2.97778588733524e-05, "units": "deg", "name": "i"}], "epoch": "2457523.5"}, "epoch": "2460000.5", "producer": "Otto Matic", "rms": ".53851", "orbit_id": "26", "moid": "35.4697", "two_body": null, "equinox": "J2000", "pe_used": "DE441", "moid_jup": "31.3227", "comment": null, "not_valid_before": null, "n_obs_used": 479, "data_arc": "8838", "n_del_obs_used": null, "model_pars": [], "elements": [{"value": ".04564082231125917", "title": "eccentricity", "label": "e", "units": null, "sigma": "3.7841E-6", "name": "e"}, {"title": "semi-major axis", "value": "38.19444760689183", "label": "a", "sigma": ".0004907", "units": "au", "name": "a"}, {"label": "q", "title": "perihelion distance", "value": "36.45122161038898", "name": "q", "units": "au", "sigma": ".00036417"}, {"value": "4.591084066351352", "title": "inclination; angle with respect to x-y ecliptic plane", "label": "i", "units": "deg", "sigma": "2.9615E-5", "name": "i"}, {"name": "om", "units": "deg", "sigma": "6.1285E-5", "label": "node", "value": "192.0408624625387", "title": "longitude of the ascending node"}, {"name": "w", "sigma": ".011586", "units": "deg", "label": "peri", "title": "argument of perihelion", "value": "255.4255502906205"}, {"name": "ma", "units": "deg", "sigma": ".011259", "label": "M", "value": "306.8829115888002", "title": "mean anomaly"}, {"name": "tp", "sigma": "2.4524", "units": "TDB", "label": "tp", "value": "2472721.771968109102", "title": "time of perihelion passage"}, {"label": "period", "title": "sidereal orbital period", "value": "86218.16529299172", "name": "per", "units": "d", "sigma": "1.6615"}, {"label": "n", "title": "mean motion", "value": ".004175454195489158", "name": "n", "sigma": "8.0466E-8", "units": "deg/d"}, {"sigma": ".0005131", "units": "au", "name": "ad", "title": "aphelion distance", "value": "39.93767360339468", "label": "Q"}], "n_dop_obs_used": null, "condition_code": "2", "soln_date": "2023-02-10 19:11:42", "not_valid_after": null, "first_obs": "1998-09-15", "sb_used": "SB441-N16", "last_obs": "2022-11-26", "source": "JPL", "t_jup": "5.532"}}