{"signature": {"version": "1.3", "source": "NASA/JPL Small-Body Database (SBDB) API"}, "object": {"kind": "au", "des": "2014 OV393", "prefix": null, "fullname": "(2014 OV393)", "orbit_id": "7", "pha": false, "spkid": "3755453", "orbit_class": {"name": "TransNeptunian Object", "code": "TNO"}, "neo": false}, "orbit": {"data_arc": "3745", "n_dop_obs_used": null, "pe_used": "DE441", "comment": null, "rms": ".69831", "sb_used": "SB441-N16", "model_pars": [], "not_valid_after": null, "first_obs": "2011-06-12", "epoch": "2460000.5", "not_valid_before": null, "soln_date": "2021-10-16 00:14:09", "moid": "34.5104", "two_body": null, "equinox": "J2000", "n_del_obs_used": null, "moid_jup": "30.0642", "elements": [{"units": null, "title": "eccentricity", "label": "e", "name": "e", "sigma": "3.1353E-5", "value": ".1007753790873296"}, {"units": "au", "label": "a", "title": "semi-major axis", "sigma": ".001131", "name": "a", "value": "39.48042156237899"}, {"units": "au", "title": "perihelion distance", "label": "q", "sigma": ".0021325", "name": "q", "value": "35.50176711290266"}, {"sigma": "2.2605E-5", "name": "i", "value": "3.55165384132558", "units": "deg", "title": "inclination; angle with respect to x-y ecliptic plane", "label": "i"}, {"sigma": ".0015311", "name": "om", "value": "65.65369532912041", "units": "deg", "title": "longitude of the ascending node", "label": "node"}, {"title": "argument of perihelion", "label": "peri", "units": "deg", "value": "103.8490309224621", "name": "w", "sigma": ".018108"}, {"name": "ma", "sigma": ".0226", "value": "156.8405528717471", "units": "deg", "label": "M", "title": "mean anomaly"}, {"value": "2420525.061527988742", "name": "tp", "sigma": "5.9163", "title": "time of perihelion passage", "label": "tp", "units": "TDB"}, {"units": "d", "label": "period", "title": "sidereal orbital period", "sigma": "3.8937", "name": "per", "value": "90608.95023460491"}, {"label": "n", "title": "mean motion", "units": "deg/d", "value": ".003973117435616317", "name": "n", "sigma": "1.7073E-7"}, {"value": "43.45907601185531", "sigma": ".001245", "name": "ad", "title": "aphelion distance", "label": "Q", "units": "au"}], "producer": "Otto Matic", "covariance": {"elements": [{"value": ".110006605499351", "sigma": 3.12363218273511e-05, "name": "e", "title": "eccentricity", "label": "e", "units": null}, {"units": "au", "title": "perihelion distance", "label": "q", "sigma": 0.00208507859667539, "name": "q", "value": "34.87655581703949"}, {"label": "tp", "title": "time of perihelion passage", "units": "TDB", "value": "2421148.551073400689", "sigma": 5.4348283575941, "name": "tp"}, {"value": "65.43770269360992", "name": "om", "sigma": 0.00153946402761581, "title": "longitude of the ascending node", "label": "node", "units": "deg"}, {"value": "104.3139715091699", "name": "w", "sigma": 0.0164778620301502, "title": "argument of perihelion", "label": "peri", "units": "deg"}, {"units": "deg", "title": "inclination", "label": "i", "name": "i", "sigma": 2.23387828381216e-05, "value": "3.550026062462908"}], "labels": ["e", "q", "tp", "node", "peri", "i"], "epoch": "2457659.5", "data": [["9.7570780130185E-10", "-6.215697142791601E-8", ".0001395379702956241", "1.182690874192412E-9", "2.895018761693786E-7", "7.641154117981444E-13"], ["-6.215697142791601E-8", "4.347552754313831E-6", "-.006968568195723423", "-6.252373387344964E-8", "-1.002965739611842E-5", "3.397460477015087E-10"], [".0001395379702956241", "-.006968568195723423", "29.53735927650903", ".0002332083222652994", ".08329759517250983", "2.024644235710607E-6"], ["1.182690874192412E-9", "-6.252373387344964E-8", ".0002332083222652994", "2.369949492323102E-6", "-1.732613215822421E-6", "3.326283058812819E-8"], ["2.895018761693786E-7", "-1.002965739611842E-5", ".08329759517250983", "-1.732613215822421E-6", ".0002715199370846645", "-2.456030424502294E-8"], ["7.641154117981444E-13", "3.397460477015087E-10", "2.024644235710607E-6", "3.326283058812819E-8", "-2.456030424502294E-8", "4.990212186887547E-10"]]}, "source": "JPL", "condition_code": "3", "t_jup": "5.602", "orbit_id": "7", "n_obs_used": 120, "last_obs": "2021-09-12"}}