{"object": {"des": "2015 KH175", "kind": "au", "prefix": null, "fullname": "(2015 KH175)", "orbit_id": "2", "spkid": "3835597", "pha": false, "orbit_class": {"code": "TNO", "name": "TransNeptunian Object"}, "neo": false}, "orbit": {"sb_used": "SB441-N16", "rms": ".2448", "model_pars": [], "comment": null, "data_arc": "1087", "n_dop_obs_used": null, "pe_used": "DE441", "orbit_id": "2", "n_obs_used": 34, "last_obs": "2017-05-21", "covariance": {"elements": [{"sigma": 0.000615673291574376, "name": "e", "value": ".07402446625933591", "units": null, "label": "e", "title": "eccentricity"}, {"value": "37.41960564215777", "name": "q", "sigma": 0.0216800270450769, "title": "perihelion distance", "label": "q", "units": "au"}, {"sigma": 42.8156096487422, "name": "tp", "value": "2442201.009203296346", "units": "TDB", "label": "tp", "title": "time of perihelion passage"}, {"value": "216.2045983912013", "name": "om", "sigma": 0.00148524096412458, "title": "longitude of the ascending node", "label": "node", "units": "deg"}, {"name": "w", "sigma": 0.231953055430089, "value": "316.6530292213746", "units": "deg", "label": "peri", "title": "argument of perihelion"}, {"title": "inclination", "label": "i", "units": "deg", "value": "17.56277056456329", "sigma": 0.00110383064385216, "name": "i"}], "labels": ["e", "q", "tp", "node", "peri", "i"], "epoch": "2457284.5", "data": [["3.790536019580263E-7", "-1.2968035164998E-5", "-.02316556817935626", "6.403804171040645E-8", "-.0001297548643712048", "4.601189867053321E-8"], ["-1.2968035164998E-5", ".0004700235726752657", ".8970164094259588", "-3.123852453836426E-6", ".004935031661854043", "-2.227792868473168E-6"], ["-.02316556817935626", ".8970164094259588", "1833.176429593469", "-.007513249742726046", "9.908845875462132", "-.005333937665207488"], ["6.403804171040645E-8", "-3.123852453836426E-6", "-.007513249742726046", "2.205940721513721E-6", "-4.112910811636493E-5", "1.63680816214012E-6"], ["-.0001297548643712048", ".004935031661854043", "9.908845875462132", "-4.112910811636493E-5", ".05380221992335379", "-2.929475615745639E-5"], ["4.601189867053321E-8", "-2.227792868473168E-6", "-.005333937665207488", "1.63680816214012E-6", "-2.929475615745639E-5", "1.218442090307081E-6"]]}, "condition_code": "4", "source": "JPL", "t_jup": "5.414", "two_body": null, "equinox": "J2000", "moid_jup": "32.1652", "n_del_obs_used": null, "elements": [{"value": ".06780252161381542", "sigma": ".00062454", "name": "e", "label": "e", "title": "eccentricity", "units": null}, {"title": "semi-major axis", "label": "a", "units": "au", "value": "40.18496753025363", "sigma": ".0066819", "name": "a"}, {"units": "au", "label": "q", "title": "perihelion distance", "sigma": ".022204", "name": "q", "value": "37.46032540073314"}, {"value": "17.62603237746583", "name": "i", "sigma": ".0011083", "title": "inclination; angle with respect to x-y ecliptic plane", "label": "i", "units": "deg"}, {"value": "216.3353441493714", "sigma": ".0014798", "name": "om", "title": "longitude of the ascending node", "label": "node", "units": "deg"}, {"units": "deg", "title": "argument of perihelion", "label": "peri", "sigma": ".23386", "name": "w", "value": "314.2108185969895"}, {"label": "M", "title": "mean anomaly", "units": "deg", "value": "71.21504996196069", "name": "ma", "sigma": ".16608"}, {"name": "tp", "sigma": "42.954", "value": "2441594.342156237319", "units": "TDB", "title": "time of perihelion passage", "label": "tp"}, {"name": "per", "sigma": "23.207", "value": "93045.17552531297", "units": "d", "title": "sidereal orbital period", "label": "period"}, {"units": "deg/d", "label": "n", "title": "mean motion", "sigma": "9.6502E-7", "name": "n", "value": ".003869088300038317"}, {"value": "42.90960965977412", "sigma": ".0071349", "name": "ad", "label": "Q", "title": "aphelion distance", "units": "au"}], "producer": "Otto Matic", "not_valid_after": null, "first_obs": "2014-05-30", "epoch": "2460000.5", "not_valid_before": null, "soln_date": "2021-04-15 13:49:27", "moid": "36.4901"}, "signature": {"version": "1.3", "source": "NASA/JPL Small-Body Database (SBDB) API"}}